"water.initial","Brca.action","Elgl.action","Hobr.action","Stpu.action","Avsp.action","Brho.action","Homu.action","Vusp.action","Brca.mid_state","Elgl.mid_state","Hobr.mid_state","Stpu.mid_state","Avsp.mid_state","Brho.mid_state","Homu.mid_state","Vusp.mid_state","Brca.late_state","Elgl.late_state","Hobr.late_state","Stpu.late_state","Avsp.late_state","Brho.late_state","Homu.late_state","Vusp.late_state","Brca.outcome","Elgl.outcome","Hobr.outcome","Napu.outcome","Avsp.outcome","Brho.outcome","Homu.outcome","Vusp.outcome","total_seeded.desirability","diversity.desirability"
"No",1,1,1,1,0,0,0,0,0,0,0,0,0,0,0,0,0,0,0,0,0,0,0,0,0,15,1,0,0,0,0,0,76,0.233791658706459
"No",1,1,1,1,1,1,1,1,0,0,0,0,0,0,0,0,0,0,0,0,0,0,0,0,0,0,0,0,80,5,15,1,101,0.66234751335003
"No",1,1,1,1,0,0,0,0,0,0,0,0,1,1,1,1,0,0,0,0,0,0,0,0,20,20,0,0,10,3,5,0,58,1.40185390192099
"No",0,0,0,0,0,0,0,0,0,0,0,0,1,1,1,1,0,0,0,0,0,0,0,0,0,0,0,0,15,1,20,5,41,1.06521626061203
"No",1,1,1,1,0,0,0,0,0,0,0,0,0,0,0,0,0,0,0,0,1,1,1,1,80,10,0,0,0,0,0,0,90,0.348832095843032
"Yes",1,1,1,1,0,0,0,0,0,0,0,0,0,0,0,0,0,0,0,0,0,0,0,0,80,20,2,0,0,0,0,0,102,0.587099572047896
"Yes",1,1,1,1,1,1,1,1,0,0,0,0,0,0,0,0,0,0,0,0,0,0,0,0,0,0,0,0,90,1,1,1,93,0.177944973478806
"Yes",1,1,1,1,0,0,0,0,0,0,0,0,1,1,1,1,0,0,0,0,0,0,0,0,10,10,0,0,60,0,20,1,101,1.13366486273941
"Yes",0,0,0,0,0,0,0,0,0,0,0,0,1,1,1,1,0,0,0,0,0,0,0,0,0,0,0,0,60,10,15,5,90,0.973648923197263
"Yes",1,1,1,1,0,0,0,0,0,0,0,0,0,0,0,0,0,0,0,0,1,1,1,1,85,15,0,0,0,0,0,0,100,0.422709087805991
"No",1,1,1,1,0,0,0,0,0,0,0,0,0,0,0,0,0,0,0,0,0,0,0,0,80,20,1,1,0,0,0,0,102,0.600690693235346
"No",1,1,1,1,1,1,1,1,0,0,0,0,0,0,0,0,0,0,0,0,0,0,0,0,0,0,0,0,85,1,10,10,106,0.666485710512465
"No",1,1,1,1,0,0,0,0,0,0,0,0,1,1,1,1,0,0,0,0,0,0,0,0,40,10,0,0,15,5,30,5,105,1.51746432458384
"No",0,0,0,0,0,0,0,0,0,0,0,0,1,1,1,1,0,0,0,0,0,0,0,0,0,0,0,0,20,2,50,10,82,0.992963868806357
"No",1,1,1,1,0,0,0,0,0,0,0,0,0,0,0,0,0,0,0,0,1,1,1,1,70,25,1,1,0,0,0,0,97,0.67917940566668
"Yes",1,1,1,1,0,0,0,0,0,0,0,0,0,0,0,0,0,0,0,0,0,0,0,0,70,30,5,1,0,0,0,0,106,0.819309113399895
"Yes",1,1,1,1,1,1,1,1,0,0,0,0,0,0,0,0,0,0,0,0,0,0,0,0,2,2,0,0,90,1,10,1,106,0.599464471641274
"Yes",1,1,1,1,0,0,0,0,0,0,0,0,1,1,1,1,0,0,0,0,0,0,0,0,25,10,0,1,15,5,25,1,82,1.56967553077579
"Yes",0,0,0,0,0,0,0,0,0,0,0,0,1,1,1,1,0,0,0,0,0,0,0,0,0,0,0,0,60,2,30,3,95,0.844627139913015
"Yes",1,1,1,1,0,0,0,0,0,0,0,0,0,0,0,0,0,0,0,0,1,1,1,1,70,30,1,0,0,0,0,0,101,0.660362215917301
"No",1,1,1,1,0,0,0,0,0,0,0,0,0,0,0,0,0,0,0,0,0,0,0,0,70,20,0,0,0,0,4,0,94,0.683140634833679
"No",1,1,1,1,1,1,1,1,0,0,0,0,0,0,0,0,0,0,0,0,0,0,0,0,1,0,0,0,90,4,12,5,112,0.71497996831447
"No",1,1,1,1,0,0,0,0,0,0,0,0,1,1,1,1,0,0,0,0,0,0,0,0,20,10,0,0,2,2,15,0,49,1.31357870342097
"No",0,0,0,0,0,0,0,0,0,0,0,0,1,1,1,1,0,0,0,0,0,0,0,0,0,0,0,0,10,20,50,1,81,0.955663393284444
"No",1,1,1,1,0,0,0,0,0,0,0,0,0,0,0,0,0,0,0,0,1,1,1,1,60,30,0,0,0,0,0,0,90,0.636514168294813
"Yes",1,1,1,1,0,0,0,0,0,0,0,0,0,0,0,0,0,0,0,0,0,0,0,0,40,40,0,1,1,1,0,0,83,0.863294146000033
"Yes",1,1,1,1,1,1,1,1,0,0,0,0,0,0,0,0,0,0,0,0,0,0,0,0,0,2,0,0,80,5,10,1,98,0.676585176352803
"Yes",1,1,1,1,0,0,0,0,0,0,0,0,1,1,1,1,0,0,0,0,0,0,0,0,10,10,0,0,30,7,30,1,88,1.48023549853505
"Yes",0,0,0,0,0,0,0,0,0,0,0,0,1,1,1,1,0,0,0,0,0,0,0,0,0,0,0,0,30,10,30,0,70,1.00424247305408
"Yes",1,1,1,1,0,0,0,0,0,0,0,0,0,0,0,0,0,0,0,0,1,1,1,1,60,20,0,1,0,0,0,0,81,0.621914349679774
"No",1,1,1,1,0,0,0,0,0,0,0,0,0,0,0,0,0,0,0,0,0,0,0,0,60,30,0,0,0,0,0,0,90,0.636514168294813
"No",1,1,1,1,1,1,1,1,0,0,0,0,0,0,0,0,0,0,0,0,0,0,0,0,0,0,0,0,80,5,10,0,95,0.536664562484525
"No",1,1,1,1,0,0,0,0,0,0,0,0,1,1,1,1,0,0,0,0,0,0,0,0,50,30,0,0,5,5,15,1,106,1.32049377465786
"No",0,0,0,0,0,0,0,0,0,0,0,0,1,1,1,1,0,0,0,0,0,0,0,0,0,0,0,0,30,20,40,10,100,1.27985422583367
"No",1,1,1,1,0,0,0,0,0,0,0,0,0,0,0,0,0,0,0,0,1,1,1,1,60,30,0,0,0,0,0,0,90,0.636514168294813
"Yes",1,1,1,1,0,0,0,0,0,0,0,0,0,0,0,0,0,0,0,0,0,0,0,0,60,20,0,0,0,0,0,0,80,0.562335144618808
"Yes",1,1,1,1,1,1,1,1,0,0,0,0,0,0,0,0,0,0,0,0,0,0,0,0,0,0,0,0,80,2,20,3,105,0.700065993280242
"Yes",1,1,1,1,0,0,0,0,0,0,0,0,1,1,1,1,0,0,0,0,0,0,0,0,20,10,0,0,20,1,40,5,96,1.45541579981338
"Yes",0,0,0,0,0,0,0,0,0,0,0,0,1,1,1,1,0,0,0,0,0,0,0,0,0,0,0,0,60,5,30,5,100,0.967260442912774
"Yes",1,1,1,1,0,0,0,0,0,0,0,0,0,0,0,0,0,0,0,0,1,1,1,1,50,50,0,2,0,0,0,0,102,0.776065020108443
"No",1,1,1,1,0,0,0,0,0,0,0,0,0,0,0,0,0,0,0,0,0,0,0,0,70,15,0,0,0,1,0,0,86,0.523935436253644
"No",1,1,1,1,1,1,1,1,0,0,0,0,0,0,0,0,0,0,0,0,0,0,0,0,0,0,0,0,80,5,15,10,110,0.86179014504192
"No",1,1,1,1,0,0,0,0,0,0,0,0,1,1,1,1,0,0,0,0,0,0,0,0,60,30,0,0,0,1,3,0,94,0.809332739193461
"No",0,0,0,0,0,0,0,0,0,0,0,0,1,1,1,1,0,0,0,0,0,0,0,0,0,0,0,0,10,30,50,5,95,1.09377044724914
"No",1,1,1,1,0,0,0,0,0,0,0,0,0,0,0,0,0,0,0,0,1,1,1,1,60,30,1,0,0,0,0,0,91,0.690017801207062
"Yes",1,1,1,1,0,0,0,0,0,0,0,0,0,0,0,0,0,0,0,0,0,0,0,0,70,20,0,0,0,0,0,0,90,0.529706199057654
"Yes",1,1,1,1,1,1,1,1,0,0,0,0,0,0,0,0,0,0,0,0,0,0,0,0,0,0,0,0,90,0,10,0,100,0.325082973391448
"Yes",1,1,1,1,0,0,0,0,0,0,0,0,1,1,1,1,0,0,0,0,0,0,0,0,10,5,0,0,60,5,20,1,101,1.20229329645822
"Yes",0,0,0,0,0,0,0,0,0,0,0,0,1,1,1,1,0,0,0,0,0,0,0,0,0,0,0,0,30,10,30,5,75,1.18222300164511
"Yes",1,1,1,1,0,0,0,0,0,0,0,0,0,0,0,0,0,0,0,0,1,1,1,1,70,10,0,1,0,0,0,0,81,0.438640292037925
"No",1,1,1,1,0,0,0,0,0,0,0,0,0,0,0,0,0,0,0,0,0,0,0,0,35,10,1,0,0,30,0,10,86,1.28545420948752
"No",1,1,1,1,1,1,1,1,0,0,0,0,0,0,0,0,0,0,0,0,0,0,0,0,5,0,0,0,10,60,25,10,110,1.24383072236439
"No",1,1,1,1,0,0,0,0,0,0,0,0,1,1,1,1,0,0,0,0,0,0,0,0,15,5,0,0,0,30,10,15,75,1.45948187386908
"No",0,0,0,0,0,0,0,0,0,0,0,0,1,1,1,1,0,0,0,0,0,0,0,0,0,0,0,0,1,60,5,30,96,0.85868376703699
"No",1,1,1,1,0,0,0,0,0,0,0,0,0,0,0,0,0,0,0,0,1,1,1,1,40,5,2,0,5,20,0,5,77,1.31786143895409
"Yes",1,1,1,1,0,0,0,0,0,0,0,0,0,0,0,0,0,0,0,0,0,0,0,0,40,15,0,0,0,40,0,0,95,1.01986521427793
"Yes",1,1,1,1,1,1,1,1,0,0,0,0,0,0,0,0,0,0,0,0,0,0,0,0,5,0,0,0,5,70,20,10,110,1.09657543425772
"Yes",1,1,1,1,0,0,0,0,0,0,0,0,1,1,1,1,0,0,0,0,0,0,0,0,30,10,1,0,0,30,15,25,111,1.57268026916902
"Yes",0,0,0,0,0,0,0,0,0,0,0,0,1,1,1,1,0,0,0,0,0,0,0,0,0,0,0,0,10,40,20,25,95,1.28053404752388
"Yes",1,1,1,1,0,0,0,0,0,0,0,0,0,0,0,0,0,0,0,0,1,1,1,1,30,1,5,0,0,25,0,20,81,1.30223122745244
"No",1,1,1,1,0,0,0,0,0,0,0,0,0,0,0,0,0,0,0,0,0,0,0,0,30,2,1,0,0,25,0,10,68,1.17656708219625
"No",1,1,1,1,1,1,1,1,0,0,0,0,0,0,0,0,0,0,0,0,0,0,0,0,0,1,0,0,15,20,30,10,76,1.36234951308346
"No",1,1,1,1,0,0,0,0,0,0,0,0,1,1,1,1,0,0,0,0,0,0,0,0,15,0,0,0,0,35,20,40,110,1.31386437666242
"No",0,0,0,0,0,0,0,0,0,0,0,0,1,1,1,1,0,0,0,0,0,0,0,0,0,0,0,0,0,40,20,15,75,1.00961375817404
"No",1,1,1,1,0,0,0,0,0,0,0,0,0,0,0,0,0,0,0,0,1,1,1,1,30,0,0,0,0,30,0,20,80,1.08219553003877
"Yes",1,1,1,1,0,0,0,0,0,0,0,0,0,0,0,0,0,0,0,0,0,0,0,0,35,1,0,0,0,35,0,20,91,1.11757368480983
"Yes",1,1,1,1,1,1,1,1,0,0,0,0,0,0,0,0,0,0,0,0,0,0,0,0,5,0,0,0,15,60,10,30,120,1.29257183701676
"Yes",1,1,1,1,0,0,0,0,0,0,0,0,1,1,1,1,0,0,0,0,0,0,0,0,15,7,0,0,5,60,10,30,127,1.43464567122062
"Yes",0,0,0,0,0,0,0,0,0,0,0,0,1,1,1,1,0,0,0,0,0,0,0,0,0,0,0,0,5,35,25,15,80,1.21231388026715
"Yes",1,1,1,1,0,0,0,0,0,0,0,0,0,0,0,0,0,0,0,0,1,1,1,1,50,15,0,0,0,20,0,20,105,1.26299659558514
"No",1,1,1,1,0,0,0,0,0,0,0,0,0,0,0,0,0,0,0,0,0,0,0,0,30,5,2,0,0,30,0,20,87,1.32314981642355
"No",1,1,1,1,1,1,1,1,0,0,0,0,0,0,0,0,0,0,0,0,0,0,0,0,5,0,2,0,10,60,15,10,102,1.27431974923495
"No",1,1,1,1,0,0,0,0,0,0,0,0,1,1,1,1,0,0,0,0,0,0,0,0,30,1,0,0,0,50,0,30,111,1.10887260517597
"No",0,0,0,0,0,0,0,0,0,0,0,0,1,1,1,1,0,0,0,0,0,0,0,0,0,0,0,0,0,40,5,20,65,0.858740913006287
"No",1,1,1,1,0,0,0,0,0,0,0,0,0,0,0,0,0,0,0,0,1,1,1,1,30,5,0,0,0,40,0,20,95,1.21121442162504
"Yes",1,1,1,1,0,0,0,0,0,0,0,0,0,0,0,0,0,0,0,0,0,0,0,0,20,1,0,0,0,30,0,15,66,1.12039231873131
"Yes",1,1,1,1,1,1,1,1,0,0,0,0,0,0,0,0,0,0,0,0,0,0,0,0,10,1,1,0,5,25,25,30,97,1.54323929617982
"Yes",1,1,1,1,0,0,0,0,0,0,0,0,1,1,1,1,0,0,0,0,0,0,0,0,15,0,0,0,10,30,15,25,95,1.53519084913132
"Yes",0,0,0,0,0,0,0,0,0,0,0,0,1,1,1,1,0,0,0,0,0,0,0,0,0,0,0,0,5,25,15,10,55,1.2406842919534
"Yes",1,1,1,1,0,0,0,0,0,0,0,0,0,0,0,0,0,0,0,0,1,1,1,1,15,0,0,0,0,25,0,10,50,1.02965301406457
"No",1,1,1,1,0,0,0,0,0,0,0,0,0,0,0,0,0,0,0,0,0,0,0,0,50,0,15,0,0,10,15,0,90,1.16793736772566
"No",1,1,1,1,1,1,1,1,0,0,0,0,0,0,0,0,0,0,0,0,0,0,0,0,0,2,0,0,10,70,10,15,107,1.07046045893864
"No",1,1,1,1,0,0,0,0,0,0,0,0,1,1,1,1,0,0,0,0,0,0,0,0,25,0,15,0,0,12,12,25,89,1.55377902304837
"No",0,0,0,0,0,0,0,0,0,0,0,0,1,1,1,1,0,0,0,0,0,0,0,0,0,0,0,0,0,15,15,20,50,1.08889997534522
"No",1,1,1,1,0,0,0,0,0,0,0,0,0,0,0,0,0,0,0,0,1,1,1,1,50,2,10,0,0,20,0,10,92,1.22881257744591
"Yes",1,1,1,1,0,0,0,0,0,0,0,0,0,0,0,0,0,0,0,0,0,0,0,0,30,10,15,1,0,15,0,20,91,1.58538781548442
"Yes",1,1,1,1,1,1,1,1,0,0,0,0,0,0,0,0,0,0,0,0,0,0,0,0,20,0,2,0,5,70,10,15,122,1.27623907518982
"Yes",1,1,1,1,0,0,0,0,0,0,0,0,1,1,1,1,0,0,0,0,0,0,0,0,10,5,15,0,10,15,5,10,70,1.87116041423181
"Yes",0,0,0,0,0,0,0,0,0,0,0,0,1,1,1,1,0,0,0,0,0,0,0,0,0,0,0,0,5,15,20,20,60,1.28605733687438
"Yes",1,1,1,1,0,0,0,0,0,0,0,0,0,0,0,0,0,0,0,0,1,1,1,1,40,2,5,1,0,10,0,15,73,1.26805853656865
"No",1,1,1,1,0,0,0,0,0,0,0,0,0,0,0,0,0,0,0,0,0,0,0,0,60,15,20,1,5,10,25,10,146,1.69068292811453
"No",1,1,1,1,1,1,1,1,0,0,0,0,0,0,0,0,0,0,0,0,0,0,0,0,5,5,0,0,5,65,25,20,125,1.3414074787222
"No",1,1,1,1,0,0,0,0,0,0,0,0,1,1,1,1,0,0,0,0,0,0,0,0,60,1,7,0,0,5,30,10,113,1.2549010335912
"No",0,0,0,0,0,0,0,0,0,0,0,0,1,1,1,1,0,0,0,0,0,0,0,0,0,0,0,0,0,30,20,20,70,1.07899220787758
"No",1,1,1,1,0,0,0,0,0,0,0,0,0,0,0,0,0,0,0,0,1,1,1,1,20,10,20,1,0,5,0,15,71,1.56517164533985
"Yes",1,1,1,1,0,0,0,0,0,0,0,0,0,0,0,0,0,0,0,0,0,0,0,0,35,5,10,0,0,5,0,1,56,1.10468361562067
"Yes",1,1,1,1,1,1,1,1,0,0,0,0,0,0,0,0,0,0,0,0,0,0,0,0,0,5,0,0,1,60,20,10,96,1.05759444462912
"Yes",1,1,1,1,0,0,0,0,0,0,0,0,1,1,1,1,0,0,0,0,0,0,0,0,5,0,5,0,10,30,40,10,100,1.48779838000165
"Yes",0,0,0,0,0,0,0,0,0,0,0,0,1,1,1,1,0,0,0,0,0,0,0,0,0,0,0,0,0,25,30,10,65,1.01233083910317
"Yes",1,1,1,1,0,0,0,0,0,0,0,0,0,0,0,0,0,0,0,0,1,1,1,1,50,20,25,1,0,5,0,10,111,1.40267676116546
"Yes",1,1,1,1,0,0,0,0,0,0,0,0,0,0,0,0,0,0,0,0,0,0,0,0,1,0,0,0,20,20,15,1,57,1.22813821592766
"Yes",1,1,1,1,1,1,1,1,0,0,0,0,0,0,0,0,0,0,0,0,0,0,0,0,1,0,0,0,50,10,15,1,77,0.976951470972114
"Yes",1,1,1,1,0,0,0,0,0,0,0,0,1,1,1,1,0,0,0,0,0,0,0,0,1,0,1,3,70,5,5,2,87,0.808768149747453
"Yes",0,0,0,0,0,0,0,0,0,0,0,0,1,1,1,1,0,0,0,0,0,0,0,0,0,0,0,0,10,15,20,1,46,1.14252727871619
"Yes",1,1,1,1,0,0,0,0,0,0,0,0,0,0,0,0,0,0,0,0,1,1,1,1,2,1,0,0,30,7,0,0,40,0.762789782754643
"No",1,1,1,1,0,0,0,0,0,0,0,0,0,0,0,0,0,0,0,0,0,0,0,0,1,0,1,0,20,20,1,2,45,1.11298281636411
"No",1,1,1,1,1,1,1,1,0,0,0,0,0,0,0,0,0,0,0,0,0,0,0,0,0,0,0,0,60,10,5,1,76,0.689500258372686
"No",1,1,1,1,0,0,0,0,0,0,0,0,1,1,1,1,0,0,0,0,0,0,0,0,2,1,3,0,15,15,10,5,51,1.63777312777724
"No",0,0,0,0,0,0,0,0,0,0,0,0,1,1,1,1,0,0,0,0,0,0,0,0,0,0,0,0,15,15,20,10,60,1.35797785498732
"No",1,1,1,1,0,0,0,0,0,0,0,0,0,0,0,0,0,0,0,0,1,1,1,1,0,0,0,0,60,15,5,1,81,0.76076253353627
"Yes",1,1,1,1,0,0,0,0,0,0,0,0,0,0,0,0,0,0,0,0,0,0,0,0,3,2,0,0,35,15,2,5,62,1.23723841215675
"Yes",1,1,1,1,1,1,1,1,0,0,0,0,0,0,0,0,0,0,0,0,0,0,0,0,0,0,1,0,20,30,15,1,67,1.1812400830107
"Yes",1,1,1,1,0,0,0,0,0,0,0,0,1,1,1,1,0,0,0,0,0,0,0,0,4,1,0,0,15,15,10,3,48,1.51477660937684
"Yes",0,0,0,0,0,0,0,0,0,0,0,0,1,1,1,1,0,0,0,0,0,0,0,0,0,0,0,0,10,15,10,4,39,1.29900697123494
"Yes",1,1,1,1,0,0,0,0,0,0,0,0,0,0,0,0,0,0,0,0,1,1,1,1,2,1,2,0,50,25,10,0,90,1.14568205316035
"No",1,1,1,1,0,0,0,0,0,0,0,0,0,0,0,0,0,0,0,0,0,0,0,0,3,1,3,0,25,10,0,0,42,1.11649294486303
"No",1,1,1,1,1,1,1,1,0,0,0,0,0,0,0,0,0,0,0,0,0,0,0,0,1,0,0,0,40,35,15,1,92,1.12381995386187
"No",1,1,1,1,0,0,0,0,0,0,0,0,1,1,1,1,0,0,0,0,0,0,0,0,4,1,0,0,40,30,10,5,90,1.31970614198568
"No",0,0,0,0,0,0,0,0,0,0,0,0,1,1,1,1,0,0,0,0,0,0,0,0,0,0,0,0,50,10,7,1,68,0.804090466282946
"No",1,1,1,1,0,0,0,0,0,0,0,0,0,0,0,0,0,0,0,0,1,1,1,1,4,1,1,0,30,5,0,0,41,0.893369909228339
"Yes",1,1,1,1,0,0,0,0,0,0,0,0,0,0,0,0,0,0,0,0,0,0,0,0,2,2,0,0,50,30,5,6,95,1.19379892506317
"Yes",1,1,1,1,1,1,1,1,0,0,0,0,0,0,0,0,0,0,0,0,0,0,0,0,0,2,0,0,60,25,10,1,98,1.00798059452678
"Yes",1,1,1,1,0,0,0,0,0,0,0,0,1,1,1,1,0,0,0,0,0,0,0,0,10,2,0,0,50,30,20,1,113,1.34717664629276
"Yes",0,0,0,0,0,0,0,0,0,0,0,0,1,1,1,1,0,0,0,0,0,0,0,0,0,0,0,0,30,35,8,2,75,1.05755570958227
"Yes",1,1,1,1,0,0,0,0,0,0,0,0,0,0,0,0,0,0,0,0,1,1,1,1,2,2,0,0,60,20,0,0,84,0.760008371145151
"No",1,1,1,1,0,0,0,0,0,0,0,0,0,0,0,0,0,0,0,0,0,0,0,0,2,1,0,0,40,5,0,0,48,0.600603884077727
"No",1,1,1,1,1,1,1,1,0,0,0,0,0,0,0,0,0,0,0,0,0,0,0,0,1,0,1,0,30,30,10,1,73,1.17953212841319
"No",1,1,1,1,0,0,0,0,0,0,0,0,1,1,1,1,0,0,0,0,0,0,0,0,4,0,1,0,60,20,1,2,88,0.926123280273601
"No",0,0,0,0,0,0,0,0,0,0,0,0,1,1,1,1,0,0,0,0,0,0,0,0,0,0,0,0,25,30,15,1,71,1.12002396030747
"No",1,1,1,1,0,0,0,0,0,0,0,0,0,0,0,0,0,0,0,0,1,1,1,1,6,0,0,0,40,30,0,0,76,0.905185229368036
"Yes",1,1,1,1,0,0,0,0,0,0,0,0,0,0,0,0,0,0,0,0,0,0,0,0,10,1,2,0,12,12,0,0,37,1.339298861672
"Yes",1,1,1,1,1,1,1,1,0,0,0,0,0,0,0,0,0,0,0,0,0,0,0,0,1,0,0,0,30,25,30,2,88,1.22813189535827
"Yes",1,1,1,1,0,0,0,0,0,0,0,0,1,1,1,1,0,0,0,0,0,0,0,0,NA,NA,NA,NA,NA,NA,NA,NA,NA,NA
"Yes",0,0,0,0,0,0,0,0,0,0,0,0,1,1,1,1,0,0,0,0,0,0,0,0,0,0,0,0,10,15,20,10,55,1.3421131789144
"Yes",1,1,1,1,0,0,0,0,0,0,0,0,0,0,0,0,0,0,0,0,1,1,1,1,5,0,1,0,15,5,0,0,26,1.07674530183401
"No",1,1,1,1,0,0,0,0,0,0,0,0,0,0,0,0,0,0,0,0,0,0,0,0,NA,NA,NA,NA,NA,NA,NA,NA,NA,NA
"No",1,1,1,1,1,1,1,1,0,0,0,0,0,0,0,0,0,0,0,0,0,0,0,0,1,1,0,0,10,35,5,1,53,1.03613676932117
"No",1,1,1,1,0,0,0,0,0,0,0,0,1,1,1,1,0,0,0,0,0,0,0,0,3,1,1,0,8,12,5,1,31,1.56955370257968
"No",0,0,0,0,0,0,0,0,0,0,0,0,1,1,1,1,0,0,0,0,0,0,0,0,0,0,0,0,10,8,1,5,24,1.19019662928338
"No",1,1,1,1,0,0,0,0,0,0,0,0,0,0,0,0,0,0,0,0,1,1,1,1,5,1,0,0,10,5,0,0,21,1.1816543399005
"Yes",1,1,1,1,0,0,0,0,0,0,0,0,0,0,0,0,0,0,0,0,0,0,0,0,3,1,0,0,10,5,0,2,21,1.34189521299794
"Yes",1,1,1,1,1,1,1,1,0,0,0,0,0,0,0,0,0,0,0,0,0,0,0,0,2,0,0,0,30,25,20,8,85,1.3786007948761
"Yes",1,1,1,1,0,0,0,0,0,0,0,0,1,1,1,1,0,0,0,0,0,0,0,0,7,1,1,0,5,10,2,10,36,1.6638923599406
"Yes",0,0,0,0,0,0,0,0,0,0,0,0,1,1,1,1,0,0,0,0,0,0,0,0,0,0,0,0,15,15,10,5,45,1.31078367809971
"Yes",1,1,1,1,0,0,0,0,0,0,0,0,0,0,0,0,0,0,0,0,1,1,1,1,5,2,1,0,10,1,0,0,19,1.23605293425955
"No",1,1,1,1,0,0,0,0,0,0,0,0,0,0,0,0,0,0,0,0,0,0,0,0,10,2,1,0,7,0,0,5,25,1.37564758900348
"No",1,1,1,1,1,1,1,1,0,0,0,0,0,0,0,0,0,0,0,0,0,0,0,0,1,2,0,0,20,20,30,1,74,1.2871528397833
"No",1,1,1,1,0,0,0,0,0,0,0,0,1,1,1,1,0,0,0,0,0,0,0,0,5,0,0,0,15,15,10,10,55,1.54659868604851
"No",0,0,0,0,0,0,0,0,0,0,0,0,1,1,1,1,0,0,0,0,0,0,0,0,0,0,0,0,5,7,5,10,27,1.34244423275734
"No",1,1,1,1,0,0,0,0,0,0,0,0,0,0,0,0,0,0,0,0,1,1,1,1,3,1,2,0,5,10,0,5,26,1.57339033489049
"Yes",1,1,1,1,0,0,0,0,0,0,0,0,0,0,0,0,0,0,0,0,0,0,0,0,65,15,0,0,10,0,0,0,90,0.777789931555932
"Yes",1,1,1,1,1,1,1,1,0,0,0,0,0,0,0,0,0,0,0,0,0,0,0,0,10,5,0,0,70,0,10,0,95,0.853944698279419
"Yes",1,1,1,1,0,0,0,0,0,0,0,0,1,1,1,1,0,0,0,0,0,0,0,0,25,40,0,0,15,2,7,0,89,1.30149600785233
"Yes",0,0,0,0,0,0,0,0,0,0,0,0,1,1,1,1,0,0,0,0,0,0,0,0,0,0,0,0,60,1,20,5,86,0.80757393850262
"Yes",1,1,1,1,0,0,0,0,0,0,0,0,0,0,0,0,0,0,0,0,1,1,1,1,50,30,0,0,10,0,0,1,91,0.987091125734296
"No",1,1,1,1,0,0,0,0,0,0,0,0,0,0,0,0,0,0,0,0,0,0,0,0,60,20,0,0,5,0,0,0,85,0.752974682765889
"No",1,1,1,1,1,1,1,1,0,0,0,0,0,0,0,0,0,0,0,0,0,0,0,0,1,0,0,0,70,1,15,0,87,0.58067340647081
"No",1,1,1,1,0,0,0,0,0,0,0,0,1,1,1,1,0,0,0,0,0,0,0,0,25,10,0,0,40,5,10,0,90,1.36507672357122
"No",0,0,0,0,0,0,0,0,0,0,0,0,1,1,1,1,0,0,0,0,0,0,0,0,0,0,0,0,90,0,10,0,100,0.325082973391448
"No",1,1,1,1,0,0,0,0,0,0,0,0,0,0,0,0,0,0,0,0,1,1,1,1,50,30,0,0,5,1,5,0,91,1.06326114557605
"Yes",1,1,1,1,0,0,0,0,0,0,0,0,0,0,0,0,0,0,0,0,0,0,0,0,50,40,1,0,0,0,0,0,91,0.739910842385369
"Yes",1,1,1,1,1,1,1,1,0,0,0,0,0,0,0,0,0,0,0,0,0,0,0,0,3,5,1,0,85,0,0,0,94,0.405333258548177
"Yes",1,1,1,1,0,0,0,0,0,0,0,0,1,1,1,1,0,0,0,0,0,0,0,0,30,30,1,0,15,0,0,0,76,1.11109392033551
"Yes",0,0,0,0,0,0,0,0,0,0,0,0,1,1,1,1,0,0,0,0,0,0,0,0,0,0,0,0,85,10,0,0,95,0.336495757583516
"Yes",1,1,1,1,0,0,0,0,0,0,0,0,0,0,0,0,0,0,0,0,1,1,1,1,60,20,0,0,5,0,0,0,85,0.752974682765889
"No",1,1,1,1,0,0,0,0,0,0,0,0,0,0,0,0,0,0,0,0,0,0,0,0,55,50,1,0,0,0,0,0,106,0.738868570912131
"No",1,1,1,1,1,1,1,1,0,0,0,0,0,0,0,0,0,0,0,0,0,0,0,0,0,5,3,0,85,0,2,0,95,0.444880285379787
"No",1,1,1,1,0,0,0,0,0,0,0,0,1,1,1,1,0,0,0,0,0,0,0,0,40,50,1,0,10,0,0,0,101,0.989554384505564
"No",0,0,0,0,0,0,0,0,0,0,0,0,1,1,1,1,0,0,0,0,0,0,0,0,0,0,0,0,90,0,2,0,92,0.104732439105087
"No",1,1,1,1,0,0,0,0,0,0,0,0,0,0,0,0,0,0,0,0,1,1,1,1,50,50,1,0,2,1,0,0,104,0.869500563526618
"Yes",1,1,1,1,0,0,0,0,0,0,0,0,0,0,0,0,0,0,0,0,0,0,0,0,40,40,0,0,5,5,0,0,90,1.04197927640298
"Yes",1,1,1,1,1,1,1,1,0,0,0,0,0,0,0,0,0,0,0,0,0,0,0,0,0,0,0,0,90,0,10,0,100,0.325082973391448
"Yes",1,1,1,1,0,0,0,0,0,0,0,0,1,1,1,1,0,0,0,0,0,0,0,0,20,20,0,0,30,0,5,0,75,1.25198942081371
"Yes",0,0,0,0,0,0,0,0,0,0,0,0,1,1,1,1,0,0,0,0,0,0,0,0,0,0,0,0,10,5,15,2,32,1.1819831568696
"Yes",1,1,1,1,0,0,0,0,0,0,0,0,0,0,0,0,0,0,0,0,1,1,1,1,40,40,1,0,15,5,5,1,107,1.38474015717229
"No",1,1,1,1,0,0,0,0,0,0,0,0,0,0,0,0,0,0,0,0,0,0,0,0,40,40,1,0,5,0,0,0,86,0.929259553331584
"No",1,1,1,1,1,1,1,1,0,0,0,0,0,0,0,0,0,0,0,0,0,0,0,0,0,0,0,0,80,0,1,0,81,0.0665216142537903
"No",1,1,1,1,0,0,0,0,0,0,0,0,1,1,1,1,0,0,0,0,0,0,0,0,10,10,0,0,50,5,3,0,78,1.11317192208109
"No",0,0,0,0,0,0,0,0,0,0,0,0,1,1,1,1,0,0,0,0,0,0,0,0,0,0,0,0,60,20,25,2,107,1.05195491682424
"No",1,1,1,1,0,0,0,0,0,0,0,0,0,0,0,0,0,0,0,0,1,1,1,1,60,15,1,0,10,2,1,1,90,1.0476588698756
"Yes",1,1,1,1,0,0,0,0,0,0,0,0,0,0,0,0,0,0,0,0,0,0,0,0,60,20,2,0,5,2,0,0,89,0.933635274352183
"Yes",1,1,1,1,1,1,1,1,0,0,0,0,0,0,0,0,0,0,0,0,0,0,0,0,0,10,0,0,80,2,5,0,97,0.626036075130791
"Yes",1,1,1,1,0,0,0,0,0,0,0,0,1,1,1,1,0,0,0,0,0,0,0,0,30,60,0,0,5,20,0,0,115,1.13051099604637
"Yes",0,0,0,0,0,0,0,0,0,0,0,0,1,1,1,1,0,0,0,0,0,0,0,0,0,0,0,0,70,5,20,0,95,0.708018976056273
"Yes",1,1,1,1,0,0,0,0,0,0,0,0,0,0,0,0,0,0,0,0,1,1,1,1,50,30,0,0,10,0,0,0,90,0.936888307539016
"No",1,1,1,1,0,0,0,0,0,0,0,0,0,0,0,0,0,0,0,0,0,0,0,0,50,25,0,0,5,10,0,0,90,1.08707537716112
"No",1,1,1,1,1,1,1,1,0,0,0,0,0,0,0,0,0,0,0,0,0,0,0,0,5,0,0,0,90,0,10,0,105,0.501046913759097
"No",1,1,1,1,0,0,0,0,0,0,0,0,1,1,1,1,0,0,0,0,0,0,0,0,30,30,0,0,15,2,2,0,79,1.23697716084041
"No",0,0,0,0,0,0,0,0,0,0,0,0,1,1,1,1,0,0,0,0,0,0,0,0,0,0,0,0,90,0,2,0,92,0.104732439105087
"No",1,1,1,1,0,0,0,0,0,0,0,0,0,0,0,0,0,0,0,0,1,1,1,1,60,20,0,0,10,5,0,0,95,1.01020994742668
"Yes",1,1,1,1,0,0,0,0,0,0,0,0,0,0,0,0,0,0,0,0,0,0,0,0,30,20,0,0,5,5,5,0,65,1.31143133747324
"Yes",1,1,1,1,1,1,1,1,0,0,0,0,0,0,0,0,0,0,0,0,0,0,0,0,1,1,0,0,80,0,5,0,87,0.343961907895032
"Yes",1,1,1,1,0,0,0,0,0,0,0,0,1,1,1,1,0,0,0,0,0,0,0,0,40,20,0,0,10,3,0,0,73,1.08783599688014
"Yes",0,0,0,0,0,0,0,0,0,0,0,0,1,1,1,1,0,0,0,0,0,0,0,0,0,0,0,0,20,20,40,5,85,1.20227880156223
"Yes",1,1,1,1,0,0,0,0,0,0,0,0,0,0,0,0,0,0,0,0,1,1,1,1,50,20,0,0,10,3,1,0,84,1.07560866148103
"No",1,1,1,1,0,0,0,0,0,0,0,0,0,0,0,0,0,0,0,0,0,0,0,0,60,20,0,0,10,0,0,0,90,0.848685557726417
"No",1,1,1,1,1,1,1,1,0,0,0,0,0,0,0,0,0,0,0,0,0,0,0,0,0,10,0,0,70,2,1,0,83,0.541650098947014
"No",1,1,1,1,0,0,0,0,0,0,0,0,1,1,1,1,0,0,0,0,0,0,0,0,10,20,0,0,60,3,3,0,96,1.07275606785997
"No",0,0,0,0,0,0,0,0,0,0,0,0,1,1,1,1,0,0,0,0,0,0,0,0,0,0,0,0,60,3,30,2,95,0.844627139913015
"No",1,1,1,1,0,0,0,0,0,0,0,0,0,0,0,0,0,0,0,0,1,1,1,1,40,20,0,0,15,10,1,1,87,1.34962734184871
"Yes",1,1,1,1,0,0,0,0,0,0,0,0,0,0,0,0,0,0,0,0,0,0,0,0,15,5,0,0,15,0,0,0,35,1.00424247305408
"Yes",1,1,1,1,1,1,1,1,0,0,0,0,0,0,0,0,0,0,0,0,0,0,0,0,0,0,0,0,30,50,15,5,100,1.14212004298834
"Yes",1,1,1,1,0,0,0,0,0,0,0,0,1,1,1,1,0,0,0,0,0,0,0,0,10,3,0,0,5,15,10,5,48,1.66156203451707
"Yes",0,0,0,0,0,0,0,0,0,0,0,0,1,1,1,1,0,0,0,0,0,0,0,0,0,0,0,0,2,20,20,5,47,1.09987579606219
"Yes",1,1,1,1,0,0,0,0,0,0,0,0,0,0,0,0,0,0,0,0,1,1,1,1,15,5,4,0,0,0,0,0,24,0.919173829381978
"No",1,1,1,1,0,0,0,0,0,0,0,0,0,0,0,0,0,0,0,0,0,0,0,0,20,10,5,0,0,0,0,0,35,0.955699891112534
"No",1,1,1,1,1,1,1,1,0,0,0,0,0,0,0,0,0,0,0,0,0,0,0,0,2,0,0,0,15,20,20,10,67,1.44555546640958
"No",1,1,1,1,0,0,0,0,0,0,0,0,1,1,1,1,0,0,0,0,0,0,0,0,10,5,1,0,0,15,5,1,37,1.45575620802761
"No",0,0,0,0,0,0,0,0,0,0,0,0,1,1,1,1,0,0,0,0,0,0,0,0,0,0,0,0,20,30,5,15,70,1.23965939205439
"No",1,1,1,1,0,0,0,0,0,0,0,0,0,0,0,0,0,0,0,0,1,1,1,1,25,1,1,0,5,0,0,0,32,0.699514490803617
"Yes",1,1,1,1,0,0,0,0,0,0,0,0,0,0,0,0,0,0,0,0,0,0,0,0,10,5,1,0,0,0,0,0,16,0.830523691482846
"Yes",1,1,1,1,1,1,1,1,0,0,0,0,0,0,0,0,0,0,0,0,0,0,0,0,0,0,0,0,40,40,10,3,93,1.07634095417412
"Yes",1,1,1,1,0,0,0,0,0,0,0,0,1,1,1,1,0,0,0,0,0,0,0,0,10,0,0,0,0,20,5,1,36,1.05608321725637
"Yes",0,0,0,0,0,0,0,0,0,0,0,0,1,1,1,1,0,0,0,0,0,0,0,0,0,0,0,0,3,15,10,3,31,1.16823631163088
"Yes",1,1,1,1,0,0,0,0,0,0,0,0,0,0,0,0,0,0,0,0,1,1,1,1,15,5,5,0,0,0,0,0,25,0.950270539233235
"No",1,1,1,1,0,0,0,0,0,0,0,0,0,0,0,0,0,0,0,0,0,0,0,0,25,15,5,0,0,5,0,0,50,1.16828245017656
"No",1,1,1,1,1,1,1,1,0,0,0,0,0,0,0,0,0,0,0,0,0,0,0,0,2,0,0,0,5,25,15,5,52,1.28637213927952
"No",1,1,1,1,0,0,0,0,0,0,0,0,1,1,1,1,0,0,0,0,0,0,0,0,15,10,2,0,3,25,5,2,62,1.57497124442262
"No",0,0,0,0,0,0,0,0,0,0,0,0,1,1,1,1,0,0,0,0,0,0,0,0,0,0,0,0,1,25,7,2,35,0.827360603597639
"No",1,1,1,1,0,0,0,0,0,0,0,0,0,0,0,0,0,0,0,0,1,1,1,1,30,10,2,0,0,0,0,0,42,0.727001362547059
"Yes",1,1,1,1,0,0,0,0,0,0,0,0,0,0,0,0,0,0,0,0,0,0,0,0,5,5,5,0,7,2,0,0,24,1.54683574322217
"Yes",1,1,1,1,1,1,1,1,0,0,0,0,0,0,0,0,0,0,0,0,0,0,0,0,0,0,0,0,15,20,50,2,87,1.04610532417021
"Yes",1,1,1,1,0,0,0,0,0,0,0,0,1,1,1,1,0,0,0,0,0,0,0,0,7,7,0,0,10,15,10,5,54,1.7304213331317
"Yes",0,0,0,0,0,0,0,0,0,0,0,0,1,1,1,1,0,0,0,0,0,0,0,0,0,0,0,0,10,15,15,10,50,1.3661588475692
"Yes",1,1,1,1,0,0,0,0,0,0,0,0,0,0,0,0,0,0,0,0,1,1,1,1,10,3,2,0,5,0,0,5,25,1.46678137361197
"No",1,1,1,1,0,0,0,0,0,0,0,0,0,0,0,0,0,0,0,0,0,0,0,0,10,2,1,0,0,0,0,0,13,0.687092027379972
"No",1,1,1,1,1,1,1,1,0,0,0,0,0,0,0,0,0,0,0,0,0,0,0,0,0,0,0,0,20,25,25,10,80,1.3334730391185
"No",1,1,1,1,0,0,0,0,0,0,0,0,1,1,1,1,0,0,0,0,0,0,0,0,10,0,1,0,5,15,5,0,36,1.36849163093348
"No",0,0,0,0,0,0,0,0,0,0,0,0,1,1,1,1,0,0,0,0,0,0,0,0,0,0,0,0,7,10,10,7,34,1.37064158500865
"No",1,1,1,1,0,0,0,0,0,0,0,0,0,0,0,0,0,0,0,0,1,1,1,1,15,2,2,0,0,0,0,0,19,0.660578887652076
"Yes",1,1,1,1,0,0,0,0,0,0,0,0,0,0,0,0,0,0,0,0,0,0,0,0,15,7,2,0,0,0,0,0,24,0.860203062804603
"Yes",1,1,1,1,1,1,1,1,0,0,0,0,0,0,0,0,0,0,0,0,0,0,0,0,0,0,0,0,20,60,15,5,100,1.062737568157
"Yes",1,1,1,1,0,0,0,0,0,0,0,0,1,1,1,1,0,0,0,0,0,0,0,0,10,10,0,0,0,15,5,2,42,1.44943298019517
"Yes",0,0,0,0,0,0,0,0,0,0,0,0,1,1,1,1,0,0,0,0,0,0,0,0,0,0,0,0,35,15,5,0,55,0.859967281035505
"Yes",1,1,1,1,0,0,0,0,0,0,0,0,0,0,0,0,0,0,0,0,1,1,1,1,17,7,1,0,0,0,0,0,25,0.747435909174486
"No",1,1,1,1,0,0,0,0,0,0,0,0,0,0,0,0,0,0,0,0,0,0,0,0,15,7,1,0,0,0,0,0,23,0.777140995932613
"No",1,1,1,1,1,1,1,1,0,0,0,0,0,0,0,0,0,0,0,0,0,0,0,0,0,1,0,0,10,40,30,10,91,1.26203751229374
"No",1,1,1,1,0,0,0,0,0,0,0,0,1,1,1,1,0,0,0,0,0,0,0,0,10,1,1,0,2,15,10,0,39,1.40564499901339
"No",0,0,0,0,0,0,0,0,0,0,0,0,1,1,1,1,0,0,0,0,0,0,0,0,0,0,0,0,25,13,2,0,40,0.808816163368314
"No",1,1,1,1,0,0,0,0,0,0,0,0,0,0,0,0,0,0,0,0,1,1,1,1,20,2,1,0,0,0,0,0,23,0.470235962355249
"Yes",1,1,1,1,0,0,0,0,0,0,0,0,0,0,0,0,0,0,0,0,0,0,0,0,15,10,3,0,0,0,0,0,28,0.941403052586706
"Yes",1,1,1,1,1,1,1,1,0,0,0,0,0,0,0,0,0,0,0,0,0,0,0,0,0,0,0,0,5,50,30,7,92,1.0510751821922
"Yes",1,1,1,1,0,0,0,0,0,0,0,0,1,1,1,1,0,0,0,0,0,0,0,0,5,2,0,0,5,30,10,2,54,1.32363700533491
"Yes",0,0,0,0,0,0,0,0,0,0,0,0,1,1,1,1,0,0,0,0,0,0,0,0,0,0,0,0,30,30,15,0,75,1.05492016798614
"Yes",1,1,1,1,0,0,0,0,0,0,0,0,0,0,0,0,0,0,0,0,1,1,1,1,15,2,5,0,5,0,0,0,27,1.14393218074529
"No",1,1,1,1,0,0,0,0,0,0,0,0,0,0,0,0,0,0,0,0,0,0,0,0,15,3,3,0,0,0,0,0,21,0.796311640173813
"No",1,1,1,1,1,1,1,1,0,0,0,0,0,0,0,0,0,0,0,0,0,0,0,0,0,0,0,0,0,50,40,5,95,0.856997754778065
"No",1,1,1,1,0,0,0,0,0,0,0,0,1,1,1,1,0,0,0,0,0,0,0,0,7,2,1,0,3,30,20,5,68,1.45037154703454
"No",0,0,0,0,0,0,0,0,0,0,0,0,1,1,1,1,0,0,0,0,0,0,0,0,0,0,0,0,50,20,10,0,80,0.900256051268537
"No",1,1,1,1,0,0,0,0,0,0,0,0,0,0,0,0,0,0,0,0,1,1,1,1,20,5,0,0,5,0,0,0,30,0.867563228481461
"No",1,1,1,1,0,0,0,0,0,0,0,0,0,0,0,0,0,0,0,0,0,0,0,0,1,5,80,0,0,0,0,0,86,0.2844714783921
"No",1,1,1,1,1,1,1,1,0,0,0,0,0,0,0,0,0,0,0,0,0,0,0,0,1,5,60,0,1,5,0,1,73,0.704773785563911
"No",1,1,1,1,0,0,0,0,0,0,0,0,1,1,1,1,0,0,0,0,0,0,0,0,5,3,60,0,0,5,3,2,78,0.898593173474264
"No",0,0,0,0,0,0,0,0,0,0,0,0,1,1,1,1,0,0,0,0,0,0,0,0,0,0,0,0,0,50,3,2,55,0.365818976168261
"No",1,1,1,1,0,0,0,0,0,0,0,0,0,0,0,0,0,0,0,0,1,1,1,1,1,15,15,0,0,15,0,20,66,1.43545921898583
"Yes",1,1,1,1,0,0,0,0,0,0,0,0,0,0,0,0,0,0,0,0,0,0,0,0,5,10,30,0,0,10,0,0,55,1.16851840574309
"Yes",1,1,1,1,1,1,1,1,0,0,0,0,0,0,0,0,0,0,0,0,0,0,0,0,3,15,15,0,0,10,0,2,45,1.38556275221185
"Yes",1,1,1,1,0,0,0,0,0,0,0,0,1,1,1,1,0,0,0,0,0,0,0,0,1,10,25,0,3,5,2,15,61,1.53959812060817
"Yes",0,0,0,0,0,0,0,0,0,0,0,0,1,1,1,1,0,0,0,0,0,0,0,0,0,0,0,0,10,10,0,30,50,0.950270539233235
"Yes",1,1,1,1,0,0,0,0,0,0,0,0,0,0,0,0,0,0,0,0,1,1,1,1,5,15,50,0,1,0,0,5,76,1.01078225591421
"No",1,1,1,1,0,0,0,0,0,0,0,0,0,0,0,0,0,0,0,0,0,0,0,0,1,5,15,0,0,25,0,0,46,1.02125360952369
"No",1,1,1,1,1,1,1,1,0,0,0,0,0,0,0,0,0,0,0,0,0,0,0,0,0,3,5,0,25,15,5,20,73,1.54528806992013
"No",1,1,1,1,0,0,0,0,0,0,0,0,1,1,1,1,0,0,0,0,0,0,0,0,1,6,30,0,13,30,0,20,100,1.52435631765632
"No",0,0,0,0,0,0,0,0,0,0,0,0,1,1,1,1,0,0,0,0,0,0,0,0,0,0,0,0,0,90,10,0,100,0.325082973391448
"No",1,1,1,1,0,0,0,0,0,0,0,0,0,0,0,0,0,0,0,0,1,1,1,1,5,5,75,0,2,3,0,3,93,0.791911797102795
"Yes",1,1,1,1,0,0,0,0,0,0,0,0,0,0,0,0,0,0,0,0,0,0,0,0,15,15,20,0,2,3,1,0,56,1.42109664196246
"Yes",1,1,1,1,1,1,1,1,0,0,0,0,0,0,0,0,0,0,0,0,0,0,0,0,1,3,0,0,5,20,17,1,47,1.30924762834388
"Yes",1,1,1,1,0,0,0,0,0,0,0,0,1,1,1,1,0,0,0,0,0,0,0,0,10,10,15,0,10,25,10,10,90,1.87512185601982
"Yes",0,0,0,0,0,0,0,0,0,0,0,0,1,1,1,1,0,0,0,0,0,0,0,0,0,0,0,0,12,20,20,20,72,1.36607144942306
"Yes",1,1,1,1,0,0,0,0,0,0,0,0,0,0,0,0,0,0,0,0,1,1,1,1,8,12,12,0,15,8,0,8,63,1.75956155795088
"No",1,1,1,1,0,0,0,0,0,0,0,0,0,0,0,0,0,0,0,0,0,0,0,0,30,30,30,0,2,0,0,0,92,1.17946185193259
"No",1,1,1,1,1,1,1,1,0,0,0,0,0,0,0,0,0,0,0,0,0,0,0,0,10,8,25,0,0,15,0,0,58,1.28882177086336
"No",1,1,1,1,0,0,0,0,0,0,0,0,1,1,1,1,0,0,0,0,0,0,0,0,10,5,1,0,3,3,1,0,23,1.49789794531525
"No",0,0,0,0,0,0,0,0,0,0,0,0,1,1,1,1,0,0,0,0,0,0,0,0,0,0,0,0,1,20,3,0,24,0.544283732969439
"No",1,1,1,1,0,0,0,0,0,0,0,0,0,0,0,0,0,0,0,0,1,1,1,1,40,20,15,0,1,1,1,0,78,1.17606040807202
"Yes",1,1,1,1,0,0,0,0,0,0,0,0,0,0,0,0,0,0,0,0,0,0,0,0,20,15,25,0,2,0,10,0,72,1.42361834956636
"Yes",1,1,1,1,1,1,1,1,0,0,0,0,0,0,0,0,0,0,0,0,0,0,0,0,12,12,5,0,2,1,0,0,32,1.3072595428559
"Yes",1,1,1,1,0,0,0,0,0,0,0,0,1,1,1,1,0,0,0,0,0,0,0,0,5,15,40,0,3,0,0,0,63,0.976167145292081
"Yes",0,0,0,0,0,0,0,0,0,0,0,0,1,1,1,1,0,0,0,0,0,0,0,0,0,0,0,0,0,5,0,8,13,0.666278442414676
"Yes",1,1,1,1,0,0,0,0,0,0,0,0,0,0,0,0,0,0,0,0,1,1,1,1,35,20,30,0,1,2,0,0,88,1.20717722999873
"No",1,1,1,1,0,0,0,0,0,0,0,0,0,0,0,0,0,0,0,0,0,0,0,0,10,40,35,0,0,0,0,0,85,0.971848771235877
"No",1,1,1,1,1,1,1,1,0,0,0,0,0,0,0,0,0,0,0,0,0,0,0,0,3,8,10,0,1,0,0,0,22,1.13844153838634
"No",1,1,1,1,0,0,0,0,0,0,0,0,1,1,1,1,0,0,0,0,0,0,0,0,5,20,25,0,4,0,20,0,74,1.41361166657559
"No",0,0,0,0,0,0,0,0,0,0,0,0,1,1,1,1,0,0,0,0,0,0,0,0,0,0,0,0,0,20,0,0,20,0
"No",1,1,1,1,0,0,0,0,0,0,0,0,0,0,0,0,0,0,0,0,1,1,1,1,40,40,15,0,0,15,5,0,115,1.40233167684715
"Yes",1,1,1,1,0,0,0,0,0,0,0,0,0,0,0,0,0,0,0,0,0,0,0,0,1,10,0,0,0,0,0,0,11,0.304636097349238
"Yes",1,1,1,1,1,1,1,1,0,0,0,0,0,0,0,0,0,0,0,0,0,0,0,0,0,0,0,0,2,0,10,0,12,0.450561208866305
"Yes",1,1,1,1,0,0,0,0,0,0,0,0,1,1,1,1,0,0,0,0,0,0,0,0,5,15,0,0,4,10,30,0,64,1.35771288956298
"Yes",0,0,0,0,0,0,0,0,0,0,0,0,1,1,1,1,0,0,0,0,0,0,0,0,0,0,0,0,4,15,2,0,21,0.780130779526632
"Yes",1,1,1,1,0,0,0,0,0,0,0,0,0,0,0,0,0,0,0,0,1,1,1,1,5,8,0,0,0,40,30,0,83,1.11433673418176
"No",1,1,1,1,0,0,0,0,0,0,0,0,0,0,0,0,0,0,0,0,0,0,0,0,20,40,0,0,4,0,10,0,74,1.11432384982502
"No",1,1,1,1,1,1,1,1,0,0,0,0,0,0,0,0,0,0,0,0,0,0,0,0,8,2,0,0,5,10,30,1,56,1.3265876079399
"No",1,1,1,1,0,0,0,0,0,0,0,0,1,1,1,1,0,0,0,0,0,0,0,0,15,10,0,0,0,15,5,10,55,1.54659868604851
"No",0,0,0,0,0,0,0,0,0,0,0,0,1,1,1,1,0,0,0,0,0,0,0,0,0,0,0,0,0,40,5,0,45,0.348832095843032
"No",1,1,1,1,0,0,0,0,0,0,0,0,0,0,0,0,0,0,0,0,1,1,1,1,30,25,0,0,0,25,0,0,80,1.09478022600795
"Yes",1,1,1,1,0,0,0,0,0,0,0,0,0,0,0,0,0,0,0,0,0,0,0,0,3,30,5,0,10,0,0,0,48,1.02943436907498
"Yes",1,1,1,1,1,1,1,1,0,0,0,0,0,0,0,0,0,0,0,0,0,0,0,0,10,5,2,0,5,5,30,1,58,1.46406998593544
"Yes",1,1,1,1,0,0,0,0,0,0,0,0,1,1,1,1,0,0,0,0,0,0,0,0,5,20,1,0,0,20,20,1,67,1.40183999289231
"Yes",0,0,0,0,0,0,0,0,0,0,0,0,1,1,1,1,0,0,0,0,0,0,0,0,0,0,0,0,1,20,45,1,67,0.753730566991799
"Yes",1,1,1,1,0,0,0,0,0,0,0,0,0,0,0,0,0,0,0,0,1,1,1,1,20,20,1,0,1,15,0,0,57,1.22813821592766
"No",1,1,1,1,0,0,0,0,0,0,0,0,0,0,0,0,0,0,0,0,0,0,0,0,55,15,0,0,0,0,0,0,70,0.519579839130515
"No",1,1,1,1,1,1,1,1,0,0,0,0,0,0,0,0,0,0,0,0,0,0,0,0,0,0,0,0,70,20,15,0,105,0.86415020319497
"No",1,1,1,1,0,0,0,0,0,0,0,0,1,1,1,1,0,0,0,0,0,0,0,0,20,8,1,0,5,15,1,0,50,1.4076605977637
"No",0,0,0,0,0,0,0,0,0,0,0,0,1,1,1,1,0,0,0,0,0,0,0,0,0,0,0,0,7,25,25,5,62,1.18177387135206
"No",1,1,1,1,0,0,0,0,0,0,0,0,0,0,0,0,0,0,0,0,1,1,1,1,40,20,0,0,0,0,0,0,60,0.636514168294813
"Yes",1,1,1,1,0,0,0,0,0,0,0,0,0,0,0,0,0,0,0,0,0,0,0,0,40,8,2,0,0,0,0,0,50,0.600482908245825
"Yes",1,1,1,1,1,1,1,1,0,0,0,0,0,0,0,0,0,0,0,0,0,0,0,0,1,5,0,0,10,30,60,0,106,1.09014064434507
"Yes",1,1,1,1,0,0,0,0,0,0,0,0,1,1,1,1,0,0,0,0,0,0,0,0,10,15,1,0,2,30,25,10,93,1.62328157585107
"Yes",0,0,0,0,0,0,0,0,0,0,0,0,1,1,1,1,0,0,0,0,0,0,0,0,0,0,0,0,5,20,50,20,95,1.14884919922436
"Yes",1,1,1,1,0,0,0,0,0,0,0,0,0,0,0,0,0,0,0,0,1,1,1,1,31,30,1,0,0,0,0,0,62,0.764400114256314
"No",1,1,1,1,0,0,0,0,0,0,0,0,0,0,0,0,0,0,0,0,0,0,0,0,12,2,0,0,0,0,0,0,14,0.410116318288409
"No",1,1,1,1,1,1,1,1,0,0,0,0,0,0,0,0,0,0,0,0,0,0,0,0,0,0,0,0,50,20,20,15,105,1.26299659558514
"No",1,1,1,1,0,0,0,0,0,0,0,0,1,1,1,1,0,0,0,0,0,0,0,0,15,5,0,0,15,15,18,8,76,1.71794817466344
"No",0,0,0,0,0,0,0,0,0,0,0,0,1,1,1,1,0,0,0,0,0,0,0,0,0,0,0,0,12,25,8,18,63,1.30261092647517
"No",1,1,1,1,0,0,0,0,0,0,0,0,0,0,0,0,0,0,0,0,1,1,1,1,25,10,0,0,0,0,0,0,35,0.598269588585257
"Yes",1,1,1,1,0,0,0,0,0,0,0,0,0,0,0,0,0,0,0,0,0,0,0,0,10,15,0,0,0,0,0,0,25,0.673011667009257
"Yes",1,1,1,1,1,1,1,1,0,0,0,0,0,0,0,0,0,0,0,0,0,0,0,0,0,0,0,0,25,15,60,10,110,1.15703333577874
"Yes",1,1,1,1,0,0,0,0,0,0,0,0,1,1,1,1,0,0,0,0,0,0,0,0,10,1,0,0,10,15,10,25,71,1.58422633580104
"Yes",0,0,0,0,0,0,0,0,0,0,0,0,1,1,1,1,0,0,0,0,0,0,0,0,0,0,0,0,15,25,30,20,90,1.35488505300601
"Yes",1,1,1,1,0,0,0,0,0,0,0,0,0,0,0,0,0,0,0,0,1,1,1,1,20,20,0,0,0,0,0,0,40,0.693147180559945
"No",1,1,1,1,0,0,0,0,0,0,0,0,0,0,0,0,0,0,0,0,0,0,0,0,25,10,0,0,0,0,0,0,35,0.598269588585257
"No",1,1,1,1,1,1,1,1,0,0,0,0,0,0,0,0,0,0,0,0,0,0,0,0,0,0,0,0,40,25,30,20,115,1.35382220917015
"No",1,1,1,1,0,0,0,0,0,0,0,0,1,1,1,1,0,0,0,0,0,0,0,0,12,4,1,0,2,25,15,20,79,1.61302195737369
"No",0,0,0,0,0,0,0,0,0,0,0,0,1,1,1,1,0,0,0,0,0,0,0,0,0,0,0,0,20,15,20,20,75,1.37929225447268
"No",1,1,1,1,0,0,0,0,0,0,0,0,0,0,0,0,0,0,0,0,1,1,1,1,15,15,0,0,0,0,0,0,30,0.693147180559945
"Yes",1,1,1,1,0,0,0,0,0,0,0,0,0,0,0,0,0,0,0,0,0,0,0,0,15,25,0,0,0,0,0,0,40,0.661563238157982
"Yes",1,1,1,1,1,1,1,1,0,0,0,0,0,0,0,0,0,0,0,0,0,0,0,0,0,0,0,0,20,10,30,25,85,1.31972992151867
"Yes",1,1,1,1,0,0,0,0,0,0,0,0,1,1,1,1,0,0,0,0,0,0,0,0,8,3,0,0,4,25,8,20,68,1.53570446885043
"Yes",0,0,0,0,0,0,0,0,0,0,0,0,1,1,1,1,0,0,0,0,0,0,0,0,0,0,0,0,6,25,10,15,56,1.25983282674324
"Yes",1,1,1,1,0,0,0,0,0,0,0,0,0,0,0,0,0,0,0,0,1,1,1,1,5,20,0,0,0,0,0,0,25,0.500402423538188
"No",1,1,1,1,0,0,0,0,0,0,0,0,0,0,0,0,0,0,0,0,0,0,0,0,20,10,0,0,0,0,0,0,30,0.636514168294813
"No",1,1,1,1,1,1,1,1,0,0,0,0,0,0,0,0,0,0,0,0,0,0,0,0,0,0,0,0,40,13,40,5,98,1.15127474868807
"No",1,1,1,1,0,0,0,0,0,0,0,0,1,1,1,1,0,0,0,0,0,0,0,0,12,1,0,0,40,10,20,0,83,1.28252067571185
"No",0,0,0,0,0,0,0,0,0,0,0,0,1,1,1,1,0,0,0,0,0,0,0,0,0,0,0,0,6,12,5,12,35,1.31433360513368
"No",1,1,1,1,0,0,0,0,0,0,0,0,0,0,0,0,0,0,0,0,1,1,1,1,10,5,0,0,0,0,0,0,15,0.636514168294813
"Yes",1,1,1,1,0,0,0,0,0,0,0,0,0,0,0,0,0,0,0,0,0,0,0,0,12,1,0,0,0,0,0,0,13,0.271189373041844
"Yes",1,1,1,1,1,1,1,1,0,0,0,0,0,0,0,0,0,0,0,0,0,0,0,0,3,1,0,0,20,25,15,20,84,1.52346231733853
"Yes",1,1,1,1,0,0,0,0,0,0,0,0,1,1,1,1,0,0,0,0,0,0,0,0,3,1,0,0,5,25,30,20,84,1.40979907300017
"Yes",0,0,0,0,0,0,0,0,0,0,0,0,1,1,1,1,0,0,0,0,0,0,0,0,0,0,0,0,15,25,30,15,85,1.3397180434946
"Yes",1,1,1,1,0,0,0,0,0,0,0,0,0,0,0,0,0,0,0,0,1,1,1,1,12,3,0,0,0,0,0,0,15,0.500402423538188
"No",1,1,1,1,0,0,0,0,0,0,0,0,0,0,0,0,0,0,0,0,0,0,0,0,25,15,0,0,0,0,0,0,40,0.661563238157982
"No",1,1,1,1,1,1,1,1,0,0,0,0,0,0,0,0,0,0,0,0,0,0,0,0,3,3,0,0,25,20,35,25,111,1.53937441213551
"No",1,1,1,1,0,0,0,0,0,0,0,0,1,1,1,1,0,0,0,0,0,0,0,0,8,4,0,0,4,30,25,20,91,1.54219632228556
"No",0,0,0,0,0,0,0,0,0,0,0,0,1,1,1,1,0,0,0,0,0,0,0,0,0,0,0,0,6,40,12,20,78,1.17671831068367
"No",1,1,1,1,0,0,0,0,0,0,0,0,0,0,0,0,0,0,0,0,1,1,1,1,20,3,0,0,0,0,0,0,23,0.387212375186361
"Yes",1,1,1,1,0,0,0,0,0,0,0,0,0,0,0,0,0,0,0,0,0,0,0,0,25,5,0,0,0,0,0,0,30,0.450561208866305
"Yes",1,1,1,1,1,1,1,1,0,0,0,0,0,0,0,0,0,0,0,0,0,0,0,0,15,40,25,30,1,0,0,0,111,1.37003697381089
"Yes",1,1,1,1,0,0,0,0,0,0,0,0,1,1,1,1,0,0,0,0,0,0,0,0,10,8,0,0,1,30,30,30,109,1.51915386743123
"Yes",0,0,0,0,0,0,0,0,0,0,0,0,1,1,1,1,0,0,0,0,0,0,0,0,0,0,0,0,5,30,30,30,95,1.24698263989776
"Yes",1,1,1,1,0,0,0,0,0,0,0,0,0,0,0,0,0,0,0,0,1,1,1,1,30,12,0,0,0,0,0,0,42,0.598269588585257
"Yes",1,1,1,1,0,0,0,0,0,0,0,0,0,0,0,0,0,0,0,0,0,0,0,0,1,15,1,0,0,35,0,0,52,0.777052657645607
"Yes",1,1,1,1,1,1,1,1,0,0,0,0,0,0,0,0,0,0,0,0,0,0,0,0,1,1,0,0,20,20,0,0,42,0.884591262517663
"Yes",1,1,1,1,0,0,0,0,0,0,0,0,1,1,1,1,0,0,0,0,0,0,0,0,1,30,0,0,5,30,0,0,66,0.975730007755216
"Yes",0,0,0,0,0,0,0,0,0,0,0,0,1,1,1,1,0,0,0,0,0,0,0,0,0,0,0,0,12,35,5,5,57,1.05444703846742
"Yes",1,1,1,1,0,0,0,0,0,0,0,0,0,0,0,0,0,0,0,0,1,1,1,1,2,4,0,0,20,30,2,1,59,1.19163349326735
"No",1,1,1,1,0,0,0,0,0,0,0,0,0,0,0,0,0,0,0,0,0,0,0,0,5,10,0,0,10,25,0,0,50,1.22060726455302
"No",1,1,1,1,1,1,1,1,0,0,0,0,0,0,0,0,0,0,0,0,0,0,0,0,2,3,0,0,15,25,0,0,45,1.01166738165116
"No",1,1,1,1,0,0,0,0,0,0,0,0,1,1,1,1,0,0,0,0,0,0,0,0,2,2,2,0,20,20,1,1,48,1.28811405204291
"No",0,0,0,0,0,0,0,0,0,0,0,0,1,1,1,1,0,0,0,0,0,0,0,0,0,0,0,0,10,50,0,2,62,0.578532843714968
"No",1,1,1,1,0,0,0,0,0,0,0,0,0,0,0,0,0,0,0,0,1,1,1,1,0,18,0,0,40,40,0,1,99,1.08868502214221
"Yes",1,1,1,1,0,0,0,0,0,0,0,0,0,0,0,0,0,0,0,0,0,0,0,0,1,20,5,0,15,35,0,0,76,1.26468373236642
"Yes",1,1,1,1,1,1,1,1,0,0,0,0,0,0,0,0,0,0,0,0,0,0,0,0,0,6,4,0,10,60,0,0,80,0.819748398134952
"Yes",1,1,1,1,0,0,0,0,0,0,0,0,1,1,1,1,0,0,0,0,0,0,0,0,0,15,0,0,3,60,0,0,78,0.644179805973393
"Yes",0,0,0,0,0,0,0,0,0,0,0,0,1,1,1,1,0,0,0,0,0,0,0,0,0,0,0,0,12,60,10,0,82,0.766409436767637
"Yes",1,1,1,1,0,0,0,0,0,0,0,0,0,0,0,0,0,0,0,0,1,1,1,1,4,15,0,0,20,40,0,2,81,1.24602880334195
"No",1,1,1,1,0,0,0,0,0,0,0,0,0,0,0,0,0,0,0,0,0,0,0,0,2,20,1,0,4,60,0,0,87,0.87387603807981
"No",1,1,1,1,1,1,1,1,0,0,0,0,0,0,0,0,0,0,0,0,0,0,0,0,2,2,0,0,20,60,0,0,84,0.760008371145151
"No",1,1,1,1,0,0,0,0,0,0,0,0,1,1,1,1,0,0,0,0,0,0,0,0,6,10,0,0,10,60,0,3,89,1.05314458013012
"No",0,0,0,0,0,0,0,0,0,0,0,0,1,1,1,1,0,0,0,0,0,0,0,0,0,0,0,0,10,50,0,10,70,0.796311640173813
"No",1,1,1,1,0,0,0,0,0,0,0,0,0,0,0,0,0,0,0,0,1,1,1,1,4,16,1,0,5,50,0,0,76,0.994484171419306
"Yes",1,1,1,1,0,0,0,0,0,0,0,0,0,0,0,0,0,0,0,0,0,0,0,0,2,8,2,0,10,50,0,0,72,0.970622754335136
"Yes",1,1,1,1,1,1,1,1,0,0,0,0,0,0,0,0,0,0,0,0,0,0,0,0,0,2,0,0,10,70,6,0,88,0.698275802547709
"Yes",1,1,1,1,0,0,0,0,0,0,0,0,1,1,1,1,0,0,0,0,0,0,0,0,1,5,0,0,10,60,5,0,81,0.878635527664939
"Yes",0,0,0,0,0,0,0,0,0,0,0,0,1,1,1,1,0,0,0,0,0,0,0,0,0,0,0,0,10,75,0,0,85,0.362210557135449
"Yes",1,1,1,1,0,0,0,0,0,0,0,0,0,0,0,0,0,0,0,0,1,1,1,1,2,8,0,0,10,60,0,1,81,0.854839878649907
"No",1,1,1,1,0,0,0,0,0,0,0,0,0,0,0,0,0,0,0,0,0,0,0,0,1,15,0,0,15,60,0,0,91,0.918527860732319
"No",1,1,1,1,1,1,1,1,0,0,0,0,0,0,0,0,0,0,0,0,0,0,0,0,0,2,0,0,18,75,0,0,95,0.583091686142918
"No",1,1,1,1,0,0,0,0,0,0,0,0,1,1,1,1,0,0,0,0,0,0,0,0,2,10,0,0,10,70,0,0,92,0.773607455696258
"No",0,0,0,0,0,0,0,0,0,0,0,0,1,1,1,1,0,0,0,0,0,0,0,0,0,0,0,0,10,80,0,2,92,0.445981228516748
"No",1,1,1,1,0,0,0,0,0,0,0,0,0,0,0,0,0,0,0,0,1,1,1,1,0,1,0,0,12,80,0,0,93,0.442481099912756
"Yes",1,1,1,1,0,0,0,0,0,0,0,0,0,0,0,0,0,0,0,0,0,0,0,0,1,8,4,0,3,45,0,0,61,0.885031918540738
"Yes",1,1,1,1,1,1,1,1,0,0,0,0,0,0,0,0,0,0,0,0,0,0,0,0,0,0,0,0,5,65,0,0,70,0.257318640543832
"Yes",1,1,1,1,0,0,0,0,0,0,0,0,1,1,1,1,0,0,0,0,0,0,0,0,0,18,0,0,0,25,0,0,43,0.679837621185749
"Yes",0,0,0,0,0,0,0,0,0,0,0,0,1,1,1,1,0,0,0,0,0,0,0,0,0,0,0,0,18,35,0,15,68,1.02708672266444
"Yes",1,1,1,1,0,0,0,0,0,0,0,0,0,0,0,0,0,0,0,0,1,1,1,1,0,35,6,0,3,35,0,0,79,1.04133699188941
"No",1,1,1,1,0,0,0,0,0,0,0,0,0,0,0,0,0,0,0,0,0,0,0,0,4,10,0,0,2,30,0,0,46,0.959223044632474
"No",1,1,1,1,1,1,1,1,0,0,0,0,0,0,0,0,0,0,0,0,0,0,0,0,1,8,0,0,20,45,0,0,74,0.954740906120617
"No",1,1,1,1,0,0,0,0,0,0,0,0,1,1,1,1,0,0,0,0,0,0,0,0,5,5,0,0,5,75,0,3,93,0.755728374145308
"No",0,0,0,0,0,0,0,0,0,0,0,0,1,1,1,1,0,0,0,0,0,0,0,0,0,0,0,0,3,40,0,0,43,0.25303697544794
"No",1,1,1,1,0,0,0,0,0,0,0,0,0,0,0,0,0,0,0,0,1,1,1,1,15,3,0,0,2,35,0,0,55,0.921150159854528
"Yes",1,1,1,1,0,0,0,0,0,0,0,0,0,0,0,0,0,0,0,0,0,0,0,0,15,20,2,0,10,15,0,0,62,1.45667798512241
"Yes",1,1,1,1,1,1,1,1,0,0,0,0,0,0,0,0,0,0,0,0,0,0,0,0,0,6,0,0,5,70,1,0,82,0.550714206764327
"Yes",1,1,1,1,0,0,0,0,0,0,0,0,1,1,1,1,0,0,0,0,0,0,0,0,1,10,0,0,7,30,0,0,48,0.981968856258051
"Yes",0,0,0,0,0,0,0,0,0,0,0,0,1,1,1,1,0,0,0,0,0,0,0,0,0,0,0,0,4,25,0,10,39,0.867589235972594
"Yes",1,1,1,1,0,0,0,0,0,0,0,0,0,0,0,0,0,0,0,0,1,1,1,1,5,15,3,0,0,30,0,0,53,1.06463717969226
"No",1,1,1,1,0,0,0,0,0,0,0,0,0,0,0,0,0,0,0,0,0,0,0,0,0,25,2,0,5,30,0,0,62,1.03130694964412
"No",1,1,1,1,1,1,1,1,0,0,0,0,0,0,0,0,0,0,0,0,0,0,0,0,0,1,0,0,10,40,0,4,55,0.805038520887426
"No",1,1,1,1,0,0,0,0,0,0,0,0,1,1,1,1,0,0,0,0,0,0,0,0,4,8,0,0,5,40,0,4,61,1.10549263549912
"No",0,0,0,0,0,0,0,0,0,0,0,0,1,1,1,1,0,0,0,0,0,0,0,0,0,0,0,0,10,50,0,5,65,0.687092027379972
"No",1,1,1,1,0,0,0,0,0,0,0,0,0,0,0,0,0,0,0,0,1,1,1,1,10,20,0,0,10,5,0,0,45,1.27302833658963
"Yes",1,1,1,1,0,0,0,0,0,0,0,0,0,0,0,0,0,0,0,0,0,0,0,0,2,12,0,0,12,10,0,0,36,1.24879935829021
"Yes",1,1,1,1,1,1,1,1,0,0,0,0,0,0,0,0,0,0,0,0,0,0,0,0,1,0,0,0,8,40,35,2,86,1.08208930775065
"Yes",1,1,1,1,0,0,0,0,0,0,0,0,1,1,1,1,0,0,0,0,0,0,0,0,5,5,0,0,10,35,8,1,64,1.34336832492452
"Yes",0,0,0,0,0,0,0,0,0,0,0,0,1,1,1,1,0,0,0,0,0,0,0,0,0,0,0,0,8,20,10,0,38,1.01716435092483
"Yes",1,1,1,1,0,0,0,0,0,0,0,0,0,0,0,0,0,0,0,0,1,1,1,1,12,0,0,0,10,12,0,0,34,1.0950778621205
"No",1,1,1,1,0,0,0,0,0,0,0,0,0,0,0,0,0,0,0,0,0,0,0,0,15,8,2,0,5,5,0,0,35,1.42000638047705
"No",1,1,1,1,1,1,1,1,0,0,0,0,0,0,0,0,0,0,0,0,0,0,0,0,0,0,0,0,8,40,40,2,90,1.02056319228945
"No",1,1,1,1,0,0,0,0,0,0,0,0,1,1,1,1,0,0,0,0,0,0,0,0,2,7,0,0,8,18,20,0,55,1.39670527884781
"No",0,0,0,0,0,0,0,0,0,0,0,0,1,1,1,1,0,0,0,0,0,0,0,0,0,0,0,0,18,25,20,0,63,1.08895642901192
"No",1,1,1,1,0,0,0,0,0,0,0,0,0,0,0,0,0,0,0,0,1,1,1,1,10,15,0,0,8,10,0,0,43,1.35868878523187
"Yes",1,1,1,1,0,0,0,0,0,0,0,0,0,0,0,0,0,0,0,0,0,0,0,0,10,1,0,0,10,15,0,0,36,1.17595074744461
"Yes",1,1,1,1,1,1,1,1,0,0,0,0,0,0,0,0,0,0,0,0,0,0,0,0,0,0,0,0,12,30,18,0,60,1.02965301406457
"Yes",1,1,1,1,0,0,0,0,0,0,0,0,1,1,1,1,0,0,0,0,0,0,0,0,8,0,0,0,1,15,15,1,40,1.24195349495131
"Yes",0,0,0,0,0,0,0,0,0,0,0,0,1,1,1,1,0,0,0,0,0,0,0,0,0,0,0,0,3,20,15,1,39,1.00122227808818
"Yes",1,1,1,1,0,0,0,0,0,0,0,0,0,0,0,0,0,0,0,0,1,1,1,1,16,7,0,0,2,8,0,0,33,1.19333734044278
"No",1,1,1,1,0,0,0,0,0,0,0,0,0,0,0,0,0,0,0,0,0,0,0,0,2,0,0,0,3,25,0,0,30,0.562729820034514
"No",1,1,1,1,1,1,1,1,0,0,0,0,0,0,0,0,0,0,0,0,0,0,0,0,0,0,0,0,15,40,20,8,83,1.2293694151989
"No",1,1,1,1,0,0,0,0,0,0,0,0,1,1,1,1,0,0,0,0,0,0,0,0,3,1,1,0,2,20,15,0,42,1.23249033936105
"No",0,0,0,0,0,0,0,0,0,0,0,0,1,1,1,1,0,0,0,0,0,0,0,0,0,0,0,0,4,30,12,1,47,0.926743799756862
"No",1,1,1,1,0,0,0,0,0,0,0,0,0,0,0,0,0,0,0,0,1,1,1,1,14,2,1,0,10,25,0,0,52,1.22372749690106
"Yes",1,1,1,1,0,0,0,0,0,0,0,0,0,0,0,0,0,0,0,0,0,0,0,0,15,1,0,0,0,18,0,0,34,0.801435681714276
"Yes",1,1,1,1,1,1,1,1,0,0,0,0,0,0,0,0,0,0,0,0,0,0,0,0,0,0,0,0,25,40,18,10,93,1.27367888714967
"Yes",1,1,1,1,0,0,0,0,0,0,0,0,1,1,1,1,0,0,0,0,0,0,0,0,5,1,0,0,10,35,5,0,56,1.10468361562067
"Yes",0,0,0,0,0,0,0,0,0,0,0,0,1,1,1,1,0,0,0,0,0,0,0,0,0,0,0,0,10,35,6,4,55,1.02990105174306
"Yes",1,1,1,1,0,0,0,0,0,0,0,0,0,0,0,0,0,0,0,0,1,1,1,1,18,1,1,0,0,6,0,0,26,0.843586981963817
"No",1,1,1,1,0,0,0,0,0,0,0,0,0,0,0,0,0,0,0,0,0,0,0,0,15,2,0,0,0,35,0,0,52,0.750393150700994
"No",1,1,1,1,1,1,1,1,0,0,0,0,0,0,0,0,0,0,0,0,0,0,0,0,0,0,0,0,25,40,8,4,77,1.09435368725393
"No",1,1,1,1,0,0,0,0,0,0,0,0,1,1,1,1,0,0,0,0,0,0,0,0,6,0,0,0,12,20,0,1,39,1.08704672090133
"No",0,0,0,0,0,0,0,0,0,0,0,0,1,1,1,1,0,0,0,0,0,0,0,0,0,0,0,0,1,50,3,0,54,0.305706506982578
"No",1,1,1,1,0,0,0,0,0,0,0,0,0,0,0,0,0,0,0,0,1,1,1,1,10,1,0,0,0,30,0,0,41,0.663284935489549
"Yes",1,1,1,1,0,0,0,0,0,0,0,0,0,0,0,0,0,0,0,0,0,0,0,0,20,2,0,0,0,30,0,0,52,0.810150232387882
"Yes",1,1,1,1,1,1,1,1,0,0,0,0,0,0,0,0,0,0,0,0,0,0,0,0,0,0,0,0,15,40,25,8,88,1.23548046065736
"Yes",1,1,1,1,0,0,0,0,0,0,0,0,1,1,1,1,0,0,0,0,0,0,0,0,5,1,0,0,8,25,25,0,64,1.2584688155625
"Yes",0,0,0,0,0,0,0,0,0,0,0,0,1,1,1,1,0,0,0,0,0,0,0,0,0,0,0,0,2,30,15,0,47,0.785403584103299
"Yes",1,1,1,1,0,0,0,0,0,0,0,0,0,0,0,0,0,0,0,0,1,1,1,1,20,1,0,0,5,15,0,0,41,1.06521626061203
"No",1,1,1,1,0,0,0,0,0,0,0,0,0,0,0,0,0,0,0,0,0,0,0,0,18,4,0,0,0,5,0,0,27,0.865501360493921
"No",1,1,1,1,1,1,1,1,0,0,0,0,0,0,0,0,0,0,0,0,0,0,0,0,0,0,0,0,10,40,30,8,88,1.19037678177592
"No",1,1,1,1,0,0,0,0,0,0,0,0,1,1,1,1,0,0,0,0,0,0,0,0,3,2,0,0,2,10,15,0,32,1.2871412298398
"No",0,0,0,0,0,0,0,0,0,0,0,0,1,1,1,1,0,0,0,0,0,0,0,0,0,0,0,0,0,25,15,0,40,0.661563238157982
"No",1,1,1,1,0,0,0,0,0,0,0,0,0,0,0,0,0,0,0,0,1,1,1,1,6,5,0,0,10,30,0,0,51,1.11105075512935
"Yes",1,1,1,1,0,0,0,0,0,0,0,0,0,0,0,0,0,0,0,0,0,0,0,0,8,8,0,0,10,25,0,0,51,1.2500842362827
"Yes",1,1,1,1,1,1,1,1,0,0,0,0,0,0,0,0,0,0,0,0,0,0,0,0,0,0,0,0,25,40,15,10,90,1.25899102885542
"Yes",1,1,1,1,0,0,0,0,0,0,0,0,1,1,1,1,0,0,0,0,0,0,0,0,6,1,1,0,2,35,2,1,48,0.997027517371691
"Yes",0,0,0,0,0,0,0,0,0,0,0,0,1,1,1,1,0,0,0,0,0,0,0,0,0,0,0,0,0,40,6,1,47,0.481940474477595
"Yes",1,1,1,1,0,0,0,0,0,0,0,0,0,0,0,0,0,0,0,0,1,1,1,1,5,0,0,0,5,30,0,0,40,0.735621939758795
"No",1,1,1,1,0,0,0,0,0,0,0,0,0,0,0,0,0,0,0,0,0,0,0,0,15,10,0,0,0,20,0,0,45,1.06085694715802
"No",1,1,1,1,1,1,1,1,0,0,0,0,0,0,0,0,0,0,0,0,0,0,0,0,0,0,0,0,25,30,15,1,71,1.12002396030747
"No",1,1,1,1,0,0,0,0,0,0,0,0,1,1,1,1,0,0,0,0,0,0,0,0,12,0,0,0,0,40,0,0,52,0.540204142388861
"No",0,0,0,0,0,0,0,0,0,0,0,0,1,1,1,1,0,0,0,0,0,0,0,0,0,0,0,0,2,40,12,0,54,0.678607151691435
"No",1,1,1,1,0,0,0,0,0,0,0,0,0,0,0,0,0,0,0,0,1,1,1,1,10,4,0,0,8,8,0,0,30,1.33979428028558
"Yes",1,1,1,1,0,0,0,0,0,0,0,0,0,0,0,0,0,0,0,0,0,0,0,0,0,20,0,2,0,0,0,0,22,0.304636097349238
"Yes",1,1,1,1,1,1,1,1,0,0,0,0,0,0,0,0,0,0,0,0,0,0,0,0,0,10,0,0,60,0,0,0,70,0.410116318288409
"Yes",1,1,1,1,0,0,0,0,0,0,0,0,1,1,1,1,0,0,0,0,0,0,0,0,20,30,0,0,50,0,0,0,100,1.02965301406457
"Yes",0,0,0,0,0,0,0,0,0,0,0,0,1,1,1,1,0,0,0,0,0,0,0,0,0,0,0,0,100,0,0,0,100,0
"Yes",1,1,1,1,0,0,0,0,0,0,0,0,0,0,0,0,0,0,0,0,1,1,1,1,30,40,0,0,20,0,0,0,90,1.06085694715802
"No",1,1,1,1,0,0,0,0,0,0,0,0,0,0,0,0,0,0,0,0,0,0,0,0,20,60,0,0,20,0,0,0,100,0.950270539233235
"No",1,1,1,1,1,1,1,1,0,0,0,0,0,0,0,0,0,0,0,0,0,0,0,0,0,0,0,0,80,0,5,0,85,0.223718076065834
"No",1,1,1,1,0,0,0,0,0,0,0,0,1,1,1,1,0,0,0,0,0,0,0,0,5,10,0,0,80,0,0,0,95,0.536664562484525
"No",0,0,0,0,0,0,0,0,0,0,0,0,1,1,1,1,0,0,0,0,0,0,0,0,0,0,0,0,80,0,0,0,80,0
"No",1,1,1,1,0,0,0,0,0,0,0,0,0,0,0,0,0,0,0,0,1,1,1,1,15,30,0,0,40,0,0,0,85,1.02839416671437
"Yes",1,1,1,1,0,0,0,0,0,0,0,0,0,0,0,0,0,0,0,0,0,0,0,0,25,15,0,0,40,0,0,0,80,1.02392879963894
"Yes",1,1,1,1,1,1,1,1,0,0,0,0,0,0,0,0,0,0,0,0,0,0,0,0,0,10,0,0,60,0,0,0,70,0.410116318288409
"Yes",1,1,1,1,0,0,0,0,0,0,0,0,1,1,1,1,0,0,0,0,0,0,0,0,25,30,0,0,30,0,0,0,85,1.0950778621205
"Yes",0,0,0,0,0,0,0,0,0,0,0,0,1,1,1,1,0,0,0,0,0,0,0,0,0,0,0,0,85,0,15,0,100,0.422709087805991
"Yes",1,1,1,1,0,0,0,0,0,0,0,0,0,0,0,0,0,0,0,0,1,1,1,1,45,40,0,0,10,0,0,0,95,0.955131195451464
"No",1,1,1,1,0,0,0,0,0,0,0,0,0,0,0,0,0,0,0,0,0,0,0,0,25,70,0,0,5,0,0,0,100,0.746032664714785
"No",1,1,1,1,1,1,1,1,0,0,0,0,0,0,0,0,0,0,0,0,0,0,0,0,5,10,0,0,30,0,0,0,45,0.848685557726417
"No",1,1,1,1,0,0,0,0,0,0,0,0,1,1,1,1,0,0,0,0,0,0,0,0,30,55,0,0,15,0,0,0,100,0.974570189446254
"No",0,0,0,0,0,0,0,0,0,0,0,0,1,1,1,1,0,0,0,0,0,0,0,0,0,0,0,0,70,0,10,0,80,0.376770161256437
"No",1,1,1,1,0,0,0,0,0,0,0,0,0,0,0,0,0,0,0,0,1,1,1,1,35,60,0,0,5,0,0,0,100,0.823719731511831
"Yes",1,1,1,1,0,0,0,0,0,0,0,0,0,0,0,0,0,0,0,0,0,0,0,0,60,0,0,0,40,0,0,0,100,0.673011667009257
"Yes",1,1,1,1,1,1,1,1,0,0,0,0,0,0,0,0,0,0,0,0,0,0,0,0,0,0,0,0,100,0,0,0,100,0
"Yes",1,1,1,1,0,0,0,0,0,0,0,0,1,1,1,1,0,0,0,0,0,0,0,0,20,20,0,0,60,0,0,0,100,0.950270539233235
"Yes",0,0,0,0,0,0,0,0,0,0,0,0,1,1,1,1,0,0,0,0,0,0,0,0,0,0,0,0,60,40,0,0,100,0.673011667009257
"Yes",1,1,1,1,0,0,0,0,0,0,0,0,0,0,0,0,0,0,0,0,1,1,1,1,20,60,0,0,20,0,0,0,100,0.950270539233235
"No",1,1,1,1,0,0,0,0,0,0,0,0,0,0,0,0,0,0,0,0,0,0,0,0,20,10,0,0,30,10,0,0,70,1.27703425946614
"No",1,1,1,1,1,1,1,1,0,0,0,0,0,0,0,0,0,0,0,0,0,0,0,0,3,0,0,0,90,5,0,0,98,0.336744042365483
"No",1,1,1,1,0,0,0,0,0,0,0,0,1,1,1,1,0,0,0,0,0,0,0,0,15,10,0,0,70,10,0,0,105,0.99617823758734
"No",0,0,0,0,0,0,0,0,0,0,0,0,1,1,1,1,0,0,0,0,0,0,0,0,0,0,0,0,90,10,0,0,100,0.325082973391448
"No",1,1,1,1,0,0,0,0,0,0,0,0,0,0,0,0,0,0,0,0,1,1,1,1,30,10,0,0,50,0,5,5,100,1.23759716823256
"Yes",1,1,1,1,0,0,0,0,0,0,0,0,0,0,0,0,0,0,0,0,0,0,0,0,30,65,0,0,8,0,0,0,103,0.848256887972162
"Yes",1,1,1,1,1,1,1,1,0,0,0,0,0,0,0,0,0,0,0,0,0,0,0,0,0,0,0,0,25,10,0,0,35,0.598269588585257
"Yes",1,1,1,1,0,0,0,0,0,0,0,0,1,1,1,1,0,0,0,0,0,0,0,0,10,80,0,0,2,0,0,0,92,0.445981228516748
"Yes",0,0,0,0,0,0,0,0,0,0,0,0,1,1,1,1,0,0,0,0,0,0,0,0,0,0,0,0,30,15,15,0,60,1.03972077083992
"Yes",1,1,1,1,0,0,0,0,0,0,0,0,0,0,0,0,0,0,0,0,1,1,1,1,25,70,0,0,12,0,0,0,107,0.862684513315961
"No",1,1,1,1,0,0,0,0,0,0,0,0,0,0,0,0,0,0,0,0,0,0,0,0,20,30,0,0,20,15,0,10,95,1.5484893511953
"No",1,1,1,1,1,1,1,1,0,0,0,0,0,0,0,0,0,0,0,0,0,0,0,0,3,5,0,0,10,0,0,0,18,0.980989682445315
"No",1,1,1,1,0,0,0,0,0,0,0,0,1,1,1,1,0,0,0,0,0,0,0,0,40,40,0,0,15,0,0,0,95,1.01986521427793
"No",0,0,0,0,0,0,0,0,0,0,0,0,1,1,1,1,0,0,0,0,0,0,0,0,0,0,0,0,10,0,10,0,20,0.693147180559945
"No",1,1,1,1,0,0,0,0,0,0,0,0,0,0,0,0,0,0,0,0,1,1,1,1,10,80,0,0,5,5,0,0,100,0.708346577706171
"Yes",1,1,1,1,0,0,0,0,0,0,0,0,0,0,0,0,0,0,0,0,0,0,0,0,15,60,0,0,0,0,0,0,75,0.500402423538188
"Yes",1,1,1,1,1,1,1,1,0,0,0,0,0,0,0,0,0,0,0,0,0,0,0,0,0,10,0,0,30,0,10,0,50,0.950270539233235
"Yes",1,1,1,1,0,0,0,0,0,0,0,0,1,1,1,1,0,0,0,0,0,0,0,0,20,65,0,0,10,0,0,0,95,0.82465932376647
"Yes",0,0,0,0,0,0,0,0,0,0,0,0,1,1,1,1,0,0,0,0,0,0,0,0,0,0,0,0,25,5,40,0,70,0.876005765643174
"Yes",1,1,1,1,0,0,0,0,0,0,0,0,0,0,0,0,0,0,0,0,1,1,1,1,40,30,0,0,20,0,0,0,90,1.06085694715802
"No",1,1,1,1,0,0,0,0,0,0,0,0,0,0,0,0,0,0,0,0,0,0,0,0,40,40,0,0,0,0,0,0,80,0.693147180559945
"No",1,1,1,1,1,1,1,1,0,0,0,0,0,0,0,0,0,0,0,0,0,0,0,0,5,0,0,0,35,10,0,0,50,0.801818552543337
"No",1,1,1,1,0,0,0,0,0,0,0,0,1,1,1,1,0,0,0,0,0,0,0,0,15,65,0,0,30,0,0,0,110,0.936918120250469
"No",0,0,0,0,0,0,0,0,0,0,0,0,1,1,1,1,0,0,0,0,0,0,0,0,0,0,0,0,80,10,0,0,90,0.348832095843032
"No",1,1,1,1,0,0,0,0,0,0,0,0,0,0,0,0,0,0,0,0,1,1,1,1,45,25,0,0,20,0,0,0,90,1.03662796885861
"Yes",1,1,1,1,0,0,0,0,0,0,0,0,0,0,0,0,0,0,0,0,0,0,0,0,0,0,0,0,90,0,0,0,90,0
"Yes",1,1,1,1,1,1,1,1,0,0,0,0,0,0,0,0,0,0,0,0,0,0,0,0,2,0,0,2,80,5,5,0,94,0.61319798843499
"Yes",1,1,1,1,0,0,0,0,0,0,0,0,1,1,1,1,0,0,0,0,0,0,0,0,0,0,0,0,80,5,10,0,95,0.536664562484525
"Yes",0,0,0,0,0,0,0,0,0,0,0,0,1,1,1,1,0,0,0,0,0,0,0,0,0,0,0,0,80,10,15,0,105,0.709115257582436
"Yes",1,1,1,1,0,0,0,0,0,0,0,0,0,0,0,0,0,0,0,0,1,1,1,1,5,8,1,5,60,5,0,0,84,1.02084328987574
"No",1,1,1,1,0,0,0,0,0,0,0,0,0,0,0,0,0,0,0,0,0,0,0,0,0,10,0,1,70,0,7,0,88,0.681406258605675
"No",1,1,1,1,1,1,1,1,0,0,0,0,0,0,0,0,0,0,0,0,0,0,0,0,0,0,0,0,60,10,30,0,100,0.89794572485678
"No",1,1,1,1,0,0,0,0,0,0,0,0,1,1,1,1,0,0,0,0,0,0,0,0,0,0,0,0,60,25,10,5,100,1.03311408751667
"No",0,0,0,0,0,0,0,0,0,0,0,0,1,1,1,1,0,0,0,0,0,0,0,0,0,0,0,0,90,3,0,0,93,0.142505867392738
"No",1,1,1,1,0,0,0,0,0,0,0,0,0,0,0,0,0,0,0,0,1,1,1,1,0,0,0,0,90,0,0,0,90,0
"Yes",1,1,1,1,0,0,0,0,0,0,0,0,0,0,0,0,0,0,0,0,0,0,0,0,1,10,0,10,0,0,80,0,101,0.68825088680372
"Yes",1,1,1,1,1,1,1,1,0,0,0,0,0,0,0,0,0,0,0,0,0,0,0,0,0,0,0,0,50,5,10,0,65,0.687092027379972
"Yes",1,1,1,1,0,0,0,0,0,0,0,0,1,1,1,1,0,0,0,0,0,0,0,0,0,1,0,5,5,40,25,5,81,1.28125603772461
"Yes",0,0,0,0,0,0,0,0,0,0,0,0,1,1,1,1,0,0,0,0,0,0,0,0,0,0,0,0,25,35,25,0,85,1.0852280400722
"Yes",1,1,1,1,0,0,0,0,0,0,0,0,0,0,0,0,0,0,0,0,1,1,1,1,6,6,0,6,50,0,20,0,88,1.20725197142602
"No",1,1,1,1,0,0,0,0,0,0,0,0,0,0,0,0,0,0,0,0,0,0,0,0,5,8,0,5,0,20,20,0,58,1.4301119346854
"No",1,1,1,1,1,1,1,1,0,0,0,0,0,0,0,0,0,0,0,0,0,0,0,0,0,2,0,0,50,20,5,0,77,0.902905685934495
"No",1,1,1,1,0,0,0,0,0,0,0,0,1,1,1,1,0,0,0,0,0,0,0,0,2,0,0,2,60,20,15,2,101,1.14625957323434
"No",0,0,0,0,0,0,0,0,0,0,0,0,1,1,1,1,0,0,0,0,0,0,0,0,0,0,0,0,65,20,15,0,100,0.886464475679797
"No",1,1,1,1,0,0,0,0,0,0,0,0,0,0,0,0,0,0,0,0,1,1,1,1,0,8,0,8,20,10,20,5,71,1.66868838265895
"Yes",1,1,1,1,0,0,0,0,0,0,0,0,0,0,0,0,0,0,0,0,0,0,0,0,2,3,0,0,60,0,10,0,75,0.672572701664434
"Yes",1,1,1,1,1,1,1,1,0,0,0,0,0,0,0,0,0,0,0,0,0,0,0,0,0,5,0,0,60,15,10,0,90,0.973648923197263
"Yes",1,1,1,1,0,0,0,0,0,0,0,0,1,1,1,1,0,0,0,0,0,0,0,0,0,5,0,2,50,20,25,1,103,1.28112534466184
"Yes",0,0,0,0,0,0,0,0,0,0,0,0,1,1,1,1,0,0,0,0,0,0,0,0,0,0,0,0,75,0,20,5,100,0.687435750503355
"Yes",1,1,1,1,0,0,0,0,0,0,0,0,0,0,0,0,0,0,0,0,1,1,1,1,0,4,0,2,40,2,20,5,73,1.2242295868398
"No",1,1,1,1,0,0,0,0,0,0,0,0,0,0,0,0,0,0,0,0,0,0,0,0,0,8,0,1,10,10,20,0,49,1.38974112128615
"No",1,1,1,1,1,1,1,1,0,0,0,0,0,0,0,0,0,0,0,0,0,0,0,0,3,0,0,0,70,8,8,0,89,0.736259195840715
"No",1,1,1,1,0,0,0,0,0,0,0,0,1,1,1,1,0,0,0,0,0,0,0,0,5,0,0,6,50,5,15,0,81,1.14671039877553
"No",0,0,0,0,0,0,0,0,0,0,0,0,1,1,1,1,0,0,0,0,0,0,0,0,0,0,0,0,60,10,10,5,85,0.916068137015288
"No",1,1,1,1,0,0,0,0,0,0,0,0,0,0,0,0,0,0,0,0,1,1,1,1,3,5,0,15,50,2,10,5,90,1.38842895289309
"Yes",1,1,1,1,0,0,0,0,0,0,0,0,0,0,0,0,0,0,0,0,0,0,0,0,10,30,0,10,20,0,10,0,80,1.49417513828931
"Yes",1,1,1,1,1,1,1,1,0,0,0,0,0,0,0,0,0,0,0,0,0,0,0,0,5,3,0,0,50,15,20,0,93,1.22636750189309
"Yes",1,1,1,1,0,0,0,0,0,0,0,0,1,1,1,1,0,0,0,0,0,0,0,0,0,0,0,5,10,25,30,0,70,1.19734013399678
"Yes",0,0,0,0,0,0,0,0,0,0,0,0,1,1,1,1,0,0,0,0,0,0,0,0,0,0,0,0,3,80,10,0,93,0.480085314982769
"Yes",1,1,1,1,0,0,0,0,0,0,0,0,0,0,0,0,0,0,0,0,1,1,1,1,5,10,5,10,25,0,5,3,63,1.69930928140579
"No",1,1,1,1,0,0,0,0,0,0,0,0,0,0,0,0,0,0,0,0,0,0,0,0,0,10,0,15,0,0,15,0,40,1.08219553003877
"No",1,1,1,1,1,1,1,1,0,0,0,0,0,0,0,0,0,0,0,0,0,0,0,0,0,2,0,2,35,15,30,0,84,1.21812102097704
"No",1,1,1,1,0,0,0,0,0,0,0,0,1,1,1,1,0,0,0,0,0,0,0,0,3,0,0,10,5,20,30,0,68,1.33245705401346
"No",0,0,0,0,0,0,0,0,0,0,0,0,1,1,1,1,0,0,0,0,0,0,0,0,0,0,0,0,12,70,10,0,92,0.714838602365871
"No",1,1,1,1,0,0,0,0,0,0,0,0,0,0,0,0,0,0,0,0,1,1,1,1,3,15,0,10,10,10,10,0,58,1.7152707070585
"Yes",1,1,1,1,0,0,0,0,0,0,0,0,0,0,0,0,0,0,0,0,0,0,0,0,0,0,0,2,90,0,5,0,97,0.302377429503236
"Yes",1,1,1,1,1,1,1,1,0,0,0,0,0,0,0,0,0,0,0,0,0,0,0,0,0,0,0,0,40,10,30,0,80,0.974314752869349
"Yes",1,1,1,1,0,0,0,0,0,0,0,0,1,1,1,1,0,0,0,0,0,0,0,0,0,2,0,2,65,10,25,0,104,1.01356870859232
"Yes",0,0,0,0,0,0,0,0,0,0,0,0,1,1,1,1,0,0,0,0,0,0,0,0,0,0,0,0,50,25,25,0,100,1.03972077083992
"Yes",1,1,1,1,0,0,0,0,0,0,0,0,0,0,0,0,0,0,0,0,1,1,1,1,3,0,1,1,80,0,5,0,90,0.478641256973761
"No",1,1,1,1,0,0,0,0,0,0,0,0,0,0,0,0,0,0,0,0,0,0,0,0,0,2,1,3,60,0,0,0,66,0.396581939595361
"No",1,1,1,1,1,1,1,1,0,0,0,0,0,0,0,0,0,0,0,0,0,0,0,0,0,0,0,2,50,10,30,0,92,1.02125360952369
"No",1,1,1,1,0,0,0,0,0,0,0,0,1,1,1,1,0,0,0,0,0,0,0,0,0,8,1,4,10,60,0,0,83,0.914416096457023
"No",0,0,0,0,0,0,0,0,0,0,0,0,1,1,1,1,0,0,0,0,0,0,0,0,0,0,0,0,20,30,40,5,95,1.21121442162504
"No",1,1,1,1,0,0,0,0,0,0,0,0,0,0,0,0,0,0,0,0,1,1,1,1,0,8,1,4,10,60,10,0,93,1.15740502679707
"Yes",1,1,1,1,0,0,0,0,0,0,0,0,0,0,0,0,0,0,0,0,0,0,0,0,3,0,0,1,0,0,0,0,4,0.562335144618808
"Yes",1,1,1,1,1,1,1,1,0,0,0,0,0,0,0,0,0,0,0,0,0,0,0,0,0,0,0,0,15,0,10,0,25,0.673011667009257
"Yes",1,1,1,1,0,0,0,0,0,0,0,0,1,1,1,1,0,0,0,0,0,0,0,0,15,2,0,0,0,0,0,0,17,0.362210557135449
"Yes",0,0,0,0,0,0,0,0,0,0,0,0,1,1,1,1,0,0,0,0,0,0,0,0,0,0,0,0,2,0,0,0,2,0
"Yes",1,1,1,1,0,0,0,0,0,0,0,0,0,0,0,0,0,0,0,0,1,1,1,1,2,0,0,0,0,0,0,0,2,0
"No",1,1,1,1,0,0,0,0,0,0,0,0,0,0,0,0,0,0,0,0,0,0,0,0,2,0,0,0,0,0,10,0,12,0.450561208866305
"No",1,1,1,1,1,1,1,1,0,0,0,0,0,0,0,0,0,0,0,0,0,0,0,0,0,0,0,0,30,0,7,0,37,0.485045142556336
"No",1,1,1,1,0,0,0,0,0,0,0,0,1,1,1,1,0,0,0,0,0,0,0,0,10,0,0,0,0,0,0,0,10,0
"No",0,0,0,0,0,0,0,0,0,0,0,0,1,1,1,1,0,0,0,0,0,0,0,0,0,0,0,0,0,0,0,0,0,NA
"No",1,1,1,1,0,0,0,0,0,0,0,0,0,0,0,0,0,0,0,0,1,1,1,1,5,0,0,0,5,0,0,0,10,0.693147180559945
"Yes",1,1,1,1,0,0,0,0,0,0,0,0,0,0,0,0,0,0,0,0,0,0,0,0,0,0,0,0,80,0,5,0,85,0.223718076065834
"Yes",1,1,1,1,1,1,1,1,0,0,0,0,0,0,0,0,0,0,0,0,0,0,0,0,0,0,0,0,90,0,0,0,90,0
"Yes",1,1,1,1,0,0,0,0,0,0,0,0,1,1,1,1,0,0,0,0,0,0,0,0,0,0,0,0,80,0,0,0,80,0
"Yes",0,0,0,0,0,0,0,0,0,0,0,0,1,1,1,1,0,0,0,0,0,0,0,0,0,0,0,0,25,15,7,0,47,0.983891863803136
"Yes",1,1,1,1,0,0,0,0,0,0,0,0,0,0,0,0,0,0,0,0,1,1,1,1,0,0,0,0,7,0,7,0,14,0.693147180559945
"No",1,1,1,1,0,0,0,0,0,0,0,0,0,0,0,0,0,0,0,0,0,0,0,0,1,0,0,0,12,0,6,0,19,0.809205473228318
"No",1,1,1,1,1,1,1,1,0,0,0,0,0,0,0,0,0,0,0,0,0,0,0,0,0,0,0,0,12,0,0,10,22,0.689009238476659
"No",1,1,1,1,0,0,0,0,0,0,0,0,1,1,1,1,0,0,0,0,0,0,0,0,0,0,0,0,15,0,8,0,23,0.646090505060809
"No",0,0,0,0,0,0,0,0,0,0,0,0,1,1,1,1,0,0,0,0,0,0,0,0,0,0,0,0,30,0,10,0,40,0.562335144618808
"No",1,1,1,1,0,0,0,0,0,0,0,0,0,0,0,0,0,0,0,0,1,1,1,1,5,0,0,0,5,0,0,0,10,0.693147180559945
"Yes",1,1,1,1,0,0,0,0,0,0,0,0,0,0,0,0,0,0,0,0,0,0,0,0,3,0,0,0,0,0,0,0,3,0
"Yes",1,1,1,1,1,1,1,1,0,0,0,0,0,0,0,0,0,0,0,0,0,0,0,0,0,0,0,0,25,0,10,5,40,0.900256051268537
"Yes",1,1,1,1,0,0,0,0,0,0,0,0,1,1,1,1,0,0,0,0,0,0,0,0,0,0,0,0,25,0,0,0,25,0
"Yes",0,0,0,0,0,0,0,0,0,0,0,0,1,1,1,1,0,0,0,0,0,0,0,0,0,0,0,0,5,0,0,0,5,0
"Yes",1,1,1,1,0,0,0,0,0,0,0,0,0,0,0,0,0,0,0,0,1,1,1,1,0,0,0,0,7,0,0,1,8,0.376770161256437
"No",1,1,1,1,0,0,0,0,0,0,0,0,0,0,0,0,0,0,0,0,0,0,0,0,2,0,0,0,0,0,5,0,7,0.598269588585257
"No",1,1,1,1,1,1,1,1,0,0,0,0,0,0,0,0,0,0,0,0,0,0,0,0,0,0,0,0,3,0,0,0,3,0
"No",1,1,1,1,0,0,0,0,0,0,0,0,1,1,1,1,0,0,0,0,0,0,0,0,0,0,0,0,0,0,0,0,0,NA
"No",0,0,0,0,0,0,0,0,0,0,0,0,1,1,1,1,0,0,0,0,0,0,0,0,0,0,0,0,7,0,2,0,9,0.529706199057654
"No",1,1,1,1,0,0,0,0,0,0,0,0,0,0,0,0,0,0,0,0,1,1,1,1,0,0,0,0,5,0,0,0,5,0
"Yes",1,1,1,1,0,0,0,0,0,0,0,0,0,0,0,0,0,0,0,0,0,0,0,0,0,0,0,0,15,0,0,0,15,0
"Yes",1,1,1,1,1,1,1,1,0,0,0,0,0,0,0,0,0,0,0,0,0,0,0,0,0,0,0,0,20,0,5,10,35,0.955699891112534
"Yes",1,1,1,1,0,0,0,0,0,0,0,0,1,1,1,1,0,0,0,0,0,0,0,0,0,0,0,0,10,0,0,0,10,0
"Yes",0,0,0,0,0,0,0,0,0,0,0,0,1,1,1,1,0,0,0,0,0,0,0,0,0,0,0,0,25,0,1,0,26,0.163023629494366
"Yes",1,1,1,1,0,0,0,0,0,0,0,0,0,0,0,0,0,0,0,0,1,1,1,1,0,0,0,0,10,3,0,0,13,0.540204142388861
"No",1,1,1,1,0,0,0,0,0,0,0,0,0,0,0,0,0,0,0,0,0,0,0,0,0,0,0,0,30,0,0,0,30,0
"No",1,1,1,1,1,1,1,1,0,0,0,0,0,0,0,0,0,0,0,0,0,0,0,0,0,0,0,0,20,0,5,2,27,0.727387629175803
"No",1,1,1,1,0,0,0,0,0,0,0,0,1,1,1,1,0,0,0,0,0,0,0,0,0,0,0,0,3,0,0,0,3,0
"No",0,0,0,0,0,0,0,0,0,0,0,0,1,1,1,1,0,0,0,0,0,0,0,0,0,0,0,0,5,0,0,0,5,0
"No",1,1,1,1,0,0,0,0,0,0,0,0,0,0,0,0,0,0,0,0,1,1,1,1,0,0,0,0,30,0,10,0,40,0.562335144618808
"Yes",1,1,1,1,0,0,0,0,0,0,0,0,0,0,0,0,0,0,0,0,0,0,0,0,0,0,0,0,1,3,30,0,34,0.428367632972956
"Yes",1,1,1,1,1,1,1,1,0,0,0,0,0,0,0,0,0,0,0,0,0,0,0,0,0,0,0,0,20,10,30,0,60,1.01140426470735
"Yes",1,1,1,1,0,0,0,0,0,0,0,0,1,1,1,1,0,0,0,0,0,0,0,0,0,0,0,0,2,0,20,0,22,0.304636097349238
"Yes",0,0,0,0,0,0,0,0,0,0,0,0,1,1,1,1,0,0,0,0,0,0,0,0,0,0,0,0,5,5,30,0,40,0.735621939758795
"Yes",1,1,1,1,0,0,0,0,0,0,0,0,0,0,0,0,0,0,0,0,1,1,1,1,0,0,0,0,0,10,15,0,25,0.673011667009257
"No",1,1,1,1,0,0,0,0,0,0,0,0,0,0,0,0,0,0,0,0,0,0,0,0,0,0,0,0,1,0,20,0,21,0.191444081957717
"No",1,1,1,1,1,1,1,1,0,0,0,0,0,0,0,0,0,0,0,0,0,0,0,0,0,0,0,0,5,0,10,2,17,0.923840705630872
"No",1,1,1,1,0,0,0,0,0,0,0,0,1,1,1,1,0,0,0,0,0,0,0,0,1,0,0,0,0,0,30,0,31,0.142505867392738
"No",0,0,0,0,0,0,0,0,0,0,0,0,1,1,1,1,0,0,0,0,0,0,0,0,0,0,0,0,10,1,0,0,11,0.304636097349238
"No",1,1,1,1,0,0,0,0,0,0,0,0,0,0,0,0,0,0,0,0,1,1,1,1,0,0,0,0,5,0,1,0,6,0.450561208866305
"No",1,1,1,1,0,0,0,0,0,0,0,0,0,0,0,0,0,0,0,0,0,0,0,0,25,35,30,0,0,0,0,0,90,1.08930967895583
"No",1,1,1,1,1,1,1,1,0,0,0,0,0,0,0,0,0,0,0,0,0,0,0,0,15,20,20,1,0,35,0,0,91,1.38023064815617
"No",1,1,1,1,0,0,0,0,0,0,0,0,1,1,1,1,0,0,0,0,0,0,0,0,20,25,30,6,0,20,0,0,101,1.51524264724623
"No",0,0,0,0,0,0,0,0,0,0,0,0,1,1,1,1,0,0,0,0,0,0,0,0,0,0,0,0,0,65,15,0,80,0.482577565177012
"No",1,1,1,1,0,0,0,0,0,0,0,0,0,0,0,0,0,0,0,0,1,1,1,1,15,60,15,1,6,10,0,0,107,1.3020009137918
"Yes",1,1,1,1,0,0,0,0,0,0,0,0,0,0,0,0,0,0,0,0,0,0,0,0,15,20,15,10,0,0,0,10,70,1.57409733684897
"Yes",1,1,1,1,1,1,1,1,0,0,0,0,0,0,0,0,0,0,0,0,0,0,0,0,10,25,20,0,0,28,10,0,93,1.52464283468475
"Yes",1,1,1,1,0,0,0,0,0,0,0,0,1,1,1,1,0,0,0,0,0,0,0,0,5,30,20,0,1,25,5,3,89,1.54692088059737
"Yes",0,0,0,0,0,0,0,0,0,0,0,0,1,1,1,1,0,0,0,0,0,0,0,0,0,0,0,0,0,60,10,15,85,0.803742107316203
"Yes",1,1,1,1,0,0,0,0,0,0,0,0,0,0,0,0,0,0,0,0,1,1,1,1,20,65,25,0,0,3,0,5,118,1.18539021714214
"No",1,1,1,1,0,0,0,0,0,0,0,0,0,0,0,0,0,0,0,0,0,0,0,0,30,15,18,0,0,25,0,0,88,1.35057247663464
"No",1,1,1,1,1,1,1,1,0,0,0,0,0,0,0,0,0,0,0,0,0,0,0,0,0,8,10,0,15,15,8,0,56,1.56930844734436
"No",1,1,1,1,0,0,0,0,0,0,0,0,1,1,1,1,0,0,0,0,0,0,0,0,20,6,10,0,8,20,3,5,72,1.75466254333436
"No",0,0,0,0,0,0,0,0,0,0,0,0,1,1,1,1,0,0,0,0,0,0,0,0,0,0,0,0,6,65,20,0,91,0.752613629267789
"No",1,1,1,1,0,0,0,0,0,0,0,0,0,0,0,0,0,0,0,0,1,1,1,1,30,20,25,1,0,8,0,0,84,1.34679305031845
"Yes",1,1,1,1,0,0,0,0,0,0,0,0,0,0,0,0,0,0,0,0,0,0,0,0,15,5,8,1,50,0,8,0,87,1.27579136558575
"Yes",1,1,1,1,1,1,1,1,0,0,0,0,0,0,0,0,0,0,0,0,0,0,0,0,15,10,15,0,0,0,40,0,80,1.23424494557933
"Yes",1,1,1,1,0,0,0,0,0,0,0,0,1,1,1,1,0,0,0,0,0,0,0,0,20,5,22,0,5,10,30,0,92,1.5970741102109
"Yes",0,0,0,0,0,0,0,0,0,0,0,0,1,1,1,1,0,0,0,0,0,0,0,0,0,0,0,0,20,10,35,0,65,0.983961446001026
"Yes",1,1,1,1,0,0,0,0,0,0,0,0,0,0,0,0,0,0,0,0,1,1,1,1,5,5,25,0,40,10,3,0,88,1.40411930644925
"No",1,1,1,1,0,0,0,0,0,0,0,0,0,0,0,0,0,0,0,0,0,0,0,0,15,40,0,2,0,5,0,0,62,0.939885754329269
"No",1,1,1,1,1,1,1,1,0,0,0,0,0,0,0,0,0,0,0,0,0,0,0,0,0,5,12,5,0,10,10,0,42,1.54802769491008
"No",1,1,1,1,0,0,0,0,0,0,0,0,1,1,1,1,0,0,0,0,0,0,0,0,10,0,3,0,0,10,35,0,58,1.06415471954617
"No",0,0,0,0,0,0,0,0,0,0,0,0,1,1,1,1,0,0,0,0,0,0,0,0,0,0,0,0,0,20,30,0,50,0.673011667009257
"No",1,1,1,1,0,0,0,0,0,0,0,0,0,0,0,0,0,0,0,0,1,1,1,1,20,30,8,0,0,0,10,0,68,1.25462608481841
"Yes",1,1,1,1,0,0,0,0,0,0,0,0,0,0,0,0,0,0,0,0,0,0,0,0,10,50,3,1,0,0,5,0,69,0.901207553444758
"Yes",1,1,1,1,1,1,1,1,0,0,0,0,0,0,0,0,0,0,0,0,0,0,0,0,5,5,5,0,0,0,20,0,35,1.15374194270109
"Yes",1,1,1,1,0,0,0,0,0,0,0,0,1,1,1,1,0,0,0,0,0,0,0,0,8,35,12,0,0,8,0,0,63,1.16651366898736
"Yes",0,0,0,0,0,0,0,0,0,0,0,0,1,1,1,1,0,0,0,0,0,0,0,0,0,0,0,0,0,10,65,0,75,0.392674467227552
"Yes",1,1,1,1,0,0,0,0,0,0,0,0,0,0,0,0,0,0,0,0,1,1,1,1,15,30,15,5,0,8,0,0,73,1.44169027157935
"No",1,1,1,1,0,0,0,0,0,0,0,0,0,0,0,0,0,0,0,0,0,0,0,0,20,40,5,0,0,10,0,0,75,1.136916591833
"No",1,1,1,1,1,1,1,1,0,0,0,0,0,0,0,0,0,0,0,0,0,0,0,0,10,5,10,0,0,20,20,0,65,1.49856907967701
"No",1,1,1,1,0,0,0,0,0,0,0,0,1,1,1,1,0,0,0,0,0,0,0,0,10,55,10,0,0,10,10,0,95,1.26433237678425
"No",0,0,0,0,0,0,0,0,0,0,0,0,1,1,1,1,0,0,0,0,0,0,0,0,0,0,0,0,10,10,10,0,30,1.09861228866811
"No",1,1,1,1,0,0,0,0,0,0,0,0,0,0,0,0,0,0,0,0,1,1,1,1,20,45,10,4,0,10,0,0,89,1.3109808998995
"Yes",1,1,1,1,0,0,0,0,0,0,0,0,0,0,0,0,0,0,0,0,0,0,0,0,10,20,10,0,0,25,0,0,65,1.30610660908539
"Yes",1,1,1,1,1,1,1,1,0,0,0,0,0,0,0,0,0,0,0,0,0,0,0,0,10,5,0,0,0,12,35,0,62,1.13795531340483
"Yes",1,1,1,1,0,0,0,0,0,0,0,0,1,1,1,1,0,0,0,0,0,0,0,0,12,15,5,0,0,8,50,0,90,1.26954850387465
"Yes",0,0,0,0,0,0,0,0,0,0,0,0,1,1,1,1,0,0,0,0,0,0,0,0,0,0,0,0,0,15,30,0,45,0.636514168294813
"Yes",1,1,1,1,0,0,0,0,0,0,0,0,0,0,0,0,0,0,0,0,1,1,1,1,10,25,10,7,0,10,25,0,87,1.66541714076242
"No",1,1,1,1,0,0,0,0,0,0,0,0,0,0,0,0,0,0,0,0,0,0,0,0,10,65,20,0,0,0,10,0,111,1.06061254183203
"No",1,1,1,1,1,1,1,1,0,0,0,0,0,0,0,0,0,0,0,0,0,0,0,0,10,18,0,0,0,6,60,0,118,1.01708442992143
"No",1,1,1,1,0,0,0,0,0,0,0,0,1,1,1,1,0,0,0,0,0,0,0,0,15,20,10,3,0,30,0,10,118,1.61462251148545
"No",0,0,0,0,0,0,0,0,0,0,0,0,1,1,1,1,0,0,0,0,0,0,0,0,0,0,0,0,0,60,15,0,30,0.500402423538188
"No",1,1,1,1,0,0,0,0,0,0,0,0,0,0,0,0,0,0,0,0,1,1,1,1,10,25,0,17,0,15,5,10,77,1.68286355324907
"Yes",1,1,1,1,0,0,0,0,0,0,0,0,0,0,0,0,0,0,0,0,0,0,0,0,5,60,8,0,0,10,0,3,101,1.00475330294095
"Yes",1,1,1,1,1,1,1,1,0,0,0,0,0,0,0,0,0,0,0,0,0,0,0,0,15,0,0,10,0,25,15,0,70,1.33224492243853
"Yes",1,1,1,1,0,0,0,0,0,0,0,0,1,1,1,1,0,0,0,0,0,0,0,0,6,20,6,3,1,30,5,5,96,1.66176101736493
"Yes",0,0,0,0,0,0,0,0,0,0,0,0,1,1,1,1,0,0,0,0,0,0,0,0,0,0,0,0,8,50,40,0,98,0.913621960615435
"Yes",1,1,1,1,0,0,0,0,0,0,0,0,0,0,0,0,0,0,0,0,1,1,1,1,8,25,5,0,10,15,0,0,63,1.46375025871236
"No",1,1,1,1,0,0,0,0,0,0,0,0,0,0,0,0,0,0,0,0,0,0,0,0,25,50,0,1,15,5,1,0,97,1.2268657365259
"No",1,1,1,1,1,1,1,1,0,0,0,0,0,0,0,0,0,0,0,0,0,0,0,0,5,15,0,3,6,0,60,0,89,1.02374861699728
"No",1,1,1,1,0,0,0,0,0,0,0,0,1,1,1,1,0,0,0,0,0,0,0,0,5,15,0,0,30,5,30,0,85,1.3745691971891
"No",0,0,0,0,0,0,0,0,0,0,0,0,1,1,1,1,0,0,0,0,0,0,0,0,0,0,0,0,25,10,60,5,100,1.03311408751667
"No",1,1,1,1,0,0,0,0,0,0,0,0,0,0,0,0,0,0,0,0,1,1,1,1,15,30,1,0,30,0,0,0,76,1.11109392033551
"Yes",1,1,1,1,0,0,0,0,0,0,0,0,0,0,0,0,0,0,0,0,0,0,0,0,20,30,0,5,10,5,8,8,86,1.72944192832207
"Yes",1,1,1,1,1,1,1,1,0,0,0,0,0,0,0,0,0,0,0,0,0,0,0,0,20,15,0,0,15,5,45,0,100,1.40013865492828
"Yes",1,1,1,1,0,0,0,0,0,0,0,0,1,1,1,1,0,0,0,0,0,0,0,0,20,35,0,0,10,8,15,5,93,1.60054407954796
"Yes",0,0,0,0,0,0,0,0,0,0,0,0,1,1,1,1,0,0,0,0,0,0,0,0,0,0,0,0,10,25,60,0,95,0.878525099127156
"Yes",1,1,1,1,0,0,0,0,0,0,0,0,0,0,0,0,0,0,0,0,1,1,1,1,15,45,0,0,35,0,0,0,95,1.01326902624973
"No",1,1,1,1,0,0,0,0,0,0,0,0,0,0,0,0,0,0,0,0,0,0,0,0,15,25,0,0,0,30,0,0,70,1.06094424079075
"No",1,1,1,1,1,1,1,1,0,0,0,0,0,0,0,0,0,0,0,0,0,0,0,0,5,0,0,0,10,50,20,0,85,1.07101788902446
"No",1,1,1,1,0,0,0,0,0,0,0,0,1,1,1,1,0,0,0,0,0,0,0,0,18,15,0,0,15,10,15,10,83,1.7689532276567
"No",0,0,0,0,0,0,0,0,0,0,0,0,1,1,1,1,0,0,0,0,0,0,0,0,0,0,0,0,15,5,40,0,60,0.823959216501082
"No",1,1,1,1,0,0,0,0,0,0,0,0,0,0,0,0,0,0,0,0,1,1,1,1,20,10,0,0,15,10,5,0,60,1.51710639706103
"Yes",1,1,1,1,0,0,0,0,0,0,0,0,0,0,0,0,0,0,0,0,0,0,0,0,14,20,0,0,0,15,0,0,49,1.08606109194274
"Yes",1,1,1,1,1,1,1,1,0,0,0,0,0,0,0,0,0,0,0,0,0,0,0,0,0,8,0,0,20,20,60,0,108,1.14393218074529
"Yes",1,1,1,1,0,0,0,0,0,0,0,0,1,1,1,1,0,0,0,0,0,0,0,0,10,10,0,0,20,10,60,10,120,1.47350238508065
"Yes",0,0,0,0,0,0,0,0,0,0,0,0,1,1,1,1,0,0,0,0,0,0,0,0,0,0,0,0,5,15,70,0,90,0.654669564528501
"Yes",1,1,1,1,0,0,0,0,0,0,0,0,0,0,0,0,0,0,0,0,1,1,1,1,12,60,6,0,20,0,5,0,103,1.19597223697332
"No",1,1,1,1,0,0,0,0,0,0,0,0,0,0,0,0,0,0,0,0,0,0,0,0,10,60,0,0,20,0,8,10,108,1.27229276973787
"No",1,1,1,1,1,1,1,1,0,0,0,0,0,0,0,0,0,0,0,0,0,0,0,0,0,3,0,0,25,0,60,0,88,0.733832198330077
"No",1,1,1,1,0,0,0,0,0,0,0,0,1,1,1,1,0,0,0,0,0,0,0,0,10,12,0,0,20,15,25,0,82,1.55486528584091
"No",0,0,0,0,0,0,0,0,0,0,0,0,1,1,1,1,0,0,0,0,0,0,0,0,0,0,0,0,20,40,20,0,80,1.03972077083992
"No",1,1,1,1,0,0,0,0,0,0,0,0,0,0,0,0,0,0,0,0,1,1,1,1,35,50,0,0,0,5,0,0,90,0.854414981600184
"Yes",1,1,1,1,0,0,0,0,0,0,0,0,0,0,0,0,0,0,0,0,0,0,0,0,1,40,0,0,25,0,0,0,66,0.734699078598206
"Yes",1,1,1,1,1,1,1,1,0,0,0,0,0,0,0,0,0,0,0,0,0,0,0,0,0,0,0,0,15,10,60,5,90,0.973648923197263
"Yes",1,1,1,1,0,0,0,0,0,0,0,0,1,1,1,1,0,0,0,0,0,0,0,0,0,15,0,0,14,15,30,10,84,1.53498250089706
"Yes",0,0,0,0,0,0,0,0,0,0,0,0,1,1,1,1,0,0,0,0,0,0,0,0,0,0,0,0,15,20,50,0,85,0.958691859325372
"Yes",1,1,1,1,0,0,0,0,0,0,0,0,0,0,0,0,0,0,0,0,1,1,1,1,15,65,0,0,10,4,0,0,94,0.920667612757561
"No",1,1,1,1,0,0,0,0,0,0,0,0,0,0,0,0,0,0,0,0,0,0,0,0,5,50,0,0,25,15,0,0,95,1.13555069716037
"No",1,1,1,1,1,1,1,1,0,0,0,0,0,0,0,0,0,0,0,0,0,0,0,0,2,10,0,0,15,0,50,0,77,0.958947648100427
"No",1,1,1,1,0,0,0,0,0,0,0,0,1,1,1,1,0,0,0,0,0,0,0,0,0,18,0,8,5,20,40,10,101,1.57348598116484
"No",0,0,0,0,0,0,0,0,0,0,0,0,1,1,1,1,0,0,0,0,0,0,0,0,0,0,0,0,5,20,18,25,68,1.27156031845425
"No",1,1,1,1,0,0,0,0,0,0,0,0,0,0,0,0,0,0,0,0,1,1,1,1,10,25,0,0,8,8,0,0,51,1.2500842362827
"Yes",1,1,1,1,0,0,0,0,0,0,0,0,0,0,0,0,0,0,0,0,0,0,0,0,0,10,5,0,20,10,0,0,45,1.27302833658963
"Yes",1,1,1,1,1,1,1,1,0,0,0,0,0,0,0,0,0,0,0,0,0,0,0,0,0,15,5,0,10,5,65,10,110,1.29955303357449
"Yes",1,1,1,1,0,0,0,0,0,0,0,0,1,1,1,1,0,0,0,0,0,0,0,0,0,10,0,0,10,0,20,20,60,1.32966134885476
"Yes",0,0,0,0,0,0,0,0,0,0,0,0,1,1,1,1,0,0,0,0,0,0,0,0,0,0,0,0,10,15,70,10,105,0.99617823758734
"Yes",1,1,1,1,0,0,0,0,0,0,0,0,0,0,0,0,0,0,0,0,1,1,1,1,12,0,0,0,5,5,0,3,25,1.25051199335615
"No",1,1,1,1,0,0,0,0,0,0,0,0,0,0,0,0,0,0,0,0,0,0,0,0,35,50,0,0,0,1,0,0,86,0.732971337840289
"No",1,1,1,1,1,1,1,1,0,0,0,0,0,0,0,0,0,0,0,0,0,0,0,0,8,12,0,0,12,0,60,0,92,1.02250634159603
"No",1,1,1,1,0,0,0,0,0,0,0,0,1,1,1,1,0,0,0,0,0,0,0,0,5,55,0,0,15,5,40,10,130,1.42369224720052
"No",0,0,0,0,0,0,0,0,0,0,0,0,1,1,1,1,0,0,0,0,0,0,0,0,0,0,0,0,15,10,60,0,85,0.803742107316203
"No",1,1,1,1,0,0,0,0,0,0,0,0,0,0,0,0,0,0,0,0,1,1,1,1,10,15,0,0,5,0,0,0,30,1.01140426470735
"Yes",1,1,1,1,0,0,0,0,0,0,0,0,0,0,0,0,0,0,0,0,0,0,0,0,30,60,0,0,0,0,0,0,90,0.636514168294813
"Yes",1,1,1,1,1,1,1,1,0,0,0,0,0,0,0,0,0,0,0,0,0,0,0,0,2,0,0,0,12,2,70,10,96,0.887139999873134
"Yes",1,1,1,1,0,0,0,0,0,0,0,0,1,1,1,1,0,0,0,0,0,0,0,0,12,23,0,0,5,0,40,0,80,1.16280645354195
"Yes",0,0,0,0,0,0,0,0,0,0,0,0,1,1,1,1,0,0,0,0,0,0,0,0,0,0,0,0,10,12,70,5,97,0.881034821461918
"Yes",1,1,1,1,0,0,0,0,0,0,0,0,0,0,0,0,0,0,0,0,1,1,1,1,25,40,0,0,0,3,0,0,68,0.817700195583948
"No",1,1,1,1,0,0,0,0,0,0,0,0,0,0,0,0,0,0,0,0,0,0,0,0,0,0,0,0,0,0,0,0,0,NA
"No",1,1,1,1,1,1,1,1,0,0,0,0,0,0,0,0,0,0,0,0,0,0,0,0,0,0,0,0,10,0,20,20,50,1.05492016798614
"No",1,1,1,1,0,0,0,0,0,0,0,0,1,1,1,1,0,0,0,0,0,0,0,0,10,0,0,0,0,0,0,0,10,0
"No",0,0,0,0,0,0,0,0,0,0,0,0,1,1,1,1,0,0,0,0,0,0,0,0,14,0,0,0,0,0,0,0,14,0
"No",1,1,1,1,0,0,0,0,0,0,0,0,0,0,0,0,0,0,0,0,1,1,1,1,15,0,0,0,0,0,0,0,15,0
"Yes",1,1,1,1,0,0,0,0,0,0,0,0,0,0,0,0,0,0,0,0,0,0,0,0,10,0,0,0,0,0,0,0,10,0
"Yes",1,1,1,1,1,1,1,1,0,0,0,0,0,0,0,0,0,0,0,0,0,0,0,0,5,0,0,0,10,0,10,5,30,1.32966134885476
"Yes",1,1,1,1,0,0,0,0,0,0,0,0,1,1,1,1,0,0,0,0,0,0,0,0,7,0,0,2,0,0,0,0,9,0.529706199057654
"Yes",0,0,0,0,0,0,0,0,0,0,0,0,1,1,1,1,0,0,0,0,0,0,0,0,0,0,0,0,0,0,0,0,0,NA
"Yes",1,1,1,1,0,0,0,0,0,0,0,0,0,0,0,0,0,0,0,0,1,1,1,1,10,0,0,0,0,0,0,0,10,0
"No",1,1,1,1,0,0,0,0,0,0,0,0,0,0,0,0,0,0,0,0,0,0,0,0,10,0,0,0,8,0,0,0,18,0.686961576597323
"No",1,1,1,1,1,1,1,1,0,0,0,0,0,0,0,0,0,0,0,0,0,0,0,0,0,0,0,0,1,2,3,10,16,1.04083983742324
"No",1,1,1,1,0,0,0,0,0,0,0,0,1,1,1,1,0,0,0,0,0,0,0,0,12,0,0,0,0,0,0,0,12,0
"No",0,0,0,0,0,0,0,0,0,0,0,0,1,1,1,1,0,0,0,0,0,0,0,0,0,0,0,0,0,0,0,0,0,NA
"No",1,1,1,1,0,0,0,0,0,0,0,0,0,0,0,0,0,0,0,0,1,1,1,1,15,0,0,1,0,0,0,0,16,0.233791658706459
"Yes",1,1,1,1,0,0,0,0,0,0,0,0,0,0,0,0,0,0,0,0,0,0,0,0,6,0,0,0,0,0,0,0,6,0
"Yes",1,1,1,1,1,1,1,1,0,0,0,0,0,0,0,0,0,0,0,0,0,0,0,0,0,0,0,0,10,5,15,25,55,1.2406842919534
"Yes",1,1,1,1,0,0,0,0,0,0,0,0,1,1,1,1,0,0,0,0,0,0,0,0,7,0,0,0,0,0,0,0,7,0
"Yes",0,0,0,0,0,0,0,0,0,0,0,0,1,1,1,1,0,0,0,0,0,0,0,0,0,0,0,0,0,3,0,0,3,0
"Yes",1,1,1,1,0,0,0,0,0,0,0,0,0,0,0,0,0,0,0,0,1,1,1,1,4,0,0,0,0,0,0,0,4,0
"No",1,1,1,1,0,0,0,0,0,0,0,0,0,0,0,0,0,0,0,0,0,0,0,0,12,0,0,0,0,0,0,0,12,0
"No",1,1,1,1,1,1,1,1,0,0,0,0,0,0,0,0,0,0,0,0,0,0,0,0,0,0,0,0,15,0,40,0,55,0.585952618303551
"No",1,1,1,1,0,0,0,0,0,0,0,0,1,1,1,1,0,0,0,0,0,0,0,0,12,0,0,0,0,0,0,0,12,0
"No",0,0,0,0,0,0,0,0,0,0,0,0,1,1,1,1,0,0,0,0,0,0,0,0,0,1,0,0,0,1,0,0,2,0.693147180559945
"No",1,1,1,1,0,0,0,0,0,0,0,0,0,0,0,0,0,0,0,0,1,1,1,1,15,0,0,1,0,0,0,0,16,0.233791658706459
"Yes",1,1,1,1,0,0,0,0,0,0,0,0,0,0,0,0,0,0,0,0,0,0,0,0,8,0,0,0,0,0,0,0,8,0
"Yes",1,1,1,1,1,1,1,1,0,0,0,0,0,0,0,0,0,0,0,0,0,0,0,0,0,0,0,1,30,50,0,0,81,0.719917405027106
"Yes",1,1,1,1,0,0,0,0,0,0,0,0,1,1,1,1,0,0,0,0,0,0,0,0,12,0,0,0,0,0,0,0,12,0
"Yes",0,0,0,0,0,0,0,0,0,0,0,0,1,1,1,1,0,0,0,0,0,0,0,0,0,0,0,0,0,0,0,2,2,0
"Yes",1,1,1,1,0,0,0,0,0,0,0,0,0,0,0,0,0,0,0,0,1,1,1,1,18,0,0,0,0,0,0,0,18,0
"No",1,1,1,1,0,0,0,0,0,0,0,0,0,0,0,0,0,0,0,0,0,0,0,0,18,0,0,0,0,0,0,0,18,0
"No",1,1,1,1,1,1,1,1,0,0,0,0,0,0,0,0,0,0,0,0,0,0,0,0,4,0,0,0,15,5,55,15,94,1.18970756708381
"No",1,1,1,1,0,0,0,0,0,0,0,0,1,1,1,1,0,0,0,0,0,0,0,0,8,0,0,0,0,3,0,0,11,0.585952618303551
"No",0,0,0,0,0,0,0,0,0,0,0,0,1,1,1,1,0,0,0,0,0,0,0,0,2,0,0,0,0,0,6,0,8,0.562335144618808
"No",1,1,1,1,0,0,0,0,0,0,0,0,0,0,0,0,0,0,0,0,1,1,1,1,20,1,0,1,0,0,0,0,22,0.367649477400142
"Yes",1,1,1,1,0,0,0,0,0,0,0,0,0,0,0,0,0,0,0,0,0,0,0,0,8,1,0,0,0,0,0,0,9,0.348832095843032
"Yes",1,1,1,1,1,1,1,1,0,0,0,0,0,0,0,0,0,0,0,0,0,0,0,0,0,0,0,0,6,3,15,10,34,1.24127235909127
"Yes",1,1,1,1,0,0,0,0,0,0,0,0,1,1,1,1,0,0,0,0,0,0,0,0,16,0,0,0,0,0,0,4,20,0.500402423538188
"Yes",0,0,0,0,0,0,0,0,0,0,0,0,1,1,1,1,0,0,0,0,0,0,0,0,0,0,0,0,0,0,0,5,5,0
"Yes",1,1,1,1,0,0,0,0,0,0,0,0,0,0,0,0,0,0,0,0,1,1,1,1,10,3,0,3,0,0,0,0,16,0.921493430867962
"No",1,1,1,1,0,0,0,0,0,0,0,0,0,0,0,0,0,0,0,0,0,0,0,0,6,0,0,0,0,10,0,5,21,1.05292256593869
"No",1,1,1,1,1,1,1,1,0,0,0,0,0,0,0,0,0,0,0,0,0,0,0,0,0,0,0,0,3,10,10,15,38,1.2699995349259
"No",1,1,1,1,0,0,0,0,0,0,0,0,1,1,1,1,0,0,0,0,0,0,0,0,12,0,0,0,5,0,0,0,17,0.605797499372304
"No",0,0,0,0,0,0,0,0,0,0,0,0,1,1,1,1,0,0,0,0,0,0,0,0,0,0,0,0,0,0,0,0,0,NA
"No",1,1,1,1,0,0,0,0,0,0,0,0,0,0,0,0,0,0,0,0,1,1,1,1,7,0,0,0,0,1,0,0,8,0.376770161256437
"Yes",1,1,1,1,0,0,0,0,0,0,0,0,0,0,0,0,0,0,0,0,0,0,0,0,12,0,0,0,0,0,0,0,12,0
"Yes",1,1,1,1,1,1,1,1,0,0,0,0,0,0,0,0,0,0,0,0,0,0,0,0,0,0,0,0,20,40,0,10,70,0.955699891112534
"Yes",1,1,1,1,0,0,0,0,0,0,0,0,1,1,1,1,0,0,0,0,0,0,0,0,12,0,0,0,0,0,0,0,12,0
"Yes",0,0,0,0,0,0,0,0,0,0,0,0,1,1,1,1,0,0,0,0,0,0,0,0,0,0,0,0,0,0,0,0,0,NA
"Yes",1,1,1,1,0,0,0,0,0,0,0,0,0,0,0,0,0,0,0,0,1,1,1,1,12,0,0,0,2,0,0,0,14,0.410116318288409
"Yes",1,1,1,1,0,0,0,0,0,0,0,0,0,0,0,0,0,0,0,0,0,0,0,0,15,60,0,0,8,3,0,0,86,0.893733389866273
"Yes",1,1,1,1,1,1,1,1,0,0,0,0,0,0,0,0,0,0,0,0,0,0,0,0,12,15,0,0,50,10,0,0,87,1.14330312997255
"Yes",1,1,1,1,0,0,0,0,0,0,0,0,1,1,1,1,0,0,0,0,0,0,0,0,10,15,8,0,40,20,0,0,93,1.43849239728713
"Yes",0,0,0,0,0,0,0,0,0,0,0,0,1,1,1,1,0,0,0,0,0,0,0,0,0,0,0,0,40,30,5,0,75,0.882310924515076
"Yes",1,1,1,1,0,0,0,0,0,0,0,0,0,0,0,0,0,0,0,0,1,1,1,1,0,65,2,3,10,5,0,0,85,0.829823676932062
"No",1,1,1,1,0,0,0,0,0,0,0,0,0,0,0,0,0,0,0,0,0,0,0,0,0,20,0,0,20,10,0,0,50,1.05492016798614
"No",1,1,1,1,1,1,1,1,0,0,0,0,0,0,0,0,0,0,0,0,0,0,0,0,5,25,0,0,20,0,0,0,50,0.943348392329039
"No",1,1,1,1,0,0,0,0,0,0,0,0,1,1,1,1,0,0,0,0,0,0,0,0,5,30,0,0,5,0,0,0,40,0.735621939758795
"No",0,0,0,0,0,0,0,0,0,0,0,0,1,1,1,1,0,0,0,0,0,0,0,0,0,0,0,0,30,15,3,0,48,0.830523691482846
"No",1,1,1,1,0,0,0,0,0,0,0,0,0,0,0,0,0,0,0,0,1,1,1,1,15,25,0,0,15,5,0,0,60,1.26500137527307
"Yes",1,1,1,1,0,0,0,0,0,0,0,0,0,0,0,0,0,0,0,0,0,0,0,0,5,60,10,0,1,5,0,0,81,0.878635527664939
"Yes",1,1,1,1,1,1,1,1,0,0,0,0,0,0,0,0,0,0,0,0,0,0,0,0,10,5,0,0,20,30,0,0,65,1.20479330969478
"Yes",1,1,1,1,0,0,0,0,0,0,0,0,1,1,1,1,0,0,0,0,0,0,0,0,10,18,0,0,13,10,0,0,51,1.35490925725351
"Yes",0,0,0,0,0,0,0,0,0,0,0,0,1,1,1,1,0,0,0,0,0,0,0,0,0,0,0,0,5,10,0,0,15,0.636514168294813
"Yes",1,1,1,1,0,0,0,0,0,0,0,0,0,0,0,0,0,0,0,0,1,1,1,1,12,60,0,0,5,5,0,0,82,0.850939580738362
"No",1,1,1,1,0,0,0,0,0,0,0,0,0,0,0,0,0,0,0,0,0,0,0,0,15,25,0,0,0,3,0,0,43,0.868444638850714
"No",1,1,1,1,1,1,1,1,0,0,0,0,0,0,0,0,0,0,0,0,0,0,0,0,10,50,10,0,15,20,0,0,105,1.39502462997751
"No",1,1,1,1,0,0,0,0,0,0,0,0,1,1,1,1,0,0,0,0,0,0,0,0,15,35,0,0,0,5,0,0,55,0.859967281035505
"No",0,0,0,0,0,0,0,0,0,0,0,0,1,1,1,1,0,0,0,0,0,0,0,0,0,0,0,0,15,15,0,0,30,0.693147180559945
"No",1,1,1,1,0,0,0,0,0,0,0,0,0,0,0,0,0,0,0,0,1,1,1,1,35,25,0,0,5,20,0,0,85,1.23240522346579
"Yes",1,1,1,1,0,0,0,0,0,0,0,0,0,0,0,0,0,0,0,0,0,0,0,0,10,30,12,0,10,20,0,0,82,1.50646133777302
"Yes",1,1,1,1,1,1,1,1,0,0,0,0,0,0,0,0,0,0,0,0,0,0,0,0,5,10,0,0,60,20,0,0,95,1.01020994742668
"Yes",1,1,1,1,0,0,0,0,0,0,0,0,1,1,1,1,0,0,0,0,0,0,0,0,5,12,0,0,30,30,0,0,77,1.20175461329062
"Yes",0,0,0,0,0,0,0,0,0,0,0,0,1,1,1,1,0,0,0,0,0,0,0,0,0,0,0,0,30,40,0,0,70,0.682908104700472
"Yes",1,1,1,1,0,0,0,0,0,0,0,0,0,0,0,0,0,0,0,0,1,1,1,1,15,15,0,0,20,30,0,0,80,1.34212572274875
"No",1,1,1,1,0,0,0,0,0,0,0,0,0,0,0,0,0,0,0,0,0,0,0,0,5,50,0,0,10,10,0,0,75,0.988154224290194
"No",1,1,1,1,1,1,1,1,0,0,0,0,0,0,0,0,0,0,0,0,0,0,0,0,3,10,0,0,20,30,0,0,63,1.15468623882186
"No",1,1,1,1,0,0,0,0,0,0,0,0,1,1,1,1,0,0,0,0,0,0,0,0,8,30,2,0,35,15,0,0,90,1.3318576335182
"No",0,0,0,0,0,0,0,0,0,0,0,0,1,1,1,1,0,0,0,0,0,0,0,0,0,0,0,0,25,40,0,0,65,0.666278442414676
"No",1,1,1,1,0,0,0,0,0,0,0,0,0,0,0,0,0,0,0,0,1,1,1,1,5,5,0,5,50,31,0,0,96,1.16646983420785
"Yes",1,1,1,1,0,0,0,0,0,0,0,0,0,0,0,0,0,0,0,0,0,0,0,0,55,25,0,0,0,0,0,0,80,0.621086374555245
"Yes",1,1,1,1,1,1,1,1,0,0,0,0,0,0,0,0,0,0,0,0,0,0,0,0,30,20,0,0,25,20,0,0,95,1.37138101777181
"Yes",1,1,1,1,0,0,0,0,0,0,0,0,1,1,1,1,0,0,0,0,0,0,0,0,35,20,0,0,5,13,0,0,73,1.19808466262264
"Yes",0,0,0,0,0,0,0,0,0,0,0,0,1,1,1,1,0,0,0,0,0,0,0,0,0,0,0,0,2,10,0,0,12,0.450561208866305
"Yes",1,1,1,1,0,0,0,0,0,0,0,0,0,0,0,0,0,0,0,0,1,1,1,1,60,20,0,0,2,1,0,0,83,0.720507914236047
"No",1,1,1,1,0,0,0,0,0,0,0,0,0,0,0,0,0,0,0,0,0,0,0,0,10,25,0,0,5,15,0,0,55,1.2406842919534
"No",1,1,1,1,1,1,1,1,0,0,0,0,0,0,0,0,0,0,0,0,0,0,0,0,0,10,0,0,10,25,0,0,45,0.995026990179521
"No",1,1,1,1,0,0,0,0,0,0,0,0,1,1,1,1,0,0,0,0,0,0,0,0,5,30,0,0,1,5,0,0,41,0.832345223430999
"No",0,0,0,0,0,0,0,0,0,0,0,0,1,1,1,1,0,0,0,0,0,0,0,0,0,0,0,0,15,5,0,0,20,0.562335144618808
"No",1,1,1,1,0,0,0,0,0,0,0,0,0,0,0,0,0,0,0,0,1,1,1,1,10,35,12,0,0,5,0,0,62,1.13795531340483
"Yes",1,1,1,1,0,0,0,0,0,0,0,0,0,0,0,0,0,0,0,0,0,0,0,0,10,50,10,0,5,0,0,0,75,0.988154224290194
"Yes",1,1,1,1,1,1,1,1,0,0,0,0,0,0,0,0,0,0,0,0,0,0,0,0,10,5,0,0,10,13,0,0,38,1.33644844738293
"Yes",1,1,1,1,0,0,0,0,0,0,0,0,1,1,1,1,0,0,0,0,0,0,0,0,15,30,0,3,5,5,0,0,58,1.26653110611981
"Yes",0,0,0,0,0,0,0,0,0,0,0,0,1,1,1,1,0,0,0,0,0,0,0,0,0,0,0,0,20,20,0,0,40,0.693147180559945
"Yes",1,1,1,1,0,0,0,0,0,0,0,0,0,0,0,0,0,0,0,0,1,1,1,1,35,35,5,0,5,0,0,0,80,1.06991734181638
"No",1,1,1,1,0,0,0,0,0,0,0,0,0,0,0,0,0,0,0,0,0,0,0,0,50,20,0,0,2,2,0,0,74,0.813681519356509
"No",1,1,1,1,1,1,1,1,0,0,0,0,0,0,0,0,0,0,0,0,0,0,0,0,8,30,0,0,10,10,0,0,58,1.22038860290531
"No",1,1,1,1,0,0,0,0,0,0,0,0,1,1,1,1,0,0,0,0,0,0,0,0,40,25,0,0,3,10,0,0,78,1.09582726794334
"No",0,0,0,0,0,0,0,0,0,0,0,0,1,1,1,1,0,0,0,0,0,0,0,0,0,0,0,0,10,7,0,0,17,0.677494404448707
"No",1,1,1,1,0,0,0,0,0,0,0,0,0,0,0,0,0,0,0,0,1,1,1,1,20,25,0,0,0,8,0,0,53,1.00761128286866
"Yes",1,1,1,1,0,0,0,0,0,0,0,0,0,0,0,0,0,0,0,0,0,0,0,0,30,30,5,2,0,5,0,0,72,1.19954783588841
"Yes",1,1,1,1,1,1,1,1,0,0,0,0,0,0,0,0,0,0,0,0,0,0,0,0,2,10,0,0,5,40,15,0,72,1.21228742409492
"Yes",1,1,1,1,0,0,0,0,0,0,0,0,1,1,1,1,0,0,0,0,0,0,0,0,10,15,5,0,1,20,5,0,56,1.53150118105846
"Yes",0,0,0,0,0,0,0,0,0,0,0,0,1,1,1,1,0,0,0,0,0,0,0,0,0,0,0,0,10,30,40,0,80,0.974314752869349
"Yes",1,1,1,1,0,0,0,0,0,0,0,0,0,0,0,0,0,0,0,0,1,1,1,1,25,20,0,2,5,25,0,0,77,1.35300125772667
"No",1,1,1,1,0,0,0,0,0,0,0,0,0,0,0,0,0,0,0,0,0,0,0,0,10,25,0,0,5,25,10,0,75,1.45025234466349
"No",1,1,1,1,1,1,1,1,0,0,0,0,0,0,0,0,0,0,0,0,0,0,0,0,0,2,0,0,5,60,30,0,97,0.892957585653062
"No",1,1,1,1,0,0,0,0,0,0,0,0,1,1,1,1,0,0,0,0,0,0,0,0,70,25,0,0,5,40,0,0,140,1.13115006338153
"No",0,0,0,0,0,0,0,0,0,0,0,0,1,1,1,1,0,0,0,0,0,0,0,0,0,0,0,0,5,60,10,0,75,0.62770525719715
"No",1,1,1,1,0,0,0,0,0,0,0,0,0,0,0,0,0,0,0,0,1,1,1,1,20,30,0,0,5,15,5,0,75,1.40194545937873
"Yes",1,1,1,1,0,0,0,0,0,0,0,0,0,0,0,0,0,0,0,0,0,0,0,0,10,6,0,0,5,15,0,0,36,1.29339809612243
"Yes",1,1,1,1,1,1,1,1,0,0,0,0,0,0,0,0,0,0,0,0,0,0,0,0,1,1,0,0,40,20,20,0,82,1.14593303864575
"Yes",1,1,1,1,0,0,0,0,0,0,0,0,1,1,1,1,0,0,0,0,0,0,0,0,5,20,0,3,3,20,20,0,71,1.52489396566922
"Yes",0,0,0,0,0,0,0,0,0,0,0,0,1,1,1,1,0,0,0,0,0,0,0,0,0,0,0,0,12,40,15,0,67,0.951038724188778
"Yes",1,1,1,1,0,0,0,0,0,0,0,0,0,0,0,0,0,0,0,0,1,1,1,1,20,10,0,0,10,30,10,0,80,1.49417513828931
"No",1,1,1,1,0,0,0,0,0,0,0,0,0,0,0,0,0,0,0,0,0,0,0,0,25,20,0,0,5,20,0,0,70,1.27208986882029
"No",1,1,1,1,1,1,1,1,0,0,0,0,0,0,0,0,0,0,0,0,0,0,0,0,4,0,0,0,30,40,15,0,89,1.16552367225534
"No",1,1,1,1,0,0,0,0,0,0,0,0,1,1,1,1,0,0,0,0,0,0,0,0,25,8,0,1,0,25,15,0,74,1.35541540950982
"No",0,0,0,0,0,0,0,0,0,0,0,0,1,1,1,1,0,0,0,0,0,0,0,0,0,0,0,0,5,30,35,0,70,0.89820533970415
"No",1,1,1,1,0,0,0,0,0,0,0,0,0,0,0,0,0,0,0,0,1,1,1,1,30,20,0,0,5,20,1,0,76,1.3055701566785
"Yes",1,1,1,1,0,0,0,0,0,0,0,0,0,0,0,0,0,0,0,0,0,0,0,0,20,12,0,0,0,30,0,0,62,1.03407879281283
"Yes",1,1,1,1,1,1,1,1,0,0,0,0,0,0,0,0,0,0,0,0,0,0,0,0,3,0,0,0,20,60,5,0,88,0.875991977744335
"Yes",1,1,1,1,0,0,0,0,0,0,0,0,1,1,1,1,0,0,0,0,0,0,0,0,10,15,0,0,10,25,5,0,65,1.47913280742964
"Yes",0,0,0,0,0,0,0,0,0,0,0,0,1,1,1,1,0,0,0,0,0,0,0,0,0,0,0,0,5,70,5,0,80,0.46341355882643
"Yes",1,1,1,1,0,0,0,0,0,0,0,0,0,0,0,0,0,0,0,0,1,1,1,1,25,10,0,0,10,30,0,0,75,1.27002786111697
"No",1,1,1,1,0,0,0,0,0,0,0,0,0,0,0,0,0,0,0,0,0,0,0,0,30,10,0,2,0,20,0,0,62,1.12128418807727
"No",1,1,1,1,1,1,1,1,0,0,0,0,0,0,0,0,0,0,0,0,0,0,0,0,0,0,0,0,15,60,10,0,85,0.803742107316203
"No",1,1,1,1,0,0,0,0,0,0,0,0,1,1,1,1,0,0,0,0,0,0,0,0,15,5,0,0,0,60,0,0,80,0.70291893077351
"No",0,0,0,0,0,0,0,0,0,0,0,0,1,1,1,1,0,0,0,0,0,0,0,0,0,0,0,0,5,60,5,0,70,0.509137344082687
"No",1,1,1,1,0,0,0,0,0,0,0,0,0,0,0,0,0,0,0,0,1,1,1,1,40,5,0,0,5,25,0,0,75,1.0625354080616
"Yes",1,1,1,1,0,0,0,0,0,0,0,0,0,0,0,0,0,0,0,0,0,0,0,0,12,7,0,0,0,20,0,0,39,1.01343609967008
"Yes",1,1,1,1,1,1,1,1,0,0,0,0,0,0,0,0,0,0,0,0,0,0,0,0,3,10,0,0,10,40,30,0,93,1.31820553250479
"Yes",1,1,1,1,0,0,0,0,0,0,0,0,1,1,1,1,0,0,0,0,0,0,0,0,10,15,0,0,10,25,30,0,90,1.50891775979711
"Yes",0,0,0,0,0,0,0,0,0,0,0,0,1,1,1,1,0,0,0,0,0,0,0,0,0,0,0,0,1,50,30,0,81,0.719917405027106
"Yes",1,1,1,1,0,0,0,0,0,0,0,0,0,0,0,0,0,0,0,0,1,1,1,1,30,10,0,0,1,20,8,0,69,1.31219418308532
"No",1,1,1,1,0,0,0,0,0,0,0,0,0,0,0,0,0,0,0,0,0,0,0,0,30,15,0,0,0,20,5,0,70,1.23965939205439
"No",1,1,1,1,1,1,1,1,0,0,0,0,0,0,0,0,0,0,0,0,0,0,0,0,10,5,0,0,10,40,30,0,95,1.35714014384819
"No",1,1,1,1,0,0,0,0,0,0,0,0,1,1,1,1,0,0,0,0,0,0,0,0,25,25,0,0,0,33,10,0,93,1.31373506625278
"No",0,0,0,0,0,0,0,0,0,0,0,0,1,1,1,1,0,0,0,0,0,0,0,0,0,0,0,0,5,30,15,0,50,0.89794572485678
"No",1,1,1,1,0,0,0,0,0,0,0,0,0,0,0,0,0,0,0,0,1,1,1,1,35,20,0,0,0,15,5,0,75,1.21055784417747
"Yes",1,1,1,1,0,0,0,0,0,0,0,0,0,0,0,0,0,0,0,0,0,0,0,0,30,20,0,0,0,20,0,0,70,1.07899220787758
"Yes",1,1,1,1,1,1,1,1,0,0,0,0,0,0,0,0,0,0,0,0,0,0,0,0,10,0,0,0,20,60,0,0,90,0.848685557726417
"Yes",1,1,1,1,0,0,0,0,0,0,0,0,1,1,1,1,0,0,0,0,0,0,0,0,30,0,0,0,0,50,0,0,80,0.661563238157982
"Yes",0,0,0,0,0,0,0,0,0,0,0,0,1,1,1,1,0,0,0,0,0,0,0,0,0,0,0,0,0,70,10,0,80,0.376770161256437
"Yes",1,1,1,1,0,0,0,0,0,0,0,0,0,0,0,0,0,0,0,0,1,1,1,1,10,25,0,0,8,30,0,0,73,1.24704573792991
"No",1,1,1,1,0,0,0,0,0,0,0,0,0,0,0,0,0,0,0,0,0,0,0,0,15,35,0,0,5,25,0,0,80,1.21231388026715
"No",1,1,1,1,1,1,1,1,0,0,0,0,0,0,0,0,0,0,0,0,0,0,0,0,6,6,0,0,20,60,15,0,107,1.23640653678269
"No",1,1,1,1,0,0,0,0,0,0,0,0,1,1,1,1,0,0,0,0,0,0,0,0,17,7,0,0,0,50,10,0,84,1.09256680963271
"No",0,0,0,0,0,0,0,0,0,0,0,0,1,1,1,1,0,0,0,0,0,0,0,0,0,0,0,0,5,70,12,0,87,0.612336437009967
"No",1,1,1,1,0,0,0,0,0,0,0,0,0,0,0,0,0,0,0,0,1,1,1,1,12,10,0,0,8,50,5,0,85,1.22937357537958
"Yes",1,1,1,1,0,0,0,0,0,0,0,0,0,0,0,0,0,0,0,0,0,0,0,0,7,0,0,0,0,0,0,0,7,0
"Yes",1,1,1,1,1,1,1,1,0,0,0,0,0,0,0,0,0,0,0,0,0,0,0,0,1,0,0,0,10,10,10,5,36,1.44116498423411
"Yes",1,1,1,1,0,0,0,0,0,0,0,0,1,1,1,1,0,0,0,0,0,0,0,0,5,0,0,0,0,5,0,2,12,1.02818385933293
"Yes",0,0,0,0,0,0,0,0,0,0,0,0,1,1,1,1,0,0,0,0,0,0,0,0,0,0,0,0,10,10,10,0,30,1.09861228866811
"Yes",1,1,1,1,0,0,0,0,0,0,0,0,0,0,0,0,0,0,0,0,1,1,1,1,5,0,0,0,0,0,0,0,5,0
"No",1,1,1,1,0,0,0,0,0,0,0,0,0,0,0,0,0,0,0,0,0,0,0,0,3,0,0,0,0,0,0,0,3,0
"No",1,1,1,1,1,1,1,1,0,0,0,0,0,0,0,0,0,0,0,0,0,0,0,0,1,0,0,0,8,10,15,10,44,1.43628083369434
"No",1,1,1,1,0,0,0,0,0,0,0,0,1,1,1,1,0,0,0,0,0,0,0,0,3,0,0,1,0,10,0,3,17,1.09100601100039
"No",0,0,0,0,0,0,0,0,0,0,0,0,1,1,1,1,0,0,0,0,0,0,0,0,0,0,0,0,0,5,0,5,10,0.693147180559945
"No",1,1,1,1,0,0,0,0,0,0,0,0,0,0,0,0,0,0,0,0,1,1,1,1,6,0,0,0,0,0,0,0,6,0
"Yes",1,1,1,1,0,0,0,0,0,0,0,0,0,0,0,0,0,0,0,0,0,0,0,0,6,0,0,1,0,0,0,0,7,0.410116318288409
"Yes",1,1,1,1,1,1,1,1,0,0,0,0,0,0,0,0,0,0,0,0,0,0,0,0,1,0,0,0,5,12,8,10,36,1.42997858781706
"Yes",1,1,1,1,0,0,0,0,0,0,0,0,1,1,1,1,0,0,0,0,0,0,0,0,2,0,0,0,0,10,3,5,20,1.20797368759223
"Yes",0,0,0,0,0,0,0,0,0,0,0,0,1,1,1,1,0,0,0,0,0,0,0,0,0,0,0,0,6,6,0,3,15,1.05492016798614
"Yes",1,1,1,1,0,0,0,0,0,0,0,0,0,0,0,0,0,0,0,0,1,1,1,1,10,1,0,0,0,0,0,0,11,0.304636097349238
"No",1,1,1,1,0,0,0,0,0,0,0,0,0,0,0,0,0,0,0,0,0,0,0,0,3,0,0,1,0,0,0,0,4,0.562335144618808
"No",1,1,1,1,1,1,1,1,0,0,0,0,0,0,0,0,0,0,0,0,0,0,0,0,1,0,0,0,5,8,8,10,32,1.45498261658134
"No",1,1,1,1,0,0,0,0,0,0,0,0,1,1,1,1,0,0,0,0,0,0,0,0,2,0,0,2,0,5,8,5,22,1.47729244517561
"No",0,0,0,0,0,0,0,0,0,0,0,0,1,1,1,1,0,0,0,0,0,0,0,0,0,0,0,0,5,8,3,2,18,1.25899102885542
"No",1,1,1,1,0,0,0,0,0,0,0,0,0,0,0,0,0,0,0,0,1,1,1,1,5,0,0,0,3,0,0,0,8,0.661563238157982
"Yes",1,1,1,1,0,0,0,0,0,0,0,0,0,0,0,0,0,0,0,0,0,0,0,0,0,0,0,0,0,0,0,0,0,NA
"Yes",1,1,1,1,1,1,1,1,0,0,0,0,0,0,0,0,0,0,0,0,0,0,0,0,0,0,0,0,10,3,2,3,18,1.16793736772566
"Yes",1,1,1,1,0,0,0,0,0,0,0,0,1,1,1,1,0,0,0,0,0,0,0,0,1,0,0,0,5,7,3,3,19,1.45705822455769
"Yes",0,0,0,0,0,0,0,0,0,0,0,0,1,1,1,1,0,0,0,0,0,0,0,0,0,0,0,0,1,3,0,3,7,1.00424247305408
"Yes",1,1,1,1,0,0,0,0,0,0,0,0,0,0,0,0,0,0,0,0,1,1,1,1,1,0,0,0,0,2,0,0,3,0.636514168294813
"No",1,1,1,1,0,0,0,0,0,0,0,0,0,0,0,0,0,0,0,0,0,0,0,0,1,0,0,1,0,0,0,0,2,0.693147180559945
"No",1,1,1,1,1,1,1,1,0,0,0,0,0,0,0,0,0,0,0,0,0,0,0,0,1,0,0,0,10,6,8,5,30,1.45255972696489
"No",1,1,1,1,0,0,0,0,0,0,0,0,1,1,1,1,0,0,0,0,0,0,0,0,2,0,0,0,0,2,2,2,8,1.38629436111989
"No",0,0,0,0,0,0,0,0,0,0,0,0,1,1,1,1,0,0,0,0,0,0,0,0,0,0,0,0,5,10,5,3,23,1.29131739330803
"No",1,1,1,1,0,0,0,0,0,0,0,0,0,0,0,0,0,0,0,0,1,1,1,1,10,0,0,0,4,2,0,0,16,0.900256051268537
"Yes",1,1,1,1,0,0,0,0,0,0,0,0,0,0,0,0,0,0,0,0,0,0,0,0,3,0,0,0,0,0,0,0,3,0
"Yes",1,1,1,1,1,1,1,1,0,0,0,0,0,0,0,0,0,0,0,0,0,0,0,0,1,0,0,0,6,5,10,15,37,1.38269222821146
"Yes",1,1,1,1,0,0,0,0,0,0,0,0,1,1,1,1,0,0,0,0,0,0,0,0,3,0,0,0,8,5,0,1,17,1.18741576984366
"Yes",0,0,0,0,0,0,0,0,0,0,0,0,1,1,1,1,0,0,0,0,0,0,0,0,0,0,0,0,2,3,4,2,11,1.3421131789144
"Yes",1,1,1,1,0,0,0,0,0,0,0,0,0,0,0,0,0,0,0,0,1,1,1,1,3,0,0,1,2,1,1,0,8,1.49417513828931
"No",1,1,1,1,0,0,0,0,0,0,0,0,0,0,0,0,0,0,0,0,0,0,0,0,4,0,0,2,0,1,0,0,7,0.955699891112534
"No",1,1,1,1,1,1,1,1,0,0,0,0,0,0,0,0,0,0,0,0,0,0,0,0,1,0,0,0,12,15,5,15,48,1.38979319022679
"No",1,1,1,1,0,0,0,0,0,0,0,0,1,1,1,1,0,0,0,0,0,0,0,0,1,0,0,1,5,8,0,5,20,1.35923670066501
"No",0,0,0,0,0,0,0,0,0,0,0,0,1,1,1,1,0,0,0,0,0,0,0,0,0,0,0,0,0,10,0,10,20,0.693147180559945
"No",1,1,1,1,0,0,0,0,0,0,0,0,0,0,0,0,0,0,0,0,1,1,1,1,5,0,0,0,1,0,0,0,6,0.450561208866305
"Yes",1,1,1,1,0,0,0,0,0,0,0,0,0,0,0,0,0,0,0,0,0,0,0,0,3,0,0,0,0,0,0,0,3,0
"Yes",1,1,1,1,1,1,1,1,0,0,0,0,0,0,0,0,0,0,0,0,0,0,0,0,0,0,0,0,0,0,0,0,0,NA
"Yes",1,1,1,1,0,0,0,0,0,0,0,0,1,1,1,1,0,0,0,0,0,0,0,0,5,0,0,0,0,2,0,10,17,0.923840705630872
"Yes",0,0,0,0,0,0,0,0,0,0,0,0,1,1,1,1,0,0,0,0,0,0,0,0,0,0,0,0,0,2,0,0,2,0
"Yes",1,1,1,1,0,0,0,0,0,0,0,0,0,0,0,0,0,0,0,0,1,1,1,1,4,0,0,1,0,2,0,0,7,0.955699891112534
"No",1,1,1,1,0,0,0,0,0,0,0,0,0,0,0,0,0,0,0,0,0,0,0,0,0,0,0,0,0,0,0,0,0,NA
"No",1,1,1,1,1,1,1,1,0,0,0,0,0,0,0,0,0,0,0,0,0,0,0,0,0,0,0,0,10,10,1,20,41,1.12902700985161
"No",1,1,1,1,0,0,0,0,0,0,0,0,1,1,1,1,0,0,0,0,0,0,0,0,10,0,1,0,0,0,5,3,19,1.13555069716037
"No",0,0,0,0,0,0,0,0,0,0,0,0,1,1,1,1,0,0,0,0,0,0,0,0,0,0,0,0,3,12,5,8,28,1.26801027592272
"No",1,1,1,1,0,0,0,0,0,0,0,0,0,0,0,0,0,0,0,0,1,1,1,1,5,0,0,0,0,0,0,0,5,0
"Yes",1,1,1,1,0,0,0,0,0,0,0,0,0,0,0,0,0,0,0,0,0,0,0,0,4,8,0,0,80,0,0,0,92,0.470235962355249
"Yes",1,1,1,1,1,1,1,1,0,0,0,0,0,0,0,0,0,0,0,0,0,0,0,0,0,6,0,0,94,0,0,0,100,0.226967522500604
"Yes",1,1,1,1,0,0,0,0,0,0,0,0,1,1,1,1,0,0,0,0,0,0,0,0,15,30,0,3,52,0,0,0,100,1.09099833900173
"Yes",0,0,0,0,0,0,0,0,0,0,0,0,1,1,1,1,0,0,0,0,0,0,0,0,0,0,0,0,100,0,0,0,100,0
"Yes",1,1,1,1,0,0,0,0,0,0,0,0,0,0,0,0,0,0,0,0,1,1,1,1,0,10,0,2,78,0,0,0,90,0.452749295076393
"No",1,1,1,1,0,0,0,0,0,0,0,0,0,0,0,0,0,0,0,0,0,0,0,0,4,20,0,12,64,0,0,0,100,0.990697985507747
"No",1,1,1,1,1,1,1,1,0,0,0,0,0,0,0,0,0,0,0,0,0,0,0,0,8,0,0,0,40,0,15,0,63,0.892159115049798
"No",1,1,1,1,0,0,0,0,0,0,0,0,1,1,1,1,0,0,0,0,0,0,0,0,0,8,0,0,90,0,0,0,98,0.282738880066872
"No",0,0,0,0,0,0,0,0,0,0,0,0,1,1,1,1,0,0,0,0,0,0,0,0,0,0,0,0,80,0,0,0,80,0
"No",1,1,1,1,0,0,0,0,0,0,0,0,0,0,0,0,0,0,0,0,1,1,1,1,2,18,0,0,80,0,0,0,100,0.565419018216477
"Yes",1,1,1,1,0,0,0,0,0,0,0,0,0,0,0,0,0,0,0,0,0,0,0,0,5,20,0,0,75,0,0,0,100,0.687435750503355
"Yes",1,1,1,1,1,1,1,1,0,0,0,0,0,0,0,0,0,0,0,0,0,0,0,0,2,25,0,0,48,0,0,0,75,0.748476933450928
"Yes",1,1,1,1,0,0,0,0,0,0,0,0,1,1,1,1,0,0,0,0,0,0,0,0,18,18,0,5,58,0,1,0,100,1.12910751140684
"Yes",0,0,0,0,0,0,0,0,0,0,0,0,1,1,1,1,0,0,0,0,0,0,0,0,0,0,0,0,87,0,1,0,88,0.0621776517174248
"Yes",1,1,1,1,0,0,0,0,0,0,0,0,0,0,0,0,0,0,0,0,1,1,1,1,15,15,0,6,60,2,0,0,98,1.12538553027383
"No",1,1,1,1,0,0,0,0,0,0,0,0,0,0,0,0,0,0,0,0,0,0,0,0,15,20,0,0,61,0,0,0,96,0.904986689361743
"No",1,1,1,1,1,1,1,1,0,0,0,0,0,0,0,0,0,0,0,0,0,0,0,0,3,10,0,0,70,0,2,0,85,0.617914208248907
"No",1,1,1,1,0,0,0,0,0,0,0,0,1,1,1,1,0,0,0,0,0,0,0,0,15,60,0,0,25,0,0,0,100,0.937636962272449
"No",0,0,0,0,0,0,0,0,0,0,0,0,1,1,1,1,0,0,0,0,0,0,0,0,0,0,0,0,83,0,5,0,88,0.218121359827205
"No",1,1,1,1,0,0,0,0,0,0,0,0,0,0,0,0,0,0,0,0,1,1,1,1,18,35,0,0,47,0,0,0,100,1.03096207524176
"Yes",1,1,1,1,0,0,0,0,0,0,0,0,0,0,0,0,0,0,0,0,0,0,0,0,0,3,0,0,77,0,0,0,80,0.159915955314657
"Yes",1,1,1,1,1,1,1,1,0,0,0,0,0,0,0,0,0,0,0,0,0,0,0,0,0,1,0,0,77,0,10,0,88,0.414849673425092
"Yes",1,1,1,1,0,0,0,0,0,0,0,0,1,1,1,1,0,0,0,0,0,0,0,0,0,15,0,0,83,0,1,0,99,0.480124663633067
"Yes",0,0,0,0,0,0,0,0,0,0,0,0,1,1,1,1,0,0,0,0,0,0,0,0,0,0,0,0,87,0,10,0,97,0.331825852184937
"Yes",1,1,1,1,0,0,0,0,0,0,0,0,0,0,0,0,0,0,0,0,1,1,1,1,0,50,0,0,50,0,0,0,100,0.693147180559945
"No",1,1,1,1,0,0,0,0,0,0,0,0,0,0,0,0,0,0,0,0,0,0,0,0,1,5,0,5,77,1,1,0,90,0.604616374696102
"No",1,1,1,1,1,1,1,1,0,0,0,0,0,0,0,0,0,0,0,0,0,0,0,0,0,0,0,0,94,0,5,0,99,0.199999657250238
"No",1,1,1,1,0,0,0,0,0,0,0,0,1,1,1,1,0,0,0,0,0,0,0,0,5,15,0,0,85,0,0,0,105,0.594024165582471
"No",0,0,0,0,0,0,0,0,0,0,0,0,1,1,1,1,0,0,0,0,0,0,0,0,0,0,0,0,98,0,1,0,99,0.0564651742788722
"No",1,1,1,1,0,0,0,0,0,0,0,0,0,0,0,0,0,0,0,0,1,1,1,1,2,5,0,3,83,0,0,0,93,0.452028619643446
"Yes",1,1,1,1,0,0,0,0,0,0,0,0,0,0,0,0,0,0,0,0,0,0,0,0,5,25,0,10,50,0,2,0,92,1.16817574284966
"Yes",1,1,1,1,1,1,1,1,0,0,0,0,0,0,0,0,0,0,0,0,0,0,0,0,5,10,0,0,74,0,1,0,90,0.615655699338937
"Yes",1,1,1,1,0,0,0,0,0,0,0,0,1,1,1,1,0,0,0,0,0,0,0,0,5,70,0,2,23,0,0,0,100,0.815725007656932
"Yes",0,0,0,0,0,0,0,0,0,0,0,0,1,1,1,1,0,0,0,0,0,0,0,0,0,1,0,0,96,0,2,0,99,0.15508226688174
"Yes",1,1,1,1,0,0,0,0,0,0,0,0,0,0,0,0,0,0,0,0,1,1,1,1,5,28,0,10,52,0,2,0,97,1.16001268464389
"No",1,1,1,1,0,0,0,0,0,0,0,0,0,0,0,0,0,0,0,0,0,0,0,0,0,10,0,15,74,0,0,0,99,0.735044892118608
"No",1,1,1,1,1,1,1,1,0,0,0,0,0,0,0,0,0,0,0,0,0,0,0,0,5,5,0,0,77,0,2,0,89,0.53410051615692
"No",1,1,1,1,0,0,0,0,0,0,0,0,1,1,1,1,0,0,0,0,0,0,0,0,6,10,0,4,79,0,1,0,100,0.760090530641261
"No",0,0,0,0,0,0,0,0,0,0,0,0,1,1,1,1,0,0,0,0,0,0,0,0,0,0,0,0,94,0,2,0,96,0.101264817566792
"No",1,1,1,1,0,0,0,0,0,0,0,0,0,0,0,0,0,0,0,0,1,1,1,1,5,70,0,0,22,1,1,0,99,0.822950249331473
"Yes",1,1,1,1,0,0,0,0,0,0,0,0,0,0,0,0,0,0,0,0,0,0,0,0,3,30,0,10,53,2,2,0,100,1.18961349212497
"Yes",1,1,1,1,1,1,1,1,0,0,0,0,0,0,0,0,0,0,0,0,0,0,0,0,0,15,0,2,70,0,3,0,90,0.692059101584571
"Yes",1,1,1,1,0,0,0,0,0,0,0,0,1,1,1,1,0,0,0,0,0,0,0,0,1,20,0,12,62,4,1,0,100,1.09355984012998
"Yes",0,0,0,0,0,0,0,0,0,0,0,0,1,1,1,1,0,0,0,0,0,0,0,0,0,1,0,0,98,0,1,0,100,0.111902056890931
"Yes",1,1,1,1,0,0,0,0,0,0,0,0,0,0,0,0,0,0,0,0,1,1,1,1,0,10,0,10,68,1,1,0,90,0.800051605754085
"No",1,1,1,1,0,0,0,0,0,0,0,0,0,0,0,0,0,0,0,0,0,0,0,0,10,20,0,12,58,0,0,0,100,1.12251947788641
"No",1,1,1,1,1,1,1,1,0,0,0,0,0,0,0,0,0,0,0,0,0,0,0,0,0,0,0,0,83,0,5,0,88,0.218121359827205
"No",1,1,1,1,0,0,0,0,0,0,0,0,1,1,1,1,0,0,0,0,0,0,0,0,5,20,0,6,56,0,0,0,87,0.970137009116802
"No",0,0,0,0,0,0,0,0,0,0,0,0,1,1,1,1,0,0,0,0,0,0,0,0,0,0,0,0,92,0,3,0,95,0.140188618395109
"No",1,1,1,1,0,0,0,0,0,0,0,0,0,0,0,0,0,0,0,0,1,1,1,1,3,15,0,15,65,0,1,0,99,1.00044797698018
"Yes",1,1,1,1,0,0,0,0,0,0,0,0,0,0,0,0,0,0,0,0,0,0,0,0,0,4,0,3,80,0,1,0,88,0.393210165791906
"Yes",1,1,1,1,1,1,1,1,0,0,0,0,0,0,0,0,0,0,0,0,0,0,0,0,0,5,0,0,85,0,0,0,90,0.214559155176405
"Yes",1,1,1,1,0,0,0,0,0,0,0,0,1,1,1,1,0,0,0,0,0,0,0,0,0,0,0,0,99,0,1,0,100,0.0560015343548473
"Yes",0,0,0,0,0,0,0,0,0,0,0,0,1,1,1,1,0,0,0,0,0,0,0,0,0,0,0,0,95,1,3,0,99,0.191946702982512
"Yes",1,1,1,1,0,0,0,0,0,0,0,0,0,0,0,0,0,0,0,0,1,1,1,1,2,10,0,5,83,0,0,0,100,0.612939132984607
"No",1,1,1,1,0,0,0,0,0,0,0,0,0,0,0,0,0,0,0,0,0,0,0,0,0,10,0,0,90,0,0,0,100,0.325082973391448
"No",1,1,1,1,1,1,1,1,0,0,0,0,0,0,0,0,0,0,0,0,0,0,0,0,0,1,0,1,91,0,0,0,93,0.118747717959349
"No",1,1,1,1,0,0,0,0,0,0,0,0,1,1,1,1,0,0,0,0,0,0,0,0,0,3,0,2,89,0,3,0,97,0.374024329026177
"No",0,0,0,0,0,0,0,0,0,0,0,0,1,1,1,1,0,0,0,0,0,0,0,0,0,0,0,0,97,0,1,0,98,0.0569372244376318
"No",1,1,1,1,0,0,0,0,0,0,0,0,0,0,0,0,0,0,0,0,1,1,1,1,0,0,0,0,98,0,0,0,98,0
"Yes",1,1,1,1,0,0,0,0,0,0,0,0,0,0,0,0,0,0,0,0,0,0,0,0,0,0,0,15,35,10,10,0,70,1.23264328449874
"Yes",1,1,1,1,1,1,1,1,0,0,0,0,0,0,0,0,0,0,0,0,0,0,0,0,0,0,0,2,72,0,10,0,84,0.47448220526931
"Yes",1,1,1,1,0,0,0,0,0,0,0,0,1,1,1,1,0,0,0,0,0,0,0,0,0,0,0,5,25,10,35,0,75,1.17105986999037
"Yes",0,0,0,0,0,0,0,0,0,0,0,0,1,1,1,1,0,0,0,0,0,0,0,0,0,0,0,0,30,10,35,0,75,0.990835386443849
"Yes",1,1,1,1,0,0,0,0,0,0,0,0,0,0,0,0,0,0,0,0,1,1,1,1,0,10,0,5,80,0,0,0,95,0.536664562484525
"No",1,1,1,1,0,0,0,0,0,0,0,0,0,0,0,0,0,0,0,0,0,0,0,0,0,12,0,10,36,20,20,0,98,1.50659295363
"No",1,1,1,1,1,1,1,1,0,0,0,0,0,0,0,0,0,0,0,0,0,0,0,0,0,10,0,5,55,0,10,0,80,0.950748927050915
"No",1,1,1,1,0,0,0,0,0,0,0,0,1,1,1,1,0,0,0,0,0,0,0,0,0,6,0,5,84,0,2,0,97,0.529632093539495
"No",0,0,0,0,0,0,0,0,0,0,0,0,1,1,1,1,0,0,0,0,0,0,0,0,0,0,0,0,85,0,5,0,90,0.214559155176405
"No",1,1,1,1,0,0,0,0,0,0,0,0,0,0,0,0,0,0,0,0,1,1,1,1,0,5,0,5,81,0,4,0,95,0.579245964260666
"Yes",1,1,1,1,0,0,0,0,0,0,0,0,0,0,0,0,0,0,0,0,0,0,0,0,0,3,0,5,62,0,10,0,80,0.753886519287495
"Yes",1,1,1,1,1,1,1,1,0,0,0,0,0,0,0,0,0,0,0,0,0,0,0,0,0,0,0,0,82,0,8,0,90,0.299959552451294
"Yes",1,1,1,1,0,0,0,0,0,0,0,0,1,1,1,1,0,0,0,0,0,0,0,0,0,6,0,12,57,0,10,0,85,0.983248788145209
"Yes",0,0,0,0,0,0,0,0,0,0,0,0,1,1,1,1,0,0,0,0,0,0,0,0,0,0,0,0,77,0,8,0,85,0.311962435123583
"Yes",1,1,1,1,0,0,0,0,0,0,0,0,0,0,0,0,0,0,0,0,1,1,1,1,0,2,0,8,40,0,15,0,65,1.00211407180873
"No",1,1,1,1,0,0,0,0,0,0,0,0,0,0,0,0,0,0,0,0,0,0,0,0,0,12,0,7,70,8,3,0,100,0.997507316150678
"No",1,1,1,1,1,1,1,1,0,0,0,0,0,0,0,0,0,0,0,0,0,0,0,0,0,8,0,8,82,0,2,0,100,0.645086812951431
"No",1,1,1,1,0,0,0,0,0,0,0,0,1,1,1,1,0,0,0,0,0,0,0,0,0,3,0,10,66,0,6,0,85,0.753363520195526
"No",0,0,0,0,0,0,0,0,0,0,0,0,1,1,1,1,0,0,0,0,0,0,0,0,0,0,0,0,72,2,10,0,84,0.47448220526931
"No",1,1,1,1,0,0,0,0,0,0,0,0,0,0,0,0,0,0,0,0,1,1,1,1,0,1,0,20,64,10,0,0,95,0.879045168063285
"Yes",1,1,1,1,0,0,0,0,0,0,0,0,0,0,0,0,0,0,0,0,0,0,0,0,0,8,0,3,88,0,1,0,100,0.465800097252839
"Yes",1,1,1,1,1,1,1,1,0,0,0,0,0,0,0,0,0,0,0,0,0,0,0,0,0,3,0,5,73,2,5,0,88,0.68210897862255
"Yes",1,1,1,1,0,0,0,0,0,0,0,0,1,1,1,1,0,0,0,0,0,0,0,0,0,4,0,10,67,1,10,0,92,0.89883982918431
"Yes",0,0,0,0,0,0,0,0,0,0,0,0,1,1,1,1,0,0,0,0,0,0,0,0,0,0,0,0,62,0,20,0,82,0.555536596729186
"Yes",1,1,1,1,0,0,0,0,0,0,0,0,0,0,0,0,0,0,0,0,1,1,1,1,0,5,0,10,63,0,0,0,78,0.611958464448854
"No",1,1,1,1,0,0,0,0,0,0,0,0,0,0,0,0,0,0,0,0,0,0,0,0,0,10,0,12,41,6,6,0,75,1.29612412562951
"No",1,1,1,1,1,1,1,1,0,0,0,0,0,0,0,0,0,0,0,0,0,0,0,0,0,1,0,4,91,0,2,0,98,0.325582918480441
"No",1,1,1,1,0,0,0,0,0,0,0,0,1,1,1,1,0,0,0,0,0,0,0,0,0,0,0,10,60,0,30,0,100,0.89794572485678
"No",0,0,0,0,0,0,0,0,0,0,0,0,1,1,1,1,0,0,0,0,0,0,0,0,0,0,0,0,68,2,20,0,90,0.630615628283877
"No",1,1,1,1,0,0,0,0,0,0,0,0,0,0,0,0,0,0,0,0,1,1,1,1,0,12,0,15,61,2,2,0,92,1.00031545475773
"Yes",1,1,1,1,0,0,0,0,0,0,0,0,0,0,0,0,0,0,0,0,0,0,0,0,0,8,2,5,80,0,0,0,95,0.589338501804334
"Yes",1,1,1,1,1,1,1,1,0,0,0,0,0,0,0,0,0,0,0,0,0,0,0,0,0,3,0,3,86,0,3,0,95,0.417441332907755
"Yes",1,1,1,1,0,0,0,0,0,0,0,0,1,1,1,1,0,0,0,0,0,0,0,0,0,10,0,0,89,0,1,0,100,0.380025307627082
"Yes",0,0,0,0,0,0,0,0,0,0,0,0,1,1,1,1,0,0,0,0,0,0,0,0,0,0,0,0,89,0,10,0,99,0.327296740679025
"Yes",1,1,1,1,0,0,0,0,0,0,0,0,0,0,0,0,0,0,0,0,1,1,1,1,3,8,2,8,69,0,0,0,90,0.831959173539015
"No",1,1,1,1,0,0,0,0,0,0,0,0,0,0,0,0,0,0,0,0,0,0,0,0,0,2,4,15,78,0,0,0,99,0.682235877367714
"No",1,1,1,1,1,1,1,1,0,0,0,0,0,0,0,0,0,0,0,0,0,0,0,0,0,0,0,6,80,0,8,0,94,0.522569038411307
"No",1,1,1,1,0,0,0,0,0,0,0,0,1,1,1,1,0,0,0,0,0,0,0,0,0,8,0,2,88,0,2,0,100,0.471032578690485
"No",0,0,0,0,0,0,0,0,0,0,0,0,1,1,1,1,0,0,0,0,0,0,0,0,0,0,0,0,87,0,8,0,95,0.288934379428041
"No",1,1,1,1,0,0,0,0,0,0,0,0,0,0,0,0,0,0,0,0,1,1,1,1,0,6,0,5,83,0,0,0,94,0.441576518177914
"Yes",1,1,1,1,0,0,0,0,0,0,0,0,0,0,0,0,0,0,0,0,0,0,0,0,2,0,0,0,12,3,0,0,17,0.803742107316203
"Yes",1,1,1,1,1,1,1,1,0,0,0,0,0,0,0,0,0,0,0,0,0,0,0,0,0,0,0,0,71,0,5,0,76,0.242608855653385
"Yes",1,1,1,1,0,0,0,0,0,0,0,0,1,1,1,1,0,0,0,0,0,0,0,0,2,0,0,0,38,0,10,0,50,0.659214618214886
"Yes",0,0,0,0,0,0,0,0,0,0,0,0,1,1,1,1,0,0,0,0,0,0,0,0,0,0,0,0,12,0,10,2,24,0.918427784993098
"Yes",1,1,1,1,0,0,0,0,0,0,0,0,0,0,0,0,0,0,0,0,1,1,1,1,5,0,0,5,20,0,5,0,35,1.15374194270109
"No",1,1,1,1,0,0,0,0,0,0,0,0,0,0,0,0,0,0,0,0,0,0,0,0,0,0,0,4,12,0,30,0,46,0.841685337971699
"No",1,1,1,1,1,1,1,1,0,0,0,0,0,0,0,0,0,0,0,0,0,0,0,0,0,0,0,0,59,0,1,0,60,0.0847660757148099
"No",1,1,1,1,0,0,0,0,0,0,0,0,1,1,1,1,0,0,0,0,0,0,0,0,10,0,0,6,12,0,12,0,40,1.35352527060842
"No",0,0,0,0,0,0,0,0,0,0,0,0,1,1,1,1,0,0,0,0,0,0,0,0,0,0,0,0,20,0,15,5,40,0.974314752869349
"No",1,1,1,1,0,0,0,0,0,0,0,0,0,0,0,0,0,0,0,0,1,1,1,1,2,0,0,2,50,0,5,0,59,0.578877637874913
"Yes",1,1,1,1,0,0,0,0,0,0,0,0,0,0,0,0,0,0,0,0,0,0,0,0,0,0,0,0,79,0,1,0,80,0.0671968803626978
"Yes",1,1,1,1,1,1,1,1,0,0,0,0,0,0,0,0,0,0,0,0,0,0,0,0,0,0,0,0,84,0,1,0,85,0.063961714103983
"Yes",1,1,1,1,0,0,0,0,0,0,0,0,1,1,1,1,0,0,0,0,0,0,0,0,0,0,0,0,82,0,0,0,82,0
"Yes",0,0,0,0,0,0,0,0,0,0,0,0,1,1,1,1,0,0,0,0,0,0,0,0,0,0,0,0,85,3,0,0,88,0.148686886436374
"Yes",1,1,1,1,0,0,0,0,0,0,0,0,0,0,0,0,0,0,0,0,1,1,1,1,0,0,0,0,72,0,8,0,80,0.325082973391448
"No",1,1,1,1,0,0,0,0,0,0,0,0,0,0,0,0,0,0,0,0,0,0,0,0,0,0,0,0,72,0,6,0,78,0.271189373041844
"No",1,1,1,1,1,1,1,1,0,0,0,0,0,0,0,0,0,0,0,0,0,0,0,0,0,0,0,0,82,0,3,0,85,0.15268872541181
"No",1,1,1,1,0,0,0,0,0,0,0,0,1,1,1,1,0,0,0,0,0,0,0,0,0,0,0,0,95,0,0,0,95,0
"No",0,0,0,0,0,0,0,0,0,0,0,0,1,1,1,1,0,0,0,0,0,0,0,0,0,0,0,0,88,0,2,0,90,0.10656595882802
"No",1,1,1,1,0,0,0,0,0,0,0,0,0,0,0,0,0,0,0,0,1,1,1,1,0,0,0,0,20,2,20,0,42,0.85158425391957
"Yes",1,1,1,1,0,0,0,0,0,0,0,0,0,0,0,0,0,0,0,0,0,0,0,0,0,0,0,0,54,3,5,0,62,0.469905918228226
"Yes",1,1,1,1,1,1,1,1,0,0,0,0,0,0,0,0,0,0,0,0,0,0,0,0,0,0,0,0,89,0,1,0,90,0.0610470380395934
"Yes",1,1,1,1,0,0,0,0,0,0,0,0,1,1,1,1,0,0,0,0,0,0,0,0,0,0,0,0,95,0,0,0,95,0
"Yes",0,0,0,0,0,0,0,0,0,0,0,0,1,1,1,1,0,0,0,0,0,0,0,0,0,0,0,0,62,2,15,0,79,0.598696216385392
"Yes",1,1,1,1,0,0,0,0,0,0,0,0,0,0,0,0,0,0,0,0,1,1,1,1,0,0,0,0,80,0,10,0,90,0.348832095843032
"No",1,1,1,1,0,0,0,0,0,0,0,0,0,0,0,0,0,0,0,0,0,0,0,0,0,0,0,0,25,3,20,0,48,0.87781813676645
"No",1,1,1,1,1,1,1,1,0,0,0,0,0,0,0,0,0,0,0,0,0,0,0,0,0,0,0,0,81,1,6,8,96,0.571259955246226
"No",1,1,1,1,0,0,0,0,0,0,0,0,1,1,1,1,0,0,0,0,0,0,0,0,0,0,0,0,15,3,0,0,18,0.450561208866305
"No",0,0,0,0,0,0,0,0,0,0,0,0,1,1,1,1,0,0,0,0,0,0,0,0,0,0,0,0,88,0,1,0,89,0.0616067104727896
"No",1,1,1,1,0,0,0,0,0,0,0,0,0,0,0,0,0,0,0,0,1,1,1,1,0,0,0,2,91,0,2,0,95,0.203763167229245
"Yes",1,1,1,1,0,0,0,0,0,0,0,0,0,0,0,0,0,0,0,0,0,0,0,0,0,0,0,0,96,0,1,0,97,0.0574179230300603
"Yes",1,1,1,1,1,1,1,1,0,0,0,0,0,0,0,0,0,0,0,0,0,0,0,0,0,0,0,0,95,0,1,0,96,0.0579075174881343
"Yes",1,1,1,1,0,0,0,0,0,0,0,0,1,1,1,1,0,0,0,0,0,0,0,0,0,0,0,0,87,0,1,0,88,0.0621776517174248
"Yes",0,0,0,0,0,0,0,0,0,0,0,0,1,1,1,1,0,0,0,0,0,0,0,0,0,0,0,0,94,0,1,0,95,0.0584062649333791
"Yes",1,1,1,1,0,0,0,0,0,0,0,0,0,0,0,0,0,0,0,0,1,1,1,1,0,0,0,0,96,0,1,0,97,0.0574179230300603
"No",1,1,1,1,0,0,0,0,0,0,0,0,0,0,0,0,0,0,0,0,0,0,0,0,0,0,0,0,96,0,0,0,96,0
"No",1,1,1,1,1,1,1,1,0,0,0,0,0,0,0,0,0,0,0,0,0,0,0,0,0,0,0,0,94,0,1,0,95,0.0584062649333791
"No",1,1,1,1,0,0,0,0,0,0,0,0,1,1,1,1,0,0,0,0,0,0,0,0,0,0,0,0,76,1,3,0,80,0.226632000576813
"No",0,0,0,0,0,0,0,0,0,0,0,0,1,1,1,1,0,0,0,0,0,0,0,0,0,0,0,0,86,3,1,0,90,0.206812955399087
"No",1,1,1,1,0,0,0,0,0,0,0,0,0,0,0,0,0,0,0,0,1,1,1,1,0,0,0,0,91,0,1,0,92,0.0599601521247648
"Yes",1,1,1,1,0,0,0,0,0,0,0,0,0,0,0,0,0,0,0,0,0,0,0,0,0,0,0,1,46,10,3,0,60,0.720358028314715
"Yes",1,1,1,1,1,1,1,1,0,0,0,0,0,0,0,0,0,0,0,0,0,0,0,0,0,0,0,0,55,1,8,0,64,0.455150934590538
"Yes",1,1,1,1,0,0,0,0,0,0,0,0,1,1,1,1,0,0,0,0,0,0,0,0,0,0,0,1,54,0,15,0,70,0.590982505892159
"Yes",0,0,0,0,0,0,0,0,0,0,0,0,1,1,1,1,0,0,0,0,0,0,0,0,0,0,0,0,12,52,5,5,74,0.907066008230775
"Yes",1,1,1,1,0,0,0,0,0,0,0,0,0,0,0,0,0,0,0,0,1,1,1,1,0,0,0,0,10,67,2,0,79,0.494428222210628
"No",1,1,1,1,0,0,0,0,0,0,0,0,0,0,0,0,0,0,0,0,0,0,0,0,0,0,0,0,15,2,45,0,62,0.686701168636746
"No",1,1,1,1,1,1,1,1,0,0,0,0,0,0,0,0,0,0,0,0,0,0,0,0,0,0,0,0,54,0,25,5,84,0.812671278624905
"No",1,1,1,1,0,0,0,0,0,0,0,0,1,1,1,1,0,0,0,0,0,0,0,0,0,0,0,0,10,3,47,1,61,0.712863617020565
"No",0,0,0,0,0,0,0,0,0,0,0,0,1,1,1,1,0,0,0,0,0,0,0,0,0,0,0,0,69,2,5,0,76,0.362485541069209
"No",1,1,1,1,0,0,0,0,0,0,0,0,0,0,0,0,0,0,0,0,1,1,1,1,0,0,0,0,59,1,10,0,70,0.482772954615389
"No",1,1,1,1,0,0,0,0,0,0,0,0,0,0,0,0,0,0,0,0,0,0,0,0,3,0,0,0,45,0,15,0,63,0.727001362547059
"No",1,1,1,1,1,1,1,1,0,0,0,0,0,0,0,0,0,0,0,0,0,0,0,0,0,0,0,0,53,15,25,2,95,1.04961989773085
"No",1,1,1,1,0,0,0,0,0,0,0,0,1,1,1,1,0,0,0,0,0,0,0,0,10,0,0,0,43,1,10,0,64,0.91226891406742
"No",0,0,0,0,0,0,0,0,0,0,0,0,1,1,1,1,0,0,0,0,0,0,0,0,0,0,0,0,68,1,0,0,69,0.0757510850034151
"No",1,1,1,1,0,0,0,0,0,0,0,0,0,0,0,0,0,0,0,0,1,1,1,1,1,0,0,0,61,0,0,0,62,0.082564938035866
"No",1,1,1,1,0,0,0,0,0,0,0,0,0,0,0,0,0,0,0,0,0,0,0,0,6,0,4,0,8,0,10,0,28,1.33373602720281
"No",1,1,1,1,1,1,1,1,0,0,0,0,0,0,0,0,0,0,0,0,0,0,0,0,0,0,0,0,67,1,10,0,78,0.4497824622135
"No",1,1,1,1,0,0,0,0,0,0,0,0,1,1,1,1,0,0,0,0,0,0,0,0,1,0,0,0,47,5,10,0,63,0.777579523653696
"No",0,0,0,0,0,0,0,0,0,0,0,0,1,1,1,1,0,0,0,0,0,0,0,0,0,0,0,0,35,1,5,0,41,0.482245927331138
"No",1,1,1,1,0,0,0,0,0,0,0,0,0,0,0,0,0,0,0,0,1,1,1,1,5,5,0,0,12,0,10,0,32,1.31138871993293
"No",1,1,1,1,0,0,0,0,0,0,0,0,0,0,0,0,0,0,0,0,0,0,0,0,3,0,0,0,49,0,8,0,60,0.583835165441039
"No",1,1,1,1,1,1,1,1,0,0,0,0,0,0,0,0,0,0,0,0,0,0,0,0,1,0,0,0,68,10,15,0,94,0.813793421648207
"No",1,1,1,1,0,0,0,0,0,0,0,0,1,1,1,1,0,0,0,0,0,0,0,0,8,0,0,0,79,0,12,0,99,0.63915224936904
"No",0,0,0,0,0,0,0,0,0,0,0,0,1,1,1,1,0,0,0,0,0,0,0,0,0,0,0,0,78,2,12,0,92,0.48887050487117
"No",1,1,1,1,0,0,0,0,0,0,0,0,0,0,0,0,0,0,0,0,1,1,1,1,1,0,0,0,59,0,10,0,70,0.482772954615389
"No",1,1,1,1,0,0,0,0,0,0,0,0,0,0,0,0,0,0,0,0,0,0,0,0,15,0,0,0,60,0,10,0,85,0.803742107316203
"No",1,1,1,1,1,1,1,1,0,0,0,0,0,0,0,0,0,0,0,0,0,0,0,0,1,0,0,0,32,10,15,0,58,1.05095761682116
"No",1,1,1,1,0,0,0,0,0,0,0,0,1,1,1,1,0,0,0,0,0,0,0,0,8,0,0,0,31,5,30,5,79,1.31603726706596
"No",0,0,0,0,0,0,0,0,0,0,0,0,1,1,1,1,0,0,0,0,0,0,0,0,0,0,0,0,48,8,15,0,71,0.839103343611025
"No",1,1,1,1,0,0,0,0,0,0,0,0,0,0,0,0,0,0,0,0,1,1,1,1,20,1,8,1,10,0,5,0,45,1.41503541651189
"No",1,1,1,1,0,0,0,0,0,0,0,0,0,0,0,0,0,0,0,0,0,0,0,0,1,0,0,0,79,0,10,0,90,0.40856265616543
"No",1,1,1,1,1,1,1,1,0,0,0,0,0,0,0,0,0,0,0,0,0,0,0,0,1,0,0,0,76,0,5,1,83,0.356395747267301
"No",1,1,1,1,0,0,0,0,0,0,0,0,1,1,1,1,0,0,0,0,0,0,0,0,1,0,0,0,86,1,1,0,89,0.184435611554593
"No",0,0,0,0,0,0,0,0,0,0,0,0,1,1,1,1,0,0,0,0,0,0,0,0,0,0,0,0,78,1,1,0,80,0.13423552865153
"No",1,1,1,1,0,0,0,0,0,0,0,0,0,0,0,0,0,0,0,0,1,1,1,1,1,0,0,0,74,1,8,0,84,0.441098355622513
"No",1,1,1,1,0,0,0,0,0,0,0,0,0,0,0,0,0,0,0,0,0,0,0,0,10,5,42,1,0,7,0,0,65,1.0716713390741
"No",1,1,1,1,1,1,1,1,0,0,0,0,0,0,0,0,0,0,0,0,0,0,0,0,10,10,35,0,0,5,15,0,75,1.39539709232679
"No",1,1,1,1,0,0,0,0,0,0,0,0,1,1,1,1,0,0,0,0,0,0,0,0,10,0,5,10,0,8,6,0,39,1.57420316995379
"No",0,0,0,0,0,0,0,0,0,0,0,0,1,1,1,1,0,0,0,0,0,0,0,0,0,0,0,0,5,0,80,0,85,0.223718076065834
"No",1,1,1,1,0,0,0,0,0,0,0,0,0,0,0,0,0,0,0,0,1,1,1,1,15,15,42,1,0,5,1,1,80,1.30364139013465
"Yes",1,1,1,1,0,0,0,0,0,0,0,0,0,0,0,0,0,0,0,0,0,0,0,0,16,13,16,10,0,26,2,2,85,1.70646148708547
"Yes",1,1,1,1,1,1,1,1,0,0,0,0,0,0,0,0,0,0,0,0,0,0,0,0,12,0,45,5,1,2,15,0,80,1.24236502496208
"Yes",1,1,1,1,0,0,0,0,0,0,0,0,1,1,1,1,0,0,0,0,0,0,0,0,0,8,20,5,0,30,10,4,77,1.54894415963325
"Yes",0,0,0,0,0,0,0,0,0,0,0,0,1,1,1,1,0,0,0,0,0,0,0,0,0,0,0,0,8,32,40,5,85,1.11157538649316
"Yes",1,1,1,1,0,0,0,0,0,0,0,0,0,0,0,0,0,0,0,0,1,1,1,1,10,12,38,10,0,0,0,0,70,1.18994016023594
"No",1,1,1,1,0,0,0,0,0,0,0,0,0,0,0,0,0,0,0,0,0,0,0,0,30,0,25,0,5,10,0,10,80,1.42444277850362
"No",1,1,1,1,1,1,1,1,0,0,0,0,0,0,0,0,0,0,0,0,0,0,0,0,5,0,12,0,30,0,33,0,80,1.19094238045032
"No",1,1,1,1,0,0,0,0,0,0,0,0,1,1,1,1,0,0,0,0,0,0,0,0,0,15,25,0,10,5,35,0,90,1.42644443385828
"No",0,0,0,0,0,0,0,0,0,0,0,0,1,1,1,1,0,0,0,0,0,0,0,0,0,0,0,0,0,10,73,0,83,0.367884100160779
"No",1,1,1,1,0,0,0,0,0,0,0,0,0,0,0,0,0,0,0,0,1,1,1,1,10,20,35,0,20,0,0,0,85,1.29803567973467
"Yes",1,1,1,1,0,0,0,0,0,0,0,0,0,0,0,0,0,0,0,0,0,0,0,0,0,12,5,0,47,0,1,0,65,0.80787947543411
"Yes",1,1,1,1,1,1,1,1,0,0,0,0,0,0,0,0,0,0,0,0,0,0,0,0,1,8,0,0,8,15,68,0,100,0.996986769634234
"Yes",1,1,1,1,0,0,0,0,0,0,0,0,1,1,1,1,0,0,0,0,0,0,0,0,0,6,7,0,5,12,60,0,90,1.0787133264224
"Yes",0,0,0,0,0,0,0,0,0,0,0,0,1,1,1,1,0,0,0,0,0,0,0,0,0,0,0,0,15,10,65,0,90,0.777789931555932
"Yes",1,1,1,1,0,0,0,0,0,0,0,0,0,0,0,0,0,0,0,0,1,1,1,1,5,0,12,1,40,12,5,0,75,1.34032388841884
"No",1,1,1,1,0,0,0,0,0,0,0,0,0,0,0,0,0,0,0,0,0,0,0,0,10,16,12,20,5,12,8,0,83,1.86917316867156
"No",1,1,1,1,1,1,1,1,0,0,0,0,0,0,0,0,0,0,0,0,0,0,0,0,2,10,3,10,1,2,32,0,60,1.37728328992683
"No",1,1,1,1,0,0,0,0,0,0,0,0,1,1,1,1,0,0,0,0,0,0,0,0,2,3,0,0,5,10,58,0,78,0.879005412190521
"No",0,0,0,0,0,0,0,0,0,0,0,0,1,1,1,1,0,0,0,0,0,0,0,0,6,0,0,0,0,10,56,0,72,0.676720251981651
"No",1,1,1,1,0,0,0,0,0,0,0,0,0,0,0,0,0,0,0,0,1,1,1,1,12,25,20,0,0,15,28,0,100,1.56389118407129
"Yes",1,1,1,1,0,0,0,0,0,0,0,0,0,0,0,0,0,0,0,0,0,0,0,0,15,43,8,6,0,8,8,0,88,1.48859236212547
"Yes",1,1,1,1,1,1,1,1,0,0,0,0,0,0,0,0,0,0,0,0,0,0,0,0,3,17,15,5,5,3,32,0,80,1.60233936453101
"Yes",1,1,1,1,0,0,0,0,0,0,0,0,1,1,1,1,0,0,0,0,0,0,0,0,6,45,12,4,0,8,10,0,85,1.41822996989799
"Yes",0,0,0,0,0,0,0,0,0,0,0,0,1,1,1,1,0,0,0,0,0,0,0,0,0,0,0,0,0,2,64,0,66,0.135793958751594
"Yes",1,1,1,1,0,0,0,0,0,0,0,0,0,0,0,0,0,0,0,0,1,1,1,1,8,35,4,33,0,8,12,0,100,1.52059965009473
"No",1,1,1,1,0,0,0,0,0,0,0,0,0,0,0,0,0,0,0,0,0,0,0,0,15,25,20,0,0,25,10,0,95,1.55908698990619
"No",1,1,1,1,1,1,1,1,0,0,0,0,0,0,0,0,0,0,0,0,0,0,0,0,1,10,6,0,1,25,20,0,63,1.37864347499322
"No",1,1,1,1,0,0,0,0,0,0,0,0,1,1,1,1,0,0,0,0,0,0,0,0,10,38,17,0,0,10,15,0,90,1.46575016149724
"No",0,0,0,0,0,0,0,0,0,0,0,0,1,1,1,1,0,0,0,0,0,0,0,0,5,0,0,0,1,1,78,0,85,0.350057397149626
"No",1,1,1,1,0,0,0,0,0,0,0,0,0,0,0,0,0,0,0,0,1,1,1,1,10,38,13,10,1,10,10,0,92,1.65574488752334
"Yes",1,1,1,1,0,0,0,0,0,0,0,0,0,0,0,0,0,0,0,0,0,0,0,0,10,15,10,0,0,18,32,0,85,1.50614895757107
"Yes",1,1,1,1,1,1,1,1,0,0,0,0,0,0,0,0,0,0,0,0,0,0,0,0,12,2,1,0,0,5,62,0,82,0.80751564246496
"Yes",1,1,1,1,0,0,0,0,0,0,0,0,1,1,1,1,0,0,0,0,0,0,0,0,10,14,3,4,0,1,68,0,100,1.04776826791796
"Yes",0,0,0,0,0,0,0,0,0,0,0,0,1,1,1,1,0,0,0,0,0,0,0,0,0,0,0,0,0,25,47,1,73,0.709242552078833
"Yes",1,1,1,1,0,0,0,0,0,0,0,0,0,0,0,0,0,0,0,0,1,1,1,1,6,10,15,20,2,8,29,0,90,1.72219620369595
"No",1,1,1,1,0,0,0,0,0,0,0,0,0,0,0,0,0,0,0,0,0,0,0,0,6,54,0,0,10,0,30,0,100,1.09299550889165
"No",1,1,1,1,1,1,1,1,0,0,0,0,0,0,0,0,0,0,0,0,0,0,0,0,0,6,0,0,30,0,64,0,100,0.815620229985571
"No",1,1,1,1,0,0,0,0,0,0,0,0,1,1,1,1,0,0,0,0,0,0,0,0,2,2,1,10,12,25,18,0,70,1.56112514614261
"No",0,0,0,0,0,0,0,0,0,0,0,0,1,1,1,1,0,0,0,0,0,0,0,0,0,0,0,0,10,15,40,0,65,0.925129083572082
"No",1,1,1,1,0,0,0,0,0,0,0,0,0,0,0,0,0,0,0,0,1,1,1,1,5,8,15,16,10,3,25,0,82,1.76698171207366
"Yes",1,1,1,1,0,0,0,0,0,0,0,0,0,0,0,0,0,0,0,0,0,0,0,0,2,4,10,2,65,1,6,0,90,1.0172613763831
"Yes",1,1,1,1,1,1,1,1,0,0,0,0,0,0,0,0,0,0,0,0,0,0,0,0,3,0,0,5,25,5,46,0,84,1.14534518157488
"Yes",1,1,1,1,0,0,0,0,0,0,0,0,1,1,1,1,0,0,0,0,0,0,0,0,1,12,8,8,15,2,37,0,83,1.5429254920156
"Yes",0,0,0,0,0,0,0,0,0,0,0,0,1,1,1,1,0,0,0,0,0,0,0,0,0,0,0,0,25,0,65,0,90,0.590842246275583
"Yes",1,1,1,1,0,0,0,0,0,0,0,0,0,0,0,0,0,0,0,0,1,1,1,1,10,12,8,3,24,12,5,0,74,1.77818048219313
"No",1,1,1,1,0,0,0,0,0,0,0,0,0,0,0,0,0,0,0,0,0,0,0,0,15,52,0,0,15,0,0,0,82,0.910302425321564
"No",1,1,1,1,1,1,1,1,0,0,0,0,0,0,0,0,0,0,0,0,0,0,0,0,10,8,0,0,5,0,57,0,80,0.904995446022394
"No",1,1,1,1,0,0,0,0,0,0,0,0,1,1,1,1,0,0,0,0,0,0,0,0,6,12,0,5,1,0,12,0,36,1.40475488366581
"No",0,0,0,0,0,0,0,0,0,0,0,0,1,1,1,1,0,0,0,0,0,0,0,0,0,0,0,0,18,0,30,0,48,0.661563238157982
"No",1,1,1,1,0,0,0,0,0,0,0,0,0,0,0,0,0,0,0,0,1,1,1,1,5,12,0,0,75,0,8,0,100,0.822038083905207
"Yes",1,1,1,1,0,0,0,0,0,0,0,0,0,0,0,0,0,0,0,0,0,0,0,0,12,25,0,10,15,15,1,0,78,1.60596353973872
"Yes",1,1,1,1,1,1,1,1,0,0,0,0,0,0,0,0,0,0,0,0,0,0,0,0,15,2,0,0,25,0,23,0,65,1.18061327042289
"Yes",1,1,1,1,0,0,0,0,0,0,0,0,1,1,1,1,0,0,0,0,0,0,0,0,10,44,7,3,8,0,18,0,90,1.4430360402491
"Yes",0,0,0,0,0,0,0,0,0,0,0,0,1,1,1,1,0,0,0,0,0,0,0,0,0,0,0,0,10,5,70,0,85,0.578325286660127
"Yes",1,1,1,1,0,0,0,0,0,0,0,0,0,0,0,0,0,0,0,0,1,1,1,1,8,25,10,5,39,1,0,0,88,1.39711667077013
"No",1,1,1,1,0,0,0,0,0,0,0,0,0,0,0,0,0,0,0,0,0,0,0,0,2,10,0,1,84,0,1,0,98,0.538020984855279
"No",1,1,1,1,1,1,1,1,0,0,0,0,0,0,0,0,0,0,0,0,0,0,0,0,0,5,0,0,79,0,6,0,90,0.455541595636559
"No",1,1,1,1,0,0,0,0,0,0,0,0,1,1,1,1,0,0,0,0,0,0,0,0,3,10,0,0,70,5,5,0,93,0.878720634403354
"No",0,0,0,0,0,0,0,0,0,0,0,0,1,1,1,1,0,0,0,0,0,0,0,0,0,0,0,0,30,0,20,0,50,0.673011667009257
"No",1,1,1,1,0,0,0,0,0,0,0,0,0,0,0,0,0,0,0,0,1,1,1,1,0,0,0,0,80,4,6,0,90,0.423611169955172
"Yes",1,1,1,1,0,0,0,0,0,0,0,0,0,0,0,0,0,0,0,0,0,0,0,0,6,12,0,0,70,0,0,0,88,0.636835637702304
"Yes",1,1,1,1,1,1,1,1,0,0,0,0,0,0,0,0,0,0,0,0,0,0,0,0,0,13,0,0,22,0,20,0,55,1.07529825628769
"Yes",1,1,1,1,0,0,0,0,0,0,0,0,1,1,1,1,0,0,0,0,0,0,0,0,0,10,0,6,74,0,10,0,100,0.852139430264513
"Yes",0,0,0,0,0,0,0,0,0,0,0,0,1,1,1,1,0,0,0,0,0,0,0,0,0,0,0,0,35,0,37,0,72,0.692761328460975
"Yes",1,1,1,1,0,0,0,0,0,0,0,0,0,0,0,0,0,0,0,0,1,1,1,1,4,55,0,1,20,0,0,0,80,0.808737283382066
"No",1,1,1,1,0,0,0,0,0,0,0,0,0,0,0,0,0,0,0,0,0,0,0,0,15,25,0,0,55,0,5,0,100,1.10973855210615
"No",1,1,1,1,1,1,1,1,0,0,0,0,0,0,0,0,0,0,0,0,0,0,0,0,3,8,0,2,8,0,56,0,77,0.923378271526801
"No",1,1,1,1,0,0,0,0,0,0,0,0,1,1,1,1,0,0,0,0,0,0,0,0,3,10,0,0,52,0,25,0,90,1.03027348384266
"No",0,0,0,0,0,0,0,0,0,0,0,0,1,1,1,1,0,0,0,0,0,0,0,0,0,0,0,0,43,0,45,0,88,0.692888893859029
"No",1,1,1,1,0,0,0,0,0,0,0,0,0,0,0,0,0,0,0,0,1,1,1,1,4,27,0,4,58,6,1,0,100,1.14182816900672
"Yes",1,1,1,1,0,0,0,0,0,0,0,0,0,0,0,0,0,0,0,0,0,0,0,0,2,12,1,0,75,0,0,0,90,0.555178751732496
"Yes",1,1,1,1,1,1,1,1,0,0,0,0,0,0,0,0,0,0,0,0,0,0,0,0,0,0,0,0,80,0,20,0,100,0.500402423538188
"Yes",1,1,1,1,0,0,0,0,0,0,0,0,1,1,1,1,0,0,0,0,0,0,0,0,0,8,0,0,42,0,25,0,75,0.929627421229041
"Yes",0,0,0,0,0,0,0,0,0,0,0,0,1,1,1,1,0,0,0,0,0,0,0,0,0,0,0,0,89,1,10,0,100,0.380025307627082
"Yes",1,1,1,1,0,0,0,0,0,0,0,0,0,0,0,0,0,0,0,0,1,1,1,1,0,22,0,0,78,0,0,0,100,0.52690796143138
"No",1,1,1,1,0,0,0,0,0,0,0,0,0,0,0,0,0,0,0,0,0,0,0,0,0,20,0,0,71,2,2,0,95,0.708218939355772
"No",1,1,1,1,1,1,1,1,0,0,0,0,0,0,0,0,0,0,0,0,0,0,0,0,10,12,0,0,20,0,46,0,88,1.19464499133077
"No",1,1,1,1,0,0,0,0,0,0,0,0,1,1,1,1,0,0,0,0,0,0,0,0,0,6,0,11,30,5,48,0,100,1.27488854247045
"No",0,0,0,0,0,0,0,0,0,0,0,0,1,1,1,1,0,0,0,0,0,0,0,0,0,0,0,0,35,5,28,7,75,1.12538852630174
"No",1,1,1,1,0,0,0,0,0,0,0,0,0,0,0,0,0,0,0,0,1,1,1,1,5,14,0,3,20,3,15,0,60,1.55899348894867
"Yes",1,1,1,1,0,0,0,0,0,0,0,0,0,0,0,0,0,0,0,0,0,0,0,0,0,5,0,0,78,2,0,0,85,0.333748051724687
"Yes",1,1,1,1,1,1,1,1,0,0,0,0,0,0,0,0,0,0,0,0,0,0,0,0,0,28,0,0,16,0,56,0,100,0.974341780768986
"Yes",1,1,1,1,0,0,0,0,0,0,0,0,1,1,1,1,0,0,0,0,0,0,0,0,0,1,0,2,24,5,40,8,80,1.25830805530342
"Yes",0,0,0,0,0,0,0,0,0,0,0,0,1,1,1,1,0,0,0,0,0,0,0,0,0,0,0,0,50,0,35,0,85,0.677494404448707
"Yes",1,1,1,1,0,0,0,0,0,0,0,0,0,0,0,0,0,0,0,0,1,1,1,1,0,0,0,0,65,5,4,1,75,0.518454252871424
"No",1,1,1,1,0,0,0,0,0,0,0,0,0,0,0,0,0,0,0,0,0,0,0,0,17,28,0,0,12,6,15,0,78,1.50213776562268
"No",1,1,1,1,1,1,1,1,0,0,0,0,0,0,0,0,0,0,0,0,0,0,0,0,0,15,0,0,12,0,63,0,90,0.81695277503409
"No",1,1,1,1,0,0,0,0,0,0,0,0,1,1,1,1,0,0,0,0,0,0,0,0,0,10,0,6,38,1,35,0,90,1.20601118180759
"No",0,0,0,0,0,0,0,0,0,0,0,0,1,1,1,1,0,0,0,0,0,0,0,0,0,0,0,0,35,1,52,0,88,0.728452092678619
"No",1,1,1,1,0,0,0,0,0,0,0,0,0,0,0,0,0,0,0,0,1,1,1,1,6,10,0,5,43,8,8,0,80,1.42169829780913
"Yes",1,1,1,1,0,0,0,0,0,0,0,0,0,0,0,0,0,0,0,0,0,0,0,0,10,68,0,0,10,0,0,0,88,0.693493339343477
"Yes",1,1,1,1,1,1,1,1,0,0,0,0,0,0,0,0,0,0,0,0,0,0,0,0,4,12,0,0,8,0,61,0,85,0.880734841314478
"Yes",1,1,1,1,0,0,0,0,0,0,0,0,1,1,1,1,0,0,0,0,0,0,0,0,12,17,0,0,3,2,37,0,71,1.21662916378255
"Yes",0,0,0,0,0,0,0,0,0,0,0,0,1,1,1,1,0,0,0,0,0,0,0,0,0,0,0,0,12,0,82,0,94,0.381913313406974
"Yes",1,1,1,1,0,0,0,0,0,0,0,0,0,0,0,0,0,0,0,0,1,1,1,1,35,25,0,6,15,5,0,0,86,1.38077081755692
"No",1,1,1,1,0,0,0,0,0,0,0,0,0,0,0,0,0,0,0,0,0,0,0,0,1,0,0,0,10,10,0,3,24,1.12190638343606
"No",1,1,1,1,1,1,1,1,0,0,0,0,0,0,0,0,0,0,0,0,0,0,0,0,0,0,0,0,20,8,32,3,63,1.11536387623099
"No",1,1,1,1,0,0,0,0,0,0,0,0,1,1,1,1,0,0,0,0,0,0,0,0,15,5,0,12,0,3,2,43,80,1.32076965244754
"No",0,0,0,0,0,0,0,0,0,0,0,0,1,1,1,1,0,0,0,0,0,0,0,0,12,5,0,5,0,10,1,25,58,1.48439119203879
"No",1,1,1,1,0,0,0,0,0,0,0,0,0,0,0,0,0,0,0,0,1,1,1,1,10,5,1,10,10,10,3,0,49,1.78066866243845
"Yes",1,1,1,1,0,0,0,0,0,0,0,0,0,0,0,0,0,0,0,0,0,0,0,0,4,0,0,1,20,8,0,0,33,1.00876952361805
"Yes",1,1,1,1,1,1,1,1,0,0,0,0,0,0,0,0,0,0,0,0,0,0,0,0,2,0,0,3,40,12,32,0,89,1.19695391940934
"Yes",1,1,1,1,0,0,0,0,0,0,0,0,1,1,1,1,0,0,0,0,0,0,0,0,10,6,0,26,4,5,0,4,55,1.50507023641434
"Yes",0,0,0,0,0,0,0,0,0,0,0,0,1,1,1,1,0,0,0,0,0,0,0,0,0,0,0,0,5,5,5,15,30,1.242453324894
"Yes",1,1,1,1,0,0,0,0,0,0,0,0,0,0,0,0,0,0,0,0,1,1,1,1,10,5,0,5,2,8,5,0,35,1.69279816688911
"No",1,1,1,1,0,0,0,0,0,0,0,0,0,0,0,0,0,0,0,0,0,0,0,0,10,0,0,3,23,3,6,0,45,1.30700807991059
"No",1,1,1,1,1,1,1,1,0,0,0,0,0,0,0,0,0,0,0,0,0,0,0,0,0,0,0,8,0,15,10,42,75,1.15396464356546
"No",1,1,1,1,0,0,0,0,0,0,0,0,1,1,1,1,0,0,0,0,0,0,0,0,8,0,0,1,5,5,0,10,29,1.44468333385819
"No",0,0,0,0,0,0,0,0,0,0,0,0,1,1,1,1,0,0,0,0,0,0,0,0,0,0,0,0,50,1,4,10,65,0.725584521498294
"No",1,1,1,1,0,0,0,0,0,0,0,0,0,0,0,0,0,0,0,0,1,1,1,1,0,0,0,12,40,6,8,0,66,1.08722827065036
"Yes",1,1,1,1,0,0,0,0,0,0,0,0,0,0,0,0,0,0,0,0,0,0,0,0,12,0,0,12,0,3,0,0,27,0.964962923007428
"Yes",1,1,1,1,1,1,1,1,0,0,0,0,0,0,0,0,0,0,0,0,0,0,0,0,0,0,0,6,20,12,15,22,75,1.52938452587871
"Yes",1,1,1,1,0,0,0,0,0,0,0,0,1,1,1,1,0,0,0,0,0,0,0,0,1,4,0,15,0,8,5,10,43,1.57807213228514
"Yes",0,0,0,0,0,0,0,0,0,0,0,0,1,1,1,1,0,0,0,0,0,0,0,0,0,0,0,0,20,4,1,20,45,1.02056319228945
"Yes",1,1,1,1,0,0,0,0,0,0,0,0,0,0,0,0,0,0,0,0,1,1,1,1,0,0,0,12,1,11,2,1,27,1.1631693786207
"No",1,1,1,1,0,0,0,0,0,0,0,0,0,0,0,0,0,0,0,0,0,0,0,0,5,0,0,14,0,8,0,0,27,1.01326188414422
"No",1,1,1,1,1,1,1,1,0,0,0,0,0,0,0,0,0,0,0,0,0,0,0,0,0,0,0,1,48,1,40,0,90,0.795667151573196
"No",1,1,1,1,0,0,0,0,0,0,0,0,1,1,1,1,0,0,0,0,0,0,0,0,0,0,0,5,35,20,0,0,60,0.887694275799104
"No",0,0,0,0,0,0,0,0,0,0,0,0,1,1,1,1,0,0,0,0,0,0,0,0,0,0,0,0,22,10,0,8,40,0.997271523182384
"No",1,1,1,1,0,0,0,0,0,0,0,0,0,0,0,0,0,0,0,0,1,1,1,1,2,0,0,3,57,0,8,0,70,0.651758301661755
"Yes",1,1,1,1,0,0,0,0,0,0,0,0,0,0,0,0,0,0,0,0,0,0,0,0,2,0,0,1,60,0,0,0,63,0.221754280447947
"Yes",1,1,1,1,1,1,1,1,0,0,0,0,0,0,0,0,0,0,0,0,0,0,0,0,0,0,0,0,34,1,40,0,75,0.751468966849551
"Yes",1,1,1,1,0,0,0,0,0,0,0,0,1,1,1,1,0,0,0,0,0,0,0,0,8,12,0,2,0,5,5,0,32,1.46776447728861
"Yes",0,0,0,0,0,0,0,0,0,0,0,0,1,1,1,1,0,0,0,0,0,0,0,0,0,0,0,0,1,18,0,25,44,0.772858105194716
"Yes",1,1,1,1,0,0,0,0,0,0,0,0,0,0,0,0,0,0,0,0,1,1,1,1,10,0,0,15,36,5,2,0,68,1.24764344555575
"No",1,1,1,1,0,0,0,0,0,0,0,0,0,0,0,0,0,0,0,0,0,0,0,0,4,0,0,13,38,10,15,0,80,1.37247167082943
"No",1,1,1,1,1,1,1,1,0,0,0,0,0,0,0,0,0,0,0,0,0,0,0,0,0,0,0,0,40,1,58,1,100,0.774561458225594
"No",1,1,1,1,0,0,0,0,0,0,0,0,1,1,1,1,0,0,0,0,0,0,0,0,9,0,0,15,12,18,0,18,72,1.57849893437332
"No",0,0,0,0,0,0,0,0,0,0,0,0,1,1,1,1,0,0,0,0,0,0,0,0,2,0,0,0,2,3,80,1,88,0.424716855817358
"No",1,1,1,1,0,0,0,0,0,0,0,0,0,0,0,0,0,0,0,0,1,1,1,1,20,0,0,44,13,3,5,0,85,1.25316469838846
"Yes",1,1,1,1,0,0,0,0,0,0,0,0,0,0,0,0,0,0,0,0,0,0,0,0,5,3,0,13,0,0,0,0,21,0.916552529381765
"Yes",1,1,1,1,1,1,1,1,0,0,0,0,0,0,0,0,0,0,0,0,0,0,0,0,0,0,0,1,25,3,61,0,90,0.782798134749361
"Yes",1,1,1,1,0,0,0,0,0,0,0,0,1,1,1,1,0,0,0,0,0,0,0,0,2,0,0,10,16,3,6,43,80,1.32513209088522
"Yes",0,0,0,0,0,0,0,0,0,0,0,0,1,1,1,1,0,0,0,0,0,0,0,0,0,0,0,0,15,6,0,48,69,0.796585369010589
"Yes",1,1,1,1,0,0,0,0,0,0,0,0,0,0,0,0,0,0,0,0,1,1,1,1,3,3,0,39,30,0,0,0,75,0.964068121790583
"No",1,1,1,1,0,0,0,0,0,0,0,0,0,0,0,0,0,0,0,0,0,0,0,0,2,0,0,8,0,0,6,37,53,0.906587266801873
"No",1,1,1,1,1,1,1,1,0,0,0,0,0,0,0,0,0,0,0,0,0,0,0,0,0,0,0,0,17,5,20,32,74,1.23609197466637
"No",1,1,1,1,0,0,0,0,0,0,0,0,1,1,1,1,0,0,0,0,0,0,0,0,0,0,0,6,51,0,15,8,80,1.02540226674537
"No",0,0,0,0,0,0,0,0,0,0,0,0,1,1,1,1,0,0,0,0,0,0,0,0,0,0,0,0,11,3,10,5,29,1.27261564519691
"No",1,1,1,1,0,0,0,0,0,0,0,0,0,0,0,0,0,0,0,0,1,1,1,1,1,0,0,5,0,10,12,0,28,1.1574930712621
"Yes",1,1,1,1,0,0,0,0,0,0,0,0,0,0,0,0,0,0,0,0,0,0,0,0,8,0,0,16,0,0,3,2,29,1.10249986045546
"Yes",1,1,1,1,1,1,1,1,0,0,0,0,0,0,0,0,0,0,0,0,0,0,0,0,0,0,0,0,15,0,75,10,100,0.730588061371122
"Yes",1,1,1,1,0,0,0,0,0,0,0,0,1,1,1,1,0,0,0,0,0,0,0,0,5,0,0,7,15,0,13,35,75,1.38321028125337
"Yes",0,0,0,0,0,0,0,0,0,0,0,0,1,1,1,1,0,0,0,0,0,0,0,0,0,0,0,0,1,20,0,25,46,0.776760068385077
"Yes",1,1,1,1,0,0,0,0,0,0,0,0,0,0,0,0,0,0,0,0,1,1,1,1,8,0,0,1,60,1,15,0,85,0.878922326098577
"No",1,1,1,1,0,0,0,0,0,0,0,0,0,0,0,0,0,0,0,0,0,0,0,0,16,2,0,1,0,0,0,0,19,0.536664562484525
"No",1,1,1,1,1,1,1,1,0,0,0,0,0,0,0,0,0,0,0,0,0,0,0,0,0,0,0,0,3,30,5,20,58,1.0726224355616
"No",1,1,1,1,0,0,0,0,0,0,0,0,1,1,1,1,0,0,0,0,0,0,0,0,14,0,0,0,7,30,0,10,61,1.23169442093059
"No",0,0,0,0,0,0,0,0,0,0,0,0,1,1,1,1,0,0,0,0,0,0,0,0,0,0,0,0,4,35,16,10,65,1.13793142247431
"No",1,1,1,1,0,0,0,0,0,0,0,0,0,0,0,0,0,0,0,0,1,1,1,1,15,0,0,0,0,18,2,0,35,0.868669803781299
"No",1,1,1,1,0,0,0,0,0,0,0,0,0,0,0,0,0,0,0,0,0,0,0,0,28,3,0,0,0,1,0,0,32,0.447062054333788
"No",1,1,1,1,1,1,1,1,0,0,0,0,0,0,0,0,0,0,0,0,0,0,0,0,6,1,0,0,0,44,10,15,76,1.16097670009889
"No",1,1,1,1,0,0,0,0,0,0,0,0,1,1,1,1,0,0,0,0,0,0,0,0,13,0,0,0,8,12,23,5,61,1.4885409083301
"No",0,0,0,0,0,0,0,0,0,0,0,0,1,1,1,1,0,0,0,0,0,0,0,0,0,0,0,0,10,30,19,6,65,1.22428465759816
"No",1,1,1,1,0,0,0,0,0,0,0,0,0,0,0,0,0,0,0,0,1,1,1,1,30,0,0,0,0,0,0,0,30,0
"No",1,1,1,1,0,0,0,0,0,0,0,0,0,0,0,0,0,0,0,0,0,0,0,0,28,0,0,0,0,0,0,0,28,0
"No",1,1,1,1,1,1,1,1,0,0,0,0,0,0,0,0,0,0,0,0,0,0,0,0,4,0,0,0,18,15,31,12,80,1.45121281917839
"No",1,1,1,1,0,0,0,0,0,0,0,0,1,1,1,1,0,0,0,0,0,0,0,0,4,1,0,0,15,30,31,12,93,1.47373567543957
"No",0,0,0,0,0,0,0,0,0,0,0,0,1,1,1,1,0,0,0,0,0,0,0,0,9,0,0,0,12,12,37,0,70,1.20539890549544
"No",1,1,1,1,0,0,0,0,0,0,0,0,0,0,0,0,0,0,0,0,1,1,1,1,32,3,0,0,0,0,0,0,35,0.292508468472397
"No",1,1,1,1,0,0,0,0,0,0,0,0,0,0,0,0,0,0,0,0,0,0,0,0,35,1,0,0,9,0,3,0,48,0.798116839779562
"No",1,1,1,1,1,1,1,1,0,0,0,0,0,0,0,0,0,0,0,0,0,0,0,0,0,0,0,0,25,25,30,10,90,1.32197007451676
"No",1,1,1,1,0,0,0,0,0,0,0,0,1,1,1,1,0,0,0,0,0,0,0,0,4,0,0,0,55,12,18,6,95,1.20077551384032
"No",0,0,0,0,0,0,0,0,0,0,0,0,1,1,1,1,0,0,0,0,0,0,0,0,0,0,0,0,42,15,25,8,90,1.22525072655717
"No",1,1,1,1,0,0,0,0,0,0,0,0,0,0,0,0,0,0,0,0,1,1,1,1,22,5,0,1,0,0,4,0,32,0.91588274715807
"No",1,1,1,1,0,0,0,0,0,0,0,0,0,0,0,0,0,0,0,0,0,0,0,0,30,2,0,0,0,0,0,0,32,0.233791658706459
"No",1,1,1,1,1,1,1,1,0,0,0,0,0,0,0,0,0,0,0,0,0,0,0,0,1,0,0,0,30,30,9,10,80,1.29611769685268
"No",1,1,1,1,0,0,0,0,0,0,0,0,1,1,1,1,0,0,0,0,0,0,0,0,1,0,0,0,44,20,20,10,95,1.29746125197419
"No",0,0,0,0,0,0,0,0,0,0,0,0,1,1,1,1,0,0,0,0,0,0,0,0,0,0,0,0,25,10,10,5,50,1.22060726455302
"No",1,1,1,1,0,0,0,0,0,0,0,0,0,0,0,0,0,0,0,0,1,1,1,1,23,0,0,0,0,0,0,0,23,0
"Yes",1,1,1,1,0,0,0,0,0,0,0,0,0,0,0,0,0,0,0,0,0,0,0,0,0,25,0,0,29,1,0,0,55,0.76872455448133
"Yes",1,1,1,1,1,1,1,1,0,0,0,0,0,0,0,0,0,0,0,0,0,0,0,0,20,30,0,0,19,3,0,0,72,1.20457244691729
"Yes",1,1,1,1,0,0,0,0,0,0,0,0,1,1,1,1,0,0,0,0,0,0,0,0,8,33,0,0,17,0,3,0,61,1.10299278914393
"Yes",0,0,0,0,0,0,0,0,0,0,0,0,1,1,1,1,0,0,0,0,0,0,0,0,0,0,0,0,54,0,4,0,58,0.25095480435762
"Yes",1,1,1,1,0,0,0,0,0,0,0,0,0,0,0,0,0,0,0,0,1,1,1,1,27,20,0,0,15,0,0,0,62,1.07031190327526
"No",1,1,1,1,0,0,0,0,0,0,0,0,0,0,0,0,0,0,0,0,0,0,0,0,29,25,0,0,10,0,0,0,64,1.01592487052759
"No",1,1,1,1,1,1,1,1,0,0,0,0,0,0,0,0,0,0,0,0,0,0,0,0,16,23,0,0,44,0,0,0,83,1.00941734978924
"No",1,1,1,1,0,0,0,0,0,0,0,0,1,1,1,1,0,0,0,0,0,0,0,0,29,25,0,0,20,1,0,0,75,1.14364651137108
"No",0,0,0,0,0,0,0,0,0,0,0,0,1,1,1,1,0,0,0,0,0,0,0,0,0,0,0,0,76,0,1,0,77,0.0693153717009415
"No",1,1,1,1,0,0,0,0,0,0,0,0,0,0,0,0,0,0,0,0,1,1,1,1,10,75,0,0,15,0,0,0,100,0.730588061371122
"Yes",1,1,1,1,0,0,0,0,0,0,0,0,0,0,0,0,0,0,0,0,0,0,0,0,25,37,0,0,10,1,0,0,73,1.04249082033357
"Yes",1,1,1,1,1,1,1,1,0,0,0,0,0,0,0,0,0,0,0,0,0,0,0,0,10,37,11,0,18,1,0,0,77,1.29142420963693
"Yes",1,1,1,1,0,0,0,0,0,0,0,0,1,1,1,1,0,0,0,0,0,0,0,0,44,28,0,0,4,3,0,0,79,0.968851846292425
"Yes",0,0,0,0,0,0,0,0,0,0,0,0,1,1,1,1,0,0,0,0,0,0,0,0,0,0,0,0,20,0,0,0,20,0
"Yes",1,1,1,1,0,0,0,0,0,0,0,0,0,0,0,0,0,0,0,0,1,1,1,1,24,24,0,0,15,5,0,0,68,1.26047055171427
"No",1,1,1,1,0,0,0,0,0,0,0,0,0,0,0,0,0,0,0,0,0,0,0,0,6,33,8,0,10,10,0,0,67,1.38644574570318
"No",1,1,1,1,1,1,1,1,0,0,0,0,0,0,0,0,0,0,0,0,0,0,0,0,27,18,0,0,18,7,0,0,70,1.29617596048127
"No",1,1,1,1,0,0,0,0,0,0,0,0,1,1,1,1,0,0,0,0,0,0,0,0,12,27,0,5,0,10,0,0,54,1.21343746005161
"No",0,0,0,0,0,0,0,0,0,0,0,0,1,1,1,1,0,0,0,0,0,0,0,0,0,0,0,0,10,12,0,0,22,0.689009238476659
"No",1,1,1,1,0,0,0,0,0,0,0,0,0,0,0,0,0,0,0,0,1,1,1,1,16,15,6,10,15,0,0,0,62,1.55649997642878
"Yes",1,1,1,1,0,0,0,0,0,0,0,0,0,0,0,0,0,0,0,0,0,0,0,0,23,20,0,0,29,3,0,0,75,1.21110906856215
"Yes",1,1,1,1,1,1,1,1,0,0,0,0,0,0,0,0,0,0,0,0,0,0,0,0,0,10,0,0,48,10,2,0,70,0.916271745698222
"Yes",1,1,1,1,0,0,0,0,0,0,0,0,1,1,1,1,0,0,0,0,0,0,0,0,15,10,0,0,46,10,2,0,83,1.23599418037452
"Yes",0,0,0,0,0,0,0,0,0,0,0,0,1,1,1,1,0,0,0,0,0,0,0,0,0,0,0,0,27,10,3,0,40,0.806147374662395
"Yes",1,1,1,1,0,0,0,0,0,0,0,0,0,0,0,0,0,0,0,0,1,1,1,1,17,29,0,4,8,7,0,0,65,1.38025978158996
"No",1,1,1,1,0,0,0,0,0,0,0,0,0,0,0,0,0,0,0,0,0,0,0,0,5,26,0,8,25,8,3,0,75,1.52020149079877
"No",1,1,1,1,1,1,1,1,0,0,0,0,0,0,0,0,0,0,0,0,0,0,0,0,4,20,0,0,33,4,6,0,67,1.2622999820208
"No",1,1,1,1,0,0,0,0,0,0,0,0,1,1,1,1,0,0,0,0,0,0,0,0,30,25,0,3,22,5,0,0,85,1.36201858032999
"No",0,0,0,0,0,0,0,0,0,0,0,0,1,1,1,1,0,0,0,0,0,0,0,0,0,0,0,0,39,10,2,0,51,0.651608976055374
"No",1,1,1,1,0,0,0,0,0,0,0,0,0,0,0,0,0,0,0,0,1,1,1,1,7,4,0,6,65,3,0,0,85,0.859732259873189
"Yes",1,1,1,1,0,0,0,0,0,0,0,0,0,0,0,0,0,0,0,0,0,0,0,0,7,53,0,0,0,0,0,0,60,0.360230521194607
"Yes",1,1,1,1,1,1,1,1,0,0,0,0,0,0,0,0,0,0,0,0,0,0,0,0,0,10,0,1,10,10,0,0,31,1.20567904997478
"Yes",1,1,1,1,0,0,0,0,0,0,0,0,1,1,1,1,0,0,0,0,0,0,0,0,0,24,0,0,15,1,0,0,40,0.76652833049184
"Yes",0,0,0,0,0,0,0,0,0,0,0,0,1,1,1,1,0,0,0,0,0,0,0,0,0,0,0,0,30,1,0,0,31,0.142505867392738
"Yes",1,1,1,1,0,0,0,0,0,0,0,0,0,0,0,0,0,0,0,0,1,1,1,1,12,45,0,0,0,3,0,0,60,0.687435750503355
"No",1,1,1,1,0,0,0,0,0,0,0,0,0,0,0,0,0,0,0,0,0,0,0,0,55,25,0,0,0,0,0,0,80,0.621086374555245
"No",1,1,1,1,1,1,1,1,0,0,0,0,0,0,0,0,0,0,0,0,0,0,0,0,36,20,0,0,18,2,0,0,76,1.14212395530277
"No",1,1,1,1,0,0,0,0,0,0,0,0,1,1,1,1,0,0,0,0,0,0,0,0,34,35,0,2,0,1,0,0,72,0.863892030818849
"No",0,0,0,0,0,0,0,0,0,0,0,0,1,1,1,1,0,0,0,0,0,0,0,0,0,0,0,0,0,4,0,0,4,0
"No",1,1,1,1,0,0,0,0,0,0,0,0,0,0,0,0,0,0,0,0,1,1,1,1,42,30,0,0,0,25,0,0,97,1.07481467912739
"Yes",1,1,1,1,0,0,0,0,0,0,0,0,0,0,0,0,0,0,0,0,0,0,0,0,49,30,0,0,5,1,0,0,85,0.904035896261424
"Yes",1,1,1,1,1,1,1,1,0,0,0,0,0,0,0,0,0,0,0,0,0,0,0,0,20,30,0,0,26,4,0,0,80,1.2294484552491
"Yes",1,1,1,1,0,0,0,0,0,0,0,0,1,1,1,1,0,0,0,0,0,0,0,0,35,35,0,0,0,0,17,0,87,1.05166684103143
"Yes",0,0,0,0,0,0,0,0,0,0,0,0,1,1,1,1,0,0,0,0,0,0,0,0,0,0,0,0,12,7,4,0,23,1.00569298613251
"Yes",1,1,1,1,0,0,0,0,0,0,0,0,0,0,0,0,0,0,0,0,1,1,1,1,20,0,0,40,0,0,0,0,60,0.636514168294813
"No",1,1,1,1,0,0,0,0,0,0,0,0,0,0,0,0,0,0,0,0,0,0,0,0,25,55,3,5,4,0,0,0,92,1.06783830876485
"No",1,1,1,1,1,1,1,1,0,0,0,0,0,0,0,0,0,0,0,0,0,0,0,0,20,18,0,0,6,6,0,0,50,1.2431739905492
"No",1,1,1,1,0,0,0,0,0,0,0,0,1,1,1,1,0,0,0,0,0,0,0,0,22,30,0,10,8,5,0,0,75,1.41418907021235
"No",0,0,0,0,0,0,0,0,0,0,0,0,1,1,1,1,0,0,0,0,0,0,0,0,0,0,0,0,31,2,0,0,33,0.228631873582861
"No",1,1,1,1,0,0,0,0,0,0,0,0,0,0,0,0,0,0,0,0,1,1,1,1,35,45,0,2,16,0,0,0,98,1.10042964082618
"Yes",1,1,1,1,0,0,0,0,0,0,0,0,0,0,0,0,0,0,0,0,0,0,0,0,10,35,0,0,7,16,6,0,74,1.38249238378982
"Yes",1,1,1,1,1,1,1,1,0,0,0,0,0,0,0,0,0,0,0,0,0,0,0,0,0,15,0,0,3,67,15,0,100,0.942652702005438
"Yes",1,1,1,1,0,0,0,0,0,0,0,0,1,1,1,1,0,0,0,0,0,0,0,0,17,39,0,0,15,8,0,0,79,1.22641220185963
"Yes",0,0,0,0,0,0,0,0,0,0,0,0,1,1,1,1,0,0,0,0,0,0,0,0,0,0,0,0,2,15,5,0,22,0.815849865184519
"Yes",1,1,1,1,0,0,0,0,0,0,0,0,0,0,0,0,0,0,0,0,1,1,1,1,15,35,0,0,5,12,0,0,67,1.17597613389411
"No",1,1,1,1,0,0,0,0,0,0,0,0,0,0,0,0,0,0,0,0,0,0,0,0,8,57,0,0,1,5,0,4,75,0.841730492114202
"No",1,1,1,1,1,1,1,1,0,0,0,0,0,0,0,0,0,0,0,0,0,0,0,0,10,30,0,0,4,16,15,0,75,1.44296648158092
"No",1,1,1,1,0,0,0,0,0,0,0,0,1,1,1,1,0,0,0,0,0,0,0,0,8,38,0,0,2,32,2,0,82,1.13184188122922
"No",0,0,0,0,0,0,0,0,0,0,0,0,1,1,1,1,0,0,0,0,0,0,0,0,0,0,0,0,15,27,25,0,67,1.06916658923641
"No",1,1,1,1,0,0,0,0,0,0,0,0,0,0,0,0,0,0,0,0,1,1,1,1,6,38,5,4,5,10,0,0,68,1.37179831718005
"Yes",1,1,1,1,0,0,0,0,0,0,0,0,0,0,0,0,0,0,0,0,0,0,0,0,10,38,4,0,5,22,6,0,85,1.45912204713215
"Yes",1,1,1,1,1,1,1,1,0,0,0,0,0,0,0,0,0,0,0,0,0,0,0,0,8,1,0,0,61,3,10,0,83,0.880039091604363
"Yes",1,1,1,1,0,0,0,0,0,0,0,0,1,1,1,1,0,0,0,0,0,0,0,0,12,24,0,4,0,10,15,0,65,1.47771106809933
"Yes",0,0,0,0,0,0,0,0,0,0,0,0,1,1,1,1,0,0,0,0,0,0,0,0,0,0,0,0,10,30,30,0,70,1.00424247305408
"Yes",1,1,1,1,0,0,0,0,0,0,0,0,0,0,0,0,0,0,0,0,1,1,1,1,10,24,4,6,2,5,5,0,56,1.64900257281372
"No",1,1,1,1,0,0,0,0,0,0,0,0,0,0,0,0,0,0,0,0,0,0,0,0,2,10,0,0,3,43,2,0,60,0.913913204005305
"No",1,1,1,1,1,1,1,1,0,0,0,0,0,0,0,0,0,0,0,0,0,0,0,0,1,2,0,0,47,5,10,0,65,0.891060006301736
"No",1,1,1,1,0,0,0,0,0,0,0,0,1,1,1,1,0,0,0,0,0,0,0,0,3,30,10,2,3,30,10,0,88,1.54436507751527
"No",0,0,0,0,0,0,0,0,0,0,0,0,1,1,1,1,0,0,0,0,0,0,0,0,0,0,0,0,12,10,6,0,28,1.06094424079075
"No",1,1,1,1,0,0,0,0,0,0,0,0,0,0,0,0,0,0,0,0,1,1,1,1,12,16,0,0,4,28,5,0,65,1.38862738305182
"Yes",1,1,1,1,0,0,0,0,0,0,0,0,0,0,0,0,0,0,0,0,0,0,0,0,8,15,0,6,0,10,0,0,39,1.32939002830194
"Yes",1,1,1,1,1,1,1,1,0,0,0,0,0,0,0,0,0,0,0,0,0,0,0,0,2,0,0,0,45,10,20,0,77,1.02397941144064
"Yes",1,1,1,1,0,0,0,0,0,0,0,0,1,1,1,1,0,0,0,0,0,0,0,0,6,9,0,0,10,15,8,0,48,1.56270696317234
"Yes",0,0,0,0,0,0,0,0,0,0,0,0,1,1,1,1,0,0,0,0,0,0,0,0,0,0,0,0,10,16,12,0,38,1.07952957332552
"Yes",1,1,1,1,0,0,0,0,0,0,0,0,0,0,0,0,0,0,0,0,1,1,1,1,15,12,0,0,10,12,0,0,49,1.37581287889868
"No",1,1,1,1,0,0,0,0,0,0,0,0,0,0,0,0,0,0,0,0,0,0,0,0,8,22,0,1,0,46,0,0,77,0.957364245933944
"No",1,1,1,1,1,1,1,1,0,0,0,0,0,0,0,0,0,0,0,0,0,0,0,0,5,0,0,0,63,10,12,0,90,0.923038469749893
"No",1,1,1,1,0,0,0,0,0,0,0,0,1,1,1,1,0,0,0,0,0,0,0,0,5,27,0,4,10,29,0,0,75,1.34072288169211
"No",0,0,0,0,0,0,0,0,0,0,0,0,1,1,1,1,0,0,0,0,0,0,0,0,0,0,0,0,15,10,2,0,27,0.887211002760125
"No",1,1,1,1,0,0,0,0,0,0,0,0,0,0,0,0,0,0,0,0,1,1,1,1,10,15,0,4,15,18,0,0,62,1.51682428747062
"Yes",1,1,1,1,0,0,0,0,0,0,0,0,0,0,0,0,0,0,0,0,0,0,0,0,22,25,7,0,0,10,3,0,67,1.39248532931753
"Yes",1,1,1,1,1,1,1,1,0,0,0,0,0,0,0,0,0,0,0,0,0,0,0,0,10,4,0,0,31,20,15,0,80,1.43752625716047
"Yes",1,1,1,1,0,0,0,0,0,0,0,0,1,1,1,1,0,0,0,0,0,0,0,0,6,50,7,0,0,20,5,0,88,1.20534916489397
"Yes",0,0,0,0,0,0,0,0,0,0,0,0,1,1,1,1,0,0,0,0,0,0,0,0,0,0,0,0,1,2,5,0,8,0.900256051268537
"Yes",1,1,1,1,0,0,0,0,0,0,0,0,0,0,0,0,0,0,0,0,1,1,1,1,12,28,0,4,1,10,7,0,62,1.46079558665527
"No",1,1,1,1,0,0,0,0,0,0,0,0,0,0,0,0,0,0,0,0,0,0,0,0,2,10,1,0,1,12,18,0,44,1.36924152640355
"No",1,1,1,1,1,1,1,1,0,0,0,0,0,0,0,0,0,0,0,0,0,0,0,0,5,14,0,0,20,33,10,0,82,1.43941146548135
"No",1,1,1,1,0,0,0,0,0,0,0,0,1,1,1,1,0,0,0,0,0,0,0,0,7,20,0,0,8,30,10,0,75,1.44771049716683
"No",0,0,0,0,0,0,0,0,0,0,0,0,1,1,1,1,0,0,0,0,0,0,0,0,0,0,0,0,1,29,60,0,90,0.685229083631001
"No",1,1,1,1,0,0,0,0,0,0,0,0,0,0,0,0,0,0,0,0,1,1,1,1,10,30,3,0,8,35,4,0,90,1.44452632393185
"Yes",1,1,1,1,0,0,0,0,0,0,0,0,0,0,0,0,0,0,0,0,0,0,0,0,12,49,0,0,8,21,0,0,90,1.15438102665796
"Yes",1,1,1,1,1,1,1,1,0,0,0,0,0,0,0,0,0,0,0,0,0,0,0,0,9,8,3,0,15,53,2,0,90,1.25382179042599
"Yes",1,1,1,1,0,0,0,0,0,0,0,0,1,1,1,1,0,0,0,0,0,0,0,0,20,26,3,1,2,35,3,0,90,1.42158405138697
"Yes",0,0,0,0,0,0,0,0,0,0,0,0,1,1,1,1,0,0,0,0,0,0,0,0,0,0,0,0,6,57,3,0,66,0.48510450039094
"Yes",1,1,1,1,0,0,0,0,0,0,0,0,0,0,0,0,0,0,0,0,1,1,1,1,2,8,0,0,25,22,0,0,57,1.12205729783198
"No",1,1,1,1,0,0,0,0,0,0,0,0,0,0,0,0,0,0,0,0,0,0,0,0,22,40,0,0,0,7,26,0,95,1.24977170033332
"No",1,1,1,1,1,1,1,1,0,0,0,0,0,0,0,0,0,0,0,0,0,0,0,0,7,10,0,0,46,12,5,0,80,1.24914169003073
"No",1,1,1,1,0,0,0,0,0,0,0,0,1,1,1,1,0,0,0,0,0,0,0,0,5,5,0,0,2,20,46,0,78,1.10654442675319
"No",0,0,0,0,0,0,0,0,0,0,0,0,1,1,1,1,0,0,0,0,0,0,0,0,0,0,0,0,3,44,10,0,57,0.660138431196861
"No",1,1,1,1,0,0,0,0,0,0,0,0,0,0,0,0,0,0,0,0,1,1,1,1,12,20,0,0,12,10,2,0,56,1.45455614864493
"Yes",1,1,1,1,0,0,0,0,0,0,0,0,0,0,0,0,0,0,0,0,0,0,0,0,5,5,0,2,0,6,6,0,24,1.55381270050638
"Yes",1,1,1,1,1,1,1,1,0,0,0,0,0,0,0,0,0,0,0,0,0,0,0,0,3,0,0,1,10,12,25,4,55,1.42264880960365
"Yes",1,1,1,1,0,0,0,0,0,0,0,0,1,1,1,1,0,0,0,0,0,0,0,0,2,2,0,3,2,25,2,6,42,1.35520612429391
"Yes",0,0,0,0,0,0,0,0,0,0,0,0,1,1,1,1,0,0,0,0,0,0,0,0,0,0,0,0,0,18,3,2,23,0.669893221613707
"Yes",1,1,1,1,0,0,0,0,0,0,0,0,0,0,0,0,0,0,0,0,1,1,1,1,0,0,2,2,0,10,3,1,18,1.27402306244147
"No",1,1,1,1,0,0,0,0,0,0,0,0,0,0,0,0,0,0,0,0,0,0,0,0,10,0,0,2,4,4,10,4,34,1.64184497889735
"No",1,1,1,1,1,1,1,1,0,0,0,0,0,0,0,0,0,0,0,0,0,0,0,0,0,0,0,0,10,5,15,5,35,1.27703425946614
"No",1,1,1,1,0,0,0,0,0,0,0,0,1,1,1,1,0,0,0,0,0,0,0,0,4,1,0,2,0,3,1,5,16,1.63043258262889
"No",0,0,0,0,0,0,0,0,0,0,0,0,1,1,1,1,0,0,0,0,0,0,0,0,0,0,0,0,2,25,15,2,44,0.969070602998308
"No",1,1,1,1,0,0,0,0,0,0,0,0,0,0,0,0,0,0,0,0,1,1,1,1,3,3,0,12,1,1,3,6,29,1.62740109857829
"Yes",1,1,1,1,0,0,0,0,0,0,0,0,0,0,0,0,0,0,0,0,0,0,0,0,2,5,0,4,1,3,5,0,20,1.67964788375675
"Yes",1,1,1,1,1,1,1,1,0,0,0,0,0,0,0,0,0,0,0,0,0,0,0,0,1,0,0,1,4,10,5,17,38,1.40645866536991
"Yes",1,1,1,1,0,0,0,0,0,0,0,0,1,1,1,1,0,0,0,0,0,0,0,0,0,0,0,3,2,0,10,8,23,1.2075153250377
"Yes",0,0,0,0,0,0,0,0,0,0,0,0,1,1,1,1,0,0,0,0,0,0,0,0,0,0,0,0,1,12,2,15,30,1.00699980915852
"Yes",1,1,1,1,0,0,0,0,0,0,0,0,0,0,0,0,0,0,0,0,1,1,1,1,3,13,3,2,3,2,8,5,39,1.85107029067165
"No",1,1,1,1,0,0,0,0,0,0,0,0,0,0,0,0,0,0,0,0,0,0,0,0,3,3,0,6,0,5,0,3,20,1.5614694247764
"No",1,1,1,1,1,1,1,1,0,0,0,0,0,0,0,0,0,0,0,0,0,0,0,0,0,0,0,1,15,15,20,31,82,1.38708809064004
"No",1,1,1,1,0,0,0,0,0,0,0,0,1,1,1,1,0,0,0,0,0,0,0,0,2,1,0,2,0,20,5,10,40,1.34487258697817
"No",0,0,0,0,0,0,0,0,0,0,0,0,1,1,1,1,0,0,0,0,0,0,0,0,0,0,0,0,2,10,4,10,26,1.22028216627224
"No",1,1,1,1,0,0,0,0,0,0,0,0,0,0,0,0,0,0,0,0,1,1,1,1,2,2,0,4,2,10,8,6,34,1.75824285971655
"Yes",1,1,1,1,0,0,0,0,0,0,0,0,0,0,0,0,0,0,0,0,0,0,0,0,0,0,0,7,0,3,1,0,11,0.859967281035505
"Yes",1,1,1,1,1,1,1,1,0,0,0,0,0,0,0,0,0,0,0,0,0,0,0,0,0,0,0,0,9,8,6,1,24,1.2130075659799
"Yes",1,1,1,1,0,0,0,0,0,0,0,0,1,1,1,1,0,0,0,0,0,0,0,0,0,0,0,4,3,8,6,2,23,1.50012909330259
"Yes",0,0,0,0,0,0,0,0,0,0,0,0,1,1,1,1,0,0,0,0,0,0,0,0,0,0,0,0,10,23,5,3,41,1.11637098561929
"Yes",1,1,1,1,0,0,0,0,0,0,0,0,0,0,0,0,0,0,0,0,1,1,1,1,0,5,0,3,5,8,8,1,30,1.64582135975473
"No",1,1,1,1,0,0,0,0,0,0,0,0,0,0,0,0,0,0,0,0,0,0,0,0,0,0,0,0,2,1,0,1,4,1.03972077083992
"No",1,1,1,1,1,1,1,1,0,0,0,0,0,0,0,0,0,0,0,0,0,0,0,0,0,0,0,0,15,4,5,2,26,1.11965752324059
"No",1,1,1,1,0,0,0,0,0,0,0,0,1,1,1,1,0,0,0,0,0,0,0,0,0,0,0,2,8,8,3,3,24,1.45934413201437
"No",0,0,0,0,0,0,0,0,0,0,0,0,1,1,1,1,0,0,0,0,0,0,0,0,0,0,0,0,0,5,1,1,7,0.796311640173813
"No",1,1,1,1,0,0,0,0,0,0,0,0,0,0,0,0,0,0,0,0,1,1,1,1,0,0,0,0,1,2,1,0,4,1.03972077083992
"Yes",1,1,1,1,0,0,0,0,0,0,0,0,0,0,0,0,0,0,0,0,0,0,0,0,1,6,3,15,3,1,0,0,29,1.36857225881716
"Yes",1,1,1,1,1,1,1,1,0,0,0,0,0,0,0,0,0,0,0,0,0,0,0,0,0,0,0,0,20,15,20,13,68,1.36959026979827
"Yes",1,1,1,1,0,0,0,0,0,0,0,0,1,1,1,1,0,0,0,0,0,0,0,0,0,1,0,3,5,15,1,10,35,1.41278719364232
"Yes",0,0,0,0,0,0,0,0,0,0,0,0,1,1,1,1,0,0,0,0,0,0,0,0,0,0,0,0,0,20,8,15,43,1.03629474776213
"Yes",1,1,1,1,0,0,0,0,0,0,0,0,0,0,0,0,0,0,0,0,1,1,1,1,2,14,0,4,2,3,2,1,28,1.54839379558745
"No",1,1,1,1,0,0,0,0,0,0,0,0,0,0,0,0,0,0,0,0,0,0,0,0,2,1,1,10,6,3,4,5,32,1.83914509095338
"No",1,1,1,1,1,1,1,1,0,0,0,0,0,0,0,0,0,0,0,0,0,0,0,0,0,0,0,0,16,10,26,25,77,1.323420018009
"No",1,1,1,1,0,0,0,0,0,0,0,0,1,1,1,1,0,0,0,0,0,0,0,0,2,2,0,0,15,10,0,16,45,1.34487110700254
"No",0,0,0,0,0,0,0,0,0,0,0,0,1,1,1,1,0,0,0,0,0,0,0,0,0,0,0,0,2,20,38,15,75,1.11548855462517
"No",1,1,1,1,0,0,0,0,0,0,0,0,0,0,0,0,0,0,0,0,1,1,1,1,2,4,0,10,5,2,8,4,35,1.79616187758231
"Yes",1,1,1,1,0,0,0,0,0,0,0,0,0,0,0,0,0,0,0,0,0,0,0,0,0,0,0,0,0,0,0,0,0,NA
"Yes",1,1,1,1,1,1,1,1,0,0,0,0,0,0,0,0,0,0,0,0,0,0,0,0,0,0,0,0,12,12,12,26,62,1.31798681438499
"Yes",1,1,1,1,0,0,0,0,0,0,0,0,1,1,1,1,0,0,0,0,0,0,0,0,5,2,0,3,0,1,61,5,77,0.817314304112941
"Yes",0,0,0,0,0,0,0,0,0,0,0,0,1,1,1,1,0,0,0,0,0,0,0,0,0,0,0,0,8,15,15,8,46,1.33923768562075
"Yes",1,1,1,1,0,0,0,0,0,0,0,0,0,0,0,0,0,0,0,0,1,1,1,1,4,0,0,2,0,3,2,0,11,1.3421131789144
"No",1,1,1,1,0,0,0,0,0,0,0,0,0,0,0,0,0,0,0,0,0,0,0,0,0,1,0,3,0,5,0,1,10,1.16828245017656
"No",1,1,1,1,1,1,1,1,0,0,0,0,0,0,0,0,0,0,0,0,0,0,0,0,0,0,0,0,0,0,0,0,0,NA
"No",1,1,1,1,0,0,0,0,0,0,0,0,1,1,1,1,0,0,0,0,0,0,0,0,4,0,0,6,0,6,2,15,33,1.40398215380378
"No",0,0,0,0,0,0,0,0,0,0,0,0,1,1,1,1,0,0,0,0,0,0,0,0,0,0,0,0,0,3,0,6,9,0.636514168294813
"No",1,1,1,1,0,0,0,0,0,0,0,0,0,0,0,0,0,0,0,0,1,1,1,1,6,3,0,4,0,5,3,2,23,1.73023804570537
"No",1,1,1,1,0,0,0,0,0,0,0,0,0,0,0,0,0,0,0,0,0,0,0,0,0,0,0,0,0,0,1,0,1,0
"No",1,1,1,1,1,1,1,1,0,0,0,0,0,0,0,0,0,0,0,0,0,0,0,0,0,0,0,0,10,4,4,10,28,1.2914167691452
"No",1,1,1,1,0,0,0,0,0,0,0,0,1,1,1,1,0,0,0,0,0,0,0,0,0,0,0,0,0,3,1,3,7,1.00424247305408
"No",0,0,0,0,0,0,0,0,0,0,0,0,1,1,1,1,0,0,0,0,0,0,0,0,0,0,0,0,0,4,1,3,8,0.974314752869349
"No",1,1,1,1,0,0,0,0,0,0,0,0,0,0,0,0,0,0,0,0,1,1,1,1,3,0,0,0,0,1,0,0,4,0.562335144618808
"No",1,1,1,1,0,0,0,0,0,0,0,0,0,0,0,0,0,0,0,0,0,0,0,0,15,0,0,0,0,0,0,0,15,0
"No",1,1,1,1,1,1,1,1,0,0,0,0,0,0,0,0,0,0,0,0,0,0,0,0,2,0,0,0,0,12,18,5,37,1.14391641635024
"No",1,1,1,1,0,0,0,0,0,0,0,0,1,1,1,1,0,0,0,0,0,0,0,0,5,0,0,0,0,30,10,15,60,1.19884931291362
"No",0,0,0,0,0,0,0,0,0,0,0,0,1,1,1,1,0,0,0,0,0,0,0,0,0,0,0,0,0,30,15,5,50,0.89794572485678
"No",1,1,1,1,0,0,0,0,0,0,0,0,0,0,0,0,0,0,0,0,1,1,1,1,13,0,0,0,0,0,0,0,13,0
"No",1,1,1,1,0,0,0,0,0,0,0,0,0,0,0,0,0,0,0,0,0,0,0,0,12,0,0,0,0,1,0,0,13,0.271189373041844
"No",1,1,1,1,1,1,1,1,0,0,0,0,0,0,0,0,0,0,0,0,0,0,0,0,1,0,0,0,3,15,25,4,48,1.16424969947618
"No",1,1,1,1,0,0,0,0,0,0,0,0,1,1,1,1,0,0,0,0,0,0,0,0,5,0,0,0,0,20,4,8,37,1.17463291774778
"No",0,0,0,0,0,0,0,0,0,0,0,0,1,1,1,1,0,0,0,0,0,0,0,0,0,0,0,0,0,8,8,5,21,1.07698652205448
"No",1,1,1,1,0,0,0,0,0,0,0,0,0,0,0,0,0,0,0,0,1,1,1,1,12,0,0,0,0,4,0,0,16,0.562335144618808
"No",1,1,1,1,0,0,0,0,0,0,0,0,0,0,0,0,0,0,0,0,0,0,0,0,17,0,0,0,0,2,0,0,19,0.336495757583516
"No",1,1,1,1,1,1,1,1,0,0,0,0,0,0,0,0,0,0,0,0,0,0,0,0,0,0,0,0,8,7,25,15,55,1.25552314859494
"No",1,1,1,1,0,0,0,0,0,0,0,0,1,1,1,1,0,0,0,0,0,0,0,0,6,0,0,0,0,8,14,4,32,1.28204624005285
"No",0,0,0,0,0,0,0,0,0,0,0,0,1,1,1,1,0,0,0,0,0,0,0,0,0,2,0,0,0,18,6,15,41,1.15785753413962
"No",1,1,1,1,0,0,0,0,0,0,0,0,0,0,0,0,0,0,0,0,1,1,1,1,20,0,1,0,0,1,0,1,23,0.530509630230027
"No",1,1,1,1,0,0,0,0,0,0,0,0,0,0,0,0,0,0,0,0,0,0,0,0,10,0,0,1,0,5,2,0,18,1.08707537716112
"No",1,1,1,1,1,1,1,1,0,0,0,0,0,0,0,0,0,0,0,0,0,0,0,0,0,0,0,0,10,7,28,5,50,1.15210024902007
"No",1,1,1,1,0,0,0,0,0,0,0,0,1,1,1,1,0,0,0,0,0,0,0,0,5,0,0,0,0,18,8,10,41,1.28100464066332
"No",0,0,0,0,0,0,0,0,0,0,0,0,1,1,1,1,0,0,0,0,0,0,0,0,0,0,0,0,0,20,10,6,36,0.980989682445315
"No",1,1,1,1,0,0,0,0,0,0,0,0,0,0,0,0,0,0,0,0,1,1,1,1,12,0,0,0,4,4,0,0,20,0.950270539233235
"No",1,1,1,1,0,0,0,0,0,0,0,0,0,0,0,0,0,0,0,0,0,0,0,0,15,0,0,0,40,0,5,0,60,0.823959216501082
"No",1,1,1,1,1,1,1,1,0,0,0,0,0,0,0,0,0,0,0,0,0,0,0,0,5,0,0,0,60,10,10,0,85,0.916068137015288
"No",1,1,1,1,0,0,0,0,0,0,0,0,1,1,1,1,0,0,0,0,0,0,0,0,10,0,0,0,60,10,5,0,85,0.916068137015288
"No",0,0,0,0,0,0,0,0,0,0,0,0,1,1,1,1,0,0,0,0,0,0,0,0,0,0,0,0,60,0,5,0,65,0.271189373041844
"No",1,1,1,1,0,0,0,0,0,0,0,0,0,0,0,0,0,0,0,0,1,1,1,1,20,0,0,0,30,0,10,5,65,1.20479330969478
"No",1,1,1,1,0,0,0,0,0,0,0,0,0,0,0,0,0,0,0,0,0,0,0,0,2,0,0,2,60,0,0,0,64,0.277113357491456
"No",1,1,1,1,1,1,1,1,0,0,0,0,0,0,0,0,0,0,0,0,0,0,0,0,2,1,0,0,20,50,0,0,73,0.77125272740035
"No",1,1,1,1,0,0,0,0,0,0,0,0,1,1,1,1,0,0,0,0,0,0,0,0,3,0,0,0,90,1,0,0,94,0.199904280187789
"No",0,0,0,0,0,0,0,0,0,0,0,0,1,1,1,1,0,0,0,0,0,0,0,0,0,0,0,0,90,0,0,0,90,0
"No",1,1,1,1,0,0,0,0,0,0,0,0,0,0,0,0,0,0,0,0,1,1,1,1,0,0,0,0,90,0,0,0,90,0
"No",1,1,1,1,0,0,0,0,0,0,0,0,0,0,0,0,0,0,0,0,0,0,0,0,15,0,0,0,50,0,0,0,65,0.540204142388861
"No",1,1,1,1,1,1,1,1,0,0,0,0,0,0,0,0,0,0,0,0,0,0,0,0,7,0,0,0,50,5,5,0,67,0.841753806866556
"No",1,1,1,1,0,0,0,0,0,0,0,0,1,1,1,1,0,0,0,0,0,0,0,0,18,0,0,0,30,10,15,1,74,1.36204864673837
"No",0,0,0,0,0,0,0,0,0,0,0,0,1,1,1,1,0,0,0,0,0,0,0,0,0,0,0,0,40,2,1,6,49,0.632799291150511
"No",1,1,1,1,0,0,0,0,0,0,0,0,0,0,0,0,0,0,0,0,1,1,1,1,20,0,0,0,40,3,3,0,66,0.946298721304518
"No",1,1,1,1,0,0,0,0,0,0,0,0,0,0,0,0,0,0,0,0,0,0,0,0,1,20,0,0,50,10,0,0,81,0.955663393284444
"No",1,1,1,1,1,1,1,1,0,0,0,0,0,0,0,0,0,0,0,0,0,0,0,0,0,0,0,0,80,0,0,0,80,0
"No",1,1,1,1,0,0,0,0,0,0,0,0,1,1,1,1,0,0,0,0,0,0,0,0,0,10,0,0,90,0,0,0,100,0.325082973391448
"No",0,0,0,0,0,0,0,0,0,0,0,0,1,1,1,1,0,0,0,0,0,0,0,0,0,0,0,0,90,1,0,0,91,0.0604982941023021
"No",1,1,1,1,0,0,0,0,0,0,0,0,0,0,0,0,0,0,0,0,1,1,1,1,0,5,0,0,90,0,0,0,95,0.206192050633232
"No",1,1,1,1,0,0,0,0,0,0,0,0,0,0,0,0,0,0,0,0,0,0,0,0,10,0,0,0,40,0,0,0,50,0.500402423538188
"No",1,1,1,1,1,1,1,1,0,0,0,0,0,0,0,0,0,0,0,0,0,0,0,0,5,0,0,0,70,15,5,0,95,0.826405322291812
"No",1,1,1,1,0,0,0,0,0,0,0,0,1,1,1,1,0,0,0,0,0,0,0,0,10,0,0,0,70,5,5,0,90,0.760755259244303
"No",0,0,0,0,0,0,0,0,0,0,0,0,1,1,1,1,0,0,0,0,0,0,0,0,0,0,0,0,50,0,5,0,55,0.304636097349238
"No",1,1,1,1,0,0,0,0,0,0,0,0,0,0,0,0,0,0,0,0,1,1,1,1,8,0,0,0,80,0,0,0,88,0.304636097349238
"No",1,1,1,1,0,0,0,0,0,0,0,0,0,0,0,0,0,0,0,0,0,0,0,0,0,2,0,0,80,0,0,0,82,0.114665282202907
"No",1,1,1,1,1,1,1,1,0,0,0,0,0,0,0,0,0,0,0,0,0,0,0,0,3,0,0,0,90,0,0,0,93,0.142505867392738
"No",1,1,1,1,0,0,0,0,0,0,0,0,1,1,1,1,0,0,0,0,0,0,0,0,0,6,0,0,90,0,0,0,96,0.233791658706459
"No",0,0,0,0,0,0,0,0,0,0,0,0,1,1,1,1,0,0,0,0,0,0,0,0,0,0,0,0,90,0,0,0,90,0
"No",1,1,1,1,0,0,0,0,0,0,0,0,0,0,0,0,0,0,0,0,1,1,1,1,1,0,0,0,80,0,0,0,81,0.0665216142537903
"No",1,1,1,1,0,0,0,0,0,0,0,0,0,0,0,0,0,0,0,0,0,0,0,0,12,0,0,0,50,0,0,0,62,0.491327448450522
"No",1,1,1,1,1,1,1,1,0,0,0,0,0,0,0,0,0,0,0,0,0,0,0,0,2,0,0,0,50,20,5,0,77,0.902905685934495
"No",1,1,1,1,0,0,0,0,0,0,0,0,1,1,1,1,0,0,0,0,0,0,0,0,15,1,0,0,10,10,10,0,46,1.44389561809008
"No",0,0,0,0,0,0,0,0,0,0,0,0,1,1,1,1,0,0,0,0,0,0,0,0,0,0,0,0,30,10,15,0,55,0.994923632571775
"No",1,1,1,1,0,0,0,0,0,0,0,0,0,0,0,0,0,0,0,0,1,1,1,1,15,0,0,0,40,0,2,0,57,0.717398188146647
"No",1,1,1,1,0,0,0,0,0,0,0,0,0,0,0,0,0,0,0,0,0,0,0,0,2,30,0,0,50,0,0,0,82,0.760092831625328
"No",1,1,1,1,1,1,1,1,0,0,0,0,0,0,0,0,0,0,0,0,0,0,0,0,0,4,0,0,90,0,0,0,94,0.175975125097627
"No",1,1,1,1,0,0,0,0,0,0,0,0,1,1,1,1,0,0,0,0,0,0,0,0,1,15,0,0,70,0,0,0,86,0.523935436253644
"No",0,0,0,0,0,0,0,0,0,0,0,0,1,1,1,1,0,0,0,0,0,0,0,0,0,0,0,0,70,5,5,0,80,0.46341355882643
"No",1,1,1,1,0,0,0,0,0,0,0,0,0,0,0,0,0,0,0,0,1,1,1,1,0,16,0,0,50,0,1,0,67,0.623161726447029
"No",1,1,1,1,0,0,0,0,0,0,0,0,0,0,0,0,0,0,0,0,0,0,0,0,6,0,0,0,70,0,0,0,76,0.276190922407075
"No",1,1,1,1,1,1,1,1,0,0,0,0,0,0,0,0,0,0,0,0,0,0,0,0,3,0,0,0,80,0,0,0,83,0.15549160008678
"No",1,1,1,1,0,0,0,0,0,0,0,0,1,1,1,1,0,0,0,0,0,0,0,0,6,0,0,0,70,5,0,0,81,0.490839113672513
"No",0,0,0,0,0,0,0,0,0,0,0,0,1,1,1,1,0,0,0,0,0,0,0,0,0,0,0,0,70,2,0,0,72,0.126930545341402
"No",1,1,1,1,0,0,0,0,0,0,0,0,0,0,0,0,0,0,0,0,1,1,1,1,5,0,0,0,50,0,0,0,55,0.304636097349238
"No",1,1,1,1,0,0,0,0,0,0,0,0,0,0,0,0,0,0,0,0,0,0,0,0,0,0,0,0,90,0,0,0,90,0
"No",1,1,1,1,1,1,1,1,0,0,0,0,0,0,0,0,0,0,0,0,0,0,0,0,2,0,0,0,90,0,0,0,92,0.104732439105087
"No",1,1,1,1,0,0,0,0,0,0,0,0,1,1,1,1,0,0,0,0,0,0,0,0,0,0,0,0,90,0,0,0,90,0
"No",0,0,0,0,0,0,0,0,0,0,0,0,1,1,1,1,0,0,0,0,0,0,0,0,0,0,0,0,70,0,1,0,71,0.0740225961475812
"No",1,1,1,1,0,0,0,0,0,0,0,0,0,0,0,0,0,0,0,0,1,1,1,1,0,1,0,0,80,0,0,0,81,0.0665216142537903
"No",1,1,1,1,0,0,0,0,0,0,0,0,0,0,0,0,0,0,0,0,0,0,0,0,10,25,0,5,5,0,0,0,45,1.14905969697062
"No",1,1,1,1,1,1,1,1,0,0,0,0,0,0,0,0,0,0,0,0,0,0,0,0,0,0,0,0,10,85,0,0,95,0.336495757583516
"No",1,1,1,1,0,0,0,0,0,0,0,0,1,1,1,1,0,0,0,0,0,0,0,0,0,5,0,0,20,65,5,0,95,0.897622184878044
"No",0,0,0,0,0,0,0,0,0,0,0,0,1,1,1,1,0,0,0,0,0,0,0,0,0,0,0,0,20,60,5,0,85,0.752974682765889
"No",1,1,1,1,0,0,0,0,0,0,0,0,0,0,0,0,0,0,0,0,1,1,1,1,5,12,0,5,10,60,0,0,92,1.102225711994
"No",1,1,1,1,0,0,0,0,0,0,0,0,0,0,0,0,0,0,0,0,0,0,0,0,15,1,0,0,0,15,0,0,31,0.813293461483007
"No",1,1,1,1,1,1,1,1,0,0,0,0,0,0,0,0,0,0,0,0,0,0,0,0,1,0,0,0,20,45,10,10,86,1.23032218729275
"No",1,1,1,1,0,0,0,0,0,0,0,0,1,1,1,1,0,0,0,0,0,0,0,0,0,0,0,0,5,15,0,8,28,0.999937549027263
"No",0,0,0,0,0,0,0,0,0,0,0,0,1,1,1,1,0,0,0,0,0,0,0,0,0,0,0,0,5,30,5,0,40,0.735621939758795
"No",1,1,1,1,0,0,0,0,0,0,0,0,0,0,0,0,0,0,0,0,1,1,1,1,15,5,0,0,0,20,0,0,40,0.974314752869349
"No",1,1,1,1,0,0,0,0,0,0,0,0,0,0,0,0,0,0,0,0,0,0,0,0,15,0,0,0,20,25,1,0,61,1.14354117385662
"No",1,1,1,1,1,1,1,1,0,0,0,0,0,0,0,0,0,0,0,0,0,0,0,0,3,5,0,1,3,80,3,0,95,0.674962881767972
"No",1,1,1,1,0,0,0,0,0,0,0,0,1,1,1,1,0,0,0,0,0,0,0,0,2,5,0,0,30,20,5,15,77,1.48598732545188
"No",0,0,0,0,0,0,0,0,0,0,0,0,1,1,1,1,0,0,0,0,0,0,0,0,0,0,0,0,30,40,5,0,75,0.882310924515076
"No",1,1,1,1,0,0,0,0,0,0,0,0,0,0,0,0,0,0,0,0,1,1,1,1,10,12,0,8,20,10,0,0,60,1.55399857119118
"No",1,1,1,1,0,0,0,0,0,0,0,0,0,0,0,0,0,0,0,0,0,0,0,0,15,0,0,0,0,5,20,0,40,0.974314752869349
"No",1,1,1,1,1,1,1,1,0,0,0,0,0,0,0,0,0,0,0,0,0,0,0,0,0,0,0,0,25,5,10,15,55,1.2406842919534
"No",1,1,1,1,0,0,0,0,0,0,0,0,1,1,1,1,0,0,0,0,0,0,0,0,0,3,0,0,5,15,2,0,25,1.08487287263509
"No",0,0,0,0,0,0,0,0,0,0,0,0,1,1,1,1,0,0,0,0,0,0,0,0,6,0,0,0,10,10,10,5,41,1.5702720870126
"No",1,1,1,1,0,0,0,0,0,0,0,0,0,0,0,0,0,0,0,0,1,1,1,1,20,5,0,0,0,10,0,0,35,0.955699891112534
"No",1,1,1,1,0,0,0,0,0,0,0,0,0,0,0,0,0,0,0,0,0,0,0,0,0,20,0,0,57,3,0,10,90,0.981029053290332
"No",1,1,1,1,1,1,1,1,0,0,0,0,0,0,0,0,0,0,0,0,0,0,0,0,0,10,0,0,65,25,0,0,100,0.856840995039472
"No",0,0,0,0,0,0,0,0,0,0,0,0,0,0,0,0,0,0,0,0,0,0,0,0,5,5,0,0,25,50,10,0,95,1.23605293425955
"No",0,0,0,0,0,0,0,0,0,0,0,0,0,0,0,0,0,0,0,0,0,0,0,0,0,20,0,0,25,40,5,0,90,1.21104401678012
"No",1,1,1,1,0,0,0,0,0,0,0,0,0,0,0,0,0,0,0,0,1,1,1,1,5,20,0,5,65,0,0,5,100,1.05125631898001
"No",1,1,1,1,0,0,0,0,0,0,0,0,0,0,0,0,0,0,0,0,0,0,0,0,15,10,0,0,10,2,10,0,47,1.4866454704872
"No",1,1,1,1,1,1,1,1,0,0,0,0,0,0,0,0,0,0,0,0,0,0,0,0,4,0,0,0,5,20,5,20,54,1.36919057413871
"No",1,1,1,1,0,0,0,0,0,0,0,0,1,1,1,1,0,0,0,0,0,0,0,0,15,5,0,0,10,15,0,0,45,1.31078367809971
"No",0,0,0,0,0,0,0,0,0,0,0,0,1,1,1,1,0,0,0,0,0,0,0,0,0,0,0,0,10,15,12,5,42,1.32070120623337
"No",1,1,1,1,0,0,0,0,0,0,0,0,0,0,0,0,0,0,0,0,1,1,1,1,30,5,0,0,0,0,0,0,35,0.410116318288409
"No",1,1,1,1,0,0,0,0,0,0,0,0,0,0,0,0,0,0,0,0,0,0,0,0,10,5,0,5,40,0,0,20,80,1.2996509635499
"No",1,1,1,1,1,1,1,1,0,0,0,0,0,0,0,0,0,0,0,0,0,0,0,0,0,1,0,0,79,15,5,0,100,0.666626956752108
"No",1,1,1,1,0,0,0,0,0,0,0,0,1,1,1,1,0,0,0,0,0,0,0,0,3,0,0,0,40,0,0,20,63,0.797648051762301
"No",0,0,0,0,0,0,0,0,0,0,0,0,1,1,1,1,0,0,0,0,0,0,0,0,0,0,0,0,55,20,5,20,100,1.12237212906693
"No",1,1,1,1,0,0,0,0,0,0,0,0,0,0,0,0,0,0,0,0,1,1,1,1,10,15,0,5,64,0,1,0,95,0.997431514298824
"No",1,1,1,1,0,0,0,0,0,0,0,0,0,0,0,0,0,0,0,0,0,0,0,0,15,0,0,0,10,0,0,0,25,0.673011667009257
"No",1,1,1,1,1,1,1,1,0,0,0,0,0,0,0,0,0,0,0,0,0,0,0,0,5,0,0,0,10,15,5,15,50,1.50478828368119
"No",1,1,1,1,0,0,0,0,0,0,0,0,1,1,1,1,0,0,0,0,0,0,0,0,10,5,0,0,5,15,1,0,36,1.36849163093348
"No",0,0,0,0,0,0,0,0,0,0,0,0,1,1,1,1,0,0,0,0,0,0,0,0,0,0,0,0,5,15,5,8,33,1.27376015315397
"No",1,1,1,1,0,0,0,0,0,0,0,0,0,0,0,0,0,0,0,0,1,1,1,1,15,10,0,0,3,0,10,0,38,1.2699995349259
"No",1,1,1,1,0,0,0,0,0,0,0,0,0,0,0,0,0,0,0,0,0,0,0,0,10,5,0,15,20,0,0,0,50,1.27985422583367
"No",1,1,1,1,1,1,1,1,0,0,0,0,0,0,0,0,0,0,0,0,0,0,0,0,0,1,0,0,74,15,10,0,100,0.78369597755227
"No",1,1,1,1,0,0,0,0,0,0,0,0,1,1,1,1,0,0,0,0,0,0,0,0,3,5,0,0,72,10,10,0,100,0.952023297415974
"No",0,0,0,0,0,0,0,0,0,0,0,0,1,1,1,1,0,0,0,0,0,0,0,0,0,0,0,0,45,15,30,0,90,1.01140426470735
"No",1,1,1,1,0,0,0,0,0,0,0,0,0,0,0,0,0,0,0,0,1,1,1,1,10,5,0,10,15,0,0,0,40,1.32088834314932
"No",1,1,1,1,0,0,0,0,0,0,0,0,0,0,0,0,0,0,0,0,0,0,0,0,15,5,0,0,0,2,0,0,22,0.815849865184519
"No",1,1,1,1,1,1,1,1,0,0,0,0,0,0,0,0,0,0,0,0,0,0,0,0,0,0,0,0,10,20,5,10,45,1.27302833658963
"No",1,1,1,1,0,0,0,0,0,0,0,0,1,1,1,1,0,0,0,0,0,0,0,0,10,0,0,0,5,15,10,0,40,1.32088834314932
"No",0,0,0,0,0,0,0,0,0,0,0,0,1,1,1,1,0,0,0,0,0,0,0,0,0,0,0,0,1,15,10,5,31,1.12128418807727
"No",1,1,1,1,0,0,0,0,0,0,0,0,0,0,0,0,0,0,0,0,1,1,1,1,20,5,0,0,0,2,0,0,27,0.727387629175803
"No",1,1,1,1,0,0,0,0,0,0,0,0,0,0,0,0,0,0,0,0,0,0,0,0,40,2,0,0,0,0,5,3,50,0.706333026351103
"No",1,1,1,1,1,1,1,1,0,0,0,0,0,0,0,0,0,0,0,0,0,0,0,0,1,0,0,0,20,12,54,0,87,0.958567155631519
"No",1,1,1,1,0,0,0,0,0,0,0,0,1,1,1,1,0,0,0,0,0,0,0,0,10,2,0,0,20,25,25,0,82,1.41561458865998
"No",0,0,0,0,0,0,0,0,0,0,0,0,1,1,1,1,0,0,0,0,0,0,0,0,0,0,0,0,10,40,40,0,90,0.964962923007428
"No",1,1,1,1,0,0,0,0,0,0,0,0,0,0,0,0,0,0,0,0,1,1,1,1,40,0,0,0,0,6,5,2,53,0.80540099084993
"No",1,1,1,1,0,0,0,0,0,0,0,0,0,0,0,0,0,0,0,0,0,0,0,0,30,35,0,10,0,0,0,0,75,0.990835386443849
"No",1,1,1,1,1,1,1,1,0,0,0,0,0,0,0,0,0,0,0,0,0,0,0,0,10,15,0,0,0,15,20,20,80,1.5808185358593
"No",1,1,1,1,0,0,0,0,0,0,0,0,1,1,1,1,0,0,0,0,0,0,0,0,10,20,0,3,0,40,20,0,93,1.37446877376979
"No",0,0,0,0,0,0,0,0,0,0,0,0,1,1,1,1,0,0,0,0,0,0,0,0,5,0,0,0,0,15,15,0,35,1.00424247305408
"No",1,1,1,1,0,0,0,0,0,0,0,0,0,0,0,0,0,0,0,0,1,1,1,1,25,20,0,0,0,10,10,0,65,1.30610660908539
"No",1,1,1,1,0,0,0,0,0,0,0,0,0,0,0,0,0,0,0,0,0,0,0,0,20,10,15,0,0,10,15,0,70,1.57409733684897
"No",1,1,1,1,1,1,1,1,0,0,0,0,0,0,0,0,0,0,0,0,0,0,0,0,1,0,0,0,20,1,35,25,82,1.17716164671652
"No",1,1,1,1,0,0,0,0,0,0,0,0,1,1,1,1,0,0,0,0,0,0,0,0,25,0,1,0,2,30,25,0,83,1.23370799268341
"No",0,0,0,0,0,0,0,0,0,0,0,0,1,1,1,1,0,0,0,0,0,0,0,0,0,0,0,0,0,25,15,0,40,0.661563238157982
"No",1,1,1,1,0,0,0,0,0,0,0,0,0,0,0,0,0,0,0,0,1,1,1,1,25,2,5,0,0,0,15,0,47,1.07299584508179
"No",1,1,1,1,0,0,0,0,0,0,0,0,0,0,0,0,0,0,0,0,0,0,0,0,35,35,0,0,0,0,0,0,70,0.693147180559945
"No",1,1,1,1,1,1,1,1,0,0,0,0,0,0,0,0,0,0,0,0,0,0,0,0,5,8,0,0,0,30,15,0,58,1.17528100430492
"No",1,1,1,1,0,0,0,0,0,0,0,0,1,1,1,1,0,0,0,0,0,0,0,0,12,15,0,5,0,15,1,0,48,1.38979319022679
"No",0,0,0,0,0,0,0,0,0,0,0,0,1,1,1,1,0,0,0,0,0,0,0,0,0,10,0,0,0,20,50,0,80,0.900256051268537
"No",1,1,1,1,0,0,0,0,0,0,0,0,0,0,0,0,0,0,0,0,1,1,1,1,40,20,5,10,0,0,0,0,75,1.136916591833
"No",1,1,1,1,0,0,0,0,0,0,0,0,0,0,0,0,0,0,0,0,0,0,0,0,15,2,0,0,7,0,0,0,24,0.860203062804603
"No",1,1,1,1,1,1,1,1,0,0,0,0,0,0,0,0,0,0,0,0,0,0,0,0,0,0,0,0,20,15,25,10,70,1.33373602720281
"No",1,1,1,1,0,0,0,0,0,0,0,0,1,1,1,1,0,0,0,0,0,0,0,0,10,0,0,0,5,25,20,10,70,1.47013192040884
"No",0,0,0,0,0,0,0,0,0,0,0,0,1,1,1,1,0,0,0,0,0,0,0,0,0,0,0,0,10,25,15,10,60,1.30860538725345
"No",1,1,1,1,0,0,0,0,0,0,0,0,0,0,0,0,0,0,0,0,1,1,1,1,20,0,0,0,0,3,8,4,35,1.11559971534649
"No",1,1,1,1,0,0,0,0,0,0,0,0,0,0,0,0,0,0,0,0,0,0,0,0,0,5,0,0,2,1,1,0,9,1.14905969697062
"No",1,1,1,1,1,1,1,1,0,0,0,0,0,0,0,0,0,0,0,0,0,0,0,0,2,0,0,0,10,15,12,10,49,1.48615439943736
"No",1,1,1,1,0,0,0,0,0,0,0,0,1,1,1,1,0,0,0,0,0,0,0,0,0,2,0,0,0,15,0,0,17,0.362210557135449
"No",0,0,0,0,0,0,0,0,0,0,0,0,1,1,1,1,0,0,0,0,0,0,0,0,0,0,0,0,0,12,10,0,22,0.689009238476659
"No",1,1,1,1,0,0,0,0,0,0,0,0,0,0,0,0,0,0,0,0,1,1,1,1,1,0,0,0,0,0,2,0,3,0.636514168294813
"No",1,1,1,1,0,0,0,0,0,0,0,0,0,0,0,0,0,0,0,0,0,0,0,0,20,5,0,0,0,0,5,0,30,0.867563228481461
"No",1,1,1,1,1,1,1,1,0,0,0,0,0,0,0,0,0,0,0,0,0,0,0,0,20,12,0,0,3,0,6,0,41,1.18235453134069
"No",1,1,1,1,0,0,0,0,0,0,0,0,1,1,1,1,0,0,0,0,0,0,0,0,10,7,0,0,5,25,30,0,77,1.3931271282554
"No",0,0,0,0,0,0,0,0,0,0,0,0,1,1,1,1,0,0,0,0,0,0,0,0,0,0,0,0,20,20,30,10,80,1.32088834314932
"No",1,1,1,1,0,0,0,0,0,0,0,0,0,0,0,0,0,0,0,0,1,1,1,1,4,15,0,0,0,0,10,0,29,0.98137233374671
"No",1,1,1,1,0,0,0,0,0,0,0,0,0,0,0,0,0,0,0,0,0,0,0,0,25,15,0,0,0,0,0,10,50,1.02965301406457
"No",1,1,1,1,1,1,1,1,0,0,0,0,0,0,0,0,0,0,0,0,0,0,0,0,2,3,0,0,12,0,0,20,37,1.05914341276152
"No",1,1,1,1,0,0,0,0,0,0,0,0,1,1,1,1,0,0,0,0,0,0,0,0,15,15,0,0,0,10,5,15,60,1.54542290319359
"No",0,0,0,0,0,0,0,0,0,0,0,0,1,1,1,1,0,0,0,0,0,0,0,0,3,0,0,0,0,72,0,0,75,0.167944147734173
"No",1,1,1,1,0,0,0,0,0,0,0,0,0,0,0,0,0,0,0,0,1,1,1,1,30,25,0,0,0,15,0,10,80,1.30509637194834
"No",1,1,1,1,0,0,0,0,0,0,0,0,0,0,0,0,0,0,0,0,0,0,0,0,30,0,2,0,0,0,0,0,32,0.233791658706459
"No",1,1,1,1,1,1,1,1,0,0,0,0,0,0,0,0,0,0,0,0,0,0,0,0,0,6,0,0,30,25,40,0,101,1.24072891237101
"No",1,1,1,1,0,0,0,0,0,0,0,0,1,1,1,1,0,0,0,0,0,0,0,0,5,2,0,0,3,30,15,0,55,1.18213327149261
"No",0,0,0,0,0,0,0,0,0,0,0,0,1,1,1,1,0,0,0,0,0,0,0,0,0,5,0,0,10,25,20,5,65,1.41274463686385
"No",1,1,1,1,0,0,0,0,0,0,0,0,0,0,0,0,0,0,0,0,1,1,1,1,20,12,2,0,0,10,8,0,52,1.43622058602306
"No",1,1,1,1,0,0,0,0,0,0,0,0,0,0,0,0,0,0,0,0,0,0,0,0,40,20,0,5,0,20,0,0,85,1.20227880156223
"No",1,1,1,1,1,1,1,1,0,0,0,0,0,0,0,0,0,0,0,0,0,0,0,0,0,10,7,0,5,15,0,0,37,1.30510265448122
"No",1,1,1,1,0,0,0,0,0,0,0,0,1,1,1,1,0,0,0,0,0,0,0,0,0,20,20,0,0,20,0,0,60,1.09861228866811
"No",0,0,0,0,0,0,0,0,0,0,0,0,1,1,1,1,0,0,0,0,0,0,0,0,0,6,0,0,0,30,0,0,36,0.450561208866305
"No",1,1,1,1,0,0,0,0,0,0,0,0,0,0,0,0,0,0,0,0,1,1,1,1,20,30,0,20,0,0,0,0,70,1.07899220787758
"Yes",1,1,1,1,0,0,0,0,0,0,0,0,0,0,0,0,0,0,0,0,0,0,0,0,0,15,0,0,40,12,0,0,67,0.951038724188778
"Yes",1,1,1,1,1,1,1,1,0,0,0,0,0,0,0,0,0,0,0,0,0,0,0,0,12,10,0,0,20,5,0,0,47,1.27979513871757
"Yes",1,1,1,1,0,0,0,0,0,0,0,0,1,1,1,1,0,0,0,0,0,0,0,0,8,25,0,0,37,20,0,0,90,1.27063149039627
"Yes",0,0,0,0,0,0,0,0,0,0,0,0,1,1,1,1,0,0,0,0,0,0,0,0,0,0,0,0,65,25,0,0,90,0.590842246275583
"Yes",1,1,1,1,0,0,0,0,0,0,0,0,0,0,0,0,0,0,0,0,1,1,1,1,30,30,0,0,10,20,0,2,92,1.38702081985481
"No",1,1,1,1,0,0,0,0,0,0,0,0,0,0,0,0,0,0,0,0,0,0,0,0,28,20,5,0,22,10,0,0,85,1.47450600681997
"No",1,1,1,1,1,1,1,1,0,0,0,0,0,0,0,0,0,0,0,0,0,0,0,0,6,30,0,0,50,8,0,0,94,1.08560158152448
"No",1,1,1,1,0,0,0,0,0,0,0,0,1,1,1,1,0,0,0,0,0,0,0,0,6,15,0,0,39,25,0,0,85,1.21062643704723
"No",0,0,0,0,0,0,0,0,0,0,0,0,1,1,1,1,0,0,0,0,0,0,0,0,5,0,0,0,20,60,0,0,85,0.752974682765889
"No",1,1,1,1,0,0,0,0,0,0,0,0,0,0,0,0,0,0,0,0,1,1,1,1,5,35,0,0,33,10,0,7,90,1.33851696793003
"Yes",1,1,1,1,0,0,0,0,0,0,0,0,0,0,0,0,0,0,0,0,0,0,0,0,0,35,0,0,30,10,0,0,75,0.990835386443849
"Yes",1,1,1,1,1,1,1,1,0,0,0,0,0,0,0,0,0,0,0,0,0,0,0,0,4,35,8,0,20,0,0,0,67,1.12211743429951
"Yes",1,1,1,1,0,0,0,0,0,0,0,0,1,1,1,1,0,0,0,0,0,0,0,0,6,40,0,0,20,0,0,0,66,0.883285341253613
"Yes",0,0,0,0,0,0,0,0,0,0,0,0,1,1,1,1,0,0,0,0,0,0,0,0,0,0,0,0,5,3,0,0,8,0.661563238157982
"Yes",1,1,1,1,0,0,0,0,0,0,0,0,0,0,0,0,0,0,0,0,1,1,1,1,0,0,0,0,40,0,0,0,40,0
"No",1,1,1,1,0,0,0,0,0,0,0,0,0,0,0,0,0,0,0,0,0,0,0,0,0,55,0,0,0,0,0,0,55,0
"No",1,1,1,1,1,1,1,1,0,0,0,0,0,0,0,0,0,0,0,0,0,0,0,0,14,10,0,0,10,0,0,0,34,1.0852280400722
"No",1,1,1,1,0,0,0,0,0,0,0,0,1,1,1,1,0,0,0,0,0,0,0,0,0,25,0,0,15,0,0,0,40,0.661563238157982
"No",0,0,0,0,0,0,0,0,0,0,0,0,1,1,1,1,0,0,0,0,0,0,0,0,0,0,0,0,25,0,0,0,25,0
"No",1,1,1,1,0,0,0,0,0,0,0,0,0,0,0,0,0,0,0,0,1,1,1,1,0,50,0,3,10,3,0,0,66,0.77725057636951
"Yes",1,1,1,1,0,0,0,0,0,0,0,0,0,0,0,0,0,0,0,0,0,0,0,0,6,25,0,0,5,0,0,0,36,0.826028882921559
"Yes",1,1,1,1,1,1,1,1,0,0,0,0,0,0,0,0,0,0,0,0,0,0,0,0,0,17,0,0,15,0,0,0,32,0.691192782003201
"Yes",1,1,1,1,0,0,0,0,0,0,0,0,1,1,1,1,0,0,0,0,0,0,0,0,5,30,0,0,0,8,0,0,43,0.814254921612775
"Yes",0,0,0,0,0,0,0,0,0,0,0,0,1,1,1,1,0,0,0,0,0,0,0,0,0,0,0,0,21,1,0,0,22,0.184907399167776
"Yes",1,1,1,1,0,0,0,0,0,0,0,0,0,0,0,0,0,0,0,0,1,1,1,1,15,20,0,0,1,1,0,0,37,0.893744980546577
"No",1,1,1,1,0,0,0,0,0,0,0,0,0,0,0,0,0,0,0,0,0,0,0,0,0,30,0,0,20,10,0,0,60,1.01140426470735
"No",1,1,1,1,1,1,1,1,0,0,0,0,0,0,0,0,0,0,0,0,0,0,0,0,6,9,0,0,12,0,2,0,29,1.23864920343578
"No",1,1,1,1,0,0,0,0,0,0,0,0,1,1,1,1,0,0,0,0,0,0,0,0,15,27,0,0,0,0,0,0,42,0.651756561172653
"No",0,0,0,0,0,0,0,0,0,0,0,0,1,1,1,1,0,0,0,0,0,0,0,0,0,0,0,0,5,0,0,0,5,0
"No",1,1,1,1,0,0,0,0,0,0,0,0,0,0,0,0,0,0,0,0,1,1,1,1,0,12,0,0,20,0,0,0,32,0.661563238157982
"Yes",1,1,1,1,0,0,0,0,0,0,0,0,0,0,0,0,0,0,0,0,0,0,0,0,0,80,0,0,0,5,0,0,85,0.223718076065834
"Yes",1,1,1,1,1,1,1,1,0,0,0,0,0,0,0,0,0,0,0,0,0,0,0,0,0,28,0,0,12,10,0,0,50,0.989093865182103
"Yes",1,1,1,1,0,0,0,0,0,0,0,0,1,1,1,1,0,0,0,0,0,0,0,0,0,60,0,0,10,0,0,0,70,0.410116318288409
"Yes",0,0,0,0,0,0,0,0,0,0,0,0,1,1,1,1,0,0,0,0,0,0,0,0,0,0,0,0,45,10,0,0,55,0.474139313057837
"Yes",1,1,1,1,0,0,0,0,0,0,0,0,0,0,0,0,0,0,0,0,1,1,1,1,7,60,0,0,0,10,0,0,77,0.677469113975064
"No",1,1,1,1,0,0,0,0,0,0,0,0,0,0,0,0,0,0,0,0,0,0,0,0,10,30,0,0,0,0,0,0,40,0.562335144618808
"No",1,1,1,1,1,1,1,1,0,0,0,0,0,0,0,0,0,0,0,0,0,0,0,0,8,30,0,0,0,5,0,0,43,0.814254921612775
"No",1,1,1,1,0,0,0,0,0,0,0,0,1,1,1,1,0,0,0,0,0,0,0,0,4,50,0,0,0,1,0,0,55,0.350127226761801
"No",0,0,0,0,0,0,0,0,0,0,0,0,1,1,1,1,0,0,0,0,0,0,0,0,8,0,0,0,5,0,0,0,13,0.666278442414676
"No",1,1,1,1,0,0,0,0,0,0,0,0,0,0,0,0,0,0,0,0,1,1,1,1,15,15,0,0,15,0,0,0,45,1.09861228866811
"Yes",1,1,1,1,0,0,0,0,0,0,0,0,0,0,0,0,0,0,0,0,0,0,0,0,8,28,0,0,20,0,0,0,56,0.992281974852574
"Yes",1,1,1,1,1,1,1,1,0,0,0,0,0,0,0,0,0,0,0,0,0,0,0,0,0,35,7,0,5,0,0,0,47,0.741514777078417
"Yes",1,1,1,1,0,0,0,0,0,0,0,0,1,1,1,1,0,0,0,0,0,0,0,0,28,27,0,0,15,3,0,3,76,1.31097349271312
"Yes",0,0,0,0,0,0,0,0,0,0,0,0,1,1,1,1,0,0,0,0,0,0,0,0,0,0,0,0,30,40,0,0,70,0.682908104700472
"Yes",1,1,1,1,0,0,0,0,0,0,0,0,0,0,0,0,0,0,0,0,1,1,1,1,15,40,0,0,10,0,0,0,65,0.925129083572082
"No",1,1,1,1,0,0,0,0,0,0,0,0,0,0,0,0,0,0,0,0,0,0,0,0,12,50,0,0,7,10,0,0,79,1.05214086459119
"No",1,1,1,1,1,1,1,1,0,0,0,0,0,0,0,0,0,0,0,0,0,0,0,0,10,20,0,0,3,15,0,0,48,1.2283450466671
"No",1,1,1,1,0,0,0,0,0,0,0,0,1,1,1,1,0,0,0,0,0,0,0,0,6,50,0,0,5,12,0,0,73,0.945010448731924
"No",0,0,0,0,0,0,0,0,0,0,0,0,1,1,1,1,0,0,0,0,0,0,0,0,0,0,0,0,25,20,0,0,45,0.686961576597323
"No",1,1,1,1,0,0,0,0,0,0,0,0,0,0,0,0,0,0,0,0,1,1,1,1,15,35,0,0,5,0,0,0,55,0.859967281035505
"Yes",1,1,1,1,0,0,0,0,0,0,0,0,0,0,0,0,0,0,0,0,0,0,0,0,11,18,2,0,2,3,8,0,44,1.48629196199563
"Yes",1,1,1,1,1,1,1,1,0,0,0,0,0,0,0,0,0,0,0,0,0,0,0,0,0,16,0,0,0,0,25,0,41,0.668857062374027
"Yes",1,1,1,1,0,0,0,0,0,0,0,0,1,1,1,1,0,0,0,0,0,0,0,0,3,35,0,0,2,0,0,0,40,0.460896619632594
"Yes",0,0,0,0,0,0,0,0,0,0,0,0,1,1,1,1,0,0,0,0,0,0,0,0,0,0,0,0,5,10,5,0,20,1.03972077083992
"Yes",1,1,1,1,0,0,0,0,0,0,0,0,0,0,0,0,0,0,0,0,1,1,1,1,10,13,5,0,10,10,10,0,58,1.7588062014269
"No",1,1,1,1,0,0,0,0,0,0,0,0,0,0,0,0,0,0,0,0,0,0,0,0,5,20,0,0,2,1,6,0,34,1.17051681256503
"No",1,1,1,1,1,1,1,1,0,0,0,0,0,0,0,0,0,0,0,0,0,0,0,0,14,14,0,0,0,15,10,0,53,1.37519362721814
"No",1,1,1,1,0,0,0,0,0,0,0,0,1,1,1,1,0,0,0,0,0,0,0,0,12,15,0,0,0,1,3,0,31,1.05542366642084
"No",0,0,0,0,0,0,0,0,0,0,0,0,1,1,1,1,0,0,0,0,0,0,0,0,0,0,0,0,30,10,12,0,52,0.972769638249483
"No",1,1,1,1,0,0,0,0,0,0,0,0,0,0,0,0,0,0,0,0,1,1,1,1,10,13,0,0,1,3,0,0,27,1.08598392367304
"Yes",1,1,1,1,0,0,0,0,0,0,0,0,0,0,0,0,0,0,0,0,0,0,0,0,0,10,0,0,6,3,10,0,29,1.29494770787428
"Yes",1,1,1,1,1,1,1,1,0,0,0,0,0,0,0,0,0,0,0,0,0,0,0,0,0,12,0,0,15,7,0,0,34,1.05397805822274
"Yes",1,1,1,1,0,0,0,0,0,0,0,0,1,1,1,1,0,0,0,0,0,0,0,0,0,12,0,0,5,10,12,0,39,1.33764369518034
"Yes",0,0,0,0,0,0,0,0,0,0,0,0,1,1,1,1,0,0,0,0,0,0,0,0,0,0,0,0,35,0,10,0,45,0.529706199057654
"Yes",1,1,1,1,0,0,0,0,0,0,0,0,0,0,0,0,0,0,0,0,1,1,1,1,6,12,0,0,0,8,8,0,34,1.35458107521317
"No",1,1,1,1,0,0,0,0,0,0,0,0,0,0,0,0,0,0,0,0,0,0,0,0,5,10,0,0,10,0,20,0,45,1.27302833658963
"No",1,1,1,1,1,1,1,1,0,0,0,0,0,0,0,0,0,0,0,0,0,0,0,0,0,5,0,0,25,0,10,0,40,0.900256051268537
"No",1,1,1,1,0,0,0,0,0,0,0,0,1,1,1,1,0,0,0,0,0,0,0,0,5,7,0,0,10,3,0,0,25,1.2992658888081
"No",0,0,0,0,0,0,0,0,0,0,0,0,1,1,1,1,0,0,0,0,0,0,0,0,0,0,0,0,10,5,15,0,30,1.01140426470735
"No",1,1,1,1,0,0,0,0,0,0,0,0,0,0,0,0,0,0,0,0,1,1,1,1,0,12,6,0,5,5,10,0,38,1.54048966848676
"Yes",1,1,1,1,0,0,0,0,0,0,0,0,0,0,0,0,0,0,0,0,0,0,0,0,5,15,0,0,0,0,0,0,20,0.562335144618808
"Yes",1,1,1,1,1,1,1,1,0,0,0,0,0,0,0,0,0,0,0,0,0,0,0,0,0,0,0,0,12,5,0,0,17,0.605797499372304
"Yes",1,1,1,1,0,0,0,0,0,0,0,0,1,1,1,1,0,0,0,0,0,0,0,0,0,12,0,0,10,0,10,0,32,1.09478022600795
"Yes",0,0,0,0,0,0,0,0,0,0,0,0,1,1,1,1,0,0,0,0,0,0,0,0,0,0,0,0,10,0,12,0,22,0.689009238476659
"Yes",1,1,1,1,0,0,0,0,0,0,0,0,0,0,0,0,0,0,0,0,1,1,1,1,0,13,0,0,2,0,0,0,15,0.392674467227552
"No",1,1,1,1,0,0,0,0,0,0,0,0,0,0,0,0,0,0,0,0,0,0,0,0,0,12,0,0,3,0,5,0,20,0.937636962272449
"No",1,1,1,1,1,1,1,1,0,0,0,0,0,0,0,0,0,0,0,0,0,0,0,0,0,10,0,0,2,0,2,0,14,0.796311640173813
"No",1,1,1,1,0,0,0,0,0,0,0,0,1,1,1,1,0,0,0,0,0,0,0,0,0,30,0,0,2,0,0,0,32,0.233791658706459
"No",0,0,0,0,0,0,0,0,0,0,0,0,1,1,1,1,0,0,0,0,0,0,0,0,0,0,0,0,10,0,0,0,10,0
"No",1,1,1,1,0,0,0,0,0,0,0,0,0,0,0,0,0,0,0,0,1,1,1,1,0,6,0,0,10,0,0,0,16,0.661563238157982
"Yes",1,1,1,1,0,0,0,0,0,0,0,0,0,0,0,0,0,0,0,0,0,0,0,0,0,15,10,0,8,10,0,0,43,1.35868878523187
"Yes",1,1,1,1,1,1,1,1,0,0,0,0,0,0,0,0,0,0,0,0,0,0,0,0,0,28,0,0,54,5,0,0,87,0.825056919096572
"Yes",1,1,1,1,0,0,0,0,0,0,0,0,1,1,1,1,0,0,0,0,0,0,0,0,0,16,8,0,10,0,0,0,34,1.05510161816864
"Yes",0,0,0,0,0,0,0,0,0,0,0,0,1,1,1,1,0,0,0,0,0,0,0,0,0,8,0,0,0,10,0,0,18,0.686961576597323
"Yes",1,1,1,1,0,0,0,0,0,0,0,0,0,0,0,0,0,0,0,0,1,1,1,1,0,0,5,23,5,5,0,0,38,1.1044825899137
"No",1,1,1,1,0,0,0,0,0,0,0,0,0,0,0,0,0,0,0,0,0,0,0,0,8,30,10,0,8,5,0,0,61,1.38333244435605
"No",1,1,1,1,1,1,1,1,0,0,0,0,0,0,0,0,0,0,0,0,0,0,0,0,0,32,8,0,5,10,0,0,55,1.12347642677536
"No",1,1,1,1,0,0,0,0,0,0,0,0,1,1,1,1,0,0,0,0,0,0,0,0,0,12,6,0,10,5,0,0,33,1.32552340677147
"No",0,0,0,0,0,0,0,0,0,0,0,0,1,1,1,1,0,0,0,0,0,0,0,0,0,0,0,0,15,12,12,0,39,1.09283055352849
"No",1,1,1,1,0,0,0,0,0,0,0,0,0,0,0,0,0,0,0,0,1,1,1,1,8,30,0,0,12,13,0,0,63,1.25687004023662
"Yes",1,1,1,1,0,0,0,0,0,0,0,0,0,0,0,0,0,0,0,0,0,0,0,0,5,16,0,0,5,5,0,0,31,1.22421339021586
"Yes",1,1,1,1,1,1,1,1,0,0,0,0,0,0,0,0,0,0,0,0,0,0,0,0,0,12,0,0,30,10,0,0,52,0.972769638249483
"Yes",1,1,1,1,0,0,0,0,0,0,0,0,1,1,1,1,0,0,0,0,0,0,0,0,11,55,0,0,12,10,0,0,88,1.0725083608877
"Yes",0,0,0,0,0,0,0,0,0,0,0,0,1,1,1,1,0,0,0,0,0,0,0,0,0,0,0,0,15,0,0,0,15,0
"Yes",1,1,1,1,0,0,0,0,0,0,0,0,0,0,0,0,0,0,0,0,1,1,1,1,0,12,0,0,10,0,0,0,22,0.689009238476659
"No",1,1,1,1,0,0,0,0,0,0,0,0,0,0,0,0,0,0,0,0,0,0,0,0,0,14,0,0,2,0,0,0,16,0.376770161256437
"No",1,1,1,1,1,1,1,1,0,0,0,0,0,0,0,0,0,0,0,0,0,0,0,0,0,13,0,0,12,0,0,0,25,0.692346967089961
"No",1,1,1,1,0,0,0,0,0,0,0,0,1,1,1,1,0,0,0,0,0,0,0,0,0,0,0,8,3,0,0,0,11,0.585952618303551
"No",0,0,0,0,0,0,0,0,0,0,0,0,1,1,1,1,0,0,0,0,0,0,0,0,0,0,0,0,6,3,5,0,14,1.06094424079075
"No",1,1,1,1,0,0,0,0,0,0,0,0,0,0,0,0,0,0,0,0,1,1,1,1,0,35,0,0,10,0,0,0,45,0.529706199057654
"Yes",1,1,1,1,0,0,0,0,0,0,0,0,0,0,0,0,0,0,0,0,0,0,0,0,5,6,8,0,0,0,0,0,19,1.07952957332552
"Yes",1,1,1,1,1,1,1,1,0,0,0,0,0,0,0,0,0,0,0,0,0,0,0,0,0,13,0,0,0,0,0,0,13,0
"Yes",1,1,1,1,0,0,0,0,0,0,0,0,1,1,1,1,0,0,0,0,0,0,0,0,0,12,0,0,0,2,0,0,14,0.410116318288409
"Yes",0,0,0,0,0,0,0,0,0,0,0,0,1,1,1,1,0,0,0,0,0,0,0,0,5,8,0,0,10,0,20,0,43,1.25833457391148
"Yes",1,1,1,1,0,0,0,0,0,0,0,0,0,0,0,0,0,0,0,0,1,1,1,1,0,35,10,0,1,0,10,0,56,0.980907333377821
"No",1,1,1,1,0,0,0,0,0,0,0,0,0,0,0,0,0,0,0,0,0,0,0,0,0,15,0,0,2,0,0,0,17,0.362210557135449
"No",1,1,1,1,1,1,1,1,0,0,0,0,0,0,0,0,0,0,0,0,0,0,0,0,0,15,0,0,0,0,5,0,20,0.562335144618808
"No",1,1,1,1,0,0,0,0,0,0,0,0,1,1,1,1,0,0,0,0,0,0,0,0,14,6,0,0,0,0,5,0,25,0.989093865182103
"No",0,0,0,0,0,0,0,0,0,0,0,0,1,1,1,1,0,0,0,0,0,0,0,0,0,0,0,0,0,0,15,0,15,0
"No",1,1,1,1,0,0,0,0,0,0,0,0,0,0,0,0,0,0,0,0,1,1,1,1,0,0,0,0,0,0,10,0,10,0
"Yes",1,1,1,1,0,0,0,0,0,0,0,0,0,0,0,0,0,0,0,0,0,0,0,0,0,30,5,0,0,5,5,0,45,1.00271826451752
"Yes",1,1,1,1,1,1,1,1,0,0,0,0,0,0,0,0,0,0,0,0,0,0,0,0,0,50,0,0,5,3,25,0,83,0.955996362961813
"Yes",1,1,1,1,0,0,0,0,0,0,0,0,1,1,1,1,0,0,0,0,0,0,0,0,0,18,6,0,0,3,12,0,39,1.20479330969478
"Yes",0,0,0,0,0,0,0,0,0,0,0,0,1,1,1,1,0,0,0,0,0,0,0,0,0,0,0,0,10,10,70,0,90,0.683738905848754
"Yes",1,1,1,1,0,0,0,0,0,0,0,0,0,0,0,0,0,0,0,0,1,1,1,1,0,40,12,0,3,0,0,0,55,0.722426006541238
"No",1,1,1,1,0,0,0,0,0,0,0,0,0,0,0,0,0,0,0,0,0,0,0,0,0,40,10,0,1,1,0,0,52,0.670839312918006
"No",1,1,1,1,1,1,1,1,0,0,0,0,0,0,0,0,0,0,0,0,0,0,0,0,0,6,0,0,46,3,15,0,70,0.951571657243585
"No",1,1,1,1,0,0,0,0,0,0,0,0,1,1,1,1,0,0,0,0,0,0,0,0,0,15,0,0,0,0,10,0,25,0.673011667009257
"No",0,0,0,0,0,0,0,0,0,0,0,0,1,1,1,1,0,0,0,0,0,0,0,0,0,15,0,0,0,5,15,0,35,1.00424247305408
"No",1,1,1,1,0,0,0,0,0,0,0,0,0,0,0,0,0,0,0,0,1,1,1,1,0,23,0,0,0,0,20,0,43,0.69071145435751
"Yes",1,1,1,1,0,0,0,0,0,0,0,0,0,0,0,0,0,0,0,0,0,0,0,0,0,0,0,8,5,0,0,8,21,1.07698652205448
"Yes",1,1,1,1,1,1,1,1,0,0,0,0,0,0,0,0,0,0,0,0,0,0,0,0,5,0,0,0,25,0,0,0,30,0.450561208866305
"Yes",1,1,1,1,0,0,0,0,0,0,0,0,1,1,1,1,0,0,0,0,0,0,0,0,5,10,8,8,15,5,5,0,56,1.86357959609475
"Yes",0,0,0,0,0,0,0,0,0,0,0,0,1,1,1,1,0,0,0,0,0,0,0,0,0,0,0,0,50,5,0,0,55,0.304636097349238
"Yes",1,1,1,1,0,0,0,0,0,0,0,0,0,0,0,0,0,0,0,0,1,1,1,1,5,10,0,0,10,10,10,0,45,1.58109375017182
"No",1,1,1,1,0,0,0,0,0,0,0,0,0,0,0,0,0,0,0,0,0,0,0,0,0,0,0,4,10,18,0,0,32,0.947057152282508
"No",1,1,1,1,1,1,1,1,0,0,0,0,0,0,0,0,0,0,0,0,0,0,0,0,0,0,0,0,25,15,0,0,40,0.661563238157982
"No",1,1,1,1,0,0,0,0,0,0,0,0,1,1,1,1,0,0,0,0,0,0,0,0,5,8,0,0,64,3,15,0,95,1.0300050061988
"No",0,0,0,0,0,0,0,0,0,0,0,0,1,1,1,1,0,0,0,0,0,0,0,0,0,0,0,0,5,10,0,0,15,0.636514168294813
"No",1,1,1,1,0,0,0,0,0,0,0,0,0,0,0,0,0,0,0,0,1,1,1,1,0,0,0,0,15,15,0,0,30,0.693147180559945
"Yes",1,1,1,1,0,0,0,0,0,0,0,0,0,0,0,0,0,0,0,0,0,0,0,0,0,30,0,0,10,18,0,0,58,1.00719363085787
"Yes",1,1,1,1,1,1,1,1,0,0,0,0,0,0,0,0,0,0,0,0,0,0,0,0,0,8,0,0,18,18,0,0,44,1.04125973351597
"Yes",1,1,1,1,0,0,0,0,0,0,0,0,1,1,1,1,0,0,0,0,0,0,0,0,3,0,0,0,20,0,0,0,23,0.387212375186361
"Yes",0,0,0,0,0,0,0,0,0,0,0,0,1,1,1,1,0,0,0,0,0,0,0,0,0,0,10,0,0,10,20,0,40,1.03972077083992
"Yes",1,1,1,1,0,0,0,0,0,0,0,0,0,0,0,0,0,0,0,0,1,1,1,1,0,25,0,0,20,5,0,0,50,0.943348392329039
"No",1,1,1,1,0,0,0,0,0,0,0,0,0,0,0,0,0,0,0,0,0,0,0,0,0,35,10,0,35,0,0,0,80,0.983273944246389
"No",1,1,1,1,1,1,1,1,0,0,0,0,0,0,0,0,0,0,0,0,0,0,0,0,0,10,0,0,18,0,10,0,38,1.05657580441028
"No",1,1,1,1,0,0,0,0,0,0,0,0,1,1,1,1,0,0,0,0,0,0,0,0,3,32,11,0,20,0,0,0,66,1.15191414767101
"No",0,0,0,0,0,0,0,0,0,0,0,0,1,1,1,1,0,0,0,0,0,0,0,0,12,0,0,0,15,10,0,0,37,1.08482375740288
"No",1,1,1,1,0,0,0,0,0,0,0,0,0,0,0,0,0,0,0,0,1,1,1,1,0,28,0,0,15,0,10,0,53,1.00900266390346
"Yes",1,1,1,1,0,0,0,0,0,0,0,0,0,0,0,0,0,0,0,0,0,0,0,0,0,0,0,0,0,0,0,0,0,NA
"Yes",1,1,1,1,1,1,1,1,0,0,0,0,0,0,0,0,0,0,0,0,0,0,0,0,0,0,0,0,16,10,0,0,26,0.666278442414676
"Yes",1,1,1,1,0,0,0,0,0,0,0,0,1,1,1,1,0,0,0,0,0,0,0,0,16,25,0,0,0,5,5,0,51,1.168537509158
"Yes",0,0,0,0,0,0,0,0,0,0,0,0,1,1,1,1,0,0,0,0,0,0,0,0,0,0,0,0,15,5,0,0,20,0.562335144618808
"Yes",1,1,1,1,0,0,0,0,0,0,0,0,0,0,0,0,0,0,0,0,1,1,1,1,38,20,0,0,5,0,0,0,63,0.870275851743073
"No",1,1,1,1,0,0,0,0,0,0,0,0,0,0,0,0,0,0,0,0,0,0,0,0,0,20,12,4,0,10,0,0,46,1.25680327381614
"No",1,1,1,1,1,1,1,1,0,0,0,0,0,0,0,0,0,0,0,0,0,0,0,0,0,0,0,0,0,0,0,0,0,NA
"No",1,1,1,1,0,0,0,0,0,0,0,0,1,1,1,1,0,0,0,0,0,0,0,0,12,35,14,0,5,5,10,0,81,1.55095415938256
"No",0,0,0,0,0,0,0,0,0,0,0,0,1,1,1,1,0,0,0,0,0,0,0,0,5,12,0,0,0,20,0,0,37,0.968195890192702
"No",1,1,1,1,0,0,0,0,0,0,0,0,0,0,0,0,0,0,0,0,1,1,1,1,5,30,0,5,3,12,0,0,55,1.25742378091127
"No",1,1,1,1,0,0,0,0,0,0,0,0,0,0,0,0,0,0,0,0,0,0,0,0,0,0,0,5,3,0,5,0,13,1.07339428128113
"No",1,1,1,1,1,1,1,1,0,0,0,0,0,0,0,0,0,0,0,0,0,0,0,0,0,0,0,0,10,20,10,0,40,1.03972077083992
"No",1,1,1,1,0,0,0,0,0,0,0,0,1,1,1,1,0,0,0,0,0,0,0,0,0,0,0,5,5,20,5,0,35,1.15374194270109
"No",0,0,0,0,0,0,0,0,0,0,0,0,1,1,1,1,0,0,0,0,0,0,0,0,0,0,0,0,5,20,10,0,35,0.955699891112534
"No",1,1,1,1,0,0,0,0,0,0,0,0,0,0,0,0,0,0,0,0,1,1,1,1,0,8,0,0,5,20,10,0,43,1.25833457391148
"No",1,1,1,1,0,0,0,0,0,0,0,0,0,0,0,0,0,0,0,0,0,0,0,0,0,15,0,0,2,8,0,0,25,0.873172636424532
"No",1,1,1,1,1,1,1,1,0,0,0,0,0,0,0,0,0,0,0,0,0,0,0,0,0,0,0,0,12,0,15,0,27,0.686961576597323
"No",1,1,1,1,0,0,0,0,0,0,0,0,1,1,1,1,0,0,0,0,0,0,0,0,0,4,0,0,3,12,0,0,19,0.909707710327499
"No",0,0,0,0,0,0,0,0,0,0,0,0,1,1,1,1,0,0,0,0,0,0,0,0,0,0,0,0,5,10,7,0,22,1.05947829265385
"No",1,1,1,1,0,0,0,0,0,0,0,0,0,0,0,0,0,0,0,0,1,1,1,1,0,0,0,0,5,0,22,0,27,0.479165623928275
"No",1,1,1,1,0,0,0,0,0,0,0,0,0,0,0,0,0,0,0,0,0,0,0,0,10,12,18,0,0,10,8,0,58,1.56849808584113
"No",1,1,1,1,1,1,1,1,0,0,0,0,0,0,0,0,0,0,0,0,0,0,0,0,0,0,0,0,25,15,50,0,90,0.980989682445315
"No",1,1,1,1,0,0,0,0,0,0,0,0,1,1,1,1,0,0,0,0,0,0,0,0,0,45,10,0,10,10,15,0,90,1.37760836093005
"No",0,0,0,0,0,0,0,0,0,0,0,0,1,1,1,1,0,0,0,0,0,0,0,0,0,0,0,0,18,10,57,0,85,0.848457552506307
"No",1,1,1,1,0,0,0,0,0,0,0,0,0,0,0,0,0,0,0,0,1,1,1,1,10,35,35,0,0,1,4,0,85,1.17858781321174
"No",1,1,1,1,0,0,0,0,0,0,0,0,0,0,0,0,0,0,0,0,0,0,0,0,35,40,10,0,0,3,0,0,88,1.08740444956194
"No",1,1,1,1,1,1,1,1,0,0,0,0,0,0,0,0,0,0,0,0,0,0,0,0,0,25,0,0,0,0,10,0,35,0.598269588585257
"No",1,1,1,1,0,0,0,0,0,0,0,0,1,1,1,1,0,0,0,0,0,0,0,0,5,75,0,0,1,5,5,0,91,0.687198218585699
"No",0,0,0,0,0,0,0,0,0,0,0,0,1,1,1,1,0,0,0,0,0,0,0,0,8,0,0,0,0,3,34,0,45,0.699381888961597
"No",1,1,1,1,0,0,0,0,0,0,0,0,0,0,0,0,0,0,0,0,1,1,1,1,15,65,0,0,0,0,0,0,80,0.482577565177012
"No",1,1,1,1,0,0,0,0,0,0,0,0,0,0,0,0,0,0,0,0,0,0,0,0,0,35,30,0,0,5,5,0,75,1.08325501051851
"No",1,1,1,1,1,1,1,1,0,0,0,0,0,0,0,0,0,0,0,0,0,0,0,0,0,20,0,0,12,3,6,0,41,1.18235453134069
"No",1,1,1,1,0,0,0,0,0,0,0,0,1,1,1,1,0,0,0,0,0,0,0,0,0,50,0,0,0,10,20,0,80,0.900256051268537
"No",0,0,0,0,0,0,0,0,0,0,0,0,1,1,1,1,0,0,0,0,0,0,0,0,0,30,0,0,15,10,20,0,75,1.30952583530407
"No",1,1,1,1,0,0,0,0,0,0,0,0,0,0,0,0,0,0,0,0,1,1,1,1,0,30,30,0,0,10,0,0,70,1.00424247305408
"No",1,1,1,1,0,0,0,0,0,0,0,0,0,0,0,0,0,0,0,0,0,0,0,0,0,55,5,0,0,10,0,0,70,0.655975732336547
"No",1,1,1,1,1,1,1,1,0,0,0,0,0,0,0,0,0,0,0,0,0,0,0,0,5,65,0,0,0,0,10,0,80,0.601923971732289
"No",1,1,1,1,0,0,0,0,0,0,0,0,1,1,1,1,0,0,0,0,0,0,0,0,5,65,15,0,0,0,8,0,93,0.912829090407463
"No",0,0,0,0,0,0,0,0,0,0,0,0,1,1,1,1,0,0,0,0,0,0,0,0,0,0,0,0,0,0,35,0,35,0
"No",1,1,1,1,0,0,0,0,0,0,0,0,0,0,0,0,0,0,0,0,1,1,1,1,0,70,5,0,0,0,0,0,75,0.244930026794635
"No",1,1,1,1,0,0,0,0,0,0,0,0,0,0,0,0,0,0,0,0,0,0,0,0,0,50,6,0,0,2,0,0,58,0.47875333041029
"No",1,1,1,1,1,1,1,1,0,0,0,0,0,0,0,0,0,0,0,0,0,0,0,0,0,13,6,0,25,5,10,0,59,1.43957414600429
"No",1,1,1,1,0,0,0,0,0,0,0,0,1,1,1,1,0,0,0,0,0,0,0,0,0,60,15,0,10,5,0,0,90,0.973648923197263
"No",0,0,0,0,0,0,0,0,0,0,0,0,1,1,1,1,0,0,0,0,0,0,0,0,0,40,0,0,10,10,10,0,70,1.15374194270109
"No",1,1,1,1,0,0,0,0,0,0,0,0,0,0,0,0,0,0,0,0,1,1,1,1,0,55,0,0,3,0,0,0,58,0.203560906170726
"No",1,1,1,1,0,0,0,0,0,0,0,0,0,0,0,0,0,0,0,0,0,0,0,0,6,55,7,0,0,5,0,0,73,0.8271383095222
"No",1,1,1,1,1,1,1,1,0,0,0,0,0,0,0,0,0,0,0,0,0,0,0,0,0,40,6,0,0,5,0,0,51,0.670003582879301
"No",1,1,1,1,0,0,0,0,0,0,0,0,1,1,1,1,0,0,0,0,0,0,0,0,12,40,0,0,0,0,10,0,62,0.894877790013577
"No",0,0,0,0,0,0,0,0,0,0,0,0,1,1,1,1,0,0,0,0,0,0,0,0,0,65,0,0,0,10,10,0,85,0.708688028218583
"No",1,1,1,1,0,0,0,0,0,0,0,0,0,0,0,0,0,0,0,0,1,1,1,1,5,60,5,0,5,10,0,0,85,0.997614864139987
"No",1,1,1,1,0,0,0,0,0,0,0,0,0,0,0,0,0,0,0,0,0,0,0,0,10,45,8,0,0,15,0,0,78,1.13129923284887
"No",1,1,1,1,1,1,1,1,0,0,0,0,0,0,0,0,0,0,0,0,0,0,0,0,10,0,0,0,12,0,0,0,22,0.689009238476659
"No",1,1,1,1,0,0,0,0,0,0,0,0,1,1,1,1,0,0,0,0,0,0,0,0,0,30,10,0,5,0,0,0,45,0.848685557726417
"No",0,0,0,0,0,0,0,0,0,0,0,0,1,1,1,1,0,0,0,0,0,0,0,0,0,50,0,0,10,0,10,0,70,0.796311640173813
"No",1,1,1,1,0,0,0,0,0,0,0,0,0,0,0,0,0,0,0,0,1,1,1,1,5,55,12,0,5,5,0,0,82,1.06081956834043
"No",1,1,1,1,0,0,0,0,0,0,0,0,0,0,0,0,0,0,0,0,0,0,0,0,15,55,0,0,0,8,0,0,78,0.796970230051672
"No",1,1,1,1,1,1,1,1,0,0,0,0,0,0,0,0,0,0,0,0,0,0,0,0,0,45,0,0,10,5,0,0,60,0.721463686692511
"No",1,1,1,1,0,0,0,0,0,0,0,0,1,1,1,1,0,0,0,0,0,0,0,0,25,60,0,0,0,3,3,0,91,0.854549142923007
"No",0,0,0,0,0,0,0,0,0,0,0,0,1,1,1,1,0,0,0,0,0,0,0,0,5,25,0,0,3,5,20,0,58,1.30567133669935
"No",1,1,1,1,0,0,0,0,0,0,0,0,0,0,0,0,0,0,0,0,1,1,1,1,20,65,0,0,0,0,0,0,85,0.545594573969184
"No",1,1,1,1,0,0,0,0,0,0,0,0,0,0,0,0,0,0,0,0,0,0,0,0,0,3,5,0,87,0,0,0,95,0.344644967904503
"No",1,1,1,1,1,1,1,1,0,0,0,0,0,0,0,0,0,0,0,0,0,0,0,0,0,3,0,0,87,0,0,0,90,0.146144746008564
"No",1,1,1,1,0,0,0,0,0,0,0,0,1,1,1,1,0,0,0,0,0,0,0,0,3,0,4,0,63,2,0,6,78,0.741383785027558
"No",0,0,0,0,0,0,0,0,0,0,0,0,1,1,1,1,0,0,0,0,0,0,0,0,0,0,0,0,91,0,4,0,95,0.174578022784615
"No",1,1,1,1,0,0,0,0,0,0,0,0,0,0,0,0,0,0,0,0,1,1,1,1,3,8,12,0,67,0,0,0,90,0.816869064818112
"Yes",1,1,1,1,0,0,0,0,0,0,0,0,0,0,0,0,0,0,0,0,0,0,0,0,0,8,2,5,63,0,3,3,84,0.9346480160885
"Yes",1,1,1,1,1,1,1,1,0,0,0,0,0,0,0,0,0,0,0,0,0,0,0,0,0,0,0,0,82,0,3,5,90,0.358765173620892
"Yes",1,1,1,1,0,0,0,0,0,0,0,0,1,1,1,1,0,0,0,0,0,0,0,0,0,5,2,0,89,0,2,0,98,0.398146915501483
"Yes",0,0,0,0,0,0,0,0,0,0,0,0,1,1,1,1,0,0,0,0,0,0,0,0,0,0,0,0,65,0,20,0,85,0.545594573969184
"Yes",1,1,1,1,0,0,0,0,0,0,0,0,0,0,0,0,0,0,0,0,1,1,1,1,0,5,0,0,73,2,0,0,80,0.349063845584845
"No",1,1,1,1,0,0,0,0,0,0,0,0,0,0,0,0,0,0,0,0,0,0,0,0,0,0,12,0,53,3,2,15,85,1.08327201579178
"No",1,1,1,1,1,1,1,1,0,0,0,0,0,0,0,0,0,0,0,0,0,0,0,0,0,0,0,0,95,0,2,0,97,0.100436761357287
"No",1,1,1,1,0,0,0,0,0,0,0,0,1,1,1,1,0,0,0,0,0,0,0,0,0,4,0,0,70,0,3,0,77,0.366718652322008
"No",0,0,0,0,0,0,0,0,0,0,0,0,1,1,1,1,0,0,0,0,0,0,0,0,0,0,0,0,68,0,10,0,78,0.382960430767595
"No",1,1,1,1,0,0,0,0,0,0,0,0,0,0,0,0,0,0,0,0,1,1,1,1,3,6,8,0,73,0,2,0,92,0.768834668573347
"Yes",1,1,1,1,0,0,0,0,0,0,0,0,0,0,0,0,0,0,0,0,0,0,0,0,0,0,0,0,60,0,0,0,60,0
"Yes",1,1,1,1,1,1,1,1,0,0,0,0,0,0,0,0,0,0,0,0,0,0,0,0,0,0,2,0,82,0,1,0,85,0.175153931351626
"Yes",1,1,1,1,0,0,0,0,0,0,0,0,1,1,1,1,0,0,0,0,0,0,0,0,0,0,4,0,95,0,1,0,100,0.223535364522782
"Yes",0,0,0,0,0,0,0,0,0,0,0,0,1,1,1,1,0,0,0,0,0,0,0,0,0,0,0,0,88,0,12,0,100,0.36692499127271
"Yes",1,1,1,1,0,0,0,0,0,0,0,0,0,0,0,0,0,0,0,0,1,1,1,1,0,0,0,0,72,3,0,0,75,0.167944147734173
"No",1,1,1,1,0,0,0,0,0,0,0,0,0,0,0,0,0,0,0,0,0,0,0,0,0,10,0,0,10,10,0,35,65,1.19723750155793
"No",1,1,1,1,1,1,1,1,0,0,0,0,0,0,0,0,0,0,0,0,0,0,0,0,7,0,0,0,79,2,2,0,90,0.482250335768913
"No",1,1,1,1,0,0,0,0,0,0,0,0,1,1,1,1,0,0,0,0,0,0,0,0,2,0,2,0,56,8,4,5,77,0.98769915245762
"No",0,0,0,0,0,0,0,0,0,0,0,0,1,1,1,1,0,0,0,0,0,0,0,0,3,0,0,0,79,8,5,5,100,0.793048899301304
"No",1,1,1,1,0,0,0,0,0,0,0,0,0,0,0,0,0,0,0,0,1,1,1,1,12,0,0,0,43,15,0,15,85,1.2333337176039
"Yes",1,1,1,1,0,0,0,0,0,0,0,0,0,0,0,0,0,0,0,0,0,0,0,0,3,13,2,0,30,7,0,5,60,1.39882864672966
"Yes",1,1,1,1,1,1,1,1,0,0,0,0,0,0,0,0,0,0,0,0,0,0,0,0,8,8,12,4,67,0,0,0,99,1.05623573490219
"Yes",1,1,1,1,0,0,0,0,0,0,0,0,1,1,1,1,0,0,0,0,0,0,0,0,8,52,15,0,15,0,0,0,90,1.12934620663316
"Yes",0,0,0,0,0,0,0,0,0,0,0,0,1,1,1,1,0,0,0,0,0,0,0,0,0,5,0,0,20,25,25,15,90,1.50507212262811
"Yes",1,1,1,1,0,0,0,0,0,0,0,0,0,0,0,0,0,0,0,0,1,1,1,1,6,50,7,0,0,10,0,12,85,1.23302997581315
"No",1,1,1,1,0,0,0,0,0,0,0,0,0,0,0,0,0,0,0,0,0,0,0,0,0,48,12,0,3,5,2,10,80,1.23963038417051
"No",1,1,1,1,1,1,1,1,0,0,0,0,0,0,0,0,0,0,0,0,0,0,0,0,0,15,8,0,10,15,15,15,78,1.76511401477277
"No",1,1,1,1,0,0,0,0,0,0,0,0,1,1,1,1,0,0,0,0,0,0,0,0,7,47,15,0,10,2,3,6,90,1.45916966685553
"No",0,0,0,0,0,0,0,0,0,0,0,0,1,1,1,1,0,0,0,0,0,0,0,0,0,0,0,0,80,0,10,0,90,0.348832095843032
"No",1,1,1,1,0,0,0,0,0,0,0,0,0,0,0,0,0,0,0,0,1,1,1,1,0,17,12,3,0,0,0,0,32,0.925756418036726
"Yes",1,1,1,1,0,0,0,0,0,0,0,0,0,0,0,0,0,0,0,0,0,0,0,0,2,22,25,0,19,2,0,30,100,1.51289338226954
"Yes",1,1,1,1,1,1,1,1,0,0,0,0,0,0,0,0,0,0,0,0,0,0,0,0,3,12,8,0,32,30,5,10,100,1.66754258770343
"Yes",1,1,1,1,0,0,0,0,0,0,0,0,1,1,1,1,0,0,0,0,0,0,0,0,6,20,0,0,53,5,6,0,90,1.16771611386083
"Yes",0,0,0,0,0,0,0,0,0,0,0,0,1,1,1,1,0,0,0,0,0,0,0,0,0,0,0,0,99,0,1,0,100,0.0560015343548473
"Yes",1,1,1,1,0,0,0,0,0,0,0,0,0,0,0,0,0,0,0,0,1,1,1,1,0,10,14,8,48,0,0,20,100,1.38176538726158
"No",1,1,1,1,0,0,0,0,0,0,0,0,0,0,0,0,0,0,0,0,0,0,0,0,3,0,0,0,85,0,12,0,3,0.497769451336719
"No",1,1,1,1,1,1,1,1,0,0,0,0,0,0,0,0,0,0,0,0,0,0,0,0,2,0,0,0,83,0,5,0,2,0.319840177325731
"No",1,1,1,1,0,0,0,0,0,0,0,0,1,1,1,1,0,0,0,0,0,0,0,0,0,0,0,0,95,0,4,0,0,0.169226091078722
"No",0,0,0,0,0,0,0,0,0,0,0,0,1,1,1,1,0,0,0,0,0,0,0,0,5,0,0,0,92,0,3,0,5,0.331694430821226
"No",1,1,1,1,0,0,0,0,0,0,0,0,0,0,0,0,0,0,0,0,1,1,1,1,10,25,5,0,50,0,10,0,40,1.30345081283645
"Yes",1,1,1,1,0,0,0,0,0,0,0,0,0,0,0,0,0,0,0,0,0,0,0,0,0,0,3,0,97,0,0,0,3,0.134742168179767
"Yes",1,1,1,1,1,1,1,1,0,0,0,0,0,0,0,0,0,0,0,0,0,0,0,0,0,0,0,0,100,0,0,0,0,0
"Yes",1,1,1,1,0,0,0,0,0,0,0,0,1,1,1,1,0,0,0,0,0,0,0,0,0,8,4,0,78,5,5,5,12,0.976383522098305
"Yes",0,0,0,0,0,0,0,0,0,0,0,0,1,1,1,1,0,0,0,0,0,0,0,0,0,0,0,0,99,0,1,0,0,0.0560015343548473
"Yes",1,1,1,1,0,0,0,0,0,0,0,0,0,0,0,0,0,0,0,0,1,1,1,1,0,4,2,0,89,0,0,0,95,0.275770484108331
"No",1,1,1,1,0,0,0,0,0,0,0,0,0,0,0,0,0,0,0,0,0,0,0,0,6,0,0,0,89,5,0,0,100,0.422306353151099
"No",1,1,1,1,1,1,1,1,0,0,0,0,0,0,0,0,0,0,0,0,0,0,0,0,0,0,0,0,62,0,15,0,77,0.493116007706556
"No",1,1,1,1,0,0,0,0,0,0,0,0,1,1,1,1,0,0,0,0,0,0,0,0,2,2,0,0,66,0,10,0,80,0.603080976849828
"No",0,0,0,0,0,0,0,0,0,0,0,0,1,1,1,1,0,0,0,0,0,0,0,0,0,0,0,0,76,0,2,0,78,0.119246926396245
"No",1,1,1,1,0,0,0,0,0,0,0,0,0,0,0,0,0,0,0,0,1,1,1,1,3,0,0,0,35,0,1,0,39,0.388356030280062
"Yes",1,1,1,1,0,0,0,0,0,0,0,0,0,0,0,0,0,0,0,0,0,0,0,0,0,2,0,0,81,1,0,0,84,0.176808752538701
"Yes",1,1,1,1,1,1,1,1,0,0,0,0,0,0,0,0,0,0,0,0,0,0,0,0,0,0,0,0,22,0,10,0,32,0.621086374555245
"Yes",1,1,1,1,0,0,0,0,0,0,0,0,1,1,1,1,0,0,0,0,0,0,0,0,0,1,0,0,91,0,0,0,92,0.0599601521247648
"Yes",0,0,0,0,0,0,0,0,0,0,0,0,1,1,1,1,0,0,0,0,0,0,0,0,0,0,0,0,28,0,12,0,40,0.610864302054894
"Yes",1,1,1,1,0,0,0,0,0,0,0,0,0,0,0,0,0,0,0,0,1,1,1,1,6,0,0,0,86,0,0,0,92,0.241088312992845
"No",1,1,1,1,0,0,0,0,0,0,0,0,0,0,0,0,0,0,0,0,0,0,0,0,10,55,0,0,25,0,10,0,100,1.13590095929437
"No",1,1,1,1,1,1,1,1,0,0,0,0,0,0,0,0,0,0,0,0,0,0,0,0,12,0,0,0,73,0,15,0,100,0.768738465809874
"No",1,1,1,1,0,0,0,0,0,0,0,0,1,1,1,1,0,0,0,0,0,0,0,0,0,16,0,0,25,0,20,0,61,1.08221877157296
"No",0,0,0,0,0,0,0,0,0,0,0,0,1,1,1,1,0,0,0,0,0,0,0,0,0,0,0,0,20,0,6,0,26,0.540204142388861
"No",1,1,1,1,0,0,0,0,0,0,0,0,0,0,0,0,0,0,0,0,1,1,1,1,0,8,0,0,20,0,8,0,36,0.995026990179521
"Yes",1,1,1,1,0,0,0,0,0,0,0,0,0,0,0,0,0,0,0,0,0,0,0,0,5,74,0,0,20,0,0,0,99,0.691456699322884
"Yes",1,1,1,1,1,1,1,1,0,0,0,0,0,0,0,0,0,0,0,0,0,0,0,0,0,14,0,0,35,0,10,0,59,0.95194700836871
"Yes",1,1,1,1,0,0,0,0,0,0,0,0,1,1,1,1,0,0,0,0,0,0,0,0,0,50,0,0,15,0,15,0,80,0.921493430867962
"Yes",0,0,0,0,0,0,0,0,0,0,0,0,1,1,1,1,0,0,0,0,0,0,0,0,0,0,0,0,69,0,25,0,94,0.579196437175154
"Yes",1,1,1,1,0,0,0,0,0,0,0,0,0,0,0,0,0,0,0,0,1,1,1,1,0,55,0,0,28,5,2,0,90,0.909381499263798
"No",1,1,1,1,0,0,0,0,0,0,0,0,0,0,0,0,0,0,0,0,0,0,0,0,0,20,0,0,67,3,0,0,90,0.667310916593833
"No",1,1,1,1,1,1,1,1,0,0,0,0,0,0,0,0,0,0,0,0,0,0,0,0,0,0,0,3,71,5,5,3,87,0.72641014019156
"No",1,1,1,1,0,0,0,0,0,0,0,0,1,1,1,1,0,0,0,0,0,0,0,0,0,4,0,0,56,0,40,0,100,0.819969683086038
"No",0,0,0,0,0,0,0,0,0,0,0,0,1,1,1,1,0,0,0,0,0,0,0,0,0,0,0,0,40,0,50,0,90,0.686961576597323
"No",1,1,1,1,0,0,0,0,0,0,0,0,0,0,0,0,0,0,0,0,1,1,1,1,0,0,0,0,50,0,10,0,60,0.450561208866305
"Yes",1,1,1,1,0,0,0,0,0,0,0,0,0,0,0,0,0,0,0,0,0,0,0,0,3,2,0,0,70,15,0,0,90,0.692059101584571
"Yes",1,1,1,1,1,1,1,1,0,0,0,0,0,0,0,0,0,0,0,0,0,0,0,0,0,0,0,0,92,0,5,0,97,0.203043569733463
"Yes",1,1,1,1,0,0,0,0,0,0,0,0,1,1,1,1,0,0,0,0,0,0,0,0,0,0,0,0,75,0,13,0,88,0.418746471725669
"Yes",0,0,0,0,0,0,0,0,0,0,0,0,1,1,1,1,0,0,0,0,0,0,0,0,0,0,0,0,51,12,15,0,78,0.882827543575108
"Yes",1,1,1,1,0,0,0,0,0,0,0,0,0,0,0,0,0,0,0,0,1,1,1,1,12,15,0,0,66,0,3,0,96,0.91588274715807
"No",1,1,1,1,0,0,0,0,0,0,0,0,0,0,0,0,0,0,0,0,0,0,0,0,14,18,0,0,58,0,10,0,100,1.13011978800432
"No",1,1,1,1,1,1,1,1,0,0,0,0,0,0,0,0,0,0,0,0,0,0,0,0,0,25,0,8,62,0,5,0,100,0.994800692086993
"No",1,1,1,1,0,0,0,0,0,0,0,0,1,1,1,1,0,0,0,0,0,0,0,0,0,12,0,10,73,0,5,0,100,0.864215591054096
"No",0,0,0,0,0,0,0,0,0,0,0,0,1,1,1,1,0,0,0,0,0,0,0,0,0,0,0,0,68,10,12,0,90,0.724573507226135
"No",1,1,1,1,0,0,0,0,0,0,0,0,0,0,0,0,0,0,0,0,1,1,1,1,0,20,0,0,54,16,10,0,100,1.17809964127482
"Yes",1,1,1,1,0,0,0,0,0,0,0,0,0,0,0,0,0,0,0,0,0,0,0,0,6,20,0,0,69,0,5,0,100,0.896512779329796
"Yes",1,1,1,1,1,1,1,1,0,0,0,0,0,0,0,0,0,0,0,0,0,0,0,0,35,0,3,0,37,0,15,0,90,1.14472372808023
"Yes",1,1,1,1,0,0,0,0,0,0,0,0,1,1,1,1,0,0,0,0,0,0,0,0,0,0,5,0,87,0,8,0,100,0.473002903802512
"Yes",0,0,0,0,0,0,0,0,0,0,0,0,1,1,1,1,0,0,0,0,0,0,0,0,0,0,0,0,72,0,8,0,80,0.325082973391448
"Yes",1,1,1,1,0,0,0,0,0,0,0,0,0,0,0,0,0,0,0,0,1,1,1,1,5,10,0,0,85,0,0,0,100,0.518186213050213
"No",1,1,1,1,0,0,0,0,0,0,0,0,0,0,0,0,0,0,0,0,0,0,0,0,0,60,0,0,31,3,2,0,96,0.847718938348151
"No",1,1,1,1,1,1,1,1,0,0,0,0,0,0,0,0,0,0,0,0,0,0,0,0,0,0,0,0,30,10,0,0,40,0.562335144618808
"No",1,1,1,1,0,0,0,0,0,0,0,0,1,1,1,1,0,0,0,0,0,0,0,0,0,10,0,20,70,0,0,0,100,0.801818552543337
"No",0,0,0,0,0,0,0,0,0,0,0,0,1,1,1,1,0,0,0,0,0,0,0,0,0,0,0,0,73,2,5,0,80,0.349063845584845
"No",1,1,1,1,0,0,0,0,0,0,0,0,0,0,0,0,0,0,0,0,1,1,1,1,0,0,0,0,100,0,0,0,100,0
"Yes",1,1,1,1,0,0,0,0,0,0,0,0,0,0,0,0,0,0,0,0,0,0,0,0,0,3,0,0,97,0,0,0,100,0.134742168179767
"Yes",1,1,1,1,1,1,1,1,0,0,0,0,0,0,0,0,0,0,0,0,0,0,0,0,0,40,0,0,44,0,6,0,90,0.890808793971051
"Yes",1,1,1,1,0,0,0,0,0,0,0,0,1,1,1,1,0,0,0,0,0,0,0,0,0,20,0,0,70,0,0,0,90,0.529706199057654
"Yes",0,0,0,0,0,0,0,0,0,0,0,0,1,1,1,1,0,0,0,0,0,0,0,0,0,0,0,0,95,2,3,0,100,0.232165826696335
"Yes",1,1,1,1,0,0,0,0,0,0,0,0,0,0,0,0,0,0,0,0,1,1,1,1,0,35,0,0,37,3,0,0,75,0.832995023056709
"No",1,1,1,1,0,0,0,0,0,0,0,0,0,0,0,0,0,0,0,0,0,0,0,0,5,0,0,0,49,1,0,0,55,0.393762563967176
"No",1,1,1,1,1,1,1,1,0,0,0,0,0,0,0,0,0,0,0,0,0,0,0,0,0,0,0,0,54,12,10,20,96,1.14596782987464
"No",1,1,1,1,0,0,0,0,0,0,0,0,1,1,1,1,0,0,0,0,0,0,0,0,8,8,0,0,58,3,12,0,89,1.09659731420371
"No",0,0,0,0,0,0,0,0,0,0,0,0,1,1,1,1,0,0,0,0,0,0,0,0,0,0,0,0,69,3,6,2,80,0.537201173927588
"No",1,1,1,1,0,0,0,0,0,0,0,0,0,0,0,0,0,0,0,0,1,1,1,1,5,12,0,0,58,0,0,0,75,0.672531260585393
"Yes",1,1,1,1,0,0,0,0,0,0,0,0,0,0,0,0,0,0,0,0,0,0,0,0,0,0,0,0,50,0,5,0,55,0.304636097349238
"Yes",1,1,1,1,1,1,1,1,0,0,0,0,0,0,0,0,0,0,0,0,0,0,0,0,0,0,0,0,80,0,8,0,88,0.304636097349238
"Yes",1,1,1,1,0,0,0,0,0,0,0,0,1,1,1,1,0,0,0,0,0,0,0,0,4,8,0,0,73,0,0,0,85,0.496954209646189
"Yes",0,0,0,0,0,0,0,0,0,0,0,0,1,1,1,1,0,0,0,0,0,0,0,0,0,0,0,0,75,10,3,4,92,0.655718210139827
"Yes",1,1,1,1,0,0,0,0,0,0,0,0,0,0,0,0,0,0,0,0,1,1,1,1,0,0,0,0,90,0,0,0,90,0
"No",1,1,1,1,0,0,0,0,0,0,0,0,0,0,0,0,0,0,0,0,0,0,0,0,10,6,0,0,44,30,10,0,100,1.35174494581292
"No",1,1,1,1,1,1,1,1,0,0,0,0,0,0,0,0,0,0,0,0,0,0,0,0,0,0,0,0,75,10,5,0,90,0.556646903582107
"No",1,1,1,1,0,0,0,0,0,0,0,0,1,1,1,1,0,0,0,0,0,0,0,0,0,0,0,0,97,0,0,0,97,0
"No",0,0,0,0,0,0,0,0,0,0,0,0,1,1,1,1,0,0,0,0,0,0,0,0,0,10,0,0,80,10,0,0,100,0.639031859650177
"No",1,1,1,1,0,0,0,0,0,0,0,0,0,0,0,0,0,0,0,0,1,1,1,1,0,0,0,0,30,0,50,0,80,0.661563238157982
"Yes",1,1,1,1,0,0,0,0,0,0,0,0,0,0,0,0,0,0,0,0,0,0,0,0,25,0,0,5,20,0,0,0,50,0.943348392329039
"Yes",1,1,1,1,1,1,1,1,0,0,0,0,0,0,0,0,0,0,0,0,0,0,0,0,0,0,0,0,58,0,30,0,88,0.641636631960513
"Yes",1,1,1,1,0,0,0,0,0,0,0,0,1,1,1,1,0,0,0,0,0,0,0,0,0,13,0,0,81,4,2,0,100,0.642908236177422
"Yes",0,0,0,0,0,0,0,0,0,0,0,0,1,1,1,1,0,0,0,0,0,0,0,0,0,0,0,0,82,0,0,0,82,0
"Yes",1,1,1,1,0,0,0,0,0,0,0,0,0,0,0,0,0,0,0,0,1,1,1,1,0,0,0,0,94,0,6,0,100,0.226967522500604
"No",1,1,1,1,0,0,0,0,0,0,0,0,0,0,0,0,0,0,0,0,0,0,0,0,10,0,0,20,70,0,0,0,100,0.801818552543337
"No",1,1,1,1,1,1,1,1,0,0,0,0,0,0,0,0,0,0,0,0,0,0,0,0,0,0,0,0,60,0,18,0,78,0.540204142388861
"No",1,1,1,1,0,0,0,0,0,0,0,0,1,1,1,1,0,0,0,0,0,0,0,0,0,0,0,5,65,0,0,0,70,0.257318640543832
"No",0,0,0,0,0,0,0,0,0,0,0,0,1,1,1,1,0,0,0,0,0,0,0,0,0,8,0,0,90,0,0,0,98,0.282738880066872
"No",1,1,1,1,0,0,0,0,0,0,0,0,0,0,0,0,0,0,0,0,1,1,1,1,8,15,0,3,58,0,6,0,90,1.09082774096319
"Yes",1,1,1,1,0,0,0,0,0,0,0,0,0,0,0,0,0,0,0,0,0,0,0,0,0,0,0,0,94,0,0,0,94,0
"Yes",1,1,1,1,1,1,1,1,0,0,0,0,0,0,0,0,0,0,0,0,0,0,0,0,0,0,0,7,58,0,15,0,80,0.760178901278723
"Yes",1,1,1,1,0,0,0,0,0,0,0,0,1,1,1,1,0,0,0,0,0,0,0,0,10,6,5,15,64,0,0,0,100,1.11904150939778
"Yes",0,0,0,0,0,0,0,0,0,0,0,0,1,1,1,1,0,0,0,0,0,0,0,0,0,0,0,0,65,0,0,0,65,0
"Yes",1,1,1,1,0,0,0,0,0,0,0,0,0,0,0,0,0,0,0,0,1,1,1,1,0,0,13,0,72,8,0,0,93,0.684214175415679
"No",1,1,1,1,0,0,0,0,0,0,0,0,0,0,0,0,0,0,0,0,0,0,0,0,4,0,0,23,43,12,8,0,90,1.32372565347951
"No",1,1,1,1,1,1,1,1,0,0,0,0,0,0,0,0,0,0,0,0,0,0,0,0,0,0,0,0,82,0,8,0,90,0.299959552451294
"No",1,1,1,1,0,0,0,0,0,0,0,0,1,1,1,1,0,0,0,0,0,0,0,0,4,0,0,0,96,0,0,0,100,0.167944147734173
"No",0,0,0,0,0,0,0,0,0,0,0,0,1,1,1,1,0,0,0,0,0,0,0,0,0,0,0,0,62,0,10,0,72,0.402941357866942
"No",1,1,1,1,0,0,0,0,0,0,0,0,0,0,0,0,0,0,0,0,1,1,1,1,0,0,0,15,75,0,10,0,100,0.730588061371122
"Yes",1,1,1,1,0,0,0,0,0,0,0,0,0,0,0,0,0,0,0,0,0,0,0,0,10,0,0,32,48,0,10,0,100,1.17744119325758
"Yes",1,1,1,1,1,1,1,1,0,0,0,0,0,0,0,0,0,0,0,0,0,0,0,0,0,0,0,12,60,0,0,0,72,0.450561208866305
"Yes",1,1,1,1,0,0,0,0,0,0,0,0,1,1,1,1,0,0,0,0,0,0,0,0,0,0,0,12,67,5,0,0,84,0.626287336238299
"Yes",0,0,0,0,0,0,0,0,0,0,0,0,1,1,1,1,0,0,0,0,0,0,0,0,0,0,0,0,93,5,0,0,98,0.201508882492783
"Yes",1,1,1,1,0,0,0,0,0,0,0,0,0,0,0,0,0,0,0,0,1,1,1,1,0,5,0,35,40,2,8,0,90,1.18801659729231
"No",1,1,1,1,0,0,0,0,0,0,0,0,0,0,0,0,0,0,0,0,0,0,0,0,0,0,0,45,25,0,10,10,90,1.19066067564971
"No",1,1,1,1,1,1,1,1,0,0,0,0,0,0,0,0,0,0,0,0,0,0,0,0,0,0,0,0,95,0,5,0,100,0.198515243345873
"No",1,1,1,1,0,0,0,0,0,0,0,0,1,1,1,1,0,0,0,0,0,0,0,0,0,0,0,25,50,0,10,0,85,0.923840705630872
"No",0,0,0,0,0,0,0,0,0,0,0,0,1,1,1,1,0,0,0,0,0,0,0,0,0,0,0,0,88,0,12,0,100,0.36692499127271
"No",1,1,1,1,0,0,0,0,0,0,0,0,0,0,0,0,0,0,0,0,1,1,1,1,0,0,0,6,84,0,10,0,100,0.54551999750662
"Yes",1,1,1,1,0,0,0,0,0,0,0,0,0,0,0,0,0,0,0,0,0,0,0,0,0,0,0,50,0,0,0,0,50,0
"Yes",1,1,1,1,1,1,1,1,0,0,0,0,0,0,0,0,0,0,0,0,0,0,0,0,0,0,0,0,100,0,0,0,100,0
"Yes",1,1,1,1,0,0,0,0,0,0,0,0,1,1,1,1,0,0,0,0,0,0,0,0,10,0,0,15,30,0,45,0,100,1.23534681162806
"Yes",0,0,0,0,0,0,0,0,0,0,0,0,1,1,1,1,0,0,0,0,0,0,0,0,0,0,0,0,40,0,25,0,65,0.666278442414676
"Yes",1,1,1,1,0,0,0,0,0,0,0,0,0,0,0,0,0,0,0,0,1,1,1,1,0,0,0,5,70,0,0,0,75,0.244930026794635
"No",1,1,1,1,0,0,0,0,0,0,0,0,0,0,0,0,0,0,0,0,0,0,0,0,25,30,0,0,30,0,0,0,85,1.0950778621205
"No",1,1,1,1,1,1,1,1,0,0,0,0,0,0,0,0,0,0,0,0,0,0,0,0,0,0,0,0,88,0,0,0,88,0
"No",1,1,1,1,0,0,0,0,0,0,0,0,1,1,1,1,0,0,0,0,0,0,0,0,4,8,0,5,58,0,18,0,93,1.11582222870259
"No",0,0,0,0,0,0,0,0,0,0,0,0,1,1,1,1,0,0,0,0,0,0,0,0,0,0,0,0,42,0,38,0,80,0.69189665920508
"No",1,1,1,1,0,0,0,0,0,0,0,0,0,0,0,0,0,0,0,0,1,1,1,1,5,40,0,8,25,0,5,0,83,1.27719018316958
"No",1,1,1,1,0,0,0,0,0,0,0,0,0,0,0,0,0,0,0,0,0,0,0,0,0,20,45,0,15,0,2,0,82,1.07474967545453
"No",1,1,1,1,1,1,1,1,0,0,0,0,0,0,0,0,0,0,0,0,0,0,0,0,10,5,15,0,50,0,10,0,90,1.27402306244147
"No",1,1,1,1,0,0,0,0,0,0,0,0,1,1,1,1,0,0,0,0,0,0,0,0,3,12,28,5,29,3,0,0,80,1.43938852909702
"No",0,0,0,0,0,0,0,0,0,0,0,0,1,1,1,1,0,0,0,0,0,0,0,0,0,0,0,0,60,0,10,0,70,0.410116318288409
"No",1,1,1,1,0,0,0,0,0,0,0,0,0,0,0,0,0,0,0,0,1,1,1,1,7,15,47,4,15,0,0,0,88,1.28000736219064
"No",1,1,1,1,0,0,0,0,0,0,0,0,0,0,0,0,0,0,0,0,0,0,0,0,8,0,0,0,78,0,4,0,90,0.477543023000194
"No",1,1,1,1,1,1,1,1,0,0,0,0,0,0,0,0,0,0,0,0,0,0,0,0,4,3,0,0,28,0,60,0,95,0.892788319719324
"No",1,1,1,1,0,0,0,0,0,0,0,0,1,1,1,1,0,0,0,0,0,0,0,0,7,5,0,0,61,0,17,0,90,0.937626412895983
"No",0,0,0,0,0,0,0,0,0,0,0,0,1,1,1,1,0,0,0,0,0,0,0,0,0,0,0,0,34,0,60,0,94,0.654391254926647
"No",1,1,1,1,0,0,0,0,0,0,0,0,0,0,0,0,0,0,0,0,1,1,1,1,5,18,0,13,39,0,0,0,75,1.16685975286487
"No",1,1,1,1,0,0,0,0,0,0,0,0,0,0,0,0,0,0,0,0,0,0,0,0,0,10,0,0,65,0,10,0,85,0.708688028218583
"No",1,1,1,1,1,1,1,1,0,0,0,0,0,0,0,0,0,0,0,0,0,0,0,0,0,0,0,0,55,0,35,0,90,0.668248477664539
"No",1,1,1,1,0,0,0,0,0,0,0,0,1,1,1,1,0,0,0,0,0,0,0,0,0,40,35,3,15,0,0,0,93,1.13572906090353
"No",0,0,0,0,0,0,0,0,0,0,0,0,1,1,1,1,0,0,0,0,0,0,0,0,0,0,0,0,78,0,12,0,90,0.392674467227552
"No",1,1,1,1,0,0,0,0,0,0,0,0,0,0,0,0,0,0,0,0,1,1,1,1,0,38,12,0,44,0,0,0,94,0.984236295467215
"No",1,1,1,1,0,0,0,0,0,0,0,0,0,0,0,0,0,0,0,0,0,0,0,0,20,55,0,0,25,0,0,0,100,0.997271523182384
"No",1,1,1,1,1,1,1,1,0,0,0,0,0,0,0,0,0,0,0,0,0,0,0,0,0,55,0,0,22,0,8,0,85,0.853924297724346
"No",1,1,1,1,0,0,0,0,0,0,0,0,1,1,1,1,0,0,0,0,0,0,0,0,0,20,0,0,65,0,15,0,100,0.886464475679797
"No",0,0,0,0,0,0,0,0,0,0,0,0,1,1,1,1,0,0,0,0,0,0,0,0,10,40,0,0,40,0,10,0,100,1.19354960409813
"No",1,1,1,1,0,0,0,0,0,0,0,0,0,0,0,0,0,0,0,0,1,1,1,1,10,65,0,5,10,0,0,0,90,0.883875626271734
"No",1,1,1,1,0,0,0,0,0,0,0,0,0,0,0,0,0,0,0,0,0,0,0,0,15,20,8,0,56,0,1,0,100,1.17926393096589
"No",1,1,1,1,1,1,1,1,0,0,0,0,0,0,0,0,0,0,0,0,0,0,0,0,0,4,0,0,41,0,10,0,55,0.719560765063441
"No",1,1,1,1,0,0,0,0,0,0,0,0,1,1,1,1,0,0,0,0,0,0,0,0,5,9,0,0,64,10,0,0,88,0.874875689215071
"No",0,0,0,0,0,0,0,0,0,0,0,0,1,1,1,1,0,0,0,0,0,0,0,0,0,0,0,0,60,0,20,0,80,0.562335144618808
"No",1,1,1,1,0,0,0,0,0,0,0,0,0,0,0,0,0,0,0,0,1,1,1,1,5,10,0,0,55,15,0,0,85,1.00621456594408
"No",1,1,1,1,0,0,0,0,0,0,0,0,0,0,0,0,0,0,0,0,0,0,0,0,0,0,0,0,100,0,0,0,100,0
"No",1,1,1,1,1,1,1,1,0,0,0,0,0,0,0,0,0,0,0,0,0,0,0,0,4,0,0,0,66,10,20,0,100,0.955141317795652
"No",1,1,1,1,0,0,0,0,0,0,0,0,1,1,1,1,0,0,0,0,0,0,0,0,0,10,0,0,30,20,10,30,100,1.50478828368119
"No",0,0,0,0,0,0,0,0,0,0,0,0,1,1,1,1,0,0,0,0,0,0,0,0,0,0,0,0,70,10,15,5,100,0.914285581467099
"No",1,1,1,1,0,0,0,0,0,0,0,0,0,0,0,0,0,0,0,0,1,1,1,1,12,6,0,0,70,12,0,0,100,0.927340352450737
"No",1,1,1,1,0,0,0,0,0,0,0,0,0,0,0,0,0,0,0,0,0,0,0,0,0,15,0,8,62,0,0,0,85,0.758667524457757
"No",1,1,1,1,1,1,1,1,0,0,0,0,0,0,0,0,0,0,0,0,0,0,0,0,0,5,7,0,64,12,0,0,88,0.867610022000562
"No",1,1,1,1,0,0,0,0,0,0,0,0,1,1,1,1,0,0,0,0,0,0,0,0,0,15,0,2,51,20,0,0,88,1.04046408586828
"No",0,0,0,0,0,0,0,0,0,0,0,0,1,1,1,1,0,0,0,0,0,0,0,0,0,0,0,0,80,5,5,0,90,0.425848449238581
"No",1,1,1,1,0,0,0,0,0,0,0,0,0,0,0,0,0,0,0,0,1,1,1,1,5,12,12,0,58,0,8,0,95,1.18728556420882
"No",1,1,1,1,0,0,0,0,0,0,0,0,0,0,0,0,0,0,0,0,0,0,0,0,0,5,0,16,69,0,0,0,90,0.671343471050066
"No",1,1,1,1,1,1,1,1,0,0,0,0,0,0,0,0,0,0,0,0,0,0,0,0,0,0,0,0,88,0,12,0,100,0.36692499127271
"No",1,1,1,1,0,0,0,0,0,0,0,0,1,1,1,1,0,0,0,0,0,0,0,0,0,0,0,7,85,0,8,0,100,0.526347584203064
"No",0,0,0,0,0,0,0,0,0,0,0,0,1,1,1,1,0,0,0,0,0,0,0,0,0,0,0,0,77,0,8,0,85,0.311962435123583
"No",1,1,1,1,0,0,0,0,0,0,0,0,0,0,0,0,0,0,0,0,1,1,1,1,0,20,0,12,68,0,0,0,100,0.838569693782981
"No",1,1,1,1,0,0,0,0,0,0,0,0,0,0,0,0,0,0,0,0,0,0,0,0,0,0,0,15,45,0,0,0,60,0.562335144618808
"No",1,1,1,1,1,1,1,1,0,0,0,0,0,0,0,0,0,0,0,0,0,0,0,0,0,0,0,0,33,5,20,10,68,1.18461894794692
"No",1,1,1,1,0,0,0,0,0,0,0,0,1,1,1,1,0,0,0,0,0,0,0,0,0,0,0,8,56,0,30,0,94,0.882750649669241
"No",0,0,0,0,0,0,0,0,0,0,0,0,1,1,1,1,0,0,0,0,0,0,0,0,0,0,0,0,15,0,5,0,20,0.562335144618808
"No",1,1,1,1,0,0,0,0,0,0,0,0,0,0,0,0,0,0,0,0,1,1,1,1,0,5,13,2,77,0,3,0,100,0.799703386797808
"Yes",1,1,1,1,0,0,0,0,0,0,0,0,0,0,0,0,0,0,0,0,0,0,0,0,60,20,0,0,5,0,2,0,87,0.845117278106351
"Yes",1,1,1,1,1,1,1,1,0,0,0,0,0,0,0,0,0,0,0,0,0,0,0,0,0,15,0,0,15,0,20,0,50,1.08889997534522
"Yes",1,1,1,1,0,0,0,0,0,0,0,0,1,1,1,1,0,0,0,0,0,0,0,0,20,20,0,20,5,0,0,0,65,1.2852930241201
"Yes",0,0,0,0,0,0,0,0,0,0,0,0,1,1,1,1,0,0,0,0,0,0,0,0,0,3,0,0,20,0,35,0,58,0.825138450387564
"Yes",1,1,1,1,0,0,0,0,0,0,0,0,0,0,0,0,0,0,0,0,1,1,1,1,0,20,0,5,35,0,0,0,60,0.887694275799104
"No",1,1,1,1,0,0,0,0,0,0,0,0,0,0,0,0,0,0,0,0,0,0,0,0,10,22,0,15,0,0,0,0,47,1.0490936034046
"No",1,1,1,1,1,1,1,1,0,0,0,0,0,0,0,0,0,0,0,0,0,0,0,0,28,0,0,0,25,0,10,0,63,1.0193335702558
"No",1,1,1,1,0,0,0,0,0,0,0,0,1,1,1,1,0,0,0,0,0,0,0,0,5,10,0,3,15,0,5,0,38,1.45240668770483
"No",0,0,0,0,0,0,0,0,0,0,0,0,1,1,1,1,0,0,0,0,0,0,0,0,0,0,0,0,25,0,10,0,35,0.598269588585257
"No",1,1,1,1,0,0,0,0,0,0,0,0,0,0,0,0,0,0,0,0,1,1,1,1,10,12,0,45,10,0,8,0,85,1.33905212672043
"Yes",1,1,1,1,0,0,0,0,0,0,0,0,0,0,0,0,0,0,0,0,0,0,0,0,20,30,0,20,5,0,15,0,90,1.49388572621107
"Yes",1,1,1,1,1,1,1,1,0,0,0,0,0,0,0,0,0,0,0,0,0,0,0,0,4,30,0,0,5,0,35,0,74,1.05993711200628
"Yes",1,1,1,1,0,0,0,0,0,0,0,0,1,1,1,1,0,0,0,0,0,0,0,0,35,20,0,12,10,0,10,0,87,1.47484594301612
"Yes",0,0,0,0,0,0,0,0,0,0,0,0,1,1,1,1,0,0,0,0,0,0,0,0,0,0,0,0,40,0,40,0,80,0.693147180559945
"Yes",1,1,1,1,0,0,0,0,0,0,0,0,0,0,0,0,0,0,0,0,1,1,1,1,8,35,0,12,2,0,0,0,57,1.02063216881448
"No",1,1,1,1,0,0,0,0,0,0,0,0,0,0,0,0,0,0,0,0,0,0,0,0,5,12,0,55,0,0,0,0,72,0.689591194746439
"No",1,1,1,1,1,1,1,1,0,0,0,0,0,0,0,0,0,0,0,0,0,0,0,0,0,0,0,0,50,0,5,0,55,0.304636097349238
"No",1,1,1,1,0,0,0,0,0,0,0,0,1,1,1,1,0,0,0,0,0,0,0,0,10,65,0,12,5,0,0,0,92,0.910624524518786
"No",0,0,0,0,0,0,0,0,0,0,0,0,1,1,1,1,0,0,0,0,0,0,0,0,0,0,0,0,10,0,60,0,70,0.410116318288409
"No",1,1,1,1,0,0,0,0,0,0,0,0,0,0,0,0,0,0,0,0,1,1,1,1,15,15,0,13,10,0,0,0,53,1.37384476996709
"Yes",1,1,1,1,0,0,0,0,0,0,0,0,0,0,0,0,0,0,0,0,0,0,0,0,5,10,0,0,25,0,5,0,45,1.14905969697062
"Yes",1,1,1,1,1,1,1,1,0,0,0,0,0,0,0,0,0,0,0,0,0,0,0,0,0,12,0,0,7,0,20,0,39,1.01343609967008
"Yes",1,1,1,1,0,0,0,0,0,0,0,0,1,1,1,1,0,0,0,0,0,0,0,0,15,0,0,10,25,0,0,0,50,1.02965301406457
"Yes",0,0,0,0,0,0,0,0,0,0,0,0,1,1,1,1,0,0,0,0,0,0,0,0,0,0,0,0,50,0,5,0,55,0.304636097349238
"Yes",1,1,1,1,0,0,0,0,0,0,0,0,0,0,0,0,0,0,0,0,1,1,1,1,8,70,0,10,0,0,0,0,88,0.647154425764181
"No",1,1,1,1,0,0,0,0,0,0,0,0,0,0,0,0,0,0,0,0,0,0,0,0,5,18,0,20,25,0,5,0,73,1.43419078554213
"No",1,1,1,1,1,1,1,1,0,0,0,0,0,0,0,0,0,0,0,0,0,0,0,0,0,15,0,0,25,0,2,0,42,0.821504308774843
"No",1,1,1,1,0,0,0,0,0,0,0,0,1,1,1,1,0,0,0,0,0,0,0,0,5,25,0,0,20,0,0,0,50,0.943348392329039
"No",0,0,0,0,0,0,0,0,0,0,0,0,1,1,1,1,0,0,0,0,0,0,0,0,0,0,0,0,25,0,2,0,27,0.264052051825629
"No",1,1,1,1,0,0,0,0,0,0,0,0,0,0,0,0,0,0,0,0,1,1,1,1,0,15,0,12,30,0,0,0,57,1.01716435092483
"Yes",1,1,1,1,0,0,0,0,0,0,0,0,0,0,0,0,0,0,0,0,0,0,0,0,0,40,0,25,10,0,0,0,75,0.970115783986938
"Yes",1,1,1,1,1,1,1,1,0,0,0,0,0,0,0,0,0,0,0,0,0,0,0,0,15,30,0,0,10,0,25,0,80,1.30509637194834
"Yes",1,1,1,1,0,0,0,0,0,0,0,0,1,1,1,1,0,0,0,0,0,0,0,0,10,50,0,12,8,0,0,0,80,1.06850896802085
"Yes",0,0,0,0,0,0,0,0,0,0,0,0,1,1,1,1,0,0,0,0,0,0,0,0,5,0,0,0,30,0,0,0,35,0.410116318288409
"Yes",1,1,1,1,0,0,0,0,0,0,0,0,0,0,0,0,0,0,0,0,1,1,1,1,5,20,0,25,5,0,10,0,65,1.41274463686385
"No",1,1,1,1,0,0,0,0,0,0,0,0,0,0,0,0,0,0,0,0,0,0,0,0,60,0,0,15,0,0,0,0,75,0.500402423538188
"No",1,1,1,1,1,1,1,1,0,0,0,0,0,0,0,0,0,0,0,0,0,0,0,0,10,25,0,0,15,0,0,0,50,1.02965301406457
"No",1,1,1,1,0,0,0,0,0,0,0,0,1,1,1,1,0,0,0,0,0,0,0,0,12,23,0,15,10,0,0,0,60,1.33464705038377
"No",0,0,0,0,0,0,0,0,0,0,0,0,1,1,1,1,0,0,0,0,0,0,0,0,0,0,0,0,20,0,10,0,30,0.636514168294813
"No",1,1,1,1,0,0,0,0,0,0,0,0,0,0,0,0,0,0,0,0,1,1,1,1,5,35,0,0,25,0,0,0,65,0.898137003187868
"Yes",1,1,1,1,0,0,0,0,0,0,0,0,0,0,0,0,0,0,0,0,0,0,0,0,0,35,0,12,25,0,0,0,72,1.01655559719258
"Yes",1,1,1,1,1,1,1,1,0,0,0,0,0,0,0,0,0,0,0,0,0,0,0,0,0,20,0,18,20,0,30,0,88,1.36492881409008
"Yes",1,1,1,1,0,0,0,0,0,0,0,0,1,1,1,1,0,0,0,0,0,0,0,0,0,10,0,30,6,0,0,0,46,0.876199457463585
"Yes",0,0,0,0,0,0,0,0,0,0,0,0,1,1,1,1,0,0,0,0,0,0,0,0,0,0,0,0,5,0,10,0,15,0.636514168294813
"Yes",1,1,1,1,0,0,0,0,0,0,0,0,0,0,0,0,0,0,0,0,1,1,1,1,0,30,0,30,10,0,10,0,80,1.25548232517875
"No",1,1,1,1,0,0,0,0,0,0,0,0,0,0,0,0,0,0,0,0,0,0,0,0,5,50,0,12,0,0,0,0,67,0.720107251763596
"No",1,1,1,1,1,1,1,1,0,0,0,0,0,0,0,0,0,0,0,0,0,0,0,0,5,5,0,0,10,0,5,0,25,1.33217904021012
"No",1,1,1,1,0,0,0,0,0,0,0,0,1,1,1,1,0,0,0,0,0,0,0,0,5,55,0,0,5,0,5,0,70,0.754996758130825
"No",0,0,0,0,0,0,0,0,0,0,0,0,1,1,1,1,0,0,0,0,0,0,0,0,0,0,0,0,15,0,35,0,50,0.610864302054894
"No",1,1,1,1,0,0,0,0,0,0,0,0,0,0,0,0,0,0,0,0,1,1,1,1,0,28,0,33,10,0,0,0,71,0.999125979249203
"Yes",1,1,1,1,0,0,0,0,0,0,0,0,0,0,0,0,0,0,0,0,0,0,0,0,30,10,2,15,0,0,20,0,77,1.39596821109345
"Yes",1,1,1,1,1,1,1,1,0,0,0,0,0,0,0,0,0,0,0,0,0,0,0,0,0,10,0,30,0,0,0,0,40,0.562335144618808
"Yes",1,1,1,1,0,0,0,0,0,0,0,0,1,1,1,1,0,0,0,0,0,0,0,0,0,5,0,35,0,0,0,0,40,0.376770161256437
"Yes",0,0,0,0,0,0,0,0,0,0,0,0,1,1,1,1,0,0,0,0,0,0,0,0,0,0,0,0,15,0,15,0,30,0.693147180559945
"Yes",1,1,1,1,0,0,0,0,0,0,0,0,0,0,0,0,0,0,0,0,1,1,1,1,25,0,0,40,0,0,0,0,65,0.666278442414676
"No",1,1,1,1,0,0,0,0,0,0,0,0,0,0,0,0,0,0,0,0,0,0,0,0,0,25,0,40,0,0,20,0,85,1.05510161816864
"No",1,1,1,1,1,1,1,1,0,0,0,0,0,0,0,0,0,0,0,0,0,0,0,0,0,50,0,10,0,0,0,0,60,0.450561208866305
"No",1,1,1,1,0,0,0,0,0,0,0,0,1,1,1,1,0,0,0,0,0,0,0,0,0,15,0,40,0,0,0,0,55,0.585952618303551
"No",0,0,0,0,0,0,0,0,0,0,0,0,1,1,1,1,0,0,0,0,0,0,0,0,0,0,0,0,5,0,10,0,15,0.636514168294813
"No",1,1,1,1,0,0,0,0,0,0,0,0,0,0,0,0,0,0,0,0,1,1,1,1,0,14,0,0,5,0,5,0,24,0.968004591224836
"Yes",1,1,1,1,0,0,0,0,0,0,0,0,0,0,0,0,0,0,0,0,0,0,0,0,0,40,0,15,10,0,10,0,75,1.19445300632336
"Yes",1,1,1,1,1,1,1,1,0,0,0,0,0,0,0,0,0,0,0,0,0,0,0,0,0,30,0,7,10,0,25,0,72,1.23284613228137
"Yes",1,1,1,1,0,0,0,0,0,0,0,0,1,1,1,1,0,0,0,0,0,0,0,0,0,20,0,30,0,10,15,0,75,1.30952583530407
"Yes",0,0,0,0,0,0,0,0,0,0,0,0,1,1,1,1,0,0,0,0,0,0,0,0,0,0,0,0,20,0,30,0,50,0.673011667009257
"Yes",1,1,1,1,0,0,0,0,0,0,0,0,0,0,0,0,0,0,0,0,1,1,1,1,0,35,0,35,15,0,0,0,85,1.03682634683394
"No",1,1,1,1,0,0,0,0,0,0,0,0,0,0,0,0,0,0,0,0,0,0,0,0,0,40,0,15,10,0,0,0,65,0.925129083572082
"No",1,1,1,1,1,1,1,1,0,0,0,0,0,0,0,0,0,0,0,0,0,0,0,0,0,15,0,22,10,0,0,0,47,1.0490936034046
"No",1,1,1,1,0,0,0,0,0,0,0,0,1,1,1,1,0,0,0,0,0,0,0,0,0,15,0,20,10,0,25,0,70,1.33373602720281
"No",0,0,0,0,0,0,0,0,0,0,0,0,1,1,1,1,0,0,0,0,0,0,0,0,0,0,0,0,10,0,50,0,60,0.450561208866305
"No",1,1,1,1,0,0,0,0,0,0,0,0,0,0,0,0,0,0,0,0,1,1,1,1,0,35,0,20,10,0,0,0,65,0.983961446001026
"Yes",1,1,1,1,0,0,0,0,0,0,0,0,0,0,0,0,0,0,0,0,0,0,0,0,0,20,0,30,12,0,0,0,62,1.03407879281283
"Yes",1,1,1,1,1,1,1,1,0,0,0,0,0,0,0,0,0,0,0,0,0,0,0,0,0,12,0,10,15,0,0,0,37,1.08482375740288
"Yes",1,1,1,1,0,0,0,0,0,0,0,0,1,1,1,1,0,0,0,0,0,0,0,0,0,14,0,50,5,0,0,0,69,0.747220382159703
"Yes",0,0,0,0,0,0,0,0,0,0,0,0,1,1,1,1,0,0,0,0,0,0,0,0,0,0,0,0,20,0,15,0,35,0.682908104700472
"Yes",1,1,1,1,0,0,0,0,0,0,0,0,0,0,0,0,0,0,0,0,1,1,1,1,0,25,0,18,20,0,0,0,63,1.08895642901192
"No",1,1,1,1,0,0,0,0,0,0,0,0,0,0,0,0,0,0,0,0,0,0,0,0,0,0,0,50,15,0,0,0,65,0.540204142388861
"No",1,1,1,1,1,1,1,1,0,0,0,0,0,0,0,0,0,0,0,0,0,0,0,0,0,0,0,50,25,0,0,0,75,0.636514168294813
"No",1,1,1,1,0,0,0,0,0,0,0,0,1,1,1,1,0,0,0,0,0,0,0,0,0,30,0,25,10,0,10,0,75,1.27002786111697
"No",0,0,0,0,0,0,0,0,0,0,0,0,1,1,1,1,0,0,0,0,0,0,0,0,0,0,0,0,50,0,0,0,50,0
"No",1,1,1,1,0,0,0,0,0,0,0,0,0,0,0,0,0,0,0,0,1,1,1,1,0,10,0,70,3,0,0,0,83,0.518643562743587
"Yes",1,1,1,1,0,0,0,0,0,0,0,0,0,0,0,0,0,0,0,0,0,0,0,0,0,0,0,50,18,0,0,0,68,0.577921794682897
"Yes",1,1,1,1,1,1,1,1,0,0,0,0,0,0,0,0,0,0,0,0,0,0,0,0,0,12,0,20,18,0,0,0,50,1.07681866721481
"Yes",1,1,1,1,0,0,0,0,0,0,0,0,1,1,1,1,0,0,0,0,0,0,0,0,0,0,0,60,0,0,0,0,60,0
"Yes",0,0,0,0,0,0,0,0,0,0,0,0,1,1,1,1,0,0,0,0,0,0,0,0,0,0,0,0,30,0,0,0,30,0
"Yes",1,1,1,1,0,0,0,0,0,0,0,0,0,0,0,0,0,0,0,0,1,1,1,1,20,10,0,35,3,0,3,0,71,1.24902702795458
"No",1,1,1,1,0,0,0,0,0,0,0,0,0,0,0,0,0,0,0,0,0,0,0,0,0,0,0,65,10,0,0,0,75,0.392674467227552
"No",1,1,1,1,1,1,1,1,0,0,0,0,0,0,0,0,0,0,0,0,0,0,0,0,0,10,0,50,0,0,0,0,60,0.450561208866305
"No",1,1,1,1,0,0,0,0,0,0,0,0,1,1,1,1,0,0,0,0,0,0,0,0,0,0,0,60,5,0,0,0,65,0.271189373041844
"No",0,0,0,0,0,0,0,0,0,0,0,0,1,1,1,1,0,0,0,0,0,0,0,0,0,0,0,0,15,0,5,0,20,0.562335144618808
"No",1,1,1,1,0,0,0,0,0,0,0,0,0,0,0,0,0,0,0,0,1,1,1,1,0,25,0,35,10,0,0,0,70,0.992281974852574
"Yes",1,1,1,1,0,0,0,0,0,0,0,0,0,0,0,0,0,0,0,0,0,0,0,0,0,40,0,40,0,0,0,0,80,0.693147180559945
"Yes",1,1,1,1,1,1,1,1,0,0,0,0,0,0,0,0,0,0,0,0,0,0,0,0,0,15,0,0,18,0,40,0,73,1.00001255315905
"Yes",1,1,1,1,0,0,0,0,0,0,0,0,1,1,1,1,0,0,0,0,0,0,0,0,0,22,0,5,20,0,20,0,67,1.28111926896987
"Yes",0,0,0,0,0,0,0,0,0,0,0,0,1,1,1,1,0,0,0,0,0,0,0,0,0,0,0,0,20,0,50,0,70,0.598269588585257
"Yes",1,1,1,1,0,0,0,0,0,0,0,0,0,0,0,0,0,0,0,0,1,1,1,1,25,0,0,14,5,0,15,0,59,1.26250963348161
"No",1,1,1,1,0,0,0,0,0,0,0,0,0,0,0,0,0,0,0,0,0,0,0,0,0,40,0,40,0,0,0,0,80,0.693147180559945
"No",1,1,1,1,1,1,1,1,0,0,0,0,0,0,0,0,0,0,0,0,0,0,0,0,0,20,0,35,0,0,0,0,55,0.655481773901393
"No",1,1,1,1,0,0,0,0,0,0,0,0,1,1,1,1,0,0,0,0,0,0,0,0,0,38,0,12,5,0,0,0,10,0.805617850155577
"No",0,0,0,0,0,0,0,0,0,0,0,0,1,1,1,1,0,0,0,0,0,0,0,0,0,0,0,0,5,0,30,0,35,0.410116318288409
"No",1,1,1,1,0,0,0,0,0,0,0,0,0,0,0,0,0,0,0,0,1,1,1,1,0,35,0,30,10,0,10,0,85,1.2364770745859
"Yes",1,1,1,1,0,0,0,0,0,0,0,0,0,0,0,0,0,0,0,0,0,0,0,0,0,0,0,12,30,0,0,0,42,0.598269588585257
"Yes",1,1,1,1,1,1,1,1,0,0,0,0,0,0,0,0,0,0,0,0,0,0,0,0,0,0,0,0,80,0,0,0,80,0
"Yes",1,1,1,1,0,0,0,0,0,0,0,0,1,1,1,1,0,0,0,0,0,0,0,0,0,0,0,10,40,0,0,0,50,0.500402423538188
"Yes",0,0,0,0,0,0,0,0,0,0,0,0,1,1,1,1,0,0,0,0,0,0,0,0,0,0,0,0,35,0,0,0,35,0
"Yes",1,1,1,1,0,0,0,0,0,0,0,0,0,0,0,0,0,0,0,0,1,1,1,1,8,0,0,0,35,0,0,0,43,0.480439313703605
"No",1,1,1,1,0,0,0,0,0,0,0,0,0,0,0,0,0,0,0,0,0,0,0,0,5,5,0,10,30,0,0,0,50,1.08889997534522
"No",1,1,1,1,1,1,1,1,0,0,0,0,0,0,0,0,0,0,0,0,0,0,0,0,0,0,0,0,70,0,0,0,70,0
"No",1,1,1,1,0,0,0,0,0,0,0,0,1,1,1,1,0,0,0,0,0,0,0,0,0,0,0,0,50,0,0,0,50,0
"No",0,0,0,0,0,0,0,0,0,0,0,0,1,1,1,1,0,0,0,0,0,0,0,0,0,0,0,0,60,0,0,0,60,0
"No",1,1,1,1,0,0,0,0,0,0,0,0,0,0,0,0,0,0,0,0,1,1,1,1,12,4,0,0,35,0,0,0,51,0.79846799754658
"Yes",1,1,1,1,0,0,0,0,0,0,0,0,0,0,0,0,0,0,0,0,0,0,0,0,0,0,0,0,10,0,60,0,70,0.410116318288409
"Yes",1,1,1,1,1,1,1,1,0,0,0,0,0,0,0,0,0,0,0,0,0,0,0,0,0,0,0,0,10,0,60,0,70,0.410116318288409
"Yes",1,1,1,1,0,0,0,0,0,0,0,0,1,1,1,1,0,0,0,0,0,0,0,0,0,16,0,0,0,0,50,0,66,0.553858229492429
"Yes",0,0,0,0,0,0,0,0,0,0,0,0,1,1,1,1,0,0,0,0,0,0,0,0,0,15,0,0,0,0,0,0,15,0
"Yes",1,1,1,1,0,0,0,0,0,0,0,0,0,0,0,0,0,0,0,0,1,1,1,1,0,10,0,12,10,0,45,0,77,1.13380030890562
"No",1,1,1,1,0,0,0,0,0,0,0,0,0,0,0,0,0,0,0,0,0,0,0,0,0,10,0,20,10,0,0,0,40,1.03972077083992
"No",1,1,1,1,1,1,1,1,0,0,0,0,0,0,0,0,0,0,0,0,0,0,0,0,0,0,0,15,10,0,12,0,37,1.08482375740288
"No",1,1,1,1,0,0,0,0,0,0,0,0,1,1,1,1,0,0,0,0,0,0,0,0,0,0,0,0,5,0,70,0,75,0.244930026794635
"No",0,0,0,0,0,0,0,0,0,0,0,0,1,1,1,1,0,0,0,0,0,0,0,0,0,0,0,0,20,0,30,0,50,0.673011667009257
"No",1,1,1,1,0,0,0,0,0,0,0,0,0,0,0,0,0,0,0,0,1,1,1,1,0,30,0,20,15,0,15,0,80,1.34212572274875
"Yes",1,1,1,1,0,0,0,0,0,0,0,0,0,0,0,0,0,0,0,0,0,0,0,0,0,0,0,12,5,0,0,0,17,0.605797499372304
"Yes",1,1,1,1,1,1,1,1,0,0,0,0,0,0,0,0,0,0,0,0,0,0,0,0,0,0,0,0,0,0,18,0,18,0
"Yes",1,1,1,1,0,0,0,0,0,0,0,0,1,1,1,1,0,0,0,0,0,0,0,0,0,0,0,0,5,0,70,0,75,0.244930026794635
"Yes",0,0,0,0,0,0,0,0,0,0,0,0,1,1,1,1,0,0,0,0,0,0,0,0,0,0,0,0,25,0,20,0,45,0.686961576597323
"Yes",1,1,1,1,0,0,0,0,0,0,0,0,0,0,0,0,0,0,0,0,1,1,1,1,0,0,0,0,5,0,35,0,40,0.376770161256437
"No",1,1,1,1,0,0,0,0,0,0,0,0,0,0,0,0,0,0,0,0,0,0,0,0,0,0,0,25,30,0,10,0,65,1.01233083910317
"No",1,1,1,1,1,1,1,1,0,0,0,0,0,0,0,0,0,0,0,0,0,0,0,0,0,0,5,9,10,0,15,0,39,1.31820742293298
"No",1,1,1,1,0,0,0,0,0,0,0,0,1,1,1,1,0,0,0,0,0,0,0,0,0,0,0,0,0,0,20,0,20,0
"No",0,0,0,0,0,0,0,0,0,0,0,0,1,1,1,1,0,0,0,0,0,0,0,0,0,0,0,0,15,0,70,0,85,0.465999256961043
"No",1,1,1,1,0,0,0,0,0,0,0,0,0,0,0,0,0,0,0,0,1,1,1,1,0,0,0,25,5,0,10,0,40,0.900256051268537
"Yes",1,1,1,1,0,0,0,0,0,0,0,0,0,0,0,0,0,0,0,0,0,0,0,0,0,0,0,6,3,0,0,0,9,0.636514168294813
"Yes",1,1,1,1,1,1,1,1,0,0,0,0,0,0,0,0,0,0,0,0,0,0,0,0,0,0,0,0,5,0,0,0,5,0
"Yes",1,1,1,1,0,0,0,0,0,0,0,0,1,1,1,1,0,0,0,0,0,0,0,0,0,0,0,10,10,0,30,0,50,0.950270539233235
"Yes",0,0,0,0,0,0,0,0,0,0,0,0,1,1,1,1,0,0,0,0,0,0,0,0,0,0,0,0,12,0,60,0,72,0.450561208866305
"Yes",1,1,1,1,0,0,0,0,0,0,0,0,0,0,0,0,0,0,0,0,1,1,1,1,0,0,0,0,10,0,0,0,10,0
"No",1,1,1,1,0,0,0,0,0,0,0,0,0,0,0,0,0,0,0,0,0,0,0,0,0,0,0,8,20,0,35,0,63,0.952859171524104
"No",1,1,1,1,1,1,1,1,0,0,0,0,0,0,0,0,0,0,0,0,0,0,0,0,0,0,0,0,30,0,20,0,50,0.673011667009257
"No",1,1,1,1,0,0,0,0,0,0,0,0,1,1,1,1,0,0,0,0,0,0,0,0,0,0,0,30,0,0,0,0,30,0
"No",0,0,0,0,0,0,0,0,0,0,0,0,1,1,1,1,0,0,0,0,0,0,0,0,0,0,0,0,0,0,0,0,0,NA
"No",1,1,1,1,0,0,0,0,0,0,0,0,0,0,0,0,0,0,0,0,1,1,1,1,0,0,0,0,10,0,0,0,10,0
"Yes",1,1,1,1,0,0,0,0,0,0,0,0,0,0,0,0,0,0,0,0,0,0,0,0,0,0,0,4,30,0,0,0,34,0.362210557135449
"Yes",1,1,1,1,1,1,1,1,0,0,0,0,0,0,0,0,0,0,0,0,0,0,0,0,0,0,0,6,18,0,0,0,24,0.562335144618808
"Yes",1,1,1,1,0,0,0,0,0,0,0,0,1,1,1,1,0,0,0,0,0,0,0,0,0,0,0,30,25,0,0,0,55,0.689009238476659
"Yes",0,0,0,0,0,0,0,0,0,0,0,0,1,1,1,1,0,0,0,0,0,0,0,0,0,0,0,0,60,0,0,0,60,0
"Yes",1,1,1,1,0,0,0,0,0,0,0,0,0,0,0,0,0,0,0,0,1,1,1,1,0,0,0,0,60,0,0,0,60,0
"No",1,1,1,1,0,0,0,0,0,0,0,0,0,0,0,0,0,0,0,0,0,0,0,0,0,0,0,0,60,0,0,0,60,0
"No",1,1,1,1,1,1,1,1,0,0,0,0,0,0,0,0,0,0,0,0,0,0,0,0,0,0,0,0,50,0,0,0,50,0
"No",1,1,1,1,0,0,0,0,0,0,0,0,1,1,1,1,0,0,0,0,0,0,0,0,0,0,0,0,90,0,0,0,90,0
"No",0,0,0,0,0,0,0,0,0,0,0,0,1,1,1,1,0,0,0,0,0,0,0,0,0,0,0,0,15,0,0,0,15,0
"No",1,1,1,1,0,0,0,0,0,0,0,0,0,0,0,0,0,0,0,0,1,1,1,1,0,0,0,8,28,0,0,0,36,0.529706199057654
"No",1,1,1,1,0,0,0,0,0,0,0,0,0,0,0,0,0,0,0,0,0,0,0,0,0,16,7,5,10,0,0,0,38,1.29401165732284
"No",1,1,1,1,1,1,1,1,0,0,0,0,0,0,0,0,0,0,0,0,0,0,0,0,0,12,3,0,15,0,10,0,40,1.26984643886559
"No",1,1,1,1,0,0,0,0,0,0,0,0,1,1,1,1,0,0,0,0,0,0,0,0,0,12,4,0,10,0,30,0,56,1.16060473320407
"No",0,0,0,0,0,0,0,0,0,0,0,0,1,1,1,1,0,0,0,0,0,0,0,0,0,0,0,0,2,0,50,0,52,0.163023629494366
"No",1,1,1,1,0,0,0,0,0,0,0,0,0,0,0,0,0,0,0,0,1,1,1,1,10,15,0,10,0,0,0,0,35,1.07899220787758
"No",1,1,1,1,0,0,0,0,0,0,0,0,0,0,0,0,0,0,0,0,0,0,0,0,0,12,0,20,10,0,0,0,42,1.05292256593869
"No",1,1,1,1,1,1,1,1,0,0,0,0,0,0,0,0,0,0,0,0,0,0,0,0,0,25,0,3,10,0,0,0,38,0.82722870136718
"No",1,1,1,1,0,0,0,0,0,0,0,0,1,1,1,1,0,0,0,0,0,0,0,0,15,12,0,8,10,0,0,0,45,1.35997324360658
"No",0,0,0,0,0,0,0,0,0,0,0,0,1,1,1,1,0,0,0,0,0,0,0,0,0,0,0,0,10,0,0,0,10,0
"No",1,1,1,1,0,0,0,0,0,0,0,0,0,0,0,0,0,0,0,0,1,1,1,1,0,9,0,0,15,0,0,0,24,0.661563238157982
"No",1,1,1,1,0,0,0,0,0,0,0,0,0,0,0,0,0,0,0,0,0,0,0,0,6,10,8,0,10,0,0,0,34,1.36642549494887
"No",1,1,1,1,1,1,1,1,0,0,0,0,0,0,0,0,0,0,0,0,0,0,0,0,2,10,0,0,12,0,8,0,32,1.25115598336363
"No",1,1,1,1,0,0,0,0,0,0,0,0,1,1,1,1,0,0,0,0,0,0,0,0,0,18,8,0,10,0,0,0,36,1.03662796885861
"No",0,0,0,0,0,0,0,0,0,0,0,0,1,1,1,1,0,0,0,0,0,0,0,0,0,0,0,0,20,0,15,0,35,0.682908104700472
"No",1,1,1,1,0,0,0,0,0,0,0,0,0,0,0,0,0,0,0,0,1,1,1,1,15,23,6,0,8,0,2,0,54,1.36843768558593
"No",1,1,1,1,0,0,0,0,0,0,0,0,0,0,0,0,0,0,0,0,0,0,0,0,0,35,0,20,0,0,20,0,75,1.06060180561246
"No",1,1,1,1,1,1,1,1,0,0,0,0,0,0,0,0,0,0,0,0,0,0,0,0,0,0,0,0,15,0,30,0,45,0.636514168294813
"No",1,1,1,1,0,0,0,0,0,0,0,0,1,1,1,1,0,0,0,0,0,0,0,0,0,14,0,7,12,0,10,0,43,1.35624885091688
"No",0,0,0,0,0,0,0,0,0,0,0,0,1,1,1,1,0,0,0,0,0,0,0,0,0,0,0,0,12,50,0,0,62,0.491327448450522
"No",1,1,1,1,0,0,0,0,0,0,0,0,0,0,0,0,0,0,0,0,1,1,1,1,12,15,4,6,18,0,8,0,63,1.67650629703587
"No",1,1,1,1,0,0,0,0,0,0,0,0,0,0,0,0,0,0,0,0,0,0,0,0,0,10,5,10,2,5,0,0,32,1.4803491732578
"No",1,1,1,1,1,1,1,1,0,0,0,0,0,0,0,0,0,0,0,0,0,0,0,0,0,4,6,3,3,12,0,0,28,1.44983708912833
"No",1,1,1,1,0,0,0,0,0,0,0,0,1,1,1,1,0,0,0,0,0,0,0,0,0,10,5,7,12,4,0,0,38,1.53078434979392
"No",0,0,0,0,0,0,0,0,0,0,0,0,1,1,1,1,0,0,0,0,0,0,0,0,0,0,0,0,25,10,0,0,35,0.598269588585257
"No",1,1,1,1,0,0,0,0,0,0,0,0,0,0,0,0,0,0,0,0,1,1,1,1,0,14,0,0,12,0,0,0,26,0.690185676018804
"No",1,1,1,1,0,0,0,0,0,0,0,0,0,0,0,0,0,0,0,0,0,0,0,0,0,23,0,22,10,0,20,0,75,1.34335748231933
"No",1,1,1,1,1,1,1,1,0,0,0,0,0,0,0,0,0,0,0,0,0,0,0,0,0,14,0,8,12,0,0,0,34,1.07338362033651
"No",1,1,1,1,0,0,0,0,0,0,0,0,1,1,1,1,0,0,0,0,0,0,0,0,0,10,0,8,10,0,0,0,28,1.09337471755665
"No",0,0,0,0,0,0,0,0,0,0,0,0,1,1,1,1,0,0,0,0,0,0,0,0,0,0,0,0,20,0,0,0,20,0
"No",1,1,1,1,0,0,0,0,0,0,0,0,0,0,0,0,0,0,0,0,1,1,1,1,0,12,0,12,25,0,0,0,49,1.03243957940416
"No",1,1,1,1,0,0,0,0,0,0,0,0,0,0,0,0,0,0,0,0,0,0,0,0,10,10,0,5,6,0,0,0,31,1.34206951940709
"No",1,1,1,1,1,1,1,1,0,0,0,0,0,0,0,0,0,0,0,0,0,0,0,0,0,5,0,0,30,0,3,0,38,0.653929636620083
"No",1,1,1,1,0,0,0,0,0,0,0,0,1,1,1,1,0,0,0,0,0,0,0,0,10,12,6,0,10,0,5,0,43,1.55961109162668
"No",0,0,0,0,0,0,0,0,0,0,0,0,1,1,1,1,0,0,0,0,0,0,0,0,0,0,0,0,50,0,12,0,62,0.491327448450522
"No",1,1,1,1,0,0,0,0,0,0,0,0,0,0,0,0,0,0,0,0,1,1,1,1,0,8,12,8,20,0,0,0,48,1.30860538725345
"No",1,1,1,1,0,0,0,0,0,0,0,0,0,0,0,0,0,0,0,0,0,0,0,0,8,38,6,12,8,0,0,0,72,1.33126646138683
"No",1,1,1,1,1,1,1,1,0,0,0,0,0,0,0,0,0,0,0,0,0,0,0,0,6,12,3,15,5,0,0,0,41,1.45666435798401
"No",1,1,1,1,0,0,0,0,0,0,0,0,1,1,1,1,0,0,0,0,0,0,0,0,6,25,6,10,2,0,0,0,49,1.31253142987589
"No",0,0,0,0,0,0,0,0,0,0,0,0,1,1,1,1,0,0,0,0,0,0,0,0,0,0,0,0,8,0,0,0,8,0
"No",1,1,1,1,0,0,0,0,0,0,0,0,0,0,0,0,0,0,0,0,1,1,1,1,0,35,3,50,8,0,0,0,96,1.02299713289513
"No",1,1,1,1,0,0,0,0,0,0,0,0,0,0,0,0,0,0,0,0,0,0,0,0,5,6,5,0,0,0,0,0,16,1.09478022600795
"No",1,1,1,1,1,1,1,1,0,0,0,0,0,0,0,0,0,0,0,0,0,0,0,0,0,0,0,0,15,0,25,0,40,0.661563238157982
"No",1,1,1,1,0,0,0,0,0,0,0,0,1,1,1,1,0,0,0,0,0,0,0,0,12,5,12,0,6,0,12,0,47,1.54686279809502
"No",0,0,0,0,0,0,0,0,0,0,0,0,1,1,1,1,0,0,0,0,0,0,0,0,0,0,0,0,22,0,40,0,62,0.650390640876698
"No",1,1,1,1,0,0,0,0,0,0,0,0,0,0,0,0,0,0,0,0,1,1,1,1,8,6,12,0,35,0,0,0,61,1.13313368223245
"No",1,1,1,1,0,0,0,0,0,0,0,0,0,0,0,0,0,0,0,0,0,0,0,0,0,6,0,0,25,0,30,0,61,0.942703800453016
"No",1,1,1,1,1,1,1,1,0,0,0,0,0,0,0,0,0,0,0,0,0,0,0,0,0,0,0,0,25,0,5,0,30,0.450561208866305
"No",1,1,1,1,0,0,0,0,0,0,0,0,1,1,1,1,0,0,0,0,0,0,0,0,3,8,0,0,5,0,0,0,16,1.02392879963894
"No",0,0,0,0,0,0,0,0,0,0,0,0,1,1,1,1,0,0,0,0,0,0,0,0,0,0,0,0,30,0,10,0,40,0.562335144618808
"No",1,1,1,1,0,0,0,0,0,0,0,0,0,0,0,0,0,0,0,0,1,1,1,1,0,10,0,0,25,0,0,0,35,0.598269588585257
"Yes",1,1,1,1,0,0,0,0,0,0,0,0,0,0,0,0,0,0,0,0,0,0,0,0,10,35,0,0,20,0,0,0,65,0.983961446001026
"Yes",1,1,1,1,1,1,1,1,0,0,0,0,0,0,0,0,0,0,0,0,0,0,0,0,0,12,0,0,75,0,5,0,92,0.590509469713717
"Yes",1,1,1,1,0,0,0,0,0,0,0,0,1,1,1,1,0,0,0,0,0,0,0,0,10,30,0,12,5,0,0,0,57,1.18466807942347
"Yes",0,0,0,0,0,0,0,0,0,0,0,0,1,1,1,1,0,0,0,0,0,0,0,0,0,2,0,0,70,10,0,0,82,0.482245927331138
"Yes",1,1,1,1,0,0,0,0,0,0,0,0,0,0,0,0,0,0,0,0,1,1,1,1,0,10,0,0,70,0,0,0,80,0.376770161256437
"No",1,1,1,1,0,0,0,0,0,0,0,0,0,0,0,0,0,0,0,0,0,0,0,0,4,20,0,28,10,0,0,0,62,1.1950795442321
"No",1,1,1,1,1,1,1,1,0,0,0,0,0,0,0,0,0,0,0,0,0,0,0,0,15,0,0,0,15,0,0,0,30,0.693147180559945
"No",1,1,1,1,0,0,0,0,0,0,0,0,1,1,1,1,0,0,0,0,0,0,0,0,8,12,0,0,60,0,0,0,80,0.730588061371122
"No",0,0,0,0,0,0,0,0,0,0,0,0,1,1,1,1,0,0,0,0,0,0,0,0,0,0,0,0,30,0,0,0,30,0
"No",1,1,1,1,0,0,0,0,0,0,0,0,0,0,0,0,0,0,0,0,1,1,1,1,0,12,0,60,15,0,0,0,87,0.832571261788892
"Yes",1,1,1,1,0,0,0,0,0,0,0,0,0,0,0,0,0,0,0,0,0,0,0,0,7,18,0,20,25,0,10,0,80,1.51877095082084
"Yes",1,1,1,1,1,1,1,1,0,0,0,0,0,0,0,0,0,0,0,0,0,0,0,0,0,27,0,0,35,0,10,0,72,0.992629612569016
"Yes",1,1,1,1,0,0,0,0,0,0,0,0,1,1,1,1,0,0,0,0,0,0,0,0,20,13,0,25,12,0,10,0,80,1.54983146633412
"Yes",0,0,0,0,0,0,0,0,0,0,0,0,1,1,1,1,0,0,0,0,0,0,0,0,6,0,0,0,50,0,5,0,61,0.59613785353485
"Yes",1,1,1,1,0,0,0,0,0,0,0,0,0,0,0,0,0,0,0,0,1,1,1,1,13,0,0,14,15,0,0,0,42,1.09691015927987
"No",1,1,1,1,0,0,0,0,0,0,0,0,0,0,0,0,0,0,0,0,0,0,0,0,8,23,0,20,2,0,0,0,53,1.13910626955195
"No",1,1,1,1,1,1,1,1,0,0,0,0,0,0,0,0,0,0,0,0,0,0,0,0,0,0,0,0,60,0,0,0,60,0
"No",1,1,1,1,0,0,0,0,0,0,0,0,1,1,1,1,0,0,0,0,0,0,0,0,12,50,0,16,10,0,5,0,93,1.29760497576819
"No",0,0,0,0,0,0,0,0,0,0,0,0,1,1,1,1,0,0,0,0,0,0,0,0,0,8,0,0,10,0,25,0,43,0.967402932319512
"No",1,1,1,1,0,0,0,0,0,0,0,0,0,0,0,0,0,0,0,0,1,1,1,1,5,8,0,35,0,0,0,0,48,0.764536343246669
"Yes",1,1,1,1,0,0,0,0,0,0,0,0,0,0,0,0,0,0,0,0,0,0,0,0,0,8,0,0,60,0,0,0,68,0.362210557135449
"Yes",1,1,1,1,1,1,1,1,0,0,0,0,0,0,0,0,0,0,0,0,0,0,0,0,0,20,0,23,35,0,0,0,78,1.06865504990011
"Yes",1,1,1,1,0,0,0,0,0,0,0,0,1,1,1,1,0,0,0,0,0,0,0,0,0,14,0,8,30,0,0,0,52,0.958584941698409
"Yes",0,0,0,0,0,0,0,0,0,0,0,0,1,1,1,1,0,0,0,0,0,0,0,0,0,0,0,0,35,0,0,0,35,0
"Yes",1,1,1,1,0,0,0,0,0,0,0,0,0,0,0,0,0,0,0,0,1,1,1,1,0,13,0,10,20,0,0,0,43,1.05690155643728
"No",1,1,1,1,0,0,0,0,0,0,0,0,0,0,0,0,0,0,0,0,0,0,0,0,0,25,0,20,10,0,0,0,55,1.03619878481928
"No",1,1,1,1,1,1,1,1,0,0,0,0,0,0,0,0,0,0,0,0,0,0,0,0,0,12,0,0,50,1,0,0,63,0.56503901101275
"No",1,1,1,1,0,0,0,0,0,0,0,0,1,1,1,1,0,0,0,0,0,0,0,0,0,13,0,0,40,1,0,0,54,0.638992938942841
"No",0,0,0,0,0,0,0,0,0,0,0,0,1,1,1,1,0,0,0,0,0,0,0,0,0,0,0,0,70,0,0,0,70,0
"No",1,1,1,1,0,0,0,0,0,0,0,0,0,0,0,0,0,0,0,0,1,1,1,1,0,18,0,0,40,0,0,0,58,0.619376289741447
"Yes",1,1,1,1,0,0,0,0,0,0,0,0,0,0,0,0,0,0,0,0,0,0,0,0,5,16,0,5,35,0,0,0,61,1.07984139151254
"Yes",1,1,1,1,1,1,1,1,0,0,0,0,0,0,0,0,0,0,0,0,0,0,0,0,5,40,0,0,10,0,3,0,58,0.923821363603786
"Yes",1,1,1,1,0,0,0,0,0,0,0,0,1,1,1,1,0,0,0,0,0,0,0,0,10,35,0,10,10,0,0,0,65,1.19723750155793
"Yes",0,0,0,0,0,0,0,0,0,0,0,0,1,1,1,1,0,0,0,0,0,0,0,0,0,0,0,0,40,0,0,0,40,0
"Yes",1,1,1,1,0,0,0,0,0,0,0,0,0,0,0,0,0,0,0,0,1,1,1,1,0,13,0,16,30,0,0,0,59,1.03106824640231
"No",1,1,1,1,0,0,0,0,0,0,0,0,0,0,0,0,0,0,0,0,0,0,0,0,3,50,0,7,10,0,0,0,70,0.883577969038798
"No",1,1,1,1,1,1,1,1,0,0,0,0,0,0,0,0,0,0,0,0,0,0,0,0,0,35,0,0,40,0,0,0,75,0.690923309313818
"No",1,1,1,1,0,0,0,0,0,0,0,0,1,1,1,1,0,0,0,0,0,0,0,0,7,40,0,16,20,0,0,0,83,1.22061633990671
"No",0,0,0,0,0,0,0,0,0,0,0,0,1,1,1,1,0,0,0,0,0,0,0,0,4,0,0,0,65,0,0,0,69,0.221347809123405
"No",1,1,1,1,0,0,0,0,0,0,0,0,0,0,0,0,0,0,0,0,1,1,1,1,0,60,0,8,2,0,0,0,70,0.481602378793864
"Yes",1,1,1,1,0,0,0,0,0,0,0,0,0,0,0,0,0,0,0,0,0,0,0,0,2,18,0,14,15,0,10,0,59,1.46725960383219
"Yes",1,1,1,1,1,1,1,1,0,0,0,0,0,0,0,0,0,0,0,0,0,0,0,0,0,30,0,20,25,0,15,0,90,1.35488505300601
"Yes",1,1,1,1,0,0,0,0,0,0,0,0,1,1,1,1,0,0,0,0,0,0,0,0,0,12,0,35,10,0,0,0,57,0.93284226994813
"Yes",0,0,0,0,0,0,0,0,0,0,0,0,1,1,1,1,0,0,0,0,0,0,0,0,0,0,0,0,40,0,0,0,40,0
"Yes",1,1,1,1,0,0,0,0,0,0,0,0,0,0,0,0,0,0,0,0,1,1,1,1,7,15,0,30,30,0,0,0,82,1.25654891848804
"No",1,1,1,1,0,0,0,0,0,0,0,0,0,0,0,0,0,0,0,0,0,0,0,0,5,50,0,15,10,0,0,0,80,1.04083983742324
"No",1,1,1,1,1,1,1,1,0,0,0,0,0,0,0,0,0,0,0,0,0,0,0,0,12,10,0,0,40,0,0,0,62,0.894877790013577
"No",1,1,1,1,0,0,0,0,0,0,0,0,1,1,1,1,0,0,0,0,0,0,0,0,8,50,0,8,10,0,0,0,76,1.01628510517811
"No",0,0,0,0,0,0,0,0,0,0,0,0,1,1,1,1,0,0,0,0,0,0,0,0,0,0,0,0,40,0,0,0,40,0
"No",1,1,1,1,0,0,0,0,0,0,0,0,0,0,0,0,0,0,0,0,1,1,1,1,0,35,0,12,25,0,0,0,72,1.01655559719258
"No",1,1,1,1,0,0,0,0,0,0,0,0,0,0,0,0,0,0,0,0,0,0,0,0,0,35,0,10,10,0,0,0,55,0.907535294105009
"No",1,1,1,1,1,1,1,1,0,0,0,0,0,0,0,0,0,0,0,0,0,0,0,0,15,22,0,0,20,0,0,0,57,1.08623841763287
"No",1,1,1,1,0,0,0,0,0,0,0,0,1,1,1,1,0,0,0,0,0,0,0,0,0,25,0,0,25,0,0,0,50,0.693147180559945
"No",0,0,0,0,0,0,0,0,0,0,0,0,1,1,1,1,0,0,0,0,0,0,0,0,0,0,0,0,1,0,10,0,11,0.304636097349238
"No",1,1,1,1,0,0,0,0,0,0,0,0,0,0,0,0,0,0,0,0,1,1,1,1,0,35,0,8,10,0,0,0,53,0.874092566089695
"No",1,1,1,1,0,0,0,0,0,0,0,0,0,0,0,0,0,0,0,0,0,0,0,0,0,30,0,17,2,0,0,0,49,0.798211264234295
"No",1,1,1,1,1,1,1,1,0,0,0,0,0,0,0,0,0,0,0,0,0,0,0,0,0,40,0,6,5,0,0,0,51,0.670003582879301
"No",1,1,1,1,0,0,0,0,0,0,0,0,1,1,1,1,0,0,0,0,0,0,0,0,12,20,0,12,10,0,0,0,54,1.34864597256553
"No",0,0,0,0,0,0,0,0,0,0,0,0,1,1,1,1,0,0,0,0,0,0,0,0,0,0,0,0,40,0,0,0,40,0
"No",1,1,1,1,0,0,0,0,0,0,0,0,0,0,0,0,0,0,0,0,1,1,1,1,0,10,0,0,10,0,0,0,20,0.693147180559945
"No",1,1,1,1,0,0,0,0,0,0,0,0,0,0,0,0,0,0,0,0,0,0,0,0,8,30,7,6,5,0,0,0,56,1.32730577637391
"No",1,1,1,1,1,1,1,1,0,0,0,0,0,0,0,0,0,0,0,0,0,0,0,0,0,25,0,3,0,0,0,0,28,0.340499778471299
"No",1,1,1,1,0,0,0,0,0,0,0,0,1,1,1,1,0,0,0,0,0,0,0,0,0,30,4,5,6,0,0,0,45,0.998243705950696
"No",0,0,0,0,0,0,0,0,0,0,0,0,1,1,1,1,0,0,0,0,0,0,0,0,0,0,0,0,10,0,15,0,25,0.673011667009257
"No",1,1,1,1,0,0,0,0,0,0,0,0,0,0,0,0,0,0,0,0,1,1,1,1,3,45,3,0,5,0,10,0,66,1.02352555621152
"No",1,1,1,1,0,0,0,0,0,0,0,0,0,0,0,0,0,0,0,0,0,0,0,0,0,35,0,25,10,0,40,0,110,1.28693393971667
"No",1,1,1,1,1,1,1,1,0,0,0,0,0,0,0,0,0,0,0,0,0,0,0,0,0,8,0,4,5,0,20,0,37,1.17463291774778
"No",1,1,1,1,0,0,0,0,0,0,0,0,1,1,1,1,0,0,0,0,0,0,0,0,0,50,0,10,3,0,0,0,63,0.620549995163722
"No",0,0,0,0,0,0,0,0,0,0,0,0,1,1,1,1,0,0,0,0,0,0,0,0,0,0,0,0,15,0,15,0,30,0.693147180559945
"No",1,1,1,1,0,0,0,0,0,0,0,0,0,0,0,0,0,0,0,0,1,1,1,1,6,25,3,22,10,0,0,0,66,1.37833543586126
"No",1,1,1,1,0,0,0,0,0,0,0,0,0,0,0,0,0,0,0,0,0,0,0,0,5,20,0,10,10,0,0,0,45,1.27302833658963
"No",1,1,1,1,1,1,1,1,0,0,0,0,0,0,0,0,0,0,0,0,0,0,0,0,0,18,0,8,12,0,1,0,39,1.13840513912899
"No",1,1,1,1,0,0,0,0,0,0,0,0,1,1,1,1,0,0,0,0,0,0,0,0,0,25,2,3,25,0,0,0,55,0.995952776677303
"No",0,0,0,0,0,0,0,0,0,0,0,0,1,1,1,1,0,0,0,0,0,0,0,0,0,0,0,0,40,0,0,0,40,0
"No",1,1,1,1,0,0,0,0,0,0,0,0,0,0,0,0,0,0,0,0,1,1,1,1,40,0,0,5,10,0,10,0,65,1.07201696856319
"No",1,1,1,1,0,0,0,0,0,0,0,0,0,0,0,0,0,0,0,0,0,0,0,0,0,10,0,18,50,0,0,0,78,0.886789687670634
"No",1,1,1,1,1,1,1,1,0,0,0,0,0,0,0,0,0,0,0,0,0,0,0,0,0,13,0,2,35,0,2,0,52,0.863664631632019
"No",1,1,1,1,0,0,0,0,0,0,0,0,1,1,1,1,0,0,0,0,0,0,0,0,0,13,0,15,40,0,0,0,68,0.961856634174775
"No",0,0,0,0,0,0,0,0,0,0,0,0,1,1,1,1,0,0,0,0,0,0,0,0,0,0,0,0,70,0,0,0,70,0
"No",1,1,1,1,0,0,0,0,0,0,0,0,0,0,0,0,0,0,0,0,1,1,1,1,0,12,0,12,50,0,0,0,74,0.854890635551206
"No",1,1,1,1,0,0,0,0,0,0,0,0,0,0,0,0,0,0,0,0,0,0,0,0,5,40,0,2,2,0,0,0,49,0.659678329764346
"No",1,1,1,1,1,1,1,1,0,0,0,0,0,0,0,0,0,0,0,0,0,0,0,0,0,14,0,4,20,0,0,0,38,0.942674961563938
"No",1,1,1,1,0,0,0,0,0,0,0,0,1,1,1,1,0,0,0,0,0,0,0,0,6,11,0,3,50,0,0,0,70,0.87671821414133
"No",0,0,0,0,0,0,0,0,0,0,0,0,1,1,1,1,0,0,0,0,0,0,0,0,0,0,0,0,20,0,10,0,30,0.636514168294813
"No",1,1,1,1,0,0,0,0,0,0,0,0,0,0,0,0,0,0,0,0,1,1,1,1,0,40,0,10,20,0,10,0,80,1.2130075659799
"No",1,1,1,1,0,0,0,0,0,0,0,0,0,0,0,0,0,0,0,0,0,0,0,0,10,60,0,8,10,0,0,0,88,0.973383315311779
"No",1,1,1,1,1,1,1,1,0,0,0,0,0,0,0,0,0,0,0,0,0,0,0,0,4,20,0,20,10,0,0,0,54,1.24082998514613
"No",1,1,1,1,0,0,0,0,0,0,0,0,1,1,1,1,0,0,0,0,0,0,0,0,10,30,2,12,2,0,0,0,56,1.2101152461012
"No",0,0,0,0,0,0,0,0,0,0,0,0,1,1,1,1,0,0,0,0,0,0,0,0,0,0,0,0,30,1,0,0,31,0.142505867392738
"No",1,1,1,1,0,0,0,0,0,0,0,0,0,0,0,0,0,0,0,0,1,1,1,1,6,30,0,30,6,0,0,0,72,1.14370838942625
"No",1,1,1,1,0,0,0,0,0,0,0,0,0,0,0,0,0,0,0,0,0,0,0,0,5,16,5,0,10,0,0,0,36,1.26458422706394
"No",1,1,1,1,1,1,1,1,0,0,0,0,0,0,0,0,0,0,0,0,0,0,0,0,0,10,0,0,15,0,0,0,25,0.673011667009257
"No",1,1,1,1,0,0,0,0,0,0,0,0,1,1,1,1,0,0,0,0,0,0,0,0,20,15,0,6,3,0,0,0,44,1.18005799371404
"No",0,0,0,0,0,0,0,0,0,0,0,0,1,1,1,1,0,0,0,0,0,0,0,0,0,0,0,0,3,0,0,0,3,0
"No",1,1,1,1,0,0,0,0,0,0,0,0,0,0,0,0,0,0,0,0,1,1,1,1,15,25,7,1,8,0,0,0,56,1.32268111903758
"No",1,1,1,1,0,0,0,0,0,0,0,0,0,0,0,0,0,0,0,0,0,0,0,0,0,13,0,2,10,0,0,0,25,0.908616347345788
"No",1,1,1,1,1,1,1,1,0,0,0,0,0,0,0,0,0,0,0,0,0,0,0,0,0,0,0,6,35,0,0,0,41,0.416310140667776
"No",1,1,1,1,0,0,0,0,0,0,0,0,1,1,1,1,0,0,0,0,0,0,0,0,0,20,0,30,15,0,0,0,65,1.05790542470367
"No",0,0,0,0,0,0,0,0,0,0,0,0,1,1,1,1,0,0,0,0,0,0,0,0,0,0,0,0,60,0,0,0,60,0
"No",1,1,1,1,0,0,0,0,0,0,0,0,0,0,0,0,0,0,0,0,1,1,1,1,0,13,0,2,40,0,0,0,55,0.693045654820156
"No",1,1,1,1,0,0,0,0,0,0,0,0,0,0,0,0,0,0,0,0,0,0,0,0,0,0,0,0,50,10,10,0,70,0.796311640173813
"No",1,1,1,1,1,1,1,1,0,0,0,0,0,0,0,0,0,0,0,0,0,0,0,0,0,0,0,0,30,0,15,0,45,0.636514168294813
"No",1,1,1,1,0,0,0,0,0,0,0,0,1,1,1,1,0,0,0,0,0,0,0,0,8,2,0,0,25,5,0,20,60,1.32008527306354
"No",0,0,0,0,0,0,0,0,0,0,0,0,1,1,1,1,0,0,0,0,0,0,0,0,0,0,0,0,80,0,5,0,85,0.223718076065834
"No",1,1,1,1,0,0,0,0,0,0,0,0,0,0,0,0,0,0,0,0,1,1,1,1,1,0,3,0,20,0,5,8,37,1.23542590635522
"Yes",1,1,1,1,0,0,0,0,0,0,0,0,0,0,0,0,0,0,0,0,0,0,0,0,0,8,0,0,15,0,3,5,31,1.22110617938364
"Yes",1,1,1,1,1,1,1,1,0,0,0,0,0,0,0,0,0,0,0,0,0,0,0,0,3,0,0,0,18,0,5,8,34,1.17326492450603
"Yes",1,1,1,1,0,0,0,0,0,0,0,0,1,1,1,1,0,0,0,0,0,0,0,0,0,0,3,0,60,2,5,0,70,0.557209606011919
"Yes",0,0,0,0,0,0,0,0,0,0,0,0,1,1,1,1,0,0,0,0,0,0,0,0,0,0,0,0,40,4,35,0,79,0.856314463085167
"Yes",1,1,1,1,0,0,0,0,0,0,0,0,0,0,0,0,0,0,0,0,1,1,1,1,0,0,11,0,7,0,5,0,23,1.04656340695786
"No",1,1,1,1,0,0,0,0,0,0,0,0,0,0,0,0,0,0,0,0,0,0,0,0,10,15,13,0,40,0,0,0,78,1.22150211184304
"No",1,1,1,1,1,1,1,1,0,0,0,0,0,0,0,0,0,0,0,0,0,0,0,0,0,0,8,0,10,0,20,0,38,1.01716435092483
"No",1,1,1,1,0,0,0,0,0,0,0,0,1,1,1,1,0,0,0,0,0,0,0,0,0,12,3,0,15,3,30,0,63,1.30079777407626
"No",0,0,0,0,0,0,0,0,0,0,0,0,1,1,1,1,0,0,0,0,0,0,0,0,0,0,0,0,10,0,50,0,60,0.450561208866305
"No",1,1,1,1,0,0,0,0,0,0,0,0,0,0,0,0,0,0,0,0,1,1,1,1,5,15,15,2,40,5,15,0,97,1.61699849706402
"Yes",1,1,1,1,0,0,0,0,0,0,0,0,0,0,0,0,0,0,0,0,0,0,0,0,0,0,6,0,20,5,0,0,31,0.894877790013577
"Yes",1,1,1,1,1,1,1,1,0,0,0,0,0,0,0,0,0,0,0,0,0,0,0,0,0,0,0,0,40,0,5,0,45,0.348832095843032
"Yes",1,1,1,1,0,0,0,0,0,0,0,0,1,1,1,1,0,0,0,0,0,0,0,0,0,0,0,0,50,0,20,0,70,0.598269588585257
"Yes",0,0,0,0,0,0,0,0,0,0,0,0,1,1,1,1,0,0,0,0,0,0,0,0,0,0,0,0,12,0,35,0,47,0.568103730442282
"Yes",1,1,1,1,0,0,0,0,0,0,0,0,0,0,0,0,0,0,0,0,1,1,1,1,0,8,0,0,10,0,5,0,23,1.06120844090525
"No",1,1,1,1,0,0,0,0,0,0,0,0,0,0,0,0,0,0,0,0,0,0,0,0,5,7,0,0,10,20,0,15,57,1.49515986392032
"No",1,1,1,1,1,1,1,1,0,0,0,0,0,0,0,0,0,0,0,0,0,0,0,0,10,0,5,2,50,0,8,0,75,1.05487454742862
"No",1,1,1,1,0,0,0,0,0,0,0,0,1,1,1,1,0,0,0,0,0,0,0,0,7,0,3,0,60,0,10,0,80,0.811979977515656
"No",0,0,0,0,0,0,0,0,0,0,0,0,1,1,1,1,0,0,0,0,0,0,0,0,3,0,0,0,65,12,3,0,83,0.711060775595621
"No",1,1,1,1,0,0,0,0,0,0,0,0,0,0,0,0,0,0,0,0,1,1,1,1,15,2,0,0,60,0,0,0,77,0.607860991840969
"Yes",1,1,1,1,0,0,0,0,0,0,0,0,0,0,0,0,0,0,0,0,0,0,0,0,8,12,0,8,50,8,0,0,86,1.25287488847235
"Yes",1,1,1,1,1,1,1,1,0,0,0,0,0,0,0,0,0,0,0,0,0,0,0,0,13,2,6,12,30,0,5,0,68,1.49328441645582
"Yes",1,1,1,1,0,0,0,0,0,0,0,0,1,1,1,1,0,0,0,0,0,0,0,0,10,20,15,6,15,0,0,10,76,1.72601741687323
"Yes",0,0,0,0,0,0,0,0,0,0,0,0,1,1,1,1,0,0,0,0,0,0,0,0,3,0,0,0,12,20,30,15,80,1.43595117716216
"Yes",1,1,1,1,0,0,0,0,0,0,0,0,0,0,0,0,0,0,0,0,1,1,1,1,5,30,8,7,5,10,4,0,69,1.66949444190956
"No",1,1,1,1,0,0,0,0,0,0,0,0,0,0,0,0,0,0,0,0,0,0,0,0,7,65,7,0,0,0,0,0,79,0.589980578669669
"No",1,1,1,1,1,1,1,1,0,0,0,0,0,0,0,0,0,0,0,0,0,0,0,0,2,18,8,0,5,10,30,0,73,1.50748025924887
"No",1,1,1,1,0,0,0,0,0,0,0,0,1,1,1,1,0,0,0,0,0,0,0,0,20,25,4,0,10,0,15,0,74,1.47192560018068
"No",0,0,0,0,0,0,0,0,0,0,0,0,1,1,1,1,0,0,0,0,0,0,0,0,0,0,0,0,70,3,10,0,83,0.518643562743587
"No",1,1,1,1,0,0,0,0,0,0,0,0,0,0,0,0,0,0,0,0,1,1,1,1,0,10,18,3,2,0,0,0,33,1.08030532512722
"Yes",1,1,1,1,0,0,0,0,0,0,0,0,0,0,0,0,0,0,0,0,0,0,0,0,0,15,15,0,20,0,0,0,50,1.08889997534522
"Yes",1,1,1,1,1,1,1,1,0,0,0,0,0,0,0,0,0,0,0,0,0,0,0,0,12,8,7,0,5,10,10,0,52,1.75557689942117
"Yes",1,1,1,1,0,0,0,0,0,0,0,0,1,1,1,1,0,0,0,0,0,0,0,0,11,0,12,2,10,0,10,0,45,1.50369084489834
"Yes",0,0,0,0,0,0,0,0,0,0,0,0,1,1,1,1,0,0,0,0,0,0,0,0,0,0,0,0,35,0,25,0,60,0.679193265991526
"Yes",1,1,1,1,0,0,0,0,0,0,0,0,0,0,0,0,0,0,0,0,1,1,1,1,3,12,17,10,10,0,0,0,52,1.50256976911418
"No",1,1,1,1,0,0,0,0,0,0,0,0,0,0,0,0,0,0,0,0,0,0,0,0,0,0,2,0,50,0,23,0,75,0.729437292217675
"No",1,1,1,1,1,1,1,1,0,0,0,0,0,0,0,0,0,0,0,0,0,0,0,0,6,3,0,0,55,0,12,0,76,0.853514936778245
"No",1,1,1,1,0,0,0,0,0,0,0,0,1,1,1,1,0,0,0,0,0,0,0,0,0,8,5,0,30,0,20,0,63,1.18070157057322
"No",0,0,0,0,0,0,0,0,0,0,0,0,1,1,1,1,0,0,0,0,0,0,0,0,7,0,0,0,20,0,20,0,47,1.01077181478353
"No",1,1,1,1,0,0,0,0,0,0,0,0,0,0,0,0,0,0,0,0,1,1,1,1,7,20,5,0,18,3,7,0,60,1.58555946841943
"Yes",1,1,1,1,0,0,0,0,0,0,0,0,0,0,0,0,0,0,0,0,0,0,0,0,0,7,6,0,50,0,0,0,63,0.651498565595297
"Yes",1,1,1,1,1,1,1,1,0,0,0,0,0,0,0,0,0,0,0,0,0,0,0,0,0,0,0,0,40,0,25,0,65,0.666278442414676
"Yes",1,1,1,1,0,0,0,0,0,0,0,0,1,1,1,1,0,0,0,0,0,0,0,0,0,11,10,6,60,0,5,0,92,1.11025467442309
"Yes",0,0,0,0,0,0,0,0,0,0,0,0,1,1,1,1,0,0,0,0,0,0,0,0,0,0,0,0,60,0,5,0,65,0.271189373041844
"Yes",1,1,1,1,0,0,0,0,0,0,0,0,0,0,0,0,0,0,0,0,1,1,1,1,7,15,4,0,40,0,0,0,66,1.0481020197695
"No",1,1,1,1,0,0,0,0,0,0,0,0,0,0,0,0,0,0,0,0,0,0,0,0,5,25,0,0,0,10,0,0,40,0.900256051268537
"No",1,1,1,1,1,1,1,1,0,0,0,0,0,0,0,0,0,0,0,0,0,0,0,0,0,12,4,12,10,10,15,0,63,1.7327316801089
"No",1,1,1,1,0,0,0,0,0,0,0,0,1,1,1,1,0,0,0,0,0,0,0,0,3,12,0,25,10,0,10,0,60,1.433705993138
"No",0,0,0,0,0,0,0,0,0,0,0,0,1,1,1,1,0,0,0,0,0,0,0,0,0,0,0,0,40,0,15,0,55,0.585952618303551
"No",1,1,1,1,0,0,0,0,0,0,0,0,0,0,0,0,0,0,0,0,1,1,1,1,12,10,0,20,10,0,0,0,52,1.33998935072726
"No",1,1,1,1,0,0,0,0,0,0,0,0,0,0,0,0,0,0,0,0,0,0,0,0,12,15,20,2,0,0,0,0,49,1.20323718288228
"No",1,1,1,1,1,1,1,1,0,0,0,0,0,0,0,0,0,0,0,0,0,0,0,0,14,10,12,0,12,10,10,0,68,1.7833001316563
"No",1,1,1,1,0,0,0,0,0,0,0,0,1,1,1,1,0,0,0,0,0,0,0,0,0,20,13,5,0,0,0,0,38,0.971634141825062
"No",0,0,0,0,0,0,0,0,0,0,0,0,1,1,1,1,0,0,0,0,0,0,0,0,0,0,0,0,5,0,0,0,5,0
"No",1,1,1,1,0,0,0,0,0,0,0,0,0,0,0,0,0,0,0,0,1,1,1,1,0,12,30,10,0,0,0,0,52,0.972769638249483
"No",1,1,1,1,0,0,0,0,0,0,0,0,0,0,0,0,0,0,0,0,0,0,0,0,5,5,0,0,8,0,10,0,28,1.34092728204234
"No",1,1,1,1,1,1,1,1,0,0,0,0,0,0,0,0,0,0,0,0,0,0,0,0,0,6,0,0,10,0,50,0,66,0.714237196318606
"No",1,1,1,1,0,0,0,0,0,0,0,0,1,1,1,1,0,0,0,0,0,0,0,0,4,15,0,2,0,0,30,0,51,0.998724725430262
"No",0,0,0,0,0,0,0,0,0,0,0,0,1,1,1,1,0,0,0,0,0,0,0,0,0,0,0,0,12,0,60,0,72,0.450561208866305
"No",1,1,1,1,0,0,0,0,0,0,0,0,0,0,0,0,0,0,0,0,1,1,1,1,5,25,0,20,12,0,0,0,62,1.25209228097394
"No",1,1,1,1,0,0,0,0,0,0,0,0,0,0,0,0,0,0,0,0,0,0,0,0,3,15,0,0,0,0,5,0,23,0.876199457463585
"No",1,1,1,1,1,1,1,1,0,0,0,0,0,0,0,0,0,0,0,0,0,0,0,0,4,12,0,0,12,0,55,0,83,0.978042267710122
"No",1,1,1,1,0,0,0,0,0,0,0,0,1,1,1,1,0,0,0,0,0,0,0,0,4,22,10,26,0,0,0,0,62,1.20319128283765
"No",0,0,0,0,0,0,0,0,0,0,0,0,1,1,1,1,0,0,0,0,0,0,0,0,2,0,0,0,5,0,10,0,17,0.923840705630872
"No",1,1,1,1,0,0,0,0,0,0,0,0,0,0,0,0,0,0,0,0,1,1,1,1,5,10,13,4,0,0,0,0,32,1.27940591581252
"No",1,1,1,1,0,0,0,0,0,0,0,0,0,0,0,0,0,0,0,0,0,0,0,0,10,35,0,12,5,0,0,0,62,1.13795531340483
"No",1,1,1,1,1,1,1,1,0,0,0,0,0,0,0,0,0,0,0,0,0,0,0,0,0,60,0,0,10,10,10,0,90,1.00271826451752
"No",0,0,0,0,0,0,0,0,0,0,0,0,0,0,0,0,0,0,0,0,0,0,0,0,0,29,0,7,10,0,15,0,61,1.24334019106727
"No",0,0,0,0,0,0,0,0,0,0,0,0,0,0,0,0,0,0,0,0,0,0,0,0,5,25,0,25,3,0,0,0,58,1.0899806368984
"No",1,1,1,1,0,0,0,0,0,0,0,0,0,0,0,0,0,0,0,0,1,1,1,1,10,30,0,10,8,10,0,0,68,1.45849290263015
"No",1,1,1,1,0,0,0,0,0,0,0,0,0,0,0,0,0,0,0,0,0,0,0,0,7,13,4,4,4,0,0,0,32,1.47819699580517
"No",1,1,1,1,1,1,1,1,0,0,0,0,0,0,0,0,0,0,0,0,0,0,0,0,0,7,6,2,5,0,0,0,20,1.3054616844517
"No",1,1,1,1,0,0,0,0,0,0,0,0,1,1,1,1,0,0,0,0,0,0,0,0,3,5,0,0,10,0,0,0,18,0.980989682445315
"No",0,0,0,0,0,0,0,0,0,0,0,0,1,1,1,1,0,0,0,0,0,0,0,0,0,0,0,0,10,0,20,0,30,0.636514168294813
"No",1,1,1,1,0,0,0,0,0,0,0,0,0,0,0,0,0,0,0,0,1,1,1,1,5,7,3,0,40,0,0,0,55,0.870613628212117
"No",1,1,1,1,0,0,0,0,0,0,0,0,0,0,0,0,0,0,0,0,0,0,0,0,3,3,0,0,30,10,0,0,46,0.966609959275752
"No",1,1,1,1,1,1,1,1,0,0,0,0,0,0,0,0,0,0,0,0,0,0,0,0,7,7,0,0,12,40,12,0,78,1.35112318763518
"No",1,1,1,1,0,0,0,0,0,0,0,0,1,1,1,1,0,0,0,0,0,0,0,0,4,5,0,0,8,40,3,10,70,1.33271288061234
"No",0,0,0,0,0,0,0,0,0,0,0,0,1,1,1,1,0,0,0,0,0,0,0,0,0,0,0,0,30,15,35,0,80,1.04335342694229
"No",1,1,1,1,0,0,0,0,0,0,0,0,0,0,0,0,0,0,0,0,1,1,1,1,7,15,0,8,0,10,0,0,40,1.34129177103145
"No",1,1,1,1,0,0,0,0,0,0,0,0,0,0,0,0,0,0,0,0,0,0,0,0,8,10,6,7,15,12,0,0,58,1.74194397716497
"No",1,1,1,1,1,1,1,1,0,0,0,0,0,0,0,0,0,0,0,0,0,0,0,0,0,5,5,0,15,30,15,0,70,1.40032657623119
"No",1,1,1,1,0,0,0,0,0,0,0,0,1,1,1,1,0,0,0,0,0,0,0,0,3,8,4,6,15,25,0,0,61,1.53186153470562
"No",0,0,0,0,0,0,0,0,0,0,0,0,1,1,1,1,0,0,0,0,0,0,0,0,0,0,0,0,10,30,0,10,50,0.950270539233235
"No",1,1,1,1,0,0,0,0,0,0,0,0,0,0,0,0,0,0,0,0,1,1,1,1,4,25,4,4,2,15,15,0,69,1.62924812272291
"No",1,1,1,1,0,0,0,0,0,0,0,0,0,0,0,0,0,0,0,0,0,0,0,0,0,0,0,40,5,5,0,0,50,0.639031859650177
"No",1,1,1,1,1,1,1,1,0,0,0,0,0,0,0,0,0,0,0,0,0,0,0,0,0,0,0,7,10,0,25,0,42,0.949119199354019
"No",1,1,1,1,0,0,0,0,0,0,0,0,1,1,1,1,0,0,0,0,0,0,0,0,0,8,0,20,5,0,12,0,45,1.26407921945599
"No",0,0,0,0,0,0,0,0,0,0,0,0,1,1,1,1,0,0,0,0,0,0,0,0,0,0,0,0,15,0,5,0,20,0.562335144618808
"No",1,1,1,1,0,0,0,0,0,0,0,0,0,0,0,0,0,0,0,0,1,1,1,1,3,12,0,15,35,5,5,0,75,1.46059436745012
"No",1,1,1,1,0,0,0,0,0,0,0,0,0,0,0,0,0,0,0,0,0,0,0,0,0,3,20,20,10,0,0,0,53,1.21272627698411
"No",1,1,1,1,1,1,1,1,0,0,0,0,0,0,0,0,0,0,0,0,0,0,0,0,0,5,0,2,25,0,10,0,42,1.04883079745156
"No",1,1,1,1,0,0,0,0,0,0,0,0,1,1,1,1,0,0,0,0,0,0,0,0,0,0,4,0,10,0,10,0,24,1.02818385933293
"No",0,0,0,0,0,0,0,0,0,0,0,0,1,1,1,1,0,0,0,0,0,0,0,0,0,0,0,0,15,10,10,0,35,1.07899220787758
"No",1,1,1,1,0,0,0,0,0,0,0,0,0,0,0,0,0,0,0,0,1,1,1,1,0,3,10,8,15,0,3,0,39,1.43602805608039
"Yes",1,1,1,1,0,0,0,0,0,0,0,0,0,0,0,0,0,0,0,0,0,0,0,0,0,35,0,0,2,1,0,0,38,0.326442040956666
"Yes",1,1,1,1,1,1,1,1,0,0,0,0,0,0,0,0,0,0,0,0,0,0,0,0,25,25,0,0,5,0,0,0,55,0.934769897858279
"Yes",1,1,1,1,0,0,0,0,0,0,0,0,1,1,1,1,0,0,0,0,0,0,0,0,10,50,0,0,0,2,0,0,62,0.578532843714968
"Yes",0,0,0,0,0,0,0,0,0,0,0,0,1,1,1,1,0,0,0,0,0,0,0,0,0,0,0,0,10,10,0,0,20,0.693147180559945
"Yes",1,1,1,1,0,0,0,0,0,0,0,0,0,0,0,0,0,0,0,0,1,1,1,1,25,30,0,5,10,0,0,0,70,1.19734013399678
"No",1,1,1,1,0,0,0,0,0,0,0,0,0,0,0,0,0,0,0,0,0,0,0,0,50,8,0,0,0,10,0,0,68,0.759764564958659
"No",1,1,1,1,1,1,1,1,0,0,0,0,0,0,0,0,0,0,0,0,0,0,0,0,25,28,0,0,0,10,0,0,63,1.0193335702558
"No",1,1,1,1,0,0,0,0,0,0,0,0,1,1,1,1,0,0,0,0,0,0,0,0,25,20,0,3,5,10,0,0,63,1.36923919542486
"No",0,0,0,0,0,0,0,0,0,0,0,0,1,1,1,1,0,0,0,0,0,0,0,0,0,10,0,0,2,0,0,0,12,0.450561208866305
"No",1,1,1,1,0,0,0,0,0,0,0,0,0,0,0,0,0,0,0,0,1,1,1,1,5,70,0,0,12,0,0,0,87,0.612336437009967
"Yes",1,1,1,1,0,0,0,0,0,0,0,0,0,0,0,0,0,0,0,0,0,0,0,0,0,65,0,0,0,3,0,0,68,0.180816390334625
"Yes",1,1,1,1,1,1,1,1,0,0,0,0,0,0,0,0,0,0,0,0,0,0,0,0,10,60,0,0,0,0,0,0,70,0.410116318288409
"Yes",1,1,1,1,0,0,0,0,0,0,0,0,1,1,1,1,0,0,0,0,0,0,0,0,10,38,0,6,0,0,0,0,54,0.803712161102951
"Yes",0,0,0,0,0,0,0,0,0,0,0,0,1,1,1,1,0,0,0,0,0,0,0,0,0,0,0,0,5,0,0,0,5,0
"Yes",1,1,1,1,0,0,0,0,0,0,0,0,0,0,0,0,0,0,0,0,1,1,1,1,0,10,0,0,35,10,0,0,55,0.907535294105009
"No",1,1,1,1,0,0,0,0,0,0,0,0,0,0,0,0,0,0,0,0,0,0,0,0,12,60,0,0,0,0,0,0,72,0.450561208866305
"No",1,1,1,1,1,1,1,1,0,0,0,0,0,0,0,0,0,0,0,0,0,0,0,0,20,0,0,0,0,15,0,0,35,0.682908104700472
"No",1,1,1,1,0,0,0,0,0,0,0,0,1,1,1,1,0,0,0,0,0,0,0,0,7,12,0,0,18,0,0,0,37,1.03073027796925
"No",0,0,0,0,0,0,0,0,0,0,0,0,1,1,1,1,0,0,0,0,0,0,0,0,0,0,0,0,50,18,3,0,71,0.728543556202687
"No",1,1,1,1,0,0,0,0,0,0,0,0,0,0,0,0,0,0,0,0,1,1,1,1,20,60,0,0,3,2,0,0,85,0.792563604354668
"Yes",1,1,1,1,0,0,0,0,0,0,0,0,0,0,0,0,0,0,0,0,0,0,0,0,20,15,0,0,5,2,0,0,42,1.11936289421424
"Yes",1,1,1,1,1,1,1,1,0,0,0,0,0,0,0,0,0,0,0,0,0,0,0,0,0,24,0,0,3,0,0,0,27,0.348832095843032
"Yes",1,1,1,1,0,0,0,0,0,0,0,0,1,1,1,1,0,0,0,0,0,0,0,0,5,38,0,0,0,5,0,0,48,0.656145736034065
"Yes",0,0,0,0,0,0,0,0,0,0,0,0,1,1,1,1,0,0,0,0,0,0,0,0,0,0,0,0,15,0,2,0,17,0.362210557135449
"Yes",1,1,1,1,0,0,0,0,0,0,0,0,0,0,0,0,0,0,0,0,1,1,1,1,30,28,0,0,0,0,0,0,58,0.692552532360723
"No",1,1,1,1,0,0,0,0,0,0,0,0,0,0,0,0,0,0,0,0,0,0,0,0,0,20,0,0,0,10,2,0,32,0.830523691482846
"No",1,1,1,1,1,1,1,1,0,0,0,0,0,0,0,0,0,0,0,0,0,0,0,0,15,20,0,0,0,5,12,0,52,1.28967702921144
"No",1,1,1,1,0,0,0,0,0,0,0,0,1,1,1,1,0,0,0,0,0,0,0,0,12,25,0,0,0,0,0,0,37,0.630086144558791
"No",0,0,0,0,0,0,0,0,0,0,0,0,1,1,1,1,0,0,0,0,0,0,0,0,0,8,0,0,0,8,15,0,31,1.05038018243965
"No",1,1,1,1,0,0,0,0,0,0,0,0,0,0,0,0,0,0,0,0,1,1,1,1,0,18,0,0,0,15,10,0,43,1.07112347409811
"Yes",1,1,1,1,0,0,0,0,0,0,0,0,0,0,0,0,0,0,0,0,0,0,0,0,7,70,0,0,0,0,0,0,77,0.304636097349238
"Yes",1,1,1,1,1,1,1,1,0,0,0,0,0,0,0,0,0,0,0,0,0,0,0,0,20,20,0,0,0,3,5,0,48,1.13844439902592
"Yes",1,1,1,1,0,0,0,0,0,0,0,0,1,1,1,1,0,0,0,0,0,0,0,0,0,50,0,0,0,0,0,0,50,0
"Yes",0,0,0,0,0,0,0,0,0,0,0,0,1,1,1,1,0,0,0,0,0,0,0,0,0,0,0,0,12,0,5,0,17,0.605797499372304
"Yes",1,1,1,1,0,0,0,0,0,0,0,0,0,0,0,0,0,0,0,0,1,1,1,1,10,55,0,0,0,0,0,0,65,0.429323021930616
"No",1,1,1,1,0,0,0,0,0,0,0,0,0,0,0,0,0,0,0,0,0,0,0,0,20,13,0,0,0,0,0,0,33,0.670477648797395
"No",1,1,1,1,1,1,1,1,0,0,0,0,0,0,0,0,0,0,0,0,0,0,0,0,25,35,0,0,0,0,0,0,60,0.679193265991526
"No",1,1,1,1,0,0,0,0,0,0,0,0,1,1,1,1,0,0,0,0,0,0,0,0,3,12,0,0,0,0,0,0,15,0.500402423538188
"No",0,0,0,0,0,0,0,0,0,0,0,0,1,1,1,1,0,0,0,0,0,0,0,0,0,0,0,0,0,0,0,0,0,NA
"No",1,1,1,1,0,0,0,0,0,0,0,0,0,0,0,0,0,0,0,0,1,1,1,1,50,20,0,0,0,0,0,0,70,0.598269588585257
"Yes",1,1,1,1,0,0,0,0,0,0,0,0,0,0,0,0,0,0,0,0,0,0,0,0,10,65,0,0,0,0,0,0,75,0.392674467227552
"Yes",1,1,1,1,1,1,1,1,0,0,0,0,0,0,0,0,0,0,0,0,0,0,0,0,6,40,0,0,3,10,0,0,59,0.94825909177232
"Yes",1,1,1,1,0,0,0,0,0,0,0,0,1,1,1,1,0,0,0,0,0,0,0,0,12,30,0,0,3,5,0,0,50,1.04806645191824
"Yes",0,0,0,0,0,0,0,0,0,0,0,0,1,1,1,1,0,0,0,0,0,0,0,0,13,0,0,0,5,10,0,0,28,1.03158371949267
"Yes",1,1,1,1,0,0,0,0,0,0,0,0,0,0,0,0,0,0,0,0,1,1,1,1,20,65,0,0,0,5,0,0,90,0.729842919480635
"No",1,1,1,1,0,0,0,0,0,0,0,0,0,0,0,0,0,0,0,0,0,0,0,0,55,25,0,0,3,0,0,0,83,0.754129069537619
"No",1,1,1,1,1,1,1,1,0,0,0,0,0,0,0,0,0,0,0,0,0,0,0,0,10,30,0,3,0,3,0,0,46,0.966609959275752
"No",1,1,1,1,0,0,0,0,0,0,0,0,1,1,1,1,0,0,0,0,0,0,0,0,5,60,0,0,3,2,0,0,70,0.557209606011919
"No",0,0,0,0,0,0,0,0,0,0,0,0,1,1,1,1,0,0,0,0,0,0,0,0,12,0,0,0,3,15,0,0,30,0.943348392329039
"No",1,1,1,1,0,0,0,0,0,0,0,0,0,0,0,0,0,0,0,0,1,1,1,1,50,30,0,0,5,0,0,0,85,0.846365829626287
"No",1,1,1,1,0,0,0,0,0,0,0,0,0,0,0,0,0,0,0,0,0,0,0,0,0,28,0,0,3,3,10,0,44,0.990570294217015
"No",1,1,1,1,1,1,1,1,0,0,0,0,0,0,0,0,0,0,0,0,0,0,0,0,0,0,0,0,15,0,12,0,27,0.686961576597323
"No",1,1,1,1,0,0,0,0,0,0,0,0,1,1,1,1,0,0,0,0,0,0,0,0,0,12,0,0,2,12,3,0,29,1.14936856026109
"No",0,0,0,0,0,0,0,0,0,0,0,0,1,1,1,1,0,0,0,0,0,0,0,0,0,0,0,0,5,12,0,0,17,0.605797499372304
"No",1,1,1,1,0,0,0,0,0,0,0,0,0,0,0,0,0,0,0,0,1,1,1,1,0,0,0,0,0,20,20,0,40,0.693147180559945
"No",1,1,1,1,0,0,0,0,0,0,0,0,0,0,0,0,0,0,0,0,0,0,0,0,50,40,0,0,0,0,0,0,90,0.686961576597323
"No",1,1,1,1,1,1,1,1,0,0,0,0,0,0,0,0,0,0,0,0,0,0,0,0,15,17,0,0,0,3,3,0,38,1.12766369663435
"No",1,1,1,1,0,0,0,0,0,0,0,0,1,1,1,1,0,0,0,0,0,0,0,0,15,80,0,0,0,5,0,0,100,0.612869452461949
"No",0,0,0,0,0,0,0,0,0,0,0,0,1,1,1,1,0,0,0,0,0,0,0,0,10,6,0,0,0,0,20,0,36,0.980989682445315
"No",1,1,1,1,0,0,0,0,0,0,0,0,0,0,0,0,0,0,0,0,1,1,1,1,15,60,0,0,0,0,0,0,75,0.500402423538188
"No",1,1,1,1,0,0,0,0,0,0,0,0,0,0,0,0,0,0,0,0,0,0,0,0,15,50,0,0,0,3,10,0,78,0.990765351255166
"No",1,1,1,1,1,1,1,1,0,0,0,0,0,0,0,0,0,0,0,0,0,0,0,0,5,70,0,0,0,0,10,0,85,0.578325286660127
"No",1,1,1,1,0,0,0,0,0,0,0,0,1,1,1,1,0,0,0,0,0,0,0,0,35,45,15,0,0,0,5,0,100,1.16112081828312
"No",0,0,0,0,0,0,0,0,0,0,0,0,1,1,1,1,0,0,0,0,0,0,0,0,0,8,0,0,0,0,40,0,48,0.450561208866305
"No",1,1,1,1,0,0,0,0,0,0,0,0,0,0,0,0,0,0,0,0,1,1,1,1,10,50,5,0,0,0,0,0,65,0.687092027379972
"No",1,1,1,1,0,0,0,0,0,0,0,0,0,0,0,0,0,0,0,0,0,0,0,0,20,40,0,0,0,6,0,0,66,0.883285341253613
"No",1,1,1,1,1,1,1,1,0,0,0,0,0,0,0,0,0,0,0,0,0,0,0,0,0,50,6,0,0,2,6,0,64,0.744999360496174
"No",1,1,1,1,0,0,0,0,0,0,0,0,1,1,1,1,0,0,0,0,0,0,0,0,15,45,0,0,0,3,3,0,66,0.878863245235423
"No",0,0,0,0,0,0,0,0,0,0,0,0,1,1,1,1,0,0,0,0,0,0,0,0,0,70,0,0,0,2,3,0,75,0.289797471261919
"No",1,1,1,1,0,0,0,0,0,0,0,0,0,0,0,0,0,0,0,0,1,1,1,1,17,55,0,0,0,5,2,0,79,0.850442333985604
"No",1,1,1,1,0,0,0,0,0,0,0,0,0,0,0,0,0,0,0,0,0,0,0,0,50,30,0,0,0,10,0,0,90,0.936888307539016
"No",1,1,1,1,1,1,1,1,0,0,0,0,0,0,0,0,0,0,0,0,0,0,0,0,0,60,0,0,0,2,0,0,62,0.142505867392738
"No",1,1,1,1,0,0,0,0,0,0,0,0,1,1,1,1,0,0,0,0,0,0,0,0,60,30,0,0,0,0,0,0,90,0.636514168294813
"No",0,0,0,0,0,0,0,0,0,0,0,0,1,1,1,1,0,0,0,0,0,0,0,0,15,20,0,0,0,5,3,0,43,1.15937628044268
"No",1,1,1,1,0,0,0,0,0,0,0,0,0,0,0,0,0,0,0,0,1,1,1,1,15,60,0,0,0,0,0,0,75,0.500402423538188
"No",1,1,1,1,0,0,0,0,0,0,0,0,0,0,0,0,0,0,0,0,0,0,0,0,0,0,0,0,2,0,0,0,2,0
"No",1,1,1,1,1,1,1,1,0,0,0,0,0,0,0,0,0,0,0,0,0,0,0,0,0,0,0,0,10,30,12,0,52,0.972769638249483
"No",1,1,1,1,0,0,0,0,0,0,0,0,1,1,1,1,0,0,0,0,0,0,0,0,0,0,0,0,5,20,15,0,40,0.974314752869349
"No",0,0,0,0,0,0,0,0,0,0,0,0,1,1,1,1,0,0,0,0,0,0,0,0,0,0,0,0,0,8,20,0,28,0.598269588585257
"No",1,1,1,1,0,0,0,0,0,0,0,0,0,0,0,0,0,0,0,0,1,1,1,1,0,10,0,8,3,7,15,0,43,1.50075025082603
"No",1,1,1,1,0,0,0,0,0,0,0,0,0,0,0,0,0,0,0,0,0,0,0,0,5,20,25,0,0,5,5,0,60,1.35220939923383
"No",1,1,1,1,1,1,1,1,0,0,0,0,0,0,0,0,0,0,0,0,0,0,0,0,9,6,5,0,0,0,20,0,40,1.22669412799782
"No",1,1,1,1,0,0,0,0,0,0,0,0,1,1,1,1,0,0,0,0,0,0,0,0,0,55,25,0,0,10,10,0,100,1.13590095929437
"No",0,0,0,0,0,0,0,0,0,0,0,0,1,1,1,1,0,0,0,0,0,0,0,0,0,0,0,0,3,15,45,0,63,0.727001362547059
"No",1,1,1,1,0,0,0,0,0,0,0,0,0,0,0,0,0,0,0,0,1,1,1,1,0,15,25,0,0,25,0,0,65,1.07339428128113
"No",1,1,1,1,0,0,0,0,0,0,0,0,0,0,0,0,0,0,0,0,0,0,0,0,7,25,15,0,0,12,0,0,59,1.28884423239587
"No",1,1,1,1,1,1,1,1,0,0,0,0,0,0,0,0,0,0,0,0,0,0,0,0,5,45,5,0,0,0,0,0,55,0.600166073159646
"No",1,1,1,1,0,0,0,0,0,0,0,0,1,1,1,1,0,0,0,0,0,0,0,0,0,55,15,0,0,5,8,0,83,0.976590004183005
"No",0,0,0,0,0,0,0,0,0,0,0,0,1,1,1,1,0,0,0,0,0,0,0,0,0,60,0,0,5,15,5,0,85,0.885288834440902
"No",1,1,1,1,0,0,0,0,0,0,0,0,0,0,0,0,0,0,0,0,1,1,1,1,0,0,25,0,0,10,5,0,40,0.900256051268537
"No",1,1,1,1,0,0,0,0,0,0,0,0,0,0,0,0,0,0,0,0,0,0,0,0,0,0,10,50,0,5,0,0,65,0.687092027379972
"No",1,1,1,1,1,1,1,1,0,0,0,0,0,0,0,0,0,0,0,0,0,0,0,0,0,30,8,0,10,5,0,0,53,1.14492409703487
"No",1,1,1,1,0,0,0,0,0,0,0,0,1,1,1,1,0,0,0,0,0,0,0,0,0,40,40,0,0,10,0,0,90,0.964962923007428
"No",0,0,0,0,0,0,0,0,0,0,0,0,1,1,1,1,0,0,0,0,0,0,0,0,0,55,0,0,10,10,5,0,80,0.950748927050915
"No",1,1,1,1,0,0,0,0,0,0,0,0,0,0,0,0,0,0,0,0,1,1,1,1,15,50,0,0,0,0,0,0,65,0.540204142388861
"No",1,1,1,1,0,0,0,0,0,0,0,0,0,0,0,0,0,0,0,0,0,0,0,0,0,55,0,8,0,15,0,0,78,0.796970230051672
"No",1,1,1,1,1,1,1,1,0,0,0,0,0,0,0,0,0,0,0,0,0,0,0,0,0,0,12,0,10,15,0,0,37,1.08482375740288
"No",1,1,1,1,0,0,0,0,0,0,0,0,1,1,1,1,0,0,0,0,0,0,0,0,0,60,8,0,0,0,0,0,68,0.362210557135449
"No",0,0,0,0,0,0,0,0,0,0,0,0,1,1,1,1,0,0,0,0,0,0,0,0,0,65,0,0,1,1,0,0,67,0.154913924716094
"No",1,1,1,1,0,0,0,0,0,0,0,0,0,0,0,0,0,0,0,0,1,1,1,1,0,40,14,0,0,10,0,0,64,0.916260712904804
