"Bar.action","undLac.action","uncLac.action","Oth.action","Bla.action","undMol.action","Akk.action","Cop.action","Clodif.action","Ent.action","undEnt.action","environment.initial","Bar.outcome","undLac.outcome","uncLac.outcome","Oth.outcome","Bla.outcome","undMol.outcome","Akk.outcome","Cop.outcome","Clodif.outcome","Ent.outcome","undEnt.outcome","diversity.desirability"
0,0,0,0,0,0,0,0,0,0,0,0,0,0,0,0,0,0,0,0,0,0,0,NA
1,0,0,0,0,0,0,0,0,0,0,0,1.79406317020861,0,0,0,0,0,0,0,0,0,0,0
0,1,0,0,0,0,0,0,0,0,0,0,0,2.95766993993707,0,0,0,0,0,0,0,0,0,0
1,1,0,0,0,0,0,0,0,0,0,0,3.75682052932352,6.4819680278804,0,0,0,0,0,0,0,0,0,0.657296306515076
0,0,1,0,0,0,0,0,0,0,0,0,0,0,3.50423145050186,0,0,0,0,0,0,0,0,0
1,0,1,0,0,0,0,0,0,0,0,0,1.07673245940548e+76,0,1.63495690952315e+76,0,0,0,0,0,0,0,0,0.671806056515167
0,1,1,0,0,0,0,0,0,0,0,0,0,1.20885440363564e-154,3.50423145050186,0,0,0,0,0,0,0,0,1.22692826496056e-152
1,1,1,0,0,0,0,0,0,0,0,0,9.13583385960795e+73,0,1.38722433437822e+74,0,0,0,0,0,0,0,0,0.671806056515164
0,0,0,1,0,0,0,0,0,0,0,0,0,0,0,0.649696240601505,0,0,0,0,0,0,0,0
1,0,0,1,0,0,0,0,0,0,0,0,2.05840496549528,0,0,0.24207634120881,0,0,0,0,0,0,0,0.336421715024481
0,1,0,1,0,0,0,0,0,0,0,0,0,3.06280969210226,0,0.0798386201737919,0,0,0,0,0,0,0,0.118386826534152
1,1,0,1,0,0,0,0,0,0,0,0,3.75682052932352,6.4819680278804,0,1.97626258336499e-323,0,0,0,0,0,0,0,NA
0,0,1,1,0,0,0,0,0,0,0,0,0,0,3.50450545882355,0.0606863667341501,0,0,0,0,0,0,0,0.0862107615057869
1,0,1,1,0,0,0,0,0,0,0,0,1.20692735568069e+74,0,1.832650443688e+74,0,0,0,0,0,0,0,0,0.671806056515163
0,1,1,1,0,0,0,0,0,0,0,0,0,1.94928565919812e-153,3.50450545882355,0.0606863667341501,0,0,0,0,0,0,0,0.0862107615057869
1,1,1,1,0,0,0,0,0,0,0,0,9.33284791793691e+100,0,1.4171397969543e+101,0,0,0,0,0,0,0,0,0.671806056515166
0,0,0,0,1,0,0,0,0,0,0,0,0,0,0,0,1.00056450930029,0,0,0,0,0,0,0
1,0,0,0,1,0,0,0,0,0,0,0,1.11328578973297,0,0,0,0.775245822482141,0,0,0,0,0,0,0.677040701774425
0,1,0,0,1,0,0,0,0,0,0,0,0,2.83467550777228,0,0,0.251670587576603,0,0,0,0,0,0,0.282522357086453
1,1,0,0,1,0,0,0,0,0,0,0,3.75682052932352,6.4819680278804,0,0,1.97626258336499e-323,0,0,0,0,0,0,NA
0,0,1,0,1,0,0,0,0,0,0,0,0,0,3.50414098763227,0,0.182760175104084,0,0,0,0,0,0,0.197247571060585
1,0,1,0,1,0,0,0,0,0,0,0,2.60768157752208e+103,0,3.95961594337012e+103,0,0,0,0,0,0,0,0,0.671806056515164
0,1,1,0,1,0,0,0,0,0,0,0,0,1.88721034736098e-161,3.50414098763227,0,0.182760175104084,0,0,0,0,0,0,0.197247571060585
1,1,1,0,1,0,0,0,0,0,0,0,3.99302244231789e+74,0,6.06317713831475e+74,0,0,0,0,0,0,0,0,0.671806056515165
0,0,0,1,1,0,0,0,0,0,0,0,0,0,0,0.596733784094663,0.812090348471046,0,0,0,0,0,0,0.68141775646594
1,0,0,1,1,0,0,0,0,0,0,0,1.60319618456643,0,0,0.294186773143698,0.583175696945677,0,0,0,0,0,0,0.875317595002589
0,1,0,1,1,0,0,0,0,0,0,0,0,2.97610741323815,0,0.0837181991099868,0.187863839342068,0,0,0,0,0,0,0.33918461311198
1,1,0,1,1,0,0,0,0,0,0,0,3.75682052932352,6.4819680278804,0,1.97626258336499e-323,1.97626258336499e-323,0,0,0,0,0,0,NA
0,0,1,1,1,0,0,0,0,0,0,0,0,0,3.50437374395616,0.0498190927017857,0.166970844527518,0,0,0,0,0,0,0.253552650650728
1,0,1,1,1,0,0,0,0,0,0,0,9.8769630131894e+102,0,1.49976057491898e+103,0,0,0,0,0,0,0,0,0.671806056515165
0,1,1,1,1,0,0,0,0,0,0,0,0,7.7971669742695e-158,3.50437374395616,0.0498190927017857,0.166970844527518,0,0,0,0,0,0,0.253552650650728
1,1,1,1,1,0,0,0,0,0,0,0,2.65785956681942e+95,0,4.03580836200767e+95,0,0,0,0,0,0,0,0,0.671806056515164
0,0,0,0,0,1,0,0,0,0,0,0,0,0,0,0,0,1.11351914068045,0,0,0,0,0,0
1,0,0,0,0,1,0,0,0,0,0,0,1.15875489248297,0,0,0,0,1.16802443102601,0,0,0,0,0,0.693139245010709
0,1,0,0,0,1,0,0,0,0,0,0,0,2.50579461972553,0,0,0,1.27377592950788,0,0,0,0,0,0.639036371914396
1,1,0,0,0,1,0,0,0,0,0,0,2.37211935556954,4.64302289696155,0,0,0,1.52204054520382,0,0,0,0,0,0.994511671196253
0,0,1,0,0,1,0,0,0,0,0,0,0,0,2.99696410222578,0,0,1.21031457190054,0,0,0,0,0,0.600053680751728
1,0,1,0,0,1,0,0,0,0,0,0,3.14292026576787e+103,0,4.84232131714166e+103,0,0,2.48823753226643e+102,0,0,0,0,0,0.785572859323326
0,1,1,0,0,1,0,0,0,0,0,0,0,9.43838768014913e-133,2.99696410222578,0,0,1.21031457190054,0,0,0,0,0,0.600053680751728
1,1,1,0,0,1,0,0,0,0,0,0,8.03853996554332e+74,0,1.23850400717486e+75,0,0,6.36408026787861e+73,0,0,0,0,0,0.785572859323328
0,0,0,1,0,1,0,0,0,0,0,0,0,0,0,0.723289691988043,0,1.49046283171866,0,0,0,0,0,0.631835490307639
1,0,0,1,0,1,0,0,0,0,0,0,1.49259291114386,0,0,0.423467333286121,0,1.4044181828642,0,0,0,0,0,0.986012649777134
0,1,0,1,0,1,0,0,0,0,0,0,0,2.73754791120529,0,0.209369608941227,0,1.39771092923218,0,0,0,0,0,0.80202379335492
1,1,0,1,0,1,0,0,0,0,0,0,2.37211935556954,4.64302289696155,0,7.32307096520576e-215,0,1.52204054520382,0,0,0,0,0,0.994511671196253
0,0,1,1,0,1,0,0,0,0,0,0,0,0,2.9507252952791,0.219086086563431,0,1.32299825697531,0,0,0,0,0,0.783438916612437
1,0,1,1,0,1,0,0,0,0,0,0,6.07581561859933e+103,0,9.3610556428726e+103,0,0,4.81019917240426e+102,0,0,0,0,0,0.785572859323329
0,1,1,1,0,1,0,0,0,0,0,0,0,2.3158556364019e-119,2.9507252952791,0.219086086563431,0,1.32299825697531,0,0,0,0,0,0.783438916612437
1,1,1,1,0,1,0,0,0,0,0,0,4.51260892066545e+103,0,6.95261111472188e+103,0,0,3.5726146180477e+102,0,0,0,0,0,0.785572859323328
0,0,0,0,1,1,0,0,0,0,0,0,0,0,0,0,1.43148872821817,1.16837944073174,0,0,0,0,0,0.688017581286898
1,0,0,0,1,1,0,0,0,0,0,0,1.77039792585631e-10,0,0,0,1.43148872818437,1.16837944073907,0,0,0,0,0,0.688017582903772
0,1,0,0,1,1,0,0,0,0,0,0,0,2.04821804239536,0,0,0.93161674630575,1.28021509005027,0,0,0,0,0,1.04581835901435
1,1,0,0,1,1,0,0,0,0,0,0,2.37211935556954,4.64302289696155,0,0,7.84073700030987e-45,1.52204054520382,0,0,0,0,0,0.994511671196253
0,0,1,0,1,1,0,0,0,0,0,0,0,0,2.98453181705834,0,0.761027374919087,1.23907860988407,0,0,0,0,0,0.940071996900747
1,0,1,0,1,1,0,0,0,0,0,0,6.95072323920153e+73,0,1.07090325126382e+74,0,0,5.50286007206475e+72,0,0,0,0,0,0.785572859323323
0,1,1,0,1,1,0,0,0,0,0,0,0,1.17259166028657e-148,2.98453181705834,0,0.761027374919087,1.23907860988407,0,0,0,0,0,0.940071996900747
1,1,1,0,1,1,0,0,0,0,0,0,2.87928575647514e+103,0,4.43613761016464e+103,0,0,2.27951913493149e+102,0,0,0,0,0,0.785572859323334
0,0,0,1,1,1,0,0,0,0,0,0,0,0,0,0.635425511116064,1.35180434737706,1.49647873977275,0,0,0,0,0,1.04067457761855
1,0,0,1,1,1,0,0,0,0,0,0,0.47175439271301,0,0,0.545686386810408,1.27451191721648,1.46893917933878,0,0,0,0,0,1.27438595771571
0,1,0,1,1,1,0,0,0,0,0,0,0,2.35098508920747,0,0.228047666631479,0.829127899776424,1.41449806273568,0,0,0,0,0,1.15700889768498
1,1,0,1,1,1,0,0,0,0,0,0,2.37211935556954,4.64302289696155,0,2.1555652752977e-218,3.56847022813494e-45,1.52204054520382,0,0,0,0,0,0.994511671196253
0,0,1,1,1,1,0,0,0,0,0,0,0,0,2.94869453739773,0.170837263001766,0.747654518719693,1.32644078206037,0,0,0,0,0,1.06132539272583
1,0,1,1,1,1,0,0,0,0,0,0,5.63118235691596e+104,0,8.67600577227639e+104,0,0,4.45818477933719e+103,0,0,0,0,0,0.785572859323336
0,1,1,1,1,1,0,0,0,0,0,0,0,9.09029149940075e-139,2.94869453739773,0.170837263001766,0.747654518719693,1.32644078206037,0,0,0,0,0,1.06132539272583
1,1,1,1,1,1,0,0,0,0,0,0,4.30002974358312e+105,0,6.62508874898503e+105,0,0,3.4043165251067e+104,0,0,0,0,0,0.785572859323332
0,0,0,0,0,0,1,0,0,0,0,0,0,0,0,0,0,0,0.189458924447378,0,0,0,0,0
1,0,0,0,0,0,1,0,0,0,0,0,1.79406317020861,0,0,0,0,0,9.58585172723743e-293,0,0,0,0,3.59580543126783e-290
0,1,0,0,0,0,1,0,0,0,0,0,0,2.95766993993707,0,0,0,0,1.48219693752374e-323,0,0,0,0,3.67584840505887e-321
1,1,0,0,0,0,1,0,0,0,0,0,3.75682052932352,6.4819680278804,0,0,0,0,0,0,0,0,0,0.657296306515076
0,0,1,0,0,0,1,0,0,0,0,0,0,0,3.50423145050186,0,0,0,9.88131291682493e-324,0,0,0,0,3.67584840505887e-321
1,0,1,0,0,0,1,0,0,0,0,0,1.94112523737809e+74,0,2.94748810754107e+74,0,0,0,0,0,0,0,0,0.671806056515166
0,1,1,0,0,0,1,0,0,0,0,0,0,1.25872819800765e-154,3.50423145050186,0,0,0,9.88131291682493e-324,0,0,0,0,1.27740251307897e-152
1,1,1,0,0,0,1,0,0,0,0,0,2.97247362730183e+103,0,4.51353189260773e+103,0,0,0,0,0,0,0,0,0.671806056515164
0,0,0,1,0,0,1,0,0,0,0,0,0,0,0,0.68348047141304,0,0,0.0737283850409254,0,0,0,0,0.319262479732808
1,0,0,1,0,0,1,0,0,0,0,0,2.05840496549528,0,0,0.24207634120881,0,0,2.47032822920623e-323,0,0,0,0,0.336421715024481
0,1,0,1,0,0,1,0,0,0,0,0,0,3.06280969210226,0,0.0798386201737919,0,0,1.48219693752374e-323,0,0,0,0,0.118386826534152
1,1,0,1,0,0,1,0,0,0,0,0,3.75682052932352,6.4819680278804,0,1.97626258336499e-323,0,0,0,0,0,0,0,NA
0,0,1,1,0,0,1,0,0,0,0,0,0,0,3.50450545882355,0.0606863667341501,0,0,-9.88131291682493e-324,0,0,0,0,0.0862107615057869
1,0,1,1,0,0,1,0,0,0,0,0,9.44628132968497e+26,0,1.43436401441783e+27,0,0,0,1.44595377712783e-08,0,0,0,0,0.671806056515165
0,1,1,1,0,0,1,0,0,0,0,0,0,2.13513758566322e-153,3.50450545882355,0.0606863667341501,0,0,9.88131291682493e-324,0,0,0,0,0.0862107615057869
1,1,1,1,0,0,1,0,0,0,0,0,5.49548877171262e+104,0,8.34458667985141e+104,0,0,0,0,0,0,0,0,0.671806056515165
0,0,0,0,1,0,1,0,0,0,0,0,0,0,0,0,1.00056450930029,0,8.62155521904574e-121,0,0,0,0,2.38216260139e-118
1,0,0,0,1,0,1,0,0,0,0,0,1.11328578973297,0,0,0,0.775245822482141,0,1.92685601878086e-321,0,0,0,0,0.677040701774425
0,1,0,0,1,0,1,0,0,0,0,0,0,2.83467550777228,0,0,0.251670587576603,0,1.48219693752374e-323,0,0,0,0,0.282522357086453
1,1,0,0,1,0,1,0,0,0,0,0,3.75682052932352,6.4819680278804,0,0,1.97626258336499e-323,0,0,0,0,0,0,NA
0,0,1,0,1,0,1,0,0,0,0,0,0,0,3.50414098763227,0,0.182760175104084,0,9.88131291682493e-324,0,0,0,0,0.197247571060585
1,0,1,0,1,0,1,0,0,0,0,0,4.34377618075918e+73,0,6.59577671139941e+73,0,0,0,0,0,0,0,0,0.671806056515164
0,1,1,0,1,0,1,0,0,0,0,0,0,1.89718942711632e-161,3.50414098763227,0,0.182760175104084,0,9.88131291682493e-324,0,0,0,0,0.197247571060585
1,1,1,0,1,0,1,0,0,0,0,0,1.73608717976715e+104,0,2.63614949591304e+104,0,0,0,4.94065645841247e-324,0,0,0,0,NA
0,0,0,1,1,0,1,0,0,0,0,0,0,0,0,0.596733784094663,0.812090348471048,0,4.01023813564322e-132,0,0,0,0,0.681417756465939
1,0,0,1,1,0,1,0,0,0,0,0,1.60319618456643,0,0,0.294186773143698,0.583175696945677,0,1.97626258336499e-323,0,0,0,0,0.875317595002589
0,1,0,1,1,0,1,0,0,0,0,0,0,2.97610741323815,0,0.0837181991099868,0.187863839342068,0,1.48219693752374e-323,0,0,0,0,0.33918461311198
1,1,0,1,1,0,1,0,0,0,0,0,3.75682052932352,6.4819680278804,0,1.97626258336499e-323,1.97626258336499e-323,0,0,0,0,0,0,NA
0,0,1,1,1,0,1,0,0,0,0,0,0,0,3.50437374395616,0.0498190927017857,0.166970844527518,0,9.88131291682493e-324,0,0,0,0,0.253552650650728
1,0,1,1,1,0,1,0,0,0,0,0,4.33058421544327e+103,0,6.57574546347422e+103,0,0,0,-4.94065645841247e-324,0,0,0,0,0.671806056515164
0,1,1,1,1,0,1,0,0,0,0,0,0,8.22899283682511e-158,3.50437374395616,0.0498190927017857,0.166970844527518,0,9.88131291682493e-324,0,0,0,0,0.253552650650728
1,1,1,1,1,0,1,0,0,0,0,0,1.15972739819104e+27,4.94065645841247e-324,1.76097999672334e+27,0,0,0,-1.10204004506215e-07,0,0,0,0,NA
0,0,0,0,0,1,1,0,0,0,0,0,0,0,0,0,0,1.1057577893107,0.0204031146282261,0,0,0,0,0.0906190669238554
1,0,0,0,0,1,1,0,0,0,0,0,1.15875489248297,0,0,0,0,1.16802443102601,6.87255873636272e-248,0,0,0,0,0.693139245010709
0,1,0,0,0,1,1,0,0,0,0,0,0,2.50579461972553,0,0,0,1.27377592950788,1.48219693752374e-323,0,0,0,0,0.639036371914396
1,1,0,0,0,1,1,0,0,0,0,0,2.37211935556954,4.64302289696155,0,0,0,1.52204054520382,4.94065645841247e-324,0,0,0,0,NA
0,0,1,0,0,1,1,0,0,0,0,0,0,0,2.99696410222578,0,0,1.21031457190054,9.88131291682493e-324,0,0,0,0,NA
1,0,1,0,0,1,1,0,0,0,0,0,9.58717223759283e+73,0,1.47710296703508e+74,0,0,7.59012630695926e+72,0,0,0,0,0,0.785572859323324
0,1,1,0,0,1,1,0,0,0,0,0,0,9.66401558542983e-133,2.99696410222578,0,0,1.21031457190054,9.88131291682493e-324,0,0,0,0,NA
1,1,1,0,0,1,1,0,0,0,0,0,1.07130102813471e+74,0,1.6505616964308e+74,0,0,8.48144782925164e+72,0,0,0,0,0,0.785572859323336
0,0,0,1,0,1,1,0,0,0,0,0,0,0,0,0.723289691988043,0,1.49046283171865,2.56291078937447e-86,0,0,0,0,0.63183549030764
1,0,0,1,0,1,1,0,0,0,0,0,1.49259291114385,0,0,0.423467333286121,0,1.4044181828642,2.47032822920623e-323,0,0,0,0,0.986012649777134
0,1,0,1,0,1,1,0,0,0,0,0,0,2.73754791120529,0,0.209369608941227,0,1.39771092923218,1.48219693752374e-323,0,0,0,0,0.80202379335492
1,1,0,1,0,1,1,0,0,0,0,0,2.37211935556954,4.64302289696155,0,8.17149328158521e-215,0,1.52204054520382,4.94065645841247e-324,0,0,0,0,NA
0,0,1,1,0,1,1,0,0,0,0,0,0,0,2.9507252952791,0.219086086563431,0,1.32299825697531,9.88131291682493e-324,0,0,0,0,NA
1,0,1,1,0,1,1,0,0,0,0,0,1.10580797239204e+74,0,1.7037268096494e+74,0,0,8.75463794087997e+72,0,0,0,0,0,0.785572859323324
0,1,1,1,0,1,1,0,0,0,0,0,0,2.50187917658281e-119,2.9507252952791,0.219086086563431,0,1.32299825697531,9.88131291682493e-324,0,0,0,0,NA
1,1,1,1,0,1,1,0,0,0,0,0,1.28096788327523e+74,0,1.97359702545368e+74,0,0,1.01413720211417e+73,0,0,0,0,0,0.785572859323336
0,0,0,0,1,1,1,0,0,0,0,0,0,0,0,0,1.43148872821817,1.16837944073174,1.05127335798158e-300,0,0,0,0,0.688017581286898
1,0,0,0,1,1,1,0,0,0,0,0,1.75041015147805e-10,0,0,0,1.43148872818476,1.16837944073899,2.42159175716201e-313,0,0,0,0,0.688017582886282
0,1,0,0,1,1,1,0,0,0,0,0,0,2.04821804239536,0,0,0.93161674630575,1.28021509005027,1.48219693752374e-323,0,0,0,0,1.04581835901435
1,1,0,0,1,1,1,0,0,0,0,0,2.37211935556954,4.64302289696155,0,0,8.86753933401227e-45,1.52204054520382,0,0,0,0,0,0.994511671196253
0,0,1,0,1,1,1,0,0,0,0,0,0,0,2.98453181705834,0,0.761027374919087,1.23907860988407,9.88131291682493e-324,0,0,0,0,NA
1,0,1,0,1,1,1,0,0,0,0,0,5.03402840599017e+73,0,7.7559661079939e+73,0,0,3.98542036039188e+72,0,0,0,0,0,0.785572859323323
0,1,1,0,1,1,1,0,0,0,0,0,0,1.17275661821109e-148,2.98453181705834,0,0.761027374919087,1.23907860988407,9.88131291682493e-324,0,0,0,0,NA
1,1,1,0,1,1,1,0,0,0,0,0,3.42214131944251e+74,0,5.27251933238559e+74,0,0,2.70929573508485e+73,0,0,0,0,0,0.785572859323328
0,0,0,1,1,1,1,0,0,0,0,0,0,0,0,0.635425511116064,1.35180434737706,1.49647873977275,2.47032822920623e-323,0,0,0,0,1.04067457761855
1,0,0,1,1,1,1,0,0,0,0,0,0.47175439271301,0,0,0.545686386810408,1.27451191721648,1.46893917933878,1.97626258336499e-323,0,0,0,0,1.27438595771571
0,1,0,1,1,1,1,0,0,0,0,0,0,2.35098508920747,0,0.228047666631479,0.829127899776424,1.41449806273568,9.88131291682493e-324,0,0,0,0,NA
1,1,0,1,1,1,1,0,0,0,0,0,2.37211935556954,4.64302289696155,0,2.74588381159434e-218,3.76740633008226e-45,1.52204054520382,0,0,0,0,0,0.994511671196253
0,0,1,1,1,1,1,0,0,0,0,0,0,0,2.94869453739773,0.170837263001766,0.747654518719693,1.32644078206037,9.88131291682493e-324,0,0,0,0,NA
1,0,1,1,1,1,1,0,0,0,0,0,7.63963236714477e+73,0,1.17704400806724e+74,0,0,6.04826670141575e+72,0,0,0,0,0,0.785572859323328
0,1,1,1,1,1,1,0,0,0,0,0,0,9.52455096672794e-139,2.94869453739773,0.170837263001766,0.747654518719693,1.32644078206037,9.88131291682493e-324,0,0,0,0,NA
1,1,1,1,1,1,1,0,0,0,0,0,1.17938311737767e+74,0,1.81708459885462e+74,0,0,9.33712945105131e+72,0,0,0,0,0,0.785572859323333
0,0,0,0,0,0,0,1,0,0,0,0,0,0,0,0,0,0,0,0.190781005792038,0,0,0,0
1,0,0,0,0,0,0,1,0,0,0,0,1.7835597612036,0,0,0,0,0,0,0.0302409502430464,0,0,0,0.0847906647803667
0,1,0,0,0,0,0,1,0,0,0,0,0,2.95766993993707,0,0,0,0,0,6.76599695867924e-169,0,0,0,8.88300618130472e-167
1,1,0,0,0,0,0,1,0,0,0,0,3.75682052932352,6.4819680278804,0,0,0,0,0,4.94065645841247e-324,0,0,0,NA
0,0,1,0,0,0,0,1,0,0,0,0,0,0,3.50423145050186,0,0,0,0,9.88131291682493e-324,0,0,0,3.67584840505887e-321
1,0,1,0,0,0,0,1,0,0,0,0,4.0712320200343e+73,0,6.18193392730305e+73,0,0,0,0,0,0,0,0,0.671806056515163
0,1,1,0,0,0,0,1,0,0,0,0,0,1.14257154093865e-154,3.50423145050186,0,0,0,0,9.88131291682493e-324,0,0,0,1.15983825965857e-152
1,1,1,0,0,0,0,1,0,0,0,0,1.93297075455501e+103,0,2.93510598984908e+103,0,0,0,0,-4.94065645841247e-324,0,0,0,0.671806056515165
0,0,0,1,0,0,0,1,0,0,0,0,0,0,0,0.624625314215919,0,0,0,0.0458227958619535,0,0,0,0.249340757374979
1,0,0,1,0,0,0,1,0,0,0,0,2.05840496549527,0,0,0.24207634120881,0,0,0,4.37971362876167e-98,0,0,0,0.336421715024481
0,1,0,1,0,0,0,1,0,0,0,0,0,3.06280969210226,0,0.0798386201737919,0,0,0,1.62942053750611e-227,0,0,0,0.118386826534152
1,1,0,1,0,0,0,1,0,0,0,0,3.75682052932352,6.4819680278804,0,1.97626258336499e-323,0,0,0,4.94065645841247e-324,0,0,0,NA
0,0,1,1,0,0,0,1,0,0,0,0,0,0,3.50450545882355,0.0606863667341501,0,0,0,9.88131291682493e-324,0,0,0,0.0862107615057869
1,0,1,1,0,0,0,1,0,0,0,0,4.78061252362138e+73,0,7.2590878160797e+73,0,0,0,0,0,0,0,0,0.671806056515164
0,1,1,1,0,0,0,1,0,0,0,0,0,1.81177692851192e-153,3.50450545882355,0.0606863667341501,0,0,0,9.88131291682493e-324,0,0,0,0.0862107615057869
1,1,1,1,0,0,0,1,0,0,0,0,1.24937121681525e+104,0,1.89709902924198e+104,0,0,0,0,-5.11117102028301e-266,0,0,0,0.671806056515165
0,0,0,0,1,0,0,1,0,0,0,0,0,0,0,0,0.79327669333716,0,0,0.291723769360175,0,0,0,0.582131393295289
1,0,0,0,1,0,0,1,0,0,0,0,1.16965645329833,0,0,0,0.644784752052012,0,0,0.167546502261162,0,0,0,0.885403425715453
0,1,0,0,1,0,0,1,0,0,0,0,0,2.83467550777228,0,0,0.251670587576603,0,0,1.23822986187814e-89,0,0,0,0.282522357086453
1,1,0,0,1,0,0,1,0,0,0,0,3.75682052932352,6.4819680278804,0,0,1.97626258336499e-323,0,0,4.94065645841247e-324,0,0,0,NA
0,0,1,0,1,0,0,1,0,0,0,0,0,0,3.50414098763227,0,0.182760175104084,0,0,9.88131291682493e-324,0,0,0,0.197247571060585
1,0,1,0,1,0,0,1,0,0,0,0,5.6962717464221e+73,0,8.64946419046102e+73,0,0,0,0,0,0,0,0,0.671806056515162
0,1,1,0,1,0,0,1,0,0,0,0,0,1.77217409243252e-161,3.50414098763227,0,0.182760175104084,0,0,9.88131291682493e-324,0,0,0,0.197247571060585
1,1,1,0,1,0,0,1,0,0,0,0,7.99525550727124e+73,0,1.21403400824693e+74,0,0,0,0,0,0,0,0,0.671806056515167
0,0,0,1,1,0,0,1,0,0,0,0,0,0,0,0.513073706056409,0.722254376938896,0,0,0.163616155580473,0,0,0,0.960175358032711
1,0,0,1,1,0,0,1,0,0,0,0,1.5810145889986,0,0,0.269431610053396,0.55526529361031,0,0,0.0566009686694241,0,0,0,0.949162940439405
0,1,0,1,1,0,0,1,0,0,0,0,0,2.97610741323815,0,0.0837181991099868,0.187863839342068,0,0,4.94268112250789e-168,0,0,0,0.33918461311198
1,1,0,1,1,0,0,1,0,0,0,0,3.75682052932352,6.4819680278804,0,1.97626258336499e-323,1.97626258336499e-323,0,0,4.94065645841247e-324,0,0,0,NA
0,0,1,1,1,0,0,1,0,0,0,0,0,0,3.50437374395616,0.0498190927017857,0.166970844527518,0,0,9.88131291682493e-324,0,0,0,0.253552650650728
1,0,1,1,1,0,0,1,0,0,0,0,9.15626039098176e+72,0,1.39032598681891e+73,0,0,0,0,0,0,0,0,0.671806056515167
0,1,1,1,1,0,0,1,0,0,0,0,0,7.22086218193681e-158,3.50437374395616,0.0498190927017857,0.166970844527518,0,0,-9.88131291682493e-324,0,0,0,0.253552650650728
1,1,1,1,1,0,0,1,0,0,0,0,1.70695120258936e+74,0,2.59190817413764e+74,0,0,0,0,0,0,0,0,0.671806056515164
0,0,0,0,0,1,0,1,0,0,0,0,0,0,0,0,0,1.14433603045501,0,0.077075960897765,0,0,0,0.235424169968751
1,0,0,0,0,1,0,1,0,0,0,0,1.15875489248297,0,0,0,0,1.16802443102601,0,4.28881824695775e-58,0,0,0,0.693139245010709
0,1,0,0,0,1,0,1,0,0,0,0,0,2.50579461972553,0,0,0,1.27377592950788,0,3.20907988615036e-318,0,0,0,0.639036371914396
1,1,0,0,0,1,0,1,0,0,0,0,2.37211935556954,4.64302289696155,0,0,0,1.52204054520382,0,4.94065645841247e-324,0,0,0,NA
0,0,1,0,0,1,0,1,0,0,0,0,0,0,2.99696410222578,0,0,1.21031457190054,0,9.88131291682493e-324,0,0,0,NA
1,0,1,0,0,1,0,1,0,0,0,0,7.55570539969364e+73,0,1.1641133159336e+74,0,0,5.981822053533e+72,0,0,0,0,0,0.785572859323325
0,1,1,0,0,1,0,1,0,0,0,0,0,8.9928858342027e-133,2.99696410222578,0,0,1.21031457190054,0,9.88131291682493e-324,0,0,0,NA
1,1,1,0,0,1,0,1,0,0,0,0,2.98751328439048e+74,0,4.60288459106466e+74,0,0,2.36520244033261e+73,0,0,0,0,0,0.785572859323328
0,0,0,1,0,1,0,1,0,0,0,0,0,0,0,0.723289691988042,0,1.49046283171865,0,4.26268881363227e-232,0,0,0,0.63183549030764
1,0,0,1,0,1,0,1,0,0,0,0,1.49259291114386,0,0,0.423467333286121,0,1.40441818286421,0,2.47032822920623e-323,0,0,0,0.986012649777133
0,1,0,1,0,1,0,1,0,0,0,0,0,2.73754791120529,0,0.209369608941227,0,1.39771092923218,0,1.97626258336499e-323,0,0,0,0.80202379335492
1,1,0,1,0,1,0,1,0,0,0,0,2.37211935556954,4.64302289696155,0,7.83127544081804e-215,0,1.52204054520382,0,4.94065645841247e-324,0,0,0,NA
0,0,1,1,0,1,0,1,0,0,0,0,0,0,2.9507252952791,0.219086086563431,0,1.32299825697531,0,9.88131291682493e-324,0,0,0,NA
1,0,1,1,0,1,0,1,0,0,0,0,9.60924630328316e+73,0,1.48050393523699e+74,0,0,7.6076022573808e+72,0,0,0,0,0,0.785572859323328
0,1,1,1,0,1,0,1,0,0,0,0,0,2.1845775436193e-119,2.9507252952791,0.219086086563431,0,1.32299825697531,0,9.88131291682493e-324,0,0,0,NA
1,1,1,1,0,1,0,1,0,0,0,0,8.91143768866182e+73,0,1.37299202770719e+74,0,0,7.0551499396578e+72,0,0,0,0,0,0.785572859323326
0,0,0,0,1,1,0,1,0,0,0,0,0,0,0,0,1.29935430263296,1.25581082881638,0,0.231339510701727,0,0,0,0.921555334356153
1,0,0,0,1,1,0,1,0,0,0,0,1.73291253726935e-11,0,0,0,1.29935430263073,1.25581082881636,0,0.231339510699843,0,0,0,0.921555334516179
0,1,0,0,1,1,0,1,0,0,0,0,0,2.04821804239538,0,0,0.931616746305744,1.28021509005028,0,1.85594763879206e-26,0,0,0,1.04581835901435
1,1,0,0,1,1,0,1,0,0,0,0,2.37211935556954,4.64302289696155,0,0,7.80177105000762e-45,1.52204054520382,0,4.94065645841247e-324,0,0,0,NA
0,0,1,0,1,1,0,1,0,0,0,0,0,0,2.98453181705834,0,0.761027374919087,1.23907860988407,0,9.88131291682493e-324,0,0,0,NA
1,0,1,0,1,1,0,1,0,0,0,0,2.08683867691029e+74,0,3.2152083273323e+74,0,0,1.65214191916671e+73,0,0,0,0,0,0.785572859323332
0,1,1,0,1,1,0,1,0,0,0,0,0,1.11844967147129e-148,2.98453181705834,0,0.761027374919087,1.23907860988407,0,9.88131291682493e-324,0,0,0,NA
1,1,1,0,1,1,0,1,0,0,0,0,2.34730557723807e+74,0,3.61651167492428e+74,0,0,1.85835253302399e+73,0,0,0,0,0,0.785572859323325
0,0,0,1,1,1,0,1,0,0,0,0,0,0,0,0.600070016726366,1.31651211906971,1.50450912991086,0,0.0695517069596822,0,0,0,1.1112289881166
1,0,0,1,1,1,0,1,0,0,0,0,0.451179726552809,0,0,0.528826508696107,1.25714637331155,1.47485864704369,0,0.0408662026776559,0,0,0,1.31343769557637
0,1,0,1,1,1,0,1,0,0,0,0,0,2.35098508920747,0,0.228047666631479,0.829127899776424,1.41449806273568,0,3.71866523167583e-230,0,0,0,1.15700889768498
1,1,0,1,1,1,0,1,0,0,0,0,2.37211935556954,4.64302289696155,0,2.38038492715587e-218,3.67817863695697e-45,1.52204054520382,0,-4.94065645841247e-324,0,0,0,0.994511671196253
0,0,1,1,1,1,0,1,0,0,0,0,0,0,2.94869453739773,0.170837263001766,0.747654518719693,1.32644078206037,0,9.88131291682493e-324,0,0,0,NA
1,0,1,1,1,1,0,1,0,0,0,0,1.34322221382195e+76,0,2.06951274917537e+76,0,0,1.06342370915648e+75,0,0,0,0,0,0.78557285932333
0,1,1,1,1,1,0,1,0,0,0,0,0,8.53574238725541e-139,2.94869453739773,0.170837263001766,0.747654518719693,1.32644078206037,0,9.88131291682493e-324,0,0,0,NA
1,1,1,1,1,1,0,1,0,0,0,0,7.15348700253036e+73,0,1.10214321952536e+74,0,0,5.6633873407947e+72,0,0,0,0,0,0.785572859323328
0,0,0,0,0,0,1,1,0,0,0,0,0,0,0,0,0,0,0.0879603826359452,0.218876653431363,0,0,0,0.599141310052149
1,0,0,0,0,0,1,1,0,0,0,0,1.7835597612036,0,0,0,0,0,1.0815704116787e-307,0.0302409502430464,0,0,0,0.0847906647803667
0,1,0,0,0,0,1,1,0,0,0,0,0,2.95766993993707,0,0,0,0,1.48219693752374e-323,1.03745611652462e-168,0,0,0,1.36056586604881e-166
1,1,0,0,0,0,1,1,0,0,0,0,3.75682052932352,6.4819680278804,0,0,0,0,0,4.94065645841247e-324,0,0,0,NA
0,0,1,0,0,0,1,1,0,0,0,0,0,0,3.50423145050186,0,0,0,9.88131291682493e-324,9.88131291682493e-324,0,0,0,7.35169681011775e-321
1,0,1,0,0,0,1,1,0,0,0,0,1.6946331962006e+103,0,2.57320398306315e+103,0,0,0,4.94065645841247e-324,0,0,0,0,NA
0,1,1,0,0,0,1,1,0,0,0,0,0,1.1441677842982e-154,3.50423145050186,0,0,0,9.88131291682493e-324,9.88131291682493e-324,0,0,0,1.16145406732727e-152
1,1,1,0,0,0,1,1,0,0,0,0,2.98022402584315e+73,0,4.52530043133431e+73,0,0,0,0,0,0,0,0,0.671806056515164
0,0,0,1,0,0,1,1,0,0,0,0,0,0,0,0.641982115841747,0,0,0.05345596463445,0.058869268108643,0,0,0,0.523861535347487
1,0,0,1,0,0,1,1,0,0,0,0,2.05840496549527,0,0,0.24207634120881,0,0,2.47032822920623e-323,5.0417305457964e-98,0,0,0,0.336421715024481
0,1,0,1,0,0,1,1,0,0,0,0,0,3.06280969210226,0,0.0798386201737919,0,0,1.48219693752374e-323,2.25005210572205e-227,0,0,0,0.118386826534152
1,1,0,1,0,0,1,1,0,0,0,0,3.75682052932352,6.4819680278804,0,1.97626258336499e-323,0,0,0,4.94065645841247e-324,0,0,0,NA
0,0,1,1,0,0,1,1,0,0,0,0,0,0,3.50450545882355,0.0606863667341501,0,0,-9.88131291682493e-324,-9.88131291682493e-324,0,0,0,0.0862107615057869
1,0,1,1,0,0,1,1,0,0,0,0,3.02633888313036e+75,0,4.59532321544827e+75,0,0,0,0,0,0,0,0,0.671806056515163
0,1,1,1,0,0,1,1,0,0,0,0,0,1.93085877827046e-153,3.50450545882355,0.0606863667341501,0,0,-9.88131291682493e-324,-9.88131291682493e-324,0,0,0,0.0862107615057869
1,1,1,1,0,0,1,1,0,0,0,0,3.88350655859716e+74,0,5.89688350684912e+74,0,0,0,0,0,0,0,0,0.671806056515161
0,0,0,0,1,0,1,1,0,0,0,0,0,0,0,0,0.793276693337161,0,1.46973959523681e-145,0.291723769360176,0,0,0,0.58213139329529
1,0,0,0,1,0,1,1,0,0,0,0,1.16965645329833,0,0,0,0.644784752052012,0,2.47032822920623e-323,0.167546502261162,0,0,0,0.885403425715453
0,1,0,0,1,0,1,1,0,0,0,0,0,2.83467550777228,0,0,0.251670587576603,0,1.48219693752374e-323,1.46749093647402e-89,0,0,0,0.282522357086453
1,1,0,0,1,0,1,1,0,0,0,0,3.75682052932352,6.4819680278804,0,0,1.97626258336499e-323,0,0,4.94065645841247e-324,0,0,0,NA
0,0,1,0,1,0,1,1,0,0,0,0,0,0,3.50414098763227,0,0.182760175104084,0,9.88131291682493e-324,9.88131291682493e-324,0,0,0,0.197247571060585
1,0,1,0,1,0,1,1,0,0,0,0,2.1086130614973e+103,0,3.20180882845245e+103,0,0,0,0,0,0,0,0,0.671806056515166
0,1,1,0,1,0,1,1,0,0,0,0,0,1.75118517308295e-161,3.50414098763227,0,0.182760175104084,0,9.88131291682493e-324,9.88131291682493e-324,0,0,0,0.197247571060585
1,1,1,0,1,0,1,1,0,0,0,0,3.01301376131839e+74,0,4.57508977696824e+74,0,0,0,0,0,0,0,0,0.671806056515166
0,0,0,1,1,0,1,1,0,0,0,0,0,0,0,0.513073706056409,0.722254376938897,0,2.01124465549941e-144,0.163616155580474,0,0,0,0.960175358032711
1,0,0,1,1,0,1,1,0,0,0,0,1.5810145889986,0,0,0.269431610053396,0.55526529361031,0,1.97626258336499e-323,0.0566009686694241,0,0,0,0.949162940439405
0,1,0,1,1,0,1,1,0,0,0,0,0,2.97610741323815,0,0.0837181991099868,0.187863839342068,0,1.48219693752374e-323,6.23203589004575e-168,0,0,0,0.33918461311198
1,1,0,1,1,0,1,1,0,0,0,0,3.75682052932352,6.4819680278804,0,1.97626258336499e-323,1.97626258336499e-323,0,0,4.94065645841247e-324,0,0,0,NA
0,0,1,1,1,0,1,1,0,0,0,0,0,0,3.50437374395616,0.0498190927017857,0.166970844527518,0,9.88131291682493e-324,9.88131291682493e-324,0,0,0,0.253552650650728
1,0,1,1,1,0,1,1,0,0,0,0,2.88457036630806e+75,0,4.38005579770963e+75,0,0,0,0,0,0,0,0,0.671806056515166
0,1,1,1,1,0,1,1,0,0,0,0,0,7.44965515414588e-158,3.50437374395616,0.0498190927017857,0.166970844527518,0,-9.88131291682493e-324,-9.88131291682493e-324,0,0,0,0.253552650650728
1,1,1,1,1,0,1,1,0,0,0,0,3.5415537889556e+103,0,5.37764770358838e+103,0,0,0,0,-2.62015435376152e-264,0,0,0,0.671806056515165
0,0,0,0,0,1,1,1,0,0,0,0,0,0,0,0,0,1.14433603045498,1.17658329345384e-13,0.0770759608978089,0,0,0,0.235424169971807
1,0,0,0,0,1,1,1,0,0,0,0,1.15875489248297,0,0,0,0,1.16802443102601,8.08206127258337e-255,5.38997807881672e-58,0,0,0,0.693139245010709
0,1,0,0,0,1,1,1,0,0,0,0,0,2.50579461972553,0,0,0,1.27377592950788,1.48219693752374e-323,6.98112781311098e-318,0,0,0,0.639036371914396
1,1,0,0,0,1,1,1,0,0,0,0,2.37211935556954,4.64302289696155,0,0,0,1.52204054520382,4.94065645841247e-324,4.94065645841247e-324,0,0,0,NA
0,0,1,0,0,1,1,1,0,0,0,0,0,0,2.99696410222578,0,0,1.21031457190054,9.88131291682493e-324,9.88131291682493e-324,0,0,0,NA
1,0,1,0,0,1,1,1,0,0,0,0,9.67319680547704e+73,0,1.49035683807348e+74,0,0,7.65823161680107e+72,0,0,0,0,0,0.785572859323327
0,1,1,0,0,1,1,1,0,0,0,0,0,9.05088757154608e-133,2.99696410222578,0,0,1.21031457190054,9.88131291682493e-324,9.88131291682493e-324,0,0,0,NA
1,1,1,0,0,1,1,1,0,0,0,0,1.01268646951571e+74,0,1.56025379718591e+74,0,0,8.01739868908848e+72,0,0,0,0,0,0.785572859323336
0,0,0,1,0,1,1,1,0,0,0,0,0,0,0,0.723289691988043,0,1.49046283171865,2.34318014200025e-86,6.93034697116762e-238,0,0,0,0.63183549030764
1,0,0,1,0,1,1,1,0,0,0,0,1.49259291114386,0,0,0.423467333286121,0,1.40441818286421,2.47032822920623e-323,2.47032822920623e-323,0,0,0,0.986012649777133
0,1,0,1,0,1,1,1,0,0,0,0,0,2.73754791120529,0,0.209369608941227,0,1.39771092923218,1.48219693752374e-323,1.97626258336499e-323,0,0,0,0.80202379335492
1,1,0,1,0,1,1,1,0,0,0,0,2.37211935556954,4.64302289696155,0,8.81260314517767e-215,0,1.52204054520382,4.94065645841247e-324,4.94065645841247e-324,0,0,0,NA
0,0,1,1,0,1,1,1,0,0,0,0,0,0,2.9507252952791,0.219086086563431,0,1.32299825697531,9.88131291682493e-324,9.88131291682493e-324,0,0,0,NA
1,0,1,1,0,1,1,1,0,0,0,0,7.23282266300512e+73,0,1.11436652547779e+74,0,0,5.72619706912e+72,0,0,0,0,0,0.785572859323333
0,1,1,1,0,1,1,1,0,0,0,0,0,2.31303109426217e-119,2.9507252952791,0.219086086563431,0,1.32299825697531,9.88131291682493e-324,9.88131291682493e-324,0,0,0,NA
1,1,1,1,0,1,1,1,0,0,0,0,8.61033221809625e+73,0,1.32660047731669e+74,0,0,6.81676593062331e+72,0,0,0,0,0,0.785572859323333
0,0,0,0,1,1,1,1,0,0,0,0,0,0,0,0,1.29935430263296,1.25581082881638,2.47032822920623e-323,0.231339510701727,0,0,0,0.921555334356153
1,0,0,0,1,1,1,1,0,0,0,0,1.71315851189795e-11,0,0,0,1.29935430263075,1.25581082881636,2.47032822920623e-323,0.231339510699864,0,0,0,0.921555334514425
0,1,0,0,1,1,1,1,0,0,0,0,0,2.04821804239538,0,0,0.931616746305744,1.28021509005028,1.48219693752374e-323,1.97870710148496e-26,0,0,0,1.04581835901435
1,1,0,0,1,1,1,1,0,0,0,0,2.37211935556954,4.64302289696155,0,0,8.70749618883542e-45,1.52204054520382,0,-4.94065645841247e-324,0,0,0,0.994511671196253
0,0,1,0,1,1,1,1,0,0,0,0,0,0,2.98453181705834,0,0.761027374919087,1.23907860988407,9.88131291682493e-324,9.88131291682493e-324,0,0,0,NA
1,0,1,0,1,1,1,1,0,0,0,0,8.97357792946439e+73,0,1.38256602218508e+74,0,0,7.10434612230238e+72,0,0,0,0,0,0.785572859323342
0,1,1,0,1,1,1,1,0,0,0,0,0,1.10451442022902e-148,2.98453181705834,0,0.761027374919087,1.23907860988407,9.88131291682493e-324,9.88131291682493e-324,0,0,0,NA
1,1,1,0,1,1,1,1,0,0,0,0,1.795139284916e+74,0,2.76578484069927e+74,0,0,1.42120466529969e+73,0,0,0,0,0,0.78557285932333
0,0,0,1,1,1,1,1,0,0,0,0,0,0,0,0.600070016726363,1.31651211906971,1.50450912991086,2.47032822920623e-323,0.0695517069596832,0,0,0,1.1112289881166
1,0,0,1,1,1,1,1,0,0,0,0,0.451179726552809,0,0,0.528826508696107,1.25714637331155,1.47485864704369,1.97626258336499e-323,0.0408662026776559,0,0,0,1.31343769557637
0,1,0,1,1,1,1,1,0,0,0,0,0,2.35098508920747,0,0.228047666631479,0.829127899776424,1.41449806273568,9.88131291682493e-324,5.11021360745098e-230,0,0,0,NA
1,1,0,1,1,1,1,1,0,0,0,0,2.37211935556954,4.64302289696155,0,3.05436485677066e-218,3.89235611467759e-45,1.52204054520382,0,4.94065645841247e-324,0,0,0,NA
0,0,1,1,1,1,1,1,0,0,0,0,0,0,2.94869453739773,0.170837263001766,0.747654518719693,1.32644078206037,9.88131291682493e-324,9.88131291682493e-324,0,0,0,NA
1,0,1,1,1,1,1,1,0,0,0,0,9.4209327137948e+73,0,1.45149031632278e+74,0,0,7.45851513407578e+72,0,0,0,0,0,0.785572859323331
0,1,1,1,1,1,1,1,0,0,0,0,0,8.78813395477541e-139,2.94869453739773,0.170837263001766,0.747654518719693,1.32644078206037,9.88131291682493e-324,9.88131291682493e-324,0,0,0,NA
1,1,1,1,1,1,1,1,0,0,0,0,1.46778335775829e+74,0,2.26142505733669e+74,0,0,1.1620382737002e+73,0,0,0,0,0,0.785572859323327
0,0,0,0,0,0,0,0,1,0,0,0,0,0,0,0,0,0,0,0,7.02609163453778,0,0,0
1,0,0,0,0,0,0,0,1,0,0,0,0.237960439732357,0,0,0,0,0,0,0,8.50403655162383,0,0,0.124942995732181
0,1,0,0,0,0,0,0,1,0,0,0,0,0.266779522538217,0,0,0,0,0,0,8.46750955152454,0,0,0.136627871892269
1,1,0,0,0,0,0,0,1,0,0,0,0.173554801944776,0.200625584960174,0,0,0,0,0,0,9.18800671392584,0,0,0.192194557122553
0,0,1,0,0,0,0,0,1,0,0,0,0,0,0.0149554236230867,0,0,0,0,0,7.10455950476387,0,0,0.015049856919489
1,0,1,0,0,0,0,0,1,0,0,0,0.237960439732351,0,2.76562775991437e-14,0,0,0,0,0,8.50403655162394,0,0,0.124942995732286
0,1,1,0,0,0,0,0,1,0,0,0,0,0.266779522538214,7.16873634594006e-35,0,0,0,0,0,8.46750955152449,0,0,0.136627871892269
1,1,1,0,0,0,0,0,1,0,0,0,0.173554801944783,0.20062558496017,7.38138705113708e-37,0,0,0,0,0,9.18800671392584,0,0,0.192194557122554
0,0,0,1,0,0,0,0,1,0,0,0,0,0,0,2.16697415913953e-43,0,0,0,0,7.0260916345378,0,0,3.08996300373666e-42
1,0,0,1,0,0,0,0,1,0,0,0,0.237960439732357,0,0,6.98350370074869e-119,0,0,0,0,8.50403655162383,0,0,0.124942995732181
0,1,0,1,0,0,0,0,1,0,0,0,0,0.266779522538217,0,1.07613163620436e-118,0,0,0,0,8.46750955152454,0,0,0.136627871892269
1,1,0,1,0,0,0,0,1,0,0,0,0.173554801944776,0.200625584960174,0,7.93528076345867e-156,0,0,0,0,9.18800671392584,0,0,0.192194557122553
0,0,1,1,0,0,0,0,1,0,0,0,0,0,0.014954078590998,7.91836618671422e-50,0,0,0,0,7.10455234848448,0,0,0.0150487079652134
1,0,1,1,0,0,0,0,1,0,0,0,0.237960439732351,0,2.63933812105357e-14,1.42401430586334e-120,0,0,0,0,8.50403655162393,0,0,0.124942995732281
0,1,1,1,0,0,0,0,1,0,0,0,0,0.266779522538214,4.17623486155027e-35,5.97558035944675e-118,0,0,0,0,8.46750955152449,0,0,0.136627871892269
1,1,1,1,0,0,0,0,1,0,0,0,0.173554801944783,0.20062558496017,5.20651916978247e-37,1.3823424878649e-155,0,0,0,0,9.18800671392584,0,0,0.192194557122554
0,0,0,0,1,0,0,0,1,0,0,0,0,0,0,0,1.84029188801908e-06,0,0,0,7.02609694918167,0,0,4.23141166161903e-06
1,0,0,0,1,0,0,0,1,0,0,0,0.237960439732357,0,0,0,6.10717998804321e-86,0,0,0,8.50403655162383,0,0,0.124942995732181
0,1,0,0,1,0,0,0,1,0,0,0,0,0.266779522538217,0,0,5.85771760811804e-92,0,0,0,8.46750955152454,0,0,0.136627871892269
1,1,0,0,1,0,0,0,1,0,0,0,0.173554801944776,0.200625584960174,0,0,3.3494477694299e-130,0,0,0,9.18800671392584,0,0,0.192194557122553
0,0,1,0,1,0,0,0,1,0,0,0,0,0,0.014954942712716,0,3.02320238735839e-13,0,0,0,7.10455694606611,0,0,0.0150494461194579
1,0,1,0,1,0,0,0,1,0,0,0,0.237960439732351,0,2.8089660629363e-14,0,2.35282648707487e-88,0,0,0,8.50403655162394,0,0,0.124942995732287
0,1,1,0,1,0,0,0,1,0,0,0,0,0.266779522538214,7.33514077334821e-35,0,6.54918982302963e-91,0,0,0,8.46750955152449,0,0,0.136627871892269
1,1,1,0,1,0,0,0,1,0,0,0,0.173554801944783,0.20062558496017,7.66097354891038e-37,0,6.92129364210528e-130,0,0,0,9.18800671392584,0,0,0.192194557122554
0,0,0,1,1,0,0,0,1,0,0,0,0,0,0,1.15325167388374e-43,1.47663719297599e-06,0,0,0,7.02609589896631,0,0,3.44152461712282e-06
1,0,0,1,1,0,0,0,1,0,0,0,0.237960439732357,0,0,1.01014528671248e-118,1.85870140346376e-86,0,0,0,8.50403655162383,0,0,0.124942995732181
0,1,0,1,1,0,0,0,1,0,0,0,0,0.266779522538217,0,1.25302639269962e-118,2.81484806165639e-92,0,0,0,8.46750955152454,0,0,0.136627871892269
1,1,0,1,1,0,0,0,1,0,0,0,0.173554801944776,0.200625584960174,0,1.16237116140354e-155,1.79466847941539e-130,0,0,0,9.18800671392584,0,0,0.192194557122553
0,0,1,1,1,0,0,0,1,0,0,0,0,0,0.014953688098507,7.79938839062845e-50,3.25246745098591e-13,0,0,0,7.10455027086309,0,0,0.0150483743962586
1,0,1,1,1,0,0,0,1,0,0,0,0.237960439732351,0,2.66831784749006e-14,1.98589060466612e-120,2.14877802640677e-88,0,0,0,8.50403655162393,0,0,0.124942995732282
0,1,1,1,1,0,0,0,1,0,0,0,0,0.266779522538214,4.36075665464357e-35,6.54661368792458e-118,1.93312237640059e-91,0,0,0,8.46750955152449,0,0,0.136627871892269
1,1,1,1,1,0,0,0,1,0,0,0,0.173554801944783,0.20062558496017,5.38459509494977e-37,1.87636588967408e-155,3.5702595509399e-130,0,0,0,9.18800671392584,0,0,0.192194557122554
0,0,0,0,0,1,0,0,1,0,0,0,0,0,0,0,0,2.13115877519993,0,0,13.320395414246,0,0,0.401179178573806
1,0,0,0,0,1,0,0,1,0,0,0,2.22298582329833e-158,0,0,0,0,2.13115877519994,0,0,13.320395414246,0,0,0.401179178573807
0,1,0,0,0,1,0,0,1,0,0,0,0,2.37233915819733e-93,0,0,0,2.13115877519994,0,0,13.320395414246,0,0,0.401179178573807
1,1,0,0,0,1,0,0,1,0,0,0,1.05182081780589e-161,1.51534789746862e-93,0,0,0,2.13115877519994,0,0,13.320395414246,0,0,0.401179178573807
0,0,1,0,0,1,0,0,1,0,0,0,0,0,1.18423855903519e-170,0,0,2.13115877519994,0,0,13.320395414246,0,0,0.401179178573807
1,0,1,0,0,1,0,0,1,0,0,0,9.77274209952773e-159,0,4.39742443209578e-171,0,0,2.13115877519994,0,0,13.320395414246,0,0,0.401179178573807
0,1,1,0,0,1,0,0,1,0,0,0,0,1.08322929326499e-93,2.39548871015918e-174,0,0,2.13115877519994,0,0,13.320395414246,0,0,0.401179178573807
1,1,1,0,0,1,0,0,1,0,0,0,1.00555953146102e-161,6.52594188666647e-94,1.12461260696214e-174,0,0,2.13115877519994,0,0,13.320395414246,0,0,0.401179178573807
0,0,0,1,0,1,0,0,1,0,0,0,0,0,0,1.44046826451699e-244,0,2.13115877519994,0,0,13.320395414246,0,0,0.401179178573807
1,0,0,1,0,1,0,0,1,0,0,0,1.12114980232798e-158,0,0,1.86570508144027e-245,0,2.13115877519994,0,0,13.320395414246,0,0,0.401179178573807
0,1,0,1,0,1,0,0,1,0,0,0,0,1.61105201869125e-93,0,1.31959256744759e-252,0,2.13115877519994,0,0,13.320395414246,0,0,0.401179178573807
1,1,0,1,0,1,0,0,1,0,0,0,7.4345488696078e-162,1.1801481686084e-93,0,2.25895350778839e-253,0,2.13115877519994,0,0,13.320395414246,0,0,0.401179178573807
0,0,1,1,0,1,0,0,1,0,0,0,0,0,5.12261871821314e-171,2.75011056088499e-245,0,2.13115877519994,0,0,13.320395414246,0,0,0.401179178573807
1,0,1,1,0,1,0,0,1,0,0,0,7.23073038768983e-159,0,2.75497370480405e-171,2.47837671321474e-246,0,2.13115877519994,0,0,13.320395414246,0,0,0.401179178573807
0,1,1,1,0,1,0,0,1,0,0,0,0,9.29477273667972e-94,1.1604606897582e-174,1.09585028927822e-252,0,2.13115877519994,0,0,13.320395414246,0,0,0.401179178573807
1,1,1,1,0,1,0,0,1,0,0,0,7.60157042231171e-162,6.19204800609271e-94,7.16258401586811e-175,1.34337737749823e-253,0,2.13115877519994,0,0,13.320395414246,0,0,0.401179178573807
0,0,0,0,1,1,0,0,1,0,0,0,0,0,0,0,1.67823220317421e-42,2.13115877519994,0,0,13.320395414246,0,0,0.401179178573807
1,0,0,0,1,1,0,0,1,0,0,0,1.61537345484886e-161,0,0,0,1.09003613625859e-42,2.13115877519994,0,0,13.320395414246,0,0,0.401179178573807
0,1,0,0,1,1,0,0,1,0,0,0,0,1.82410009909479e-93,0,0,4.3522784426375e-43,2.13115877519994,0,0,13.320395414246,0,0,0.401179178573807
1,1,0,0,1,1,0,0,1,0,0,0,8.35012377796391e-162,1.41272646906166e-93,0,0,1.60980001729646e-43,2.13115877519994,0,0,13.320395414246,0,0,0.401179178573807
0,0,1,0,1,1,0,0,1,0,0,0,0,0,4.27963885787899e-174,0,7.99658873428193e-43,2.13115877519994,0,0,13.320395414246,0,0,0.401179178573807
1,0,1,0,1,1,0,0,1,0,0,0,1.27786271111997e-161,0,2.4067451880843e-174,0,2.38380536417674e-43,2.13115877519994,0,0,13.320395414246,0,0,0.401179178573807
0,1,1,0,1,1,0,0,1,0,0,0,0,8.76565929677941e-94,1.94178009361455e-174,0,3.70817798805322e-43,2.13115877519994,0,0,13.320395414246,0,0,0.401179178573807
1,1,1,0,1,1,0,0,1,0,0,0,8.71042258155572e-162,6.31191039786476e-94,1.13449371196498e-174,0,8.98576966400685e-44,2.13115877519994,0,0,13.320395414246,0,0,0.401179178573807
0,0,0,1,1,1,0,0,1,0,0,0,0,0,0,1.01115521882187e-251,1.08438478409054e-42,2.13115877519994,0,0,13.320395414246,0,0,0.401179178573807
1,0,0,1,1,1,0,0,1,0,0,0,1.1641726323407e-161,0,0,3.09847191776853e-252,6.23661893568291e-43,2.13115877519994,0,0,13.320395414246,0,0,0.401179178573807
0,1,0,1,1,1,0,0,1,0,0,0,0,1.37688326345801e-93,0,1.14424344939579e-252,2.57521352536767e-43,2.13115877519994,0,0,13.320395414246,0,0,0.401179178573807
1,1,0,1,1,1,0,0,1,0,0,0,6.36561000981379e-162,1.12425246363368e-93,0,2.81675413184556e-253,9.3372186069129e-44,2.13115877519994,0,0,13.320395414246,0,0,0.401179178573807
0,0,1,1,1,1,0,0,1,0,0,0,0,0,2.19080239155626e-174,3.15697620799273e-252,5.84192416775804e-43,2.13115877519994,0,0,13.320395414246,0,0,0.401179178573807
1,0,1,1,1,1,0,0,1,0,0,0,9.9046117308758e-162,0,1.50344811739168e-174,5.45020672060264e-253,1.74910290680174e-43,2.13115877519994,0,0,13.320395414246,0,0,0.401179178573807
0,1,1,1,1,1,0,0,1,0,0,0,0,8.06198417900183e-94,1.04310800897875e-174,9.11504944894966e-253,2.30695627428916e-43,2.13115877519994,0,0,13.320395414246,0,0,0.401179178573807
1,1,1,1,1,1,0,0,1,0,0,0,6.8060296866121e-162,6.01085848014241e-94,7.23502666945304e-175,1.62361537189912e-253,6.01456578192018e-44,2.13115877519994,0,0,13.320395414246,0,0,0.401179178573807
0,0,0,0,0,0,1,0,1,0,0,0,0,0,0,0,0,0,1.97626258336499e-323,0,7.02609163453778,0,0,3.67584840505887e-321
1,0,0,0,0,0,1,0,1,0,0,0,0.237960439732357,0,0,0,0,0,1.48219693752374e-323,0,8.50403655162383,0,0,NA
0,1,0,0,0,0,1,0,1,0,0,0,0,0.266779522538217,0,0,0,0,1.48219693752374e-323,0,8.46750955152454,0,0,NA
1,1,0,0,0,0,1,0,1,0,0,0,0.173554801944776,0.200625584960174,0,0,0,0,9.88131291682493e-324,0,9.18800671392584,0,0,NA
0,0,1,0,0,0,1,0,1,0,0,0,0,0,0.0149556031761149,0,0,0,1.97626258336499e-323,0,7.10456046008198,0,0,0.0150500102959412
1,0,1,0,0,0,1,0,1,0,0,0,0.237960439732351,0,2.78467810347806e-14,0,0,0,-1.48219693752374e-323,0,8.50403655162394,0,0,0.124942995732287
0,1,1,0,0,0,1,0,1,0,0,0,0,0.266779522538214,8.11135735897269e-35,0,0,0,-1.48219693752374e-323,0,8.46750955152449,0,0,0.136627871892269
1,1,1,0,0,0,1,0,1,0,0,0,0.173554801944783,0.20062558496017,7.99334592037268e-37,0,0,0,9.88131291682493e-324,0,9.18800671392584,0,0,NA
0,0,0,1,0,0,1,0,1,0,0,0,0,0,0,2.23731462754933e-43,0,0,1.97626258336499e-323,0,7.0260916345378,0,0,3.18924668984339e-42
1,0,0,1,0,0,1,0,1,0,0,0,0.237960439732357,0,0,7.75590809284383e-119,0,0,1.48219693752374e-323,0,8.50403655162383,0,0,NA
0,1,0,1,0,0,1,0,1,0,0,0,0,0.266779522538217,0,1.33322379050418e-118,0,0,1.48219693752374e-323,0,8.46750955152454,0,0,NA
1,1,0,1,0,0,1,0,1,0,0,0,0.173554801944776,0.200625584960174,0,9.41403849051029e-156,0,0,9.88131291682493e-324,0,9.18800671392584,0,0,NA
0,0,1,1,0,0,1,0,1,0,0,0,0,0,0.0149540308253029,9.17530612462822e-50,0,0,1.97626258336499e-323,0,7.10455209434615,0,0,0.0150486671624111
1,0,1,1,0,0,1,0,1,0,0,0,0.237960439732351,0,2.6408923510815e-14,1.61588468928619e-120,0,0,1.48219693752374e-323,0,8.50403655162393,0,0,NA
0,1,1,1,0,0,1,0,1,0,0,0,0,0.266779522538214,4.28259910175755e-35,7.27468453033598e-118,0,0,-1.48219693752374e-323,0,8.46750955152449,0,0,0.136627871892269
1,1,1,1,0,0,1,0,1,0,0,0,0.173554801944783,0.20062558496017,5.36441619352156e-37,1.62033546205475e-155,0,0,-9.88131291682493e-324,0,9.18800671392584,0,0,0.192194557122554
0,0,0,0,1,0,1,0,1,0,0,0,0,0,0,0,1.85058026378543e-06,0,1.97626258336499e-323,0,7.02609697889398,0,0,4.25359946660859e-06
1,0,0,0,1,0,1,0,1,0,0,0,0.237960439732357,0,0,0,7.88135788928976e-86,0,1.48219693752374e-323,0,8.50403655162383,0,0,NA
0,1,0,0,1,0,1,0,1,0,0,0,0,0.266779522538217,0,0,7.82194098773003e-92,0,1.48219693752374e-323,0,8.46750955152454,0,0,NA
1,1,0,0,1,0,1,0,1,0,0,0,0.173554801944776,0.200625584960174,0,0,4.51322741992228e-130,0,9.88131291682493e-324,0,9.18800671392584,0,0,NA
0,0,1,0,1,0,1,0,1,0,0,0,0,0,0.0149550186626815,0,3.24680455278232e-13,0,1.97626258336499e-323,0,7.10455735016019,0,0,0.0150495109974018
1,0,1,0,1,0,1,0,1,0,0,0,0.237960439732351,0,2.83198895152996e-14,0,2.76761502656003e-88,0,-1.48219693752374e-323,0,8.50403655162394,0,0,0.124942995732288
0,1,1,0,1,0,1,0,1,0,0,0,0,0.266779522538214,8.11345121508184e-35,0,9.23554378549921e-91,0,-1.48219693752374e-323,0,8.46750955152449,0,0,0.136627871892269
1,1,1,0,1,0,1,0,1,0,0,0,0.173554801944783,0.20062558496017,8.24692416837837e-37,0,9.08517951440213e-130,0,9.88131291682493e-324,0,9.18800671392584,0,0,NA
0,0,0,1,1,0,1,0,1,0,0,0,0,0,0,1.1708450068108e-43,1.47490047289243e-06,0,1.97626258336499e-323,0,7.02609589395076,0,0,3.43772396929438e-06
1,0,0,1,1,0,1,0,1,0,0,0,0.237960439732357,0,0,1.14931083532968e-118,2.0928518700974e-86,0,1.48219693752374e-323,0,8.50403655162383,0,0,NA
0,1,0,1,1,0,1,0,1,0,0,0,0,0.266779522538217,0,1.5226210028457e-118,3.4599012678757e-92,0,1.48219693752374e-323,0,8.46750955152454,0,0,NA
1,1,0,1,1,0,1,0,1,0,0,0,0.173554801944776,0.200625584960174,0,1.40860049265244e-155,2.20377845496901e-130,0,-9.88131291682493e-324,0,9.18800671392584,0,0,0.192194557122553
0,0,1,1,1,0,1,0,1,0,0,0,0,0,0.0149536014849889,8.78132883858911e-50,3.65120877988387e-13,0,1.97626258336499e-323,0,7.10454981003463,0,0,0.0150483004083433
1,0,1,1,1,0,1,0,1,0,0,0,0.237960439732351,0,2.6725973700189e-14,2.29794607937583e-120,2.49704586466843e-88,0,-1.48219693752374e-323,0,8.50403655162393,0,0,0.124942995732282
0,1,1,1,1,0,1,0,1,0,0,0,0,0.266779522538214,4.48065711250182e-35,7.82443851908829e-118,2.34302587279769e-91,0,1.48219693752374e-323,0,8.46750955152449,0,0,NA
1,1,1,1,1,0,1,0,1,0,0,0,0.173554801944783,0.20062558496017,5.54644540353289e-37,2.22807962173074e-155,4.30552578429049e-130,0,-9.88131291682493e-324,0,9.18800671392584,0,0,0.192194557122554
0,0,0,0,0,1,1,0,1,0,0,0,0,0,0,0,0,2.13115877519993,4.94065645841247e-324,0,13.320395414246,0,0,NA
1,0,0,0,0,1,1,0,1,0,0,0,2.62162389049887e-158,0,0,0,0,2.13115877519994,4.94065645841247e-324,0,13.320395414246,0,0,NA
0,1,0,0,0,1,1,0,1,0,0,0,0,2.61828627562271e-93,0,0,0,2.13115877519994,4.94065645841247e-324,0,13.320395414246,0,0,NA
1,1,0,0,0,1,1,0,1,0,0,0,1.17573717810378e-161,1.6001848289572e-93,0,0,0,2.13115877519994,4.94065645841247e-324,0,13.320395414246,0,0,NA
0,0,1,0,0,1,1,0,1,0,0,0,0,0,1.40116200152008e-170,0,0,2.13115877519994,4.94065645841247e-324,0,13.320395414246,0,0,NA
1,0,1,0,0,1,1,0,1,0,0,0,1.05858160821407e-158,0,4.81247256951141e-171,0,0,2.13115877519994,4.94065645841247e-324,0,13.320395414246,0,0,NA
0,1,1,0,0,1,1,0,1,0,0,0,0,1.11865262822973e-93,2.81454024919804e-174,0,0,2.13115877519994,4.94065645841247e-324,0,13.320395414246,0,0,NA
1,1,1,0,0,1,1,0,1,0,0,0,1.08900114429015e-161,6.58529049529099e-94,1.24017076888904e-174,0,0,2.13115877519994,4.94065645841247e-324,0,13.320395414246,0,0,NA
0,0,0,1,0,1,1,0,1,0,0,0,0,0,0,1.61638438128111e-244,0,2.13115877519994,4.94065645841247e-324,0,13.320395414246,0,0,NA
1,0,0,1,0,1,1,0,1,0,0,0,1.16227474741196e-158,0,0,2.11010229752741e-245,0,2.13115877519994,4.94065645841247e-324,0,13.320395414246,0,0,NA
0,1,0,1,0,1,1,0,1,0,0,0,0,1.63657985560144e-93,0,1.62961136095218e-252,0,2.13115877519994,4.94065645841247e-324,0,13.320395414246,0,0,NA
1,1,0,1,0,1,1,0,1,0,0,0,7.81559724395688e-162,1.19546294244673e-93,0,2.69760354672821e-253,0,2.13115877519994,4.94065645841247e-324,0,13.320395414246,0,0,NA
0,0,1,1,0,1,1,0,1,0,0,0,0,0,5.24732415519285e-171,3.22121755184619e-245,0,2.13115877519994,4.94065645841247e-324,0,13.320395414246,0,0,NA
1,0,1,1,0,1,1,0,1,0,0,0,7.49683818702134e-159,0,2.83020912295195e-171,2.84333917655005e-246,0,2.13115877519994,4.94065645841247e-324,0,13.320395414246,0,0,NA
0,1,1,1,0,1,1,0,1,0,0,0,0,9.38595031598832e-94,1.21217981237091e-174,1.31870841110022e-252,0,2.13115877519994,4.94065645841247e-324,0,13.320395414246,0,0,NA
1,1,1,1,0,1,1,0,1,0,0,0,7.92253746705098e-162,6.22074412994058e-94,7.45185311558976e-175,1.56529252053243e-253,0,2.13115877519994,4.94065645841247e-324,0,13.320395414246,0,0,NA
0,0,0,0,1,1,1,0,1,0,0,0,0,0,0,0,1.74059580793627e-42,2.13115877519994,4.94065645841247e-324,0,13.320395414246,0,0,NA
1,0,0,0,1,1,1,0,1,0,0,0,1.66804416410717e-161,0,0,0,1.16278433106879e-42,2.13115877519994,4.94065645841247e-324,0,13.320395414246,0,0,NA
0,1,0,0,1,1,1,0,1,0,0,0,0,1.88472655010766e-93,0,0,4.89249228781213e-43,2.13115877519994,4.94065645841247e-324,0,13.320395414246,0,0,NA
1,1,0,0,1,1,1,0,1,0,0,0,8.830881893898e-162,1.46060781299851e-93,0,0,1.89484674930856e-43,2.13115877519994,4.94065645841247e-324,0,13.320395414246,0,0,NA
0,0,1,0,1,1,1,0,1,0,0,0,0,0,4.64366361998271e-174,0,8.36331922989308e-43,2.13115877519994,4.94065645841247e-324,0,13.320395414246,0,0,NA
1,0,1,0,1,1,1,0,1,0,0,0,1.33129934654772e-161,0,2.59160983379445e-174,0,2.63154854101398e-43,2.13115877519994,4.94065645841247e-324,0,13.320395414246,0,0,NA
0,1,1,0,1,1,1,0,1,0,0,0,0,8.74601824942747e-94,2.1444111775053e-174,0,4.11481479660811e-43,2.13115877519994,4.94065645841247e-324,0,13.320395414246,0,0,NA
1,1,1,0,1,1,1,0,1,0,0,0,9.15950548212201e-162,6.33482634206691e-94,1.23486895368767e-174,0,1.03502145991402e-43,2.13115877519994,4.94065645841247e-324,0,13.320395414246,0,0,NA
0,0,0,1,1,1,1,0,1,0,0,0,0,0,0,1.07621014129138e-251,1.08657672491887e-42,2.13115877519994,4.94065645841247e-324,0,13.320395414246,0,0,NA
1,0,0,1,1,1,1,0,1,0,0,0,1.16057455687611e-161,0,0,3.4374983562985e-252,6.43722569972514e-43,2.13115877519994,4.94065645841247e-324,0,13.320395414246,0,0,NA
0,1,0,1,1,1,1,0,1,0,0,0,0,1.37033322218598e-93,0,1.34088394388197e-252,2.8006841905082e-43,2.13115877519994,4.94065645841247e-324,0,13.320395414246,0,0,NA
1,1,0,1,1,1,1,0,1,0,0,0,6.52696183417809e-162,1.12936956368882e-93,0,3.34866089028427e-253,1.04747879869001e-43,2.13115877519994,4.94065645841247e-324,0,13.320395414246,0,0,NA
0,0,1,1,1,1,1,0,1,0,0,0,0,0,2.19368570182501e-174,3.48871605965572e-252,6.04332565752669e-43,2.13115877519994,4.94065645841247e-324,0,13.320395414246,0,0,NA
1,0,1,1,1,1,1,0,1,0,0,0,1.00416010068387e-161,0,1.53292028755551e-174,6.23262954379451e-253,1.8934986299458e-43,2.13115877519994,4.94065645841247e-324,0,13.320395414246,0,0,NA
0,1,1,1,1,1,1,0,1,0,0,0,0,8.01023484146976e-94,1.07146591345145e-174,1.04850762208593e-252,2.49963761495659e-43,2.13115877519994,4.94065645841247e-324,0,13.320395414246,0,0,NA
1,1,1,1,1,1,1,0,1,0,0,0,6.97786382010987e-162,6.01394849421122e-94,7.49208739701281e-175,1.88921901543606e-253,6.70528588725259e-44,2.13115877519994,4.94065645841247e-324,0,13.320395414246,0,0,NA
0,0,0,0,0,0,0,1,1,0,0,0,0,0,0,0,0,0,0,1.48219693752374e-323,7.02609163453778,0,0,NA
1,0,0,0,0,0,0,1,1,0,0,0,0.237960439732357,0,0,0,0,0,0,9.88131291682493e-324,8.50403655162383,0,0,NA
0,1,0,0,0,0,0,1,1,0,0,0,0,0.266779522538217,0,0,0,0,0,9.88131291682493e-324,8.46750955152454,0,0,NA
1,1,0,0,0,0,0,1,1,0,0,0,0.173554801944776,0.200625584960174,0,0,0,0,0,-9.88131291682493e-324,9.18800671392584,0,0,0.192194557122553
0,0,1,0,0,0,0,1,1,0,0,0,0,0,0.0149553238421617,0,0,0,0,1.48219693752374e-323,7.10455897387615,0,0,NA
1,0,1,0,0,0,0,1,1,0,0,0,0.237960439732351,0,2.76372366547514e-14,0,0,0,0,9.88131291682493e-324,8.50403655162394,0,0,NA
0,1,1,0,0,0,0,1,1,0,0,0,0,0.266779522538214,7.04963510167816e-35,0,0,0,0,9.88131291682493e-324,8.46750955152449,0,0,NA
1,1,1,0,0,0,0,1,1,0,0,0,0.173554801944783,0.20062558496017,7.33074405664409e-37,0,0,0,0,-9.88131291682493e-324,9.18800671392584,0,0,0.192194557122554
0,0,0,1,0,0,0,1,1,0,0,0,0,0,0,2.13767601966708e-43,0,0,0,1.48219693752374e-323,7.0260916345378,0,0,NA
1,0,0,1,0,0,0,1,1,0,0,0,0.237960439732357,0,0,7.07235746274358e-119,0,0,0,9.88131291682493e-324,8.50403655162383,0,0,NA
0,1,0,1,0,0,0,1,1,0,0,0,0,0.266779522538217,0,1.07175714186092e-118,0,0,0,9.88131291682493e-324,8.46750955152454,0,0,NA
1,1,0,1,0,0,0,1,1,0,0,0,0.173554801944776,0.200625584960174,0,8.15197708822014e-156,0,0,0,9.88131291682493e-324,9.18800671392584,0,0,NA
0,0,1,1,0,0,0,1,1,0,0,0,0,0,0.0149540915628848,7.48891328092957e-50,0,0,0,1.48219693752374e-323,7.10455241750167,0,0,NA
1,0,1,1,0,0,0,1,1,0,0,0,0.237960439732351,0,2.64519152606882e-14,1.42152465949999e-120,0,0,0,9.88131291682493e-324,8.50403655162393,0,0,NA
0,1,1,1,0,0,0,1,1,0,0,0,0,0.266779522538214,4.29948617669413e-35,5.95885197645265e-118,0,0,0,-9.88131291682493e-324,8.46750955152449,0,0,0.136627871892269
1,1,1,1,0,0,0,1,1,0,0,0,0.173554801944783,0.20062558496017,5.29940842392244e-37,1.40319070018644e-155,0,0,0,9.88131291682493e-324,9.18800671392584,0,0,NA
0,0,0,0,1,0,0,1,1,0,0,0,0,0,0,0,1.82211166586988e-06,0,0,1.48219693752374e-323,7.02609689667811,0,0,NA
1,0,0,0,1,0,0,1,1,0,0,0,0.237960439732357,0,0,0,5.21358846957865e-86,0,0,9.88131291682493e-324,8.50403655162383,0,0,NA
0,1,0,0,1,0,0,1,1,0,0,0,0,0.266779522538217,0,0,5.27933367986265e-92,0,0,9.88131291682493e-324,8.46750955152454,0,0,NA
1,1,0,0,1,0,0,1,1,0,0,0,0.173554801944776,0.200625584960174,0,0,3.13364523188197e-130,0,0,9.88131291682493e-324,9.18800671392584,0,0,NA
0,0,1,0,1,0,0,1,1,0,0,0,0,0,0.0149548696806518,0,2.85471149564715e-13,0,0,1.48219693752374e-323,7.10455655749689,0,0,NA
1,0,1,0,1,0,0,1,1,0,0,0,0.237960439732351,0,2.80202811785039e-14,0,2.25056262184952e-88,0,0,9.88131291682493e-324,8.50403655162394,0,0,NA
0,1,1,0,1,0,0,1,1,0,0,0,0,0.266779522538214,7.17501704093553e-35,0,5.71829501012373e-91,0,0,9.88131291682493e-324,8.46750955152449,0,0,NA
1,1,1,0,1,0,0,1,1,0,0,0,0.173554801944783,0.20062558496017,7.57090982257761e-37,0,6.47082224314839e-130,0,0,9.88131291682493e-324,9.18800671392584,0,0,NA
0,0,0,1,1,0,0,1,1,0,0,0,0,0,0,1.13716770509706e-43,1.47672363957118e-06,0,0,1.48219693752374e-323,7.02609589921597,0,0,NA
1,0,0,1,1,0,0,1,1,0,0,0,0.237960439732357,0,0,9.86865445408325e-119,1.82599591196744e-86,0,0,9.88131291682493e-324,8.50403655162383,0,0,NA
0,1,0,1,1,0,0,1,1,0,0,0,0,0.266779522538217,0,1.21947372304991e-118,2.75483042288535e-92,0,0,9.88131291682493e-324,8.46750955152454,0,0,NA
1,1,0,1,1,0,0,1,1,0,0,0,0.173554801944776,0.200625584960174,0,1.15569901757932e-155,1.78880509574303e-130,0,0,-9.88131291682493e-324,9.18800671392584,0,0,0.192194557122553
0,0,1,1,1,0,0,1,1,0,0,0,0,0,0.0149537317039297,7.27917570308365e-50,3.038450566812e-13,0,0,1.48219693752374e-323,7.10455050286639,0,0,NA
1,0,1,1,1,0,0,1,1,0,0,0,0.237960439732351,0,2.67306442184499e-14,1.92489748005503e-120,2.07758757337696e-88,0,0,9.88131291682493e-324,8.50403655162393,0,0,NA
0,1,1,1,1,0,0,1,1,0,0,0,0,0.266779522538214,4.47933502498008e-35,6.42464886491606e-118,1.90364943692997e-91,0,0,9.88131291682493e-324,8.46750955152449,0,0,NA
1,1,1,1,1,0,0,1,1,0,0,0,0.173554801944783,0.20062558496017,5.47391841009194e-37,1.85945298744946e-155,3.53816053182243e-130,0,0,-9.88131291682493e-324,9.18800671392584,0,0,0.192194557122554
0,0,0,0,0,1,0,1,1,0,0,0,0,0,0,0,0,2.13115877519993,0,4.94065645841247e-324,13.320395414246,0,0,NA
1,0,0,0,0,1,0,1,1,0,0,0,2.02447757650115e-158,0,0,0,0,2.13115877519994,0,-4.94065645841247e-324,13.320395414246,0,0,0.401179178573807
0,1,0,0,0,1,0,1,1,0,0,0,0,2.24738099898577e-93,0,0,0,2.13115877519994,0,0,13.320395414246,0,0,0.401179178573807
1,1,0,0,0,1,0,1,1,0,0,0,1.00700382369959e-161,1.47609535438663e-93,0,0,0,2.13115877519994,0,-4.94065645841247e-324,13.320395414246,0,0,0.401179178573807
0,0,1,0,0,1,0,1,1,0,0,0,0,0,1.08066055480751e-170,0,0,2.13115877519994,0,-4.94065645841247e-324,13.320395414246,0,0,0.401179178573807
1,0,1,0,0,1,0,1,1,0,0,0,9.37688522494864e-159,0,4.25255273737315e-171,0,0,2.13115877519994,0,-4.94065645841247e-324,13.320395414246,0,0,0.401179178573807
0,1,1,0,0,1,0,1,1,0,0,0,0,1.04497578899973e-93,2.24908673435345e-174,0,0,2.13115877519994,0,-4.94065645841247e-324,13.320395414246,0,0,0.401179178573807
1,1,1,0,0,1,0,1,1,0,0,0,9.70079387511523e-162,6.4486054490577e-94,1.09683964649169e-174,0,0,2.13115877519994,0,4.94065645841247e-324,13.320395414246,0,0,NA
0,0,0,1,0,1,0,1,1,0,0,0,0,0,0,1.37564990219709e-244,0,2.13115877519994,0,4.94065645841247e-324,13.320395414246,0,0,NA
1,0,0,1,0,1,0,1,1,0,0,0,1.09703452987596e-158,0,0,1.85107926178429e-245,0,2.13115877519994,0,4.94065645841247e-324,13.320395414246,0,0,NA
0,1,0,1,0,1,0,1,1,0,0,0,0,1.59023509851436e-93,0,1.2877338533817e-252,0,2.13115877519994,0,-4.94065645841247e-324,13.320395414246,0,0,0.401179178573807
1,1,0,1,0,1,0,1,1,0,0,0,7.33926919843375e-162,1.17322146292981e-93,0,2.28573163291144e-253,0,2.13115877519994,0,-4.94065645841247e-324,13.320395414246,0,0,0.401179178573807
0,0,1,1,0,1,0,1,1,0,0,0,0,0,5.05836582603513e-171,2.5805151614045e-245,0,2.13115877519994,0,-4.94065645841247e-324,13.320395414246,0,0,0.401179178573807
1,0,1,1,0,1,0,1,1,0,0,0,7.1059078465704e-159,0,2.7501197995217e-171,2.45391087611027e-246,0,2.13115877519994,0,-4.94065645841247e-324,13.320395414246,0,0,0.401179178573807
0,1,1,1,0,1,0,1,1,0,0,0,0,9.11854576193289e-94,1.16074802991995e-174,1.04550500031673e-252,0,2.13115877519994,0,-4.94065645841247e-324,13.320395414246,0,0,0.401179178573807
1,1,1,1,0,1,0,1,1,0,0,0,7.49411693730447e-162,6.1393331182822e-94,7.19986430734259e-175,1.33623428238789e-253,0,2.13115877519994,0,0,13.320395414246,0,0,0.401179178573807
0,0,0,0,1,1,0,1,1,0,0,0,0,0,0,0,1.60822813998031e-42,2.13115877519994,0,0,13.320395414246,0,0,0.401179178573807
1,0,0,0,1,1,0,1,1,0,0,0,1.51801636002914e-161,0,0,0,1.04265799296165e-42,2.13115877519994,0,-4.94065645841247e-324,13.320395414246,0,0,0.401179178573807
0,1,0,0,1,1,0,1,1,0,0,0,0,1.74434318634576e-93,0,0,4.18049710399565e-43,2.13115877519994,0,-4.94065645841247e-324,13.320395414246,0,0,0.401179178573807
1,1,0,0,1,1,0,1,1,0,0,0,8.00469360854477e-162,1.36970632352034e-93,0,0,1.55765145764465e-43,2.13115877519994,0,0,13.320395414246,0,0,0.401179178573807
0,0,1,0,1,1,0,1,1,0,0,0,0,0,3.97981909200983e-174,0,7.7173369858509e-43,2.13115877519994,0,-4.94065645841247e-324,13.320395414246,0,0,0.401179178573807
1,0,1,0,1,1,0,1,1,0,0,0,1.22608922028368e-161,0,2.30191221117927e-174,0,2.31713977277088e-43,2.13115877519994,0,4.94065645841247e-324,13.320395414246,0,0,NA
0,1,1,0,1,1,0,1,1,0,0,0,0,8.55390542767381e-94,1.83633166054565e-174,0,3.51378014527704e-43,2.13115877519994,0,4.94065645841247e-324,13.320395414246,0,0,NA
1,1,1,0,1,1,0,1,1,0,0,0,8.39938230022139e-162,6.22273799607814e-94,1.0966479135937e-174,0,8.66247369343646e-44,2.13115877519994,0,-4.94065645841247e-324,13.320395414246,0,0,0.401179178573807
0,0,0,1,1,1,0,1,1,0,0,0,0,0,0,9.63881002297541e-252,1.08262618412904e-42,2.13115877519994,0,0,13.320395414246,0,0,0.401179178573807
1,0,0,1,1,1,0,1,1,0,0,0,1.14471209987717e-161,0,0,2.98671020807081e-252,6.22455037500302e-43,2.13115877519994,0,0,13.320395414246,0,0,0.401179178573807
0,1,0,1,1,1,0,1,1,0,0,0,0,1.36314264361655e-93,0,1.09930923323677e-252,2.56396885601161e-43,2.13115877519994,0,0,13.320395414246,0,0,0.401179178573807
1,1,0,1,1,1,0,1,1,0,0,0,6.28250546018928e-162,1.11585575627024e-93,0,2.76211826073549e-253,9.36854566957527e-44,2.13115877519994,0,0,13.320395414246,0,0,0.401179178573807
0,0,1,1,1,1,0,1,1,0,0,0,0,0,2.18282898449252e-174,2.97239168602368e-252,5.73090737946101e-43,2.13115877519994,0,4.94065645841247e-324,13.320395414246,0,0,NA
1,0,1,1,1,1,0,1,1,0,0,0,9.74564073611702e-162,0,1.49742058739892e-174,5.25391775361604e-253,1.72564280977612e-43,2.13115877519994,0,4.94065645841247e-324,13.320395414246,0,0,NA
0,1,1,1,1,1,0,1,1,0,0,0,0,7.94494712565368e-94,1.04517541779985e-174,8.6430485901411e-253,2.25540423257697e-43,2.13115877519994,0,0,13.320395414246,0,0,0.401179178573807
1,1,1,1,1,1,0,1,1,0,0,0,6.70951368666023e-162,5.95361566677712e-94,7.24811129540692e-175,1.5780189527649e-253,5.946309113366e-44,2.13115877519994,0,4.94065645841247e-324,13.320395414246,0,0,NA
0,0,0,0,0,0,1,1,1,0,0,0,0,0,0,0,0,0,1.97626258336499e-323,1.48219693752374e-323,7.02609163453778,0,0,NA
1,0,0,0,0,0,1,1,1,0,0,0,0.237960439732357,0,0,0,0,0,1.48219693752374e-323,9.88131291682493e-324,8.50403655162383,0,0,NA
0,1,0,0,0,0,1,1,1,0,0,0,0,0.266779522538217,0,0,0,0,1.48219693752374e-323,9.88131291682493e-324,8.46750955152454,0,0,NA
1,1,0,0,0,0,1,1,1,0,0,0,0.173554801944776,0.200625584960174,0,0,0,0,9.88131291682493e-324,9.88131291682493e-324,9.18800671392584,0,0,NA
0,0,1,0,0,0,1,1,1,0,0,0,0,0,0.0149554434810866,0,0,0,-1.97626258336499e-323,-1.48219693752374e-323,7.10455961041903,0,0,0.015049873882459
1,0,1,0,0,0,1,1,1,0,0,0,0.237960439732351,0,2.78029167392669e-14,0,0,0,1.48219693752374e-323,9.88131291682493e-324,8.50403655162394,0,0,NA
0,1,1,0,0,0,1,1,1,0,0,0,0,0.266779522538214,7.80875045846335e-35,0,0,0,1.48219693752374e-323,9.88131291682493e-324,8.46750955152449,0,0,NA
1,1,1,0,0,0,1,1,1,0,0,0,0.173554801944783,0.20062558496017,7.86469588520156e-37,0,0,0,9.88131291682493e-324,9.88131291682493e-324,9.18800671392584,0,0,NA
0,0,0,1,0,0,1,1,1,0,0,0,0,0,0,2.1965515022274e-43,0,0,1.97626258336499e-323,-1.48219693752374e-323,7.0260916345378,0,0,3.13171453049297e-42
1,0,0,1,0,0,1,1,1,0,0,0,0.237960439732357,0,0,7.86329153874264e-119,0,0,1.48219693752374e-323,9.88131291682493e-324,8.50403655162383,0,0,NA
0,1,0,1,0,0,1,1,1,0,0,0,0,0.266779522538217,0,1.30845262916495e-118,0,0,1.48219693752374e-323,9.88131291682493e-324,8.46750955152454,0,0,NA
1,1,0,1,0,0,1,1,1,0,0,0,0.173554801944776,0.200625584960174,0,9.6424784505211e-156,0,0,9.88131291682493e-324,9.88131291682493e-324,9.18800671392584,0,0,NA
0,0,1,1,0,0,1,1,1,0,0,0,0,0,0.014954056427469,8.46999539373166e-50,0,0,1.97626258336499e-323,-1.48219693752374e-323,7.10455223056298,0,0,0.0150486890325057
1,0,1,1,0,0,1,1,1,0,0,0,0.237960439732351,0,2.64826955131978e-14,1.60130178300307e-120,0,0,1.48219693752374e-323,9.88131291682493e-324,8.50403655162393,0,0,NA
0,1,1,1,0,0,1,1,1,0,0,0,0,0.266779522538214,4.43718485207266e-35,7.18975317434072e-118,0,0,-1.48219693752374e-323,-9.88131291682493e-324,8.46750955152449,0,0,0.136627871892269
1,1,1,1,0,0,1,1,1,0,0,0,0.173554801944783,0.20062558496017,5.47263641170929e-37,1.63746268442906e-155,0,0,9.88131291682493e-324,-9.88131291682493e-324,9.18800671392584,0,0,NA
0,0,0,0,1,0,1,1,1,0,0,0,0,0,0,0,1.82714874970863e-06,0,1.97626258336499e-323,1.48219693752374e-323,7.02609691122495,0,0,NA
1,0,0,0,1,0,1,1,1,0,0,0,0.237960439732357,0,0,0,6.32977358972556e-86,0,1.48219693752374e-323,9.88131291682493e-324,8.50403655162383,0,0,NA
0,1,0,0,1,0,1,1,1,0,0,0,0,0.266779522538217,0,0,6.72265231976384e-92,0,1.48219693752374e-323,9.88131291682493e-324,8.46750955152454,0,0,NA
1,1,0,0,1,0,1,1,1,0,0,0,0.173554801944776,0.200625584960174,0,0,4.05146910204807e-130,0,-9.88131291682493e-324,-9.88131291682493e-324,9.18800671392584,0,0,0.192194557122553
0,0,1,0,1,0,1,1,1,0,0,0,0,0,0.0149549150652045,0,3.03595253702988e-13,0,-1.97626258336499e-323,1.48219693752374e-323,7.10455679896674,0,0,NA
1,0,1,0,1,0,1,1,1,0,0,0,0.237960439732351,0,2.82082196711129e-14,0,2.59424653537213e-88,0,-1.48219693752374e-323,-9.88131291682493e-324,8.50403655162394,0,0,0.124942995732288
0,1,1,0,1,0,1,1,1,0,0,0,0,0.266779522538214,7.80196950519782e-35,0,7.60469649152213e-91,0,1.48219693752374e-323,9.88131291682493e-324,8.46750955152449,0,0,NA
1,1,1,0,1,0,1,1,1,0,0,0,0.173554801944783,0.20062558496017,8.07345204160846e-37,0,8.20873436528619e-130,0,9.88131291682493e-324,9.88131291682493e-324,9.18800671392584,0,0,NA
0,0,0,1,1,0,1,1,1,0,0,0,0,0,0,1.15133681886598e-43,1.4760511744372e-06,0,1.97626258336499e-323,1.48219693752374e-323,7.02609589727393,0,0,NA
1,0,0,1,1,0,1,1,1,0,0,0,0.237960439732357,0,0,1.11183208203728e-118,2.04293986662257e-86,0,1.48219693752374e-323,-9.88131291682493e-324,8.50403655162383,0,0,NA
0,1,0,1,1,0,1,1,1,0,0,0,0,0.266779522538217,0,1.45647344442988e-118,3.33330046931475e-92,0,1.48219693752374e-323,9.88131291682493e-324,8.46750955152454,0,0,NA
1,1,0,1,1,0,1,1,1,0,0,0,0.173554801944776,0.200625584960174,0,1.38301514412162e-155,2.17038459512174e-130,0,-9.88131291682493e-324,9.88131291682493e-324,9.18800671392584,0,0,NA
0,0,1,1,1,0,1,1,1,0,0,0,0,0,0.0149536687344017,8.01532169145094e-50,3.34008311637083e-13,0,1.97626258336499e-323,1.48219693752374e-323,7.10455016783609,0,0,NA
1,0,1,1,1,0,1,1,1,0,0,0,0.237960439732351,0,2.6783895129656e-14,2.19349877976039e-120,2.37766047716585e-88,0,1.48219693752374e-323,9.88131291682493e-324,8.50403655162393,0,0,NA
0,1,1,1,1,0,1,1,1,0,0,0,0,0.266779522538214,4.62574993605514e-35,7.59681853527703e-118,2.28492733038778e-91,0,1.48219693752374e-323,-9.88131291682493e-324,8.46750955152449,0,0,NA
1,1,1,1,1,0,1,1,1,0,0,0,0.173554801944783,0.20062558496017,5.6494755491177e-37,2.18524190486014e-155,4.22223365282724e-130,0,-9.88131291682493e-324,-9.88131291682493e-324,9.18800671392584,0,0,0.192194557122554
0,0,0,0,0,1,1,1,1,0,0,0,0,0,0,0,0,2.13115877519993,4.94065645841247e-324,4.94065645841247e-324,13.320395414246,0,0,NA
1,0,0,0,0,1,1,1,1,0,0,0,2.26116508591517e-158,0,0,0,0,2.13115877519994,4.94065645841247e-324,4.94065645841247e-324,13.320395414246,0,0,NA
0,1,0,0,0,1,1,1,1,0,0,0,0,2.39882994904212e-93,0,0,0,2.13115877519994,4.94065645841247e-324,0,13.320395414246,0,0,NA
1,1,0,0,0,1,1,1,1,0,0,0,1.09930903532718e-161,1.53833429609084e-93,0,0,0,2.13115877519994,4.94065645841247e-324,0,13.320395414246,0,0,NA
0,0,1,0,0,1,1,1,1,0,0,0,0,0,1.2155454176582e-170,0,0,2.13115877519994,4.94065645841247e-324,4.94065645841247e-324,13.320395414246,0,0,NA
1,0,1,0,0,1,1,1,1,0,0,0,9.98562338956705e-159,0,4.579955858633e-171,0,0,2.13115877519994,4.94065645841247e-324,4.94065645841247e-324,13.320395414246,0,0,NA
0,1,1,0,0,1,1,1,1,0,0,0,0,1.06503151079794e-93,2.55008378016289e-174,0,0,2.13115877519994,4.94065645841247e-324,0,13.320395414246,0,0,NA
1,1,1,0,0,1,1,1,1,0,0,0,1.03555002561029e-161,6.48682414714942e-94,1.19273521374595e-174,0,0,2.13115877519994,4.94065645841247e-324,4.94065645841247e-324,13.320395414246,0,0,NA
0,0,0,1,0,1,1,1,1,0,0,0,0,0,0,1.51704434670978e-244,0,2.13115877519994,4.94065645841247e-324,4.94065645841247e-324,13.320395414246,0,0,NA
1,0,0,1,0,1,1,1,1,0,0,0,1.12966883954814e-158,0,0,2.08527437729902e-245,0,2.13115877519994,4.94065645841247e-324,-4.94065645841247e-324,13.320395414246,0,0,NA
0,1,0,1,0,1,1,1,1,0,0,0,0,1.60907223256449e-93,0,1.56249777564497e-252,0,2.13115877519994,4.94065645841247e-324,4.94065645841247e-324,13.320395414246,0,0,NA
1,1,0,1,0,1,1,1,1,0,0,0,7.67161316505533e-162,1.1864194352764e-93,0,2.71299679627064e-253,0,2.13115877519994,4.94065645841247e-324,0,13.320395414246,0,0,NA
0,0,1,1,0,1,1,1,1,0,0,0,0,0,5.16811497171849e-171,2.95983571467567e-245,0,2.13115877519994,4.94065645841247e-324,4.94065645841247e-324,13.320395414246,0,0,NA
1,0,1,1,0,1,1,1,1,0,0,0,7.33172208578824e-159,0,2.82357837204609e-171,2.79603398641467e-246,0,2.13115877519994,4.94065645841247e-324,-4.94065645841247e-324,13.320395414246,0,0,NA
0,1,1,1,0,1,1,1,1,0,0,0,0,9.16579140520838e-94,1.2106319321651e-174,1.2359016042073e-252,0,2.13115877519994,4.94065645841247e-324,4.94065645841247e-324,13.320395414246,0,0,NA
1,1,1,1,0,1,1,1,1,0,0,0,7.77538026958307e-162,6.15651413667934e-94,7.48573623028586e-175,1.54541268002155e-253,0,2.13115877519994,4.94065645841247e-324,0,13.320395414246,0,0,NA
0,0,0,0,1,1,1,1,1,0,0,0,0,0,0,0,1.6407885189669e-42,2.13115877519994,4.94065645841247e-324,4.94065645841247e-324,13.320395414246,0,0,NA
1,0,0,0,1,1,1,1,1,0,0,0,1.53227860877913e-161,0,0,0,1.0958966904832e-42,2.13115877519994,4.94065645841247e-324,0,13.320395414246,0,0,NA
0,1,0,0,1,1,1,1,1,0,0,0,0,1.77140123570639e-93,0,0,4.62339182415425e-43,2.13115877519994,4.94065645841247e-324,0,13.320395414246,0,0,NA
1,1,0,0,1,1,1,1,1,0,0,0,8.3320429112911e-162,1.40009188407383e-93,0,0,1.8016365725017e-43,2.13115877519994,4.94065645841247e-324,-4.94065645841247e-324,13.320395414246,0,0,NA
0,0,1,0,1,1,1,1,1,0,0,0,0,0,4.1962427822458e-174,0,7.99805068759009e-43,2.13115877519994,4.94065645841247e-324,-4.94065645841247e-324,13.320395414246,0,0,NA
1,0,1,0,1,1,1,1,1,0,0,0,1.26049057281396e-161,0,2.43624858890498e-174,0,2.53164017239988e-43,2.13115877519994,4.94065645841247e-324,0,13.320395414246,0,0,NA
0,1,1,0,1,1,1,1,1,0,0,0,0,8.48849421701294e-94,1.98173786486091e-174,0,3.8437130181974e-43,2.13115877519994,4.94065645841247e-324,0,13.320395414246,0,0,NA
1,1,1,0,1,1,1,1,1,0,0,0,8.73333696031799e-162,6.22500091446538e-94,1.17672536032543e-174,0,9.83679556332565e-44,2.13115877519994,4.94065645841247e-324,-4.94065645841247e-324,13.320395414246,0,0,NA
0,0,0,1,1,1,1,1,1,0,0,0,0,0,0,1.0138174580267e-251,1.08546084183159e-42,2.13115877519994,-4.94065645841247e-324,0,13.320395414246,0,0,0.401179178573807
1,0,0,1,1,1,1,1,1,0,0,0,1.13716793586493e-161,0,0,3.27741296603062e-252,6.42436717543536e-43,2.13115877519994,4.94065645841247e-324,-4.94065645841247e-324,13.320395414246,0,0,NA
0,1,0,1,1,1,1,1,1,0,0,0,0,1.3547863555082e-93,0,1.26811243986231e-252,2.77845318505799e-43,2.13115877519994,4.94065645841247e-324,-4.94065645841247e-324,13.320395414246,0,0,NA
1,1,0,1,1,1,1,1,1,0,0,0,6.41702281200602e-162,1.11933263693632e-93,0,3.24248637392593e-253,1.04662971433068e-43,2.13115877519994,4.94065645841247e-324,0,13.320395414246,0,0,NA
0,0,1,1,1,1,1,1,1,0,0,0,0,0,2.18722490750583e-174,3.23437456670484e-252,5.90715815386743e-43,2.13115877519994,-4.94065645841247e-324,-4.94065645841247e-324,13.320395414246,0,0,0.401179178573807
1,0,1,1,1,1,1,1,1,0,0,0,9.84690868710051e-162,0,1.52528175052275e-174,5.92958760777038e-253,1.85844370335583e-43,2.13115877519994,4.94065645841247e-324,4.94065645841247e-324,13.320395414246,0,0,NA
0,1,1,1,1,1,1,1,1,0,0,0,0,7.87650933162021e-94,1.07360136661601e-174,9.79407063957271e-253,2.4303077613398e-43,2.13115877519994,4.94065645841247e-324,0,13.320395414246,0,0,NA
1,1,1,1,1,1,1,1,1,0,0,0,6.85589990682553e-162,5.94649037287785e-94,7.49810655732981e-175,1.81449263449175e-253,6.58945668731035e-44,2.13115877519994,4.94065645841247e-324,4.94065645841247e-324,13.320395414246,0,0,NA
0,0,0,0,0,0,0,0,0,1,0,0,0,0,0,0,0,0,0,0,0,1.51329828761776,0,0
1,0,0,0,0,0,0,0,0,1,0,0,1.46843422292451,0,0,0,0,0,0,0,0,1.58120792484751,0,0.692463289479756
0,1,0,0,0,0,0,0,0,1,0,0,0,2.72940607637992,0,0,0,0,0,0,0,1.82698181217168,0,0.673403621708724
1,1,0,0,0,0,0,0,0,1,0,0,2.98061625236872,5.46898194785882,0,0,0,0,0,0,0,2.27967657303827,0,1.02842499437382
0,0,1,0,0,0,0,0,0,1,0,0,0,0,3.83327975277871,0,0,0,0,0,0,1.39440735935665,0,0.579984331484709
1,0,1,0,0,0,0,0,0,1,0,0,5.60286091646033e+79,0,8.50762516579292e+79,0,0,0,0,0,0,0.156312508186936,0,0.671806056515165
0,1,1,0,0,0,0,0,0,1,0,0,0,1.20479528814058e-188,3.83327975277871,0,0,0,0,0,0,1.39440735935665,0,0.579984331484709
1,1,1,0,0,0,0,0,0,1,0,0,6.17045950845068e+78,0,9.36949129762913e+78,0,0,0,0,0,0,0.163323908328851,0,0.671806056515165
0,0,0,1,0,0,0,0,0,1,0,0,0,0,0,0.448056069666161,0,0,0,0,0,1.42238112771558,0,0.550556244447412
1,0,0,1,0,0,0,0,0,1,0,0,1.59444161676341,0,0,0.112199185491557,0,0,0,0,0,1.56426843622471,0,0.818719263088386
0,1,0,1,0,0,0,0,0,1,0,0,0,2.72940607637993,0,6.38029655501572e-44,0,0,0,0,0,1.82698181217168,0,0.673403621708724
1,1,0,1,0,0,0,0,0,1,0,0,2.98061625236872,5.46898194785882,0,1.97626258336499e-323,0,0,0,0,0,2.27967657303827,0,NA
0,0,1,1,0,0,0,0,0,1,0,0,0,0,3.8332797527787,1.38802242887886e-70,0,0,0,0,0,1.39440735935664,0,0.579984331484708
1,0,1,1,0,0,0,0,0,1,0,0,2.05191247545282e+74,0,3.11571221817792e+74,0,0,0,0,0,0,0.18099698598836,0,0.671806056515164
0,1,1,1,0,0,0,0,0,1,0,0,0,2.04514688795528e-192,3.8332797527787,1.11831322187423e-70,0,0,0,0,0,1.39440735935664,0,0.579984331484708
1,1,1,1,0,0,0,0,0,1,0,0,6.88528584977919e+73,0,1.04549143808245e+74,0,0,0,0,0,0,0.187507067732336,0,0.671806056515163
0,0,0,0,1,0,0,0,0,1,0,0,0,0,0,0,0.193288579020924,0,0,0,0,1.73903134003391,0,0.325147313356126
1,0,0,0,1,0,0,0,0,1,0,0,1.46843422291371,0,0,0,8.91206566800047e-12,0,0,0,0,1.58120792485818,0,0.692463289558008
0,1,0,0,1,0,0,0,0,1,0,0,0,2.72940607637992,0,0,3.22513609309429e-172,0,0,0,0,1.82698181217168,0,0.673403621708724
1,1,0,0,1,0,0,0,0,1,0,0,2.98061625236872,5.46898194785882,0,0,1.48219693752374e-323,0,0,0,0,2.27967657303827,0,NA
0,0,1,0,1,0,0,0,0,1,0,0,0,0,3.83327975277871,0,1.75070290432659e-164,0,0,0,0,1.39440735935665,0,0.579984331484709
1,0,1,0,1,0,0,0,0,1,0,0,6.37544023550165e+93,0,9.6807428560676e+93,0,0,0,0,0,0,0.107881490521603,0,0.671806056515163
0,1,1,0,1,0,0,0,0,1,0,0,0,9.31198925069941e-189,3.83327975277871,0,1.231823771694e-164,0,0,0,0,1.39440735935665,0,0.579984331484709
1,1,1,0,1,0,0,0,0,1,0,0,1.96192289516937e+104,0,2.97906816627418e+104,0,0,0,0,0,0,0.0804064613668306,0,0.671806056515162
0,0,0,1,1,0,0,0,0,1,0,0,0,0,0,0.416347526480312,0.133447614328454,0,0,0,0,1.58466273375141,0,0.713261800544827
1,0,0,1,1,0,0,0,0,1,0,0,1.5944416167634,0,0,0.112199185491557,9.09396851420375e-28,0,0,0,0,1.56426843622472,0,0.818719263088386
0,1,0,1,1,0,0,0,0,1,0,0,0,2.72940607637993,0,6.33804242714899e-44,5.40307231952742e-176,0,0,0,0,1.82698181217168,0,0.673403621708724
1,1,0,1,1,0,0,0,0,1,0,0,2.98061625236872,5.46898194785882,0,1.97626258336499e-323,1.48219693752374e-323,0,0,0,0,2.27967657303827,0,NA
0,0,1,1,1,0,0,0,0,1,0,0,0,0,3.8332797527787,1.13002891542757e-70,1.69882512200628e-167,0,0,0,0,1.39440735935664,0,0.579984331484708
1,0,1,1,1,0,0,0,0,1,0,0,2.45842253595308e+100,0,3.73297459045985e+100,0,0,0,0,0,0,0.088503229122393,0,0.671806056515165
0,1,1,1,1,0,0,0,0,1,0,0,0,1.63514714448309e-192,3.8332797527787,9.56186908163029e-71,1.05112421967071e-167,0,0,0,0,1.39440735935664,0,0.579984331484708
1,1,1,1,1,0,0,0,0,1,0,0,1.92362794078714e+100,0,2.92091945930409e+100,0,0,0,0,0,0,0.089799313105786,0,0.671806056515164
0,0,0,0,0,1,0,0,0,1,0,0,0,0,0,0,0,1.16956601068974,0,0,0,1.14173752063456,0,0.693074695948145
1,0,0,0,0,1,0,0,0,1,0,0,0.893523213152898,0,0,0,0,1.21294731179468,0,0,0,1.16927780038778,0,1.08994951657026
0,1,0,0,0,1,0,0,0,1,0,0,0,2.31682582325148,0,0,0,1.32833220811125,0,0,0,1.35756565702661,0,1.062533374527
1,1,0,0,0,1,0,0,0,1,0,0,1.83325263036388,3.9396383242927,0,0,0,1.52854538496677,0,0,0,1.56524644890271,0,1.29554306097461
0,0,1,0,0,1,0,0,0,1,0,0,0,0,3.21187032618372,0,0,1.26689445223122,0,0,0,1.01119950632896,0,0.963617976546662
1,0,1,0,0,1,0,0,0,1,0,0,1.35451633351784e+71,0,2.08691368586397e+71,0,0,1.07236521900873e+70,0,0,0,2.69954595323348e-48,0,0.785572859323325
0,1,1,0,0,1,0,0,0,1,0,0,0,2.98073085805685e-159,3.21187032618372,0,0,1.26689445223122,0,0,0,1.01119950632896,0,0.963617976546662
1,1,1,0,0,1,0,0,0,1,0,0,8.88460014500592e+103,0,1.36885714680805e+104,0,0,7.03390276258983e+102,0,0,0,7.100703090442e-71,0,0.785572859323329
0,0,0,1,0,1,0,0,0,1,0,0,0,0,0,0.590648713233664,0,1.46686381943168,0,0,0,0.927437336466985,0,1.03290045461111
1,0,0,1,0,1,0,0,0,1,0,0,1.18278089605024,0,0,0.334556817892041,0,1.39538723176223,0,0,0,1.05680885411457,0,1.28908508042778
0,1,0,1,0,1,0,0,0,1,0,0,0,2.40820234797618,0,0.0799726414638875,0,1.37484753174848,0,0,0,1.33706219227964,0,1.12165245817539
1,1,0,1,0,1,0,0,0,1,0,0,1.83325263036388,3.9396383242927,0,1.40586151287308e-209,0,1.52854538496677,0,0,0,1.56524644890271,0,1.29554306097461
0,0,1,1,0,1,0,0,0,1,0,0,0,0,3.20240717893719,0.0331233089881044,0,1.28328001781293,0,0,0,0.99956625497954,0,0.995181451853153
1,0,1,1,0,1,0,0,0,1,0,0,3.48404725342411e+103,0,5.36789827885227e+103,4.94065645841247e-324,0,2.75830641794623e+102,0,0,0,1.31218629324367e-70,0,NA
0,1,1,1,0,1,0,0,0,1,0,0,0,2.89495730226385e-156,3.20240717893722,0.0331233089880033,0,1.28328001781288,0,0,0,0.999566254979581,0,0.995181451853076
1,1,1,1,0,1,0,0,0,1,0,0,2.6721047501063e+103,0,4.11693224737713e+103,0,0,2.11549475237391e+102,0,0,0,1.60501428481732e-70,0,0.785572859323326
0,0,0,0,1,1,0,0,0,1,0,0,0,0,0,0,0.603895797632298,1.22644338659068,0,0,0,1.82893086786037,0,1.01033598017933
1,0,0,0,1,1,0,0,0,1,0,0,0.250641749089977,0,0,0,0.570534248701691,1.23547012652745,0,0,0,1.79869294890903,0,1.18081257938771
0,1,0,0,1,1,0,0,0,1,0,0,0,2.19556760527352,0,0,0.189097941164312,1.33783270741458,0,0,0,1.5614505362792,0,1.19212439297783
1,1,0,0,1,1,0,0,0,1,0,0,1.83325263036389,3.93963832429271,0,0,7.91058314641083e-173,1.52854538496677,0,0,0,1.56524644890271,0,1.29554306097461
0,0,1,0,1,1,0,0,0,1,0,0,0,0,3.24801777542459,0,0.161680589915273,1.28321755781496,0,0,0,1.19371217169378,0,1.08246271375815
1,0,1,0,1,1,0,0,0,1,0,0,5.0426021142681e+105,0,7.76917568598205e+105,0,0,3.99220813129416e+104,0,0,0,4.55647152689982e-72,0,0.785572859323325
0,1,1,0,1,1,0,0,0,1,0,0,0,2.93316973054259e-167,3.24801777542459,0,0.161680589915273,1.28321755781496,0,0,0,1.19371217169378,0,1.08246271375815
1,1,1,0,1,1,0,0,0,1,0,0,2.51187055897647e+103,0,3.87005820227534e+103,0,4.94065645841247e-324,1.98863797758918e+102,0,0,0,1.74965881869463e-70,0,NA
0,0,0,1,1,1,0,0,0,1,0,0,0,0,0,0.442865284688814,0.615230850381492,1.45042329453594,0,0,0,1.68114825986486,0,1.25286888134273
1,0,0,1,1,1,0,0,0,1,0,0,0.581255168247932,0,0,0.336253597041294,0.53513445613648,1.41743786371398,0,0,0,1.64660043072248,0,1.44152957770385
0,1,0,1,1,1,0,0,0,1,0,0,0,2.27923638960532,0,0.0652934870901819,0.17496198107168,1.37509983402345,0,0,0,1.5294691743867,0,1.23316784871456
1,1,0,1,1,1,0,0,0,1,0,0,1.83325263036389,3.93963832429271,0,4.30427455209254e-209,2.36903228511079e-173,1.52854538496677,0,0,0,1.56524644890271,0,1.29554306097461
0,0,1,1,1,1,0,0,0,1,0,0,0,0,3.24801766170435,3.99195174256566e-07,0.161680620325452,1.28321776179995,0,0,0,1.19371205981422,0,1.08246385546227
1,0,1,1,1,1,0,0,0,1,0,0,8.47089365838671e+73,0,1.30511707166153e+74,0,0,6.70637297490797e+72,0,0,0,3.31678257861937e-50,0,0.785572859323328
0,1,1,1,1,1,0,0,0,1,0,0,0,8.57143890123517e-167,3.24801766250029,3.96401168183776e-07,0.161680620112607,1.28321776037224,0,0,0,1.19371206059727,0,1.08246384794434
1,1,1,1,1,1,0,0,0,1,0,0,2.69784715095802e+99,0,4.1565937614655e+99,0,4.94065645841247e-324,2.13587490922029e+98,0,0,0,9.33536839857198e-68,0,NA
0,0,0,0,0,0,1,0,0,1,0,0,0,0,0,0,0,0,0.269999504157217,0,0,1.78296052075537,0,0.389260652018201
1,0,0,0,0,0,1,0,0,1,0,0,1.46843422292452,0,0,0,0,0,2.48480306692827e-188,0,0,1.5812079248475,0,0.692463289479756
0,1,0,0,0,0,1,0,0,1,0,0,0,2.72940607637992,0,0,0,0,1.97626258336499e-323,0,0,1.82698181217168,0,0.673403621708724
1,1,0,0,0,0,1,0,0,1,0,0,2.98061625236872,5.46898194785882,0,0,0,0,4.94065645841247e-324,0,0,2.27967657303827,0,NA
0,0,1,0,0,0,1,0,0,1,0,0,0,0,3.83327975277871,0,0,0,9.88131291682493e-324,0,0,1.39440735935665,0,NA
1,0,1,0,0,0,1,0,0,1,0,0,2.13711819050326e+103,0,3.24509224321169e+103,0,0,0,0,0,0,0.0803686389552941,0,0.671806056515165
0,1,1,0,0,0,1,0,0,1,0,0,0,1.19606275570132e-188,3.83327975277871,0,0,0,9.88131291682493e-324,0,0,1.39440735935665,0,NA
1,1,1,0,0,0,1,0,0,1,0,0,4.46902804993344e+73,0,6.78596454046349e+73,0,0,0,0,0,0,0.190706945862144,0,0.671806056515164
0,0,0,1,0,0,1,0,0,1,0,0,0,0,0,0.505288156051653,0,0,0.175548649805593,0,0,1.58609725893595,0,0.78257375109906
1,0,0,1,0,0,1,0,0,1,0,0,1.59444161676341,0,0,0.112199185491557,0,0,9.38822070623005e-232,0,0,1.56426843622471,0,0.818719263088386
0,1,0,1,0,0,1,0,0,1,0,0,0,2.72940607637993,0,6.77794969452114e-44,0,0,1.97626258336499e-323,0,0,1.82698181217168,0,0.673403621708724
1,1,0,1,0,0,1,0,0,1,0,0,2.98061625236872,5.46898194785882,0,1.97626258336499e-323,0,0,4.94065645841247e-324,0,0,2.27967657303827,0,NA
0,0,1,1,0,0,1,0,0,1,0,0,0,0,3.8332797527787,1.43718937228031e-70,0,0,9.88131291682493e-324,0,0,1.39440735935664,0,NA
1,0,1,1,0,0,1,0,0,1,0,0,5.47639266917099e+73,0,8.31559033584553e+73,0,0,0,0,0,0,0.186059141539346,0,0.671806056515163
0,1,1,1,0,0,1,0,0,1,0,0,0,2.13376632188109e-192,3.8332797527787,1.16437806212372e-70,0,0,9.88131291682493e-324,0,0,1.39440735935664,0,NA
1,1,1,1,0,0,1,0,0,1,0,0,1.70601567693472e+103,0,2.59048763171813e+103,0,0,0,0,0,0,0.0812506514024101,0,0.671806056515163
0,0,0,0,1,0,1,0,0,1,0,0,0,0,0,0,0.205843619329426,0,0.191125759175025,0,0,1.94458082149186,0,0.572539091392509
1,0,0,0,1,0,1,0,0,1,0,0,1.46843422291368,0,0,0,8.9328005907308e-12,0,7.6459885990267e-192,0,0,1.5812079248582,0,0.692463289558183
0,1,0,0,1,0,1,0,0,1,0,0,0,2.72940607637992,0,0,3.89577580617646e-172,0,1.97626258336499e-323,0,0,1.82698181217168,0,0.673403621708724
1,1,0,0,1,0,1,0,0,1,0,0,2.98061625236872,5.46898194785882,0,0,1.48219693752374e-323,0,4.94065645841247e-324,0,0,2.27967657303827,0,NA
0,0,1,0,1,0,1,0,0,1,0,0,0,0,3.83327975277871,0,1.65918995404854e-164,0,9.88131291682493e-324,0,0,1.39440735935665,0,NA
1,0,1,0,1,0,1,0,0,1,0,0,6.70658484970739e+103,0,1.01835670909252e+104,0,0,0,0,0,0,0.08153852620375,0,0.671806056515165
0,1,1,0,1,0,1,0,0,1,0,0,0,9.09623824954292e-189,3.83327975277871,0,1.21058311578834e-164,0,9.88131291682493e-324,0,0,1.39440735935665,0,NA
1,1,1,0,1,0,1,0,0,1,0,0,9.22694298672167e+26,4.94065645841247e-324,1.40105873637789e+27,0,0,0,4.51013667430796e-08,0,0,0.743886000614503,0,NA
0,0,0,1,1,0,1,0,0,1,0,0,0,0,0,0.458807821575466,0.136023582246996,0,0.132116391508529,0,0,1.71100663102696,0,0.881843199194315
1,0,0,1,1,0,1,0,0,1,0,0,1.5944416167634,0,0,0.112199185491557,8.74570992623085e-28,0,1.78018887244746e-231,0,0,1.56426843622472,0,0.818719263088386
0,1,0,1,1,0,1,0,0,1,0,0,0,2.72940607637993,0,6.68769398418988e-44,5.64475983561955e-176,0,1.97626258336499e-323,0,0,1.82698181217168,0,0.673403621708724
1,1,0,1,1,0,1,0,0,1,0,0,2.98061625236872,5.46898194785882,0,1.97626258336499e-323,1.48219693752374e-323,0,4.94065645841247e-324,0,0,2.27967657303827,0,NA
0,0,1,1,1,0,1,0,0,1,0,0,0,0,3.8332797527787,1.15856532483089e-70,1.61335923950238e-167,0,9.88131291682493e-324,0,0,1.39440735935664,0,NA
1,0,1,1,1,0,1,0,0,1,0,0,4.7665614878022e+73,0,7.23775211852756e+73,0,0,0,0,0,0,0.192068429382863,0,0.671806056515163
0,1,1,1,1,0,1,0,0,1,0,0,0,1.66277178856773e-192,3.8332797527787,9.85153484084435e-71,1.02459388892965e-167,0,9.88131291682493e-324,0,0,1.39440735935664,0,NA
1,1,1,1,1,0,1,0,0,1,0,0,3.24810809324248e+103,0,4.93206712915217e+103,0,0,0,0,0,0,0.0823327749411449,0,0.671806056515165
0,0,0,0,0,1,1,0,0,1,0,0,0,0,0,0,0,1.14701587480956,0.0691119704880124,0,0,1.2179271381373,0,0.802142892354654
1,0,0,0,0,1,1,0,0,1,0,0,0.893523213152896,0,0,0,0,1.21294731179468,2.22209656373542e-171,0,0,1.16927780038777,0,1.08994951657026
0,1,0,0,0,1,1,0,0,1,0,0,0,2.31682582325148,0,0,0,1.32833220811125,1.97626258336499e-323,0,0,1.35756565702661,0,1.062533374527
1,1,0,0,0,1,1,0,0,1,0,0,1.83325263036388,3.93963832429271,0,0,0,1.52854538496677,4.94065645841247e-324,0,0,1.56524644890271,0,NA
0,0,1,0,0,1,1,0,0,1,0,0,0,0,3.21187032618372,0,0,1.26689445223122,9.88131291682493e-324,0,0,1.01119950632896,0,NA
1,0,1,0,0,1,1,0,0,1,0,0,8.02002566590135e+74,0,1.23565149485359e+75,0,0,6.34942257014602e+73,0,0,0,6.91351696148139e-51,0,0.785572859323327
0,1,1,0,0,1,1,0,0,1,0,0,0,2.93010495042298e-159,3.21187032618372,0,0,1.26689445223122,9.88131291682493e-324,0,0,1.01119950632896,0,NA
1,1,1,0,0,1,1,0,0,1,0,0,9.96302480698212e+74,0,1.5350108601713e+75,0,0,7.88768729822577e+73,0,0,0,6.00251331090804e-51,0,0.785572859323321
0,0,0,1,0,1,1,0,0,1,0,0,0,0,0,0.590648713233667,0,1.46686381943169,1.06051169103829e-50,0,0,0.927437336466984,0,1.03290045461111
1,0,0,1,0,1,1,0,0,1,0,0,1.18278089605024,0,0,0.334556817892041,0,1.39538723176223,1.67871290772891e-283,0,0,1.05680885411457,0,1.28908508042778
0,1,0,1,0,1,1,0,0,1,0,0,0,2.40820234797618,0,0.0799726414638875,0,1.37484753174848,1.97626258336499e-323,0,0,1.33706219227964,0,1.12165245817539
1,1,0,1,0,1,1,0,0,1,0,0,1.83325263036388,3.9396383242927,0,2.46320860538764e-214,0,1.52854538496677,4.94065645841247e-324,0,0,1.56524644890271,0,NA
0,0,1,1,0,1,1,0,0,1,0,0,0,0,3.20240717893719,0.0331233089881062,0,1.28328001781294,9.88131291682493e-324,0,0,0.999566254979539,0,NA
1,0,1,1,0,1,1,0,0,1,0,0,2.51424759926175e+74,0,3.87372052644256e+74,0,0,1.99051987097271e+73,0,0,0,1.50616702520965e-50,0,0.785572859323327
0,1,1,1,0,1,1,0,0,1,0,0,0,3.00652060122578e-156,3.20240717893722,0.0331233089880099,0,1.28328001781289,9.88131291682493e-324,0,0,0.999566254979578,0,NA
1,1,1,1,0,1,1,0,0,1,0,0,5.94443317047498e+74,0,9.15863369912197e+74,0,0,4.70618420833911e+73,0,0,0,8.4625789213783e-51,0,0.785572859323328
0,0,0,0,1,1,1,0,0,1,0,0,0,0,0,0,0.603895797632297,1.22644338659067,3.30073696596473e-90,0,0,1.82893086786037,0,1.01033598017933
1,0,0,0,1,1,1,0,0,1,0,0,0.250641749089977,0,0,0,0.570534248701691,1.23547012652745,1.83196806526172e-141,0,0,1.79869294890903,0,1.18081257938771
0,1,0,0,1,1,1,0,0,1,0,0,0,2.19556760527352,0,0,0.189097941164312,1.33783270741458,1.97626258336499e-323,0,0,1.5614505362792,0,1.19212439297783
1,1,0,0,1,1,1,0,0,1,0,0,1.83325263036389,3.93963832429271,0,0,1.03690320162647e-172,1.52854538496677,4.94065645841247e-324,0,0,1.56524644890271,0,NA
0,0,1,0,1,1,1,0,0,1,0,0,0,0,3.24801777542459,0,0.161680589915273,1.28321755781496,9.88131291682493e-324,0,0,1.19371217169378,0,NA
1,0,1,0,1,1,1,0,0,1,0,0,1.50564112850655e+74,0,2.31975281458536e+74,0,0,1.19201012093098e+73,0,0,0,2.2721098396693e-50,0,0.785572859323338
0,1,1,0,1,1,1,0,0,1,0,0,0,2.87523362587719e-167,3.24801777542459,0,0.161680589915273,1.28321755781496,9.88131291682493e-324,0,0,1.19371217169378,0,NA
1,1,1,0,1,1,1,0,0,1,0,0,7.08043595189859e+73,0,1.0908881882232e+74,0,0,5.60555311320218e+72,0,0,0,3.81335894378623e-50,0,0.785572859323319
0,0,0,1,1,1,1,0,0,1,0,0,0,0,0,0.442865284688814,0.615230850381492,1.45042329453594,3.32633122425035e-151,0,0,1.68114825986487,0,1.25286888134272
1,0,0,1,1,1,1,0,0,1,0,0,0.581255168247932,0,0,0.336253597041294,0.53513445613648,1.41743786371398,2.42150696848556e-255,0,0,1.64660043072248,0,1.44152957770385
0,1,0,1,1,1,1,0,0,1,0,0,0,2.27923638960532,0,0.0652934870901819,0.17496198107168,1.37509983402345,1.97626258336499e-323,0,0,1.5294691743867,0,1.23316784871456
1,1,0,1,1,1,1,0,0,1,0,0,1.83325263036389,3.93963832429271,0,5.23862857621928e-209,2.67921710627842e-173,1.52854538496677,4.94065645841247e-324,0,0,1.56524644890271,0,NA
0,0,1,1,1,1,1,0,0,1,0,0,0,0,3.24801766137774,4.00341679885855e-07,0.161680620412792,1.2832177623858,9.88131291682493e-324,0,0,1.19371205949289,0,NA
1,0,1,1,1,1,1,0,0,1,0,0,1.20859999543438e+74,0,1.86209926657476e+74,0,0,9.56843831799263e+72,0,0,0,2.61018803901458e-50,0,0.785572859323325
0,1,1,1,1,1,1,0,0,1,0,0,0,8.75148175084881e-167,3.248017662153,3.97620247487899e-07,0.161680620205475,1.28321776099518,9.88131291682493e-324,0,0,1.19371206025561,0,NA
1,1,1,1,1,1,1,0,0,1,0,0,9.101959505811e+74,0,1.40234586994779e+75,0,0,7.20598530806058e+73,0,0,0,6.51490935054008e-51,0,0.785572859323333
0,0,0,0,0,0,0,1,0,1,0,0,0,0,0,0,0,0,0,4.94065645841247e-324,0,1.51329828761776,0,3.67584840505887e-321
1,0,0,0,0,0,0,1,0,1,0,0,1.46843422292451,0,0,0,0,0,0,4.94065645841247e-324,0,1.58120792484751,0,NA
0,1,0,0,0,0,0,1,0,1,0,0,0,2.72940607637992,0,0,0,0,0,4.94065645841247e-324,0,1.82698181217168,0,NA
1,1,0,0,0,0,0,1,0,1,0,0,2.98061625236872,5.46898194785882,0,0,0,0,0,0,0,2.27967657303827,0,1.02842499437382
0,0,1,0,0,0,0,1,0,1,0,0,0,0,3.8332797527787,0,0,0,0,0,0,1.39440735935664,0,0.579984331484708
1,0,1,0,0,0,0,1,0,1,0,0,4.8725922880405e+103,0,7.39875384923374e+103,0,0,0,0,1.63553867527217e-265,0,0.0782843308924539,0,NA
0,1,1,0,0,0,0,1,0,1,0,0,0,1.18858890891769e-188,3.83327975277871,0,0,0,0,0,0,1.39440735935665,0,0.579984331484709
1,1,1,0,0,0,0,1,0,1,0,0,4.85940344806838e+75,0,7.37872734696502e+75,0,0,0,0,0,0,0.17786537464443,0,0.671806056515165
0,0,0,1,0,0,0,1,0,1,0,0,0,0,0,0.448056069666161,0,0,0,4.94065645841247e-324,0,1.42238112771558,0,0.550556244447412
1,0,0,1,0,0,0,1,0,1,0,0,1.59444161676341,0,0,0.112199185491557,0,0,0,4.94065645841247e-324,0,1.56426843622471,0,NA
0,1,0,1,0,0,0,1,0,1,0,0,0,2.72940607637993,0,6.41138657692939e-44,0,0,0,-4.94065645841247e-324,0,1.82698181217168,0,0.673403621708724
1,1,0,1,0,0,0,1,0,1,0,0,2.98061625236872,5.46898194785881,0,1.97626258336499e-323,0,0,0,0,0,2.27967657303827,0,NA
0,0,1,1,0,0,0,1,0,1,0,0,0,0,3.8332797527787,1.38710872692411e-70,0,0,0,1.7437090003898e-180,0,1.39440735935664,0,0.579984331484708
1,0,1,1,0,0,0,1,0,1,0,0,1.18217698586373e+74,0,1.79506841688828e+74,0,0,0,0,0,0,0.181525599363769,0,0.671806056515163
0,1,1,1,0,0,0,1,0,1,0,0,0,1.99597910159917e-192,3.8332797527787,1.11890278687844e-70,0,0,0,-2.86980547880033e-186,0,1.39440735935664,0,0.579984331484708
1,1,1,1,0,0,0,1,0,1,0,0,2.0703002092854e+103,0,3.14363294464766e+103,0,0,0,0,0,0,0.0801838722932892,0,0.671806056515162
0,0,0,0,1,0,0,1,0,1,0,0,0,0,0,0,0.193288579020924,0,0,4.94065645841247e-324,0,1.73903134003391,0,0.325147313356126
1,0,0,0,1,0,0,1,0,1,0,0,1.46843422291365,0,0,0,8.96145398509753e-12,0,0,-4.94065645841247e-324,0,1.58120792485824,0,0.692463289558425
0,1,0,0,1,0,0,1,0,1,0,0,0,2.72940607637992,0,0,3.33064751017049e-172,0,0,4.94065645841247e-324,0,1.82698181217168,0,NA
1,1,0,0,1,0,0,1,0,1,0,0,2.98061625236872,5.46898194785882,0,0,1.48219693752374e-323,0,0,0,0,2.27967657303827,0,NA
0,0,1,0,1,0,0,1,0,1,0,0,0,0,3.83327975277871,0,1.82642591543304e-164,0,0,0,0,1.39440735935665,0,0.579984331484709
1,0,1,0,1,0,0,1,0,1,0,0,6.58848929976661e+73,0,1.0004245724997e+74,0,0,0,0,0,0,0.190614338086708,0,0.671806056515167
0,1,1,0,1,0,0,1,0,1,0,0,0,9.22390455231498e-189,3.83327975277871,0,1.28225699067806e-164,0,0,0,0,1.39440735935665,0,0.579984331484709
1,1,1,0,1,0,0,1,0,1,0,0,1.62478860788052e+103,0,2.46714895400815e+103,0,0,0,0,7.79698782179649e-264,0,0.0826296514697932,0,NA
0,0,0,1,1,0,0,1,0,1,0,0,0,0,0,0.416347526480312,0.133447614328454,0,0,4.94065645841247e-324,0,1.58466273375141,0,NA
1,0,0,1,1,0,0,1,0,1,0,0,1.5944416167634,0,0,0.112199185491557,9.26546155851285e-28,0,0,0,0,1.56426843622472,0,0.818719263088386
0,1,0,1,1,0,0,1,0,1,0,0,0,2.72940607637993,0,6.36168915904098e-44,5.67118727399298e-176,0,0,0,0,1.82698181217168,0,0.673403621708724
1,1,0,1,1,0,0,1,0,1,0,0,2.98061625236872,5.46898194785882,0,1.97626258336499e-323,1.48219693752374e-323,0,0,0,0,2.27967657303827,0,NA
0,0,1,1,1,0,0,1,0,1,0,0,0,0,3.8332797527787,1.13052348806972e-70,1.75908278799856e-167,0,0,-8.56938091522033e-181,0,1.39440735935664,0,0.579984331484708
1,0,1,1,1,0,0,1,0,1,0,0,5.99005847573996e+101,0,9.09556260500065e+101,0,0,0,0,1.16144787319326e-254,0,0.084706464749933,0,NA
0,1,1,1,1,0,0,1,0,1,0,0,0,1.60297979475076e-192,3.8332797527787,9.57402746028377e-71,1.0932666245306e-167,0,0,-1.06090948238292e-184,0,1.39440735935664,0,0.579984331484708
1,1,1,1,1,0,0,1,0,1,0,0,5.65267057167417e+74,0,8.58325829010494e+74,0,0,0,0,0,0,0.186193315639502,0,0.671806056515163
0,0,0,0,0,1,0,1,0,1,0,0,0,0,0,0,0,1.16956601068974,0,9.88131291682493e-324,0,1.14173752063456,0,0.693074695948145
1,0,0,0,0,1,0,1,0,1,0,0,0.893523213152898,0,0,0,0,1.21294731179468,0,4.94065645841247e-324,0,1.16927780038778,0,NA
0,1,0,0,0,1,0,1,0,1,0,0,0,2.31682582325148,0,0,0,1.32833220811125,0,4.94065645841247e-324,0,1.35756565702661,0,NA
1,1,0,0,0,1,0,1,0,1,0,0,1.83325263036388,3.9396383242927,0,0,0,1.52854538496677,0,0,0,1.56524644890271,0,1.29554306097461
0,0,1,0,0,1,0,1,0,1,0,0,0,0,3.21187032618372,0,0,1.26689445223122,0,-4.94065645841247e-324,0,1.01119950632896,0,0.963617976546662
1,0,1,0,0,1,0,1,0,1,0,0,8.22800070201263e+73,0,1.26769436790272e+74,0,0,6.51407558290818e+72,0,0,0,3.26490009230069e-50,0,0.785572859323339
0,1,1,0,0,1,0,1,0,1,0,0,0,2.9465073030984e-159,3.21187032618372,0,0,1.26689445223122,0,-4.94065645841247e-324,0,1.01119950632896,0,0.963617976546662
1,1,1,0,0,1,0,1,0,1,0,0,2.33657437433286e+74,0,3.59997802844503e+74,0,0,1.84985668216645e+73,0,0,0,1.6112867063084e-50,0,0.785572859323327
0,0,0,1,0,1,0,1,0,1,0,0,0,0,0,0.590648713233664,0,1.46686381943168,0,4.94065645841247e-324,0,0.927437336466985,0,NA
1,0,0,1,0,1,0,1,0,1,0,0,1.18278089605023,0,0,0.334556817892041,0,1.39538723176223,0,4.94065645841247e-324,0,1.05680885411458,0,NA
0,1,0,1,0,1,0,1,0,1,0,0,0,2.40820234797618,0,0.0799726414638875,0,1.37484753174848,0,0,0,1.33706219227964,0,1.12165245817539
1,1,0,1,0,1,0,1,0,1,0,0,1.83325263036388,3.9396383242927,0,1.45223117936003e-209,0,1.52854538496677,0,0,0,1.56524644890271,0,1.29554306097461
0,0,1,1,0,1,0,1,0,1,0,0,0,0,3.20240717893719,0.0331233089881065,0,1.28328001781294,0,-4.94065645841247e-324,0,0.999566254979539,0,0.995181451853155
1,0,1,1,0,1,0,1,0,1,0,0,8.23440030268044e+73,0,1.26868035927746e+74,0,0,6.51914212142119e+72,0,0,0,3.20451951799819e-50,0,0.785572859323324
0,1,1,1,0,1,0,1,0,1,0,0,0,2.83747557101251e-156,3.20240717893722,0.0331233089880061,0,1.28328001781288,0,-4.94065645841247e-324,0,0.99956625497958,0,0.995181451853078
1,1,1,1,0,1,0,1,0,1,0,0,7.03732699531461e+73,0,1.08424635827605e+74,0,0,5.57142392293494e+72,0,0,0,3.64004902795844e-50,0,0.78557285932334
0,0,0,0,1,1,0,1,0,1,0,0,0,0,0,0,0.603895797632298,1.22644338659068,0,4.94065645841247e-324,0,1.82893086786037,0,NA
1,0,0,0,1,1,0,1,0,1,0,0,0.250641749089977,0,0,0,0.570534248701691,1.23547012652745,0,4.94065645841247e-324,0,1.79869294890903,0,NA
0,1,0,0,1,1,0,1,0,1,0,0,0,2.19556760527352,0,0,0.189097941164312,1.33783270741458,0,0,0,1.5614505362792,0,1.19212439297783
1,1,0,0,1,1,0,1,0,1,0,0,1.83325263036389,3.93963832429271,0,0,8.16577335491967e-173,1.52854538496677,0,0,0,1.56524644890271,0,1.29554306097461
0,0,1,0,1,1,0,1,0,1,0,0,0,0,3.24801777542459,0,0.161680589915273,1.28321755781496,0,9.88131291682493e-324,0,1.19371217169378,0,NA
1,0,1,0,1,1,0,1,0,1,0,0,8.38245669574484e+73,0,1.2914915211158e+74,0,0,6.63635778168661e+72,0,0,0,3.37631416714239e-50,0,0.785572859323321
0,1,1,0,1,1,0,1,0,1,0,0,0,2.89703224640691e-167,3.24801777542459,0,0.161680589915273,1.28321755781496,0,-4.94065645841247e-324,0,1.19371217169378,0,1.08246271375815
1,1,1,0,1,1,0,1,0,1,0,0,9.25252899697169e+73,0,1.42554422673404e+74,0,0,7.32519057814035e+72,0,0,0,3.15193737152781e-50,0,0.785572859323327
0,0,0,1,1,1,0,1,0,1,0,0,0,0,0,0.442865284688814,0.615230850381493,1.45042329453594,0,4.94065645841247e-324,0,1.68114825986486,0,NA
1,0,0,1,1,1,0,1,0,1,0,0,0.581255168247932,0,0,0.336253597041294,0.53513445613648,1.41743786371398,0,0,0,1.64660043072248,0,1.44152957770385
0,1,0,1,1,1,0,1,0,1,0,0,0,2.27923638960532,0,0.0652934870901819,0.17496198107168,1.37509983402345,0,4.94065645841247e-324,0,1.5294691743867,0,NA
1,1,0,1,1,1,0,1,0,1,0,0,1.83325263036389,3.93963832429271,0,4.45603478447665e-209,2.50848279164357e-173,1.52854538496677,0,0,0,1.56524644890271,0,1.29554306097461
0,0,1,1,1,1,0,1,0,1,0,0,0,0,3.24801766176347,3.9898761958856e-07,0.161680620309641,1.28321776169389,0,0,0,1.19371205987239,0,1.08246385490391
1,0,1,1,1,1,0,1,0,1,0,0,8.23383654994946e+73,0,1.26859350146255e+74,0,0,6.51869580061614e+72,0,0,0,3.37342588079209e-50,0,0.785572859323329
0,1,1,1,1,1,0,1,0,1,0,0,0,8.36881775066064e-167,3.24801766256565,3.96171742520579e-07,0.161680620095129,1.283217760255,0,0,0,1.19371206066157,0,1.08246384732687
1,1,1,1,1,1,0,1,0,1,0,0,1.1539347892786e+74,0,1.77787616490805e+74,0,0,9.13565604493423e+72,0,0,0,2.68132038533286e-50,0,0.785572859323322
0,0,0,0,0,0,1,1,0,1,0,0,0,0,0,0,0,0,0.269999504157215,4.94065645841247e-324,0,1.78296052075536,0,NA
1,0,0,0,0,0,1,1,0,1,0,0,1.46843422292452,0,0,0,0,0,2.25859696373772e-188,4.94065645841247e-324,0,1.5812079248475,0,NA
0,1,0,0,0,0,1,1,0,1,0,0,0,2.72940607637992,0,0,0,0,1.97626258336499e-323,4.94065645841247e-324,0,1.82698181217168,0,NA
1,1,0,0,0,0,1,1,0,1,0,0,2.98061625236872,5.46898194785882,0,0,0,0,4.94065645841247e-324,0,0,2.27967657303827,0,NA
0,0,1,0,0,0,1,1,0,1,0,0,0,0,3.83327975277871,0,0,0,9.88131291682493e-324,0,0,1.39440735935665,0,NA
1,0,1,0,0,0,1,1,0,1,0,0,4.26645717654212e+103,0,6.47837220754343e+103,0,0,0,0,9.88131291682493e-324,0,0.0792437776409726,0,NA
0,1,1,0,0,0,1,1,0,1,0,0,0,1.17408836215566e-188,3.83327975277871,0,0,0,9.88131291682493e-324,0,0,1.39440735935665,0,NA
1,1,1,0,0,0,1,1,0,1,0,0,6.09973155983291e+73,0,9.26209493627815e+73,0,0,0,0,0,0,0.189120281803845,0,0.671806056515161
0,0,0,1,0,0,1,1,0,1,0,0,0,0,0,0.505288156051653,0,0,0.175548649805593,4.94065645841247e-324,0,1.58609725893595,0,NA
1,0,0,1,0,0,1,1,0,1,0,0,1.59444161676341,0,0,0.112199185491557,0,0,9.10763096725291e-232,4.94065645841247e-324,0,1.56426843622471,0,NA
0,1,0,1,0,0,1,1,0,1,0,0,0,2.72940607637993,0,6.79304738445005e-44,0,0,1.97626258336499e-323,0,0,1.82698181217168,0,0.673403621708724
1,1,0,1,0,0,1,1,0,1,0,0,2.98061625236872,5.46898194785882,0,1.97626258336499e-323,0,0,4.94065645841247e-324,0,0,2.27967657303827,0,NA
0,0,1,1,0,0,1,1,0,1,0,0,0,0,3.8332797527787,1.43299182661565e-70,0,0,9.88131291682493e-324,-9.85077572676725e-192,0,1.39440735935664,0,NA
1,0,1,1,0,0,1,1,0,1,0,0,1.79766665040835e+103,0,2.72965441454909e+103,0,0,0,4.94065645841247e-324,3.16445812982611e-264,0,0.0793743879044793,0,NA
0,1,1,1,0,0,1,1,0,1,0,0,0,2.06711999381971e-192,3.8332797527787,1.16278308489018e-70,0,0,9.88131291682493e-324,-2.37374705522187e-188,0,1.39440735935664,0,NA
1,1,1,1,0,0,1,1,0,1,0,0,5.00218004202324e+73,0,7.59552547240982e+73,0,0,0,0,0,0,0.188866362654497,0,0.671806056515166
0,0,0,0,1,0,1,1,0,1,0,0,0,0,0,0,0.205843619329426,0,0.191125759175025,4.94065645841247e-324,0,1.94458082149186,0,NA
1,0,0,0,1,0,1,1,0,1,0,0,1.46843422291362,0,0,0,8.98446844208913e-12,0,6.50307622573495e-192,-4.94065645841247e-324,0,1.58120792485826,0,0.692463289558619
0,1,0,0,1,0,1,1,0,1,0,0,0,2.72940607637992,0,0,3.96748597948763e-172,0,1.97626258336499e-323,4.94065645841247e-324,0,1.82698181217168,0,NA
1,1,0,0,1,0,1,1,0,1,0,0,2.98061625236872,5.46898194785882,0,0,1.48219693752374e-323,0,4.94065645841247e-324,0,0,2.27967657303827,0,NA
0,0,1,0,1,0,1,1,0,1,0,0,0,0,3.83327975277871,0,1.7528812801277e-164,0,9.88131291682493e-324,0,0,1.39440735935665,0,NA
1,0,1,0,1,0,1,1,0,1,0,0,1.98586646429498e+103,0,3.01542511217892e+103,0,0,0,0,2.14941946700574e-264,0,0.0823860375710443,0,NA
0,1,1,0,1,0,1,1,0,1,0,0,0,9.03530714335148e-189,3.83327975277871,0,1.27289757522717e-164,0,9.88131291682493e-324,0,0,1.39440735935665,0,NA
1,1,1,0,1,0,1,1,0,1,0,0,8.18526628170167e+73,0,1.24288606205337e+74,0,0,0,0,0,0,0.192551033508473,0,0.671806056515166
0,0,0,1,1,0,1,1,0,1,0,0,0,0,0,0.458807821575466,0.136023582246996,0,0.132116391508529,4.94065645841247e-324,0,1.71100663102696,0,NA
1,0,0,1,1,0,1,1,0,1,0,0,1.5944416167634,0,0,0.112199185491557,8.96296375844689e-28,0,1.68729197378213e-231,4.94065645841247e-324,0,1.56426843622472,0,NA
0,1,0,1,1,0,1,1,0,1,0,0,0,2.72940607637993,0,6.69542392520358e-44,5.95436904200989e-176,0,1.97626258336499e-323,-4.94065645841247e-324,0,1.82698181217168,0,0.673403621708724
1,1,0,1,1,0,1,1,0,1,0,0,2.98061625236872,5.46898194785882,0,1.97626258336499e-323,1.48219693752374e-323,0,4.94065645841247e-324,0,0,2.27967657303827,0,NA
0,0,1,1,1,0,1,1,0,1,0,0,0,0,3.8332797527787,1.15705166862507e-70,1.68400704083981e-167,0,9.88131291682493e-324,4.39783675075835e-190,0,1.39440735935664,0,NA
1,0,1,1,1,0,1,1,0,1,0,0,5.819842770063e+73,0,8.83709975132241e+73,0,0,0,0,0,0,0.190720075154769,0,0.671806056515166
0,1,1,1,1,0,1,1,0,1,0,0,0,1.62257380990154e-192,3.8332797527787,9.85060238747122e-71,1.07363135129353e-167,0,9.88131291682493e-324,-3.14031538065918e-186,0,1.39440735935664,0,NA
1,1,1,1,1,0,1,1,0,1,0,0,1.41079664289453e+74,0,2.1422143440406e+74,0,0,0,0,0,0,0.19046851371914,0,0.671806056515164
0,0,0,0,0,1,1,1,0,1,0,0,0,0,0,0,0,1.14701587480956,0.0691119704880124,9.88131291682493e-324,0,1.2179271381373,0,0.802142892354654
1,0,0,0,0,1,1,1,0,1,0,0,0.893523213152896,0,0,0,0,1.21294731179468,2.00396757683955e-171,4.94065645841247e-324,0,1.16927780038777,0,NA
0,1,0,0,0,1,1,1,0,1,0,0,0,2.31682582325148,0,0,0,1.32833220811125,1.97626258336499e-323,4.94065645841247e-324,0,1.35756565702661,0,NA
1,1,0,0,0,1,1,1,0,1,0,0,1.83325263036388,3.93963832429271,0,0,0,1.52854538496677,4.94065645841247e-324,0,0,1.56524644890271,0,NA
0,0,1,0,0,1,1,1,0,1,0,0,0,0,3.21187032618372,0,0,1.26689445223122,9.88131291682493e-324,-4.94065645841247e-324,0,1.01119950632896,0,NA
1,0,1,0,0,1,1,1,0,1,0,0,7.21779145163616e+73,0,1.1120506552336e+74,0,0,5.71429691858422e+72,0,0,0,3.60682881767147e-50,0,0.785572859323325
0,1,1,0,0,1,1,1,0,1,0,0,0,2.89380018292549e-159,3.21187032618372,0,0,1.26689445223122,9.88131291682493e-324,0,0,1.01119950632896,0,NA
1,1,1,0,0,1,1,1,0,1,0,0,7.14400399441045e+73,0,1.10068216520366e+74,0,0,5.65587968080771e+72,0,0,0,3.66502792504776e-50,0,0.785572859323337
0,0,0,1,0,1,1,1,0,1,0,0,0,0,0,0.590648713233667,0,1.46686381943169,1.0309701732543e-50,4.94065645841247e-324,0,0.927437336466984,0,NA
1,0,0,1,0,1,1,1,0,1,0,0,1.18278089605024,0,0,0.334556817892041,0,1.39538723176223,4.17077343292691e-275,4.94065645841247e-324,0,1.05680885411457,0,NA
0,1,0,1,0,1,1,1,0,1,0,0,0,2.40820234797618,0,0.0799726414638875,0,1.37484753174848,1.97626258336499e-323,0,0,1.33706219227964,0,1.12165245817539
1,1,0,1,0,1,1,1,0,1,0,0,1.83325263036388,3.9396383242927,0,2.53994818077386e-214,0,1.52854538496677,4.94065645841247e-324,-3.50900860573055e-16,0,1.56524644890271,0,NA
0,0,1,1,0,1,1,1,0,1,0,0,0,0,3.20240717893719,0.0331233089881082,0,1.28328001781294,-9.88131291682493e-324,-4.94065645841247e-324,0,0.999566254979538,0,0.995181451853156
1,0,1,1,0,1,1,1,0,1,0,0,2.18743963743796e+74,0,3.37020499746551e+74,0,0,1.73178730135909e+73,0,0,0,1.65036315798665e-50,0,0.785572859323334
0,1,1,1,0,1,1,1,0,1,0,0,0,2.92792432135784e-156,3.20240717893722,0.0331233089880128,0,1.28328001781289,-9.88131291682493e-324,0,0,0.999566254979577,0,0.995181451853083
1,1,1,1,0,1,1,1,0,1,0,0,3.43556863768151e+74,0,5.29320690440231e+74,0,0,2.71992608977875e+73,0,0,0,1.22954194193432e-50,0,0.785572859323325
0,0,0,0,1,1,1,1,0,1,0,0,0,0,0,0,0.603895797632297,1.22644338659067,2.86329365378465e-90,0,0,1.82893086786037,0,1.01033598017933
1,0,0,0,1,1,1,1,0,1,0,0,0.250641749089977,0,0,0,0.570534248701691,1.23547012652745,1.59118607229143e-141,-4.94065645841247e-324,0,1.79869294890903,0,1.18081257938771
0,1,0,0,1,1,1,1,0,1,0,0,0,2.19556760527352,0,0,0.189097941164312,1.33783270741458,1.97626258336499e-323,0,0,1.5614505362792,0,1.19212439297783
1,1,0,0,1,1,1,1,0,1,0,0,1.83325263036389,3.93963832429271,0,0,1.05413065878738e-172,1.52854538496677,4.94065645841247e-324,0,0,1.56524644890271,0,NA
0,0,1,0,1,1,1,1,0,1,0,0,0,0,3.24801777542459,0,0.161680589915273,1.28321755781496,9.88131291682493e-324,-4.94065645841247e-324,0,1.19371217169378,0,NA
1,0,1,0,1,1,1,1,0,1,0,0,6.93298939979941e+74,0,1.06817098504928e+75,0,0,5.4888202616152e+73,0,0,0,7.92113909060348e-51,0,0.785572859323332
0,1,1,0,1,1,1,1,0,1,0,0,0,2.83730660958787e-167,3.24801777542459,0,0.161680589915273,1.28321755781496,9.88131291682493e-324,-9.88131291682493e-324,0,1.19371217169378,0,NA
1,1,1,0,1,1,1,1,0,1,0,0,1.0436953328297e+74,0,1.6080293903122e+74,0,0,8.262894632371e+72,0,0,0,2.91162741765536e-50,0,0.78557285932333
0,0,0,1,1,1,1,1,0,1,0,0,0,0,0,0.442865284688814,0.615230850381492,1.45042329453594,3.03007704276402e-151,4.94065645841247e-324,0,1.68114825986487,0,NA
1,0,0,1,1,1,1,1,0,1,0,0,0.581255168247932,0,0,0.336253597041294,0.53513445613648,1.41743786371398,2.3010624869452e-255,0,0,1.64660043072248,0,1.44152957770385
0,1,0,1,1,1,1,1,0,1,0,0,0,2.27923638960532,0,0.0652934870901819,0.17496198107168,1.37509983402345,1.97626258336499e-323,4.94065645841247e-324,0,1.5294691743867,0,NA
1,1,0,1,1,1,1,1,0,1,0,0,1.83325263036389,3.93963832429271,0,5.39967035996193e-209,2.84029893175754e-173,1.52854538496677,4.94065645841247e-324,0,0,1.56524644890271,0,NA
0,0,1,1,1,1,1,1,0,1,0,0,0,0,3.24801766146612,4.00031429272521e-07,0.161680620389157,1.28321776222727,-9.88131291682493e-324,0,0,1.19371205957985,0,1.08246385771176
1,0,1,1,1,1,1,1,0,1,0,0,1.33340964315151e+74,0,2.05439444641382e+74,0,0,1.05565513580239e+73,0,0,0,2.43259121750093e-50,0,0.785572859323315
0,1,1,1,1,1,1,1,0,1,0,0,0,8.50419419768552e-167,3.24801766224554,3.97295406154187e-07,0.161680620180729,1.28321776082919,-9.88131291682493e-324,0,0,1.19371206034665,0,1.08246385035086
1,1,1,1,1,1,1,1,0,1,0,0,2.70103562349354e+75,0,4.16150626551341e+75,0,0,2.13839921030363e+74,0,0,0,3.07348972687684e-51,0,0.785572859323323
0,0,0,0,0,0,0,0,1,1,0,0,0,0,0,0,0,0,0,0,11.8048431119118,2.39560478367278,0,0.453817686434111
1,0,0,0,0,0,0,0,1,1,0,0,1.40895374297549e-77,0,0,0,0,0,0,0,11.8048431119118,2.3956047836728,0,0.453817686434112
0,1,0,0,0,0,0,0,1,1,0,0,0,6.46220781652853e-51,0,0,0,0,0,0,11.8048431119118,2.3956047836728,0,0.453817686434112
1,1,0,0,0,0,0,0,1,1,0,0,5.31893834314186e-78,4.51724791377246e-51,0,0,0,0,0,0,11.8048431119118,2.3956047836728,0,0.453817686434112
0,0,1,0,0,0,0,0,1,1,0,0,0,0,3.32487821350546e-77,0,0,0,0,0,11.8048431119118,2.3956047836728,0,0.453817686434112
1,0,1,0,0,0,0,0,1,1,0,0,8.30446889987875e-78,0,1.65455193646433e-77,0,0,0,0,0,11.8048431119118,2.3956047836728,0,0.453817686434112
0,1,1,0,0,0,0,0,1,1,0,0,0,2.68417153415719e-51,1.58223300938255e-77,0,0,0,0,0,11.8048431119118,2.3956047836728,0,0.453817686434112
1,1,1,0,0,0,0,0,1,1,0,0,6.10017041983931e-78,1.80716120747857e-51,9.07145642389207e-78,0,0,0,0,0,11.8048431119118,2.3956047836728,0,0.453817686434112
0,0,0,1,0,0,0,0,1,1,0,0,0,0,0,2.47032822920623e-323,0,0,0,0,11.8048431119118,2.39560478367278,0,NA
1,0,0,1,0,0,0,0,1,1,0,0,1.1479786824336e-77,0,0,2.47032822920623e-323,0,0,0,0,11.8048431119118,2.3956047836728,0,NA
0,1,0,1,0,0,0,0,1,1,0,0,0,5.66868518266525e-51,0,2.47032822920623e-323,0,0,0,0,11.8048431119118,2.3956047836728,0,NA
1,1,0,1,0,0,0,0,1,1,0,0,4.90913342826521e-78,4.14277160916232e-51,0,2.47032822920623e-323,0,0,0,0,11.8048431119118,2.3956047836728,0,NA
0,0,1,1,0,0,0,0,1,1,0,0,0,0,2.61575535360946e-77,2.47032822920623e-323,0,0,0,0,11.8048431119118,2.3956047836728,0,NA
1,0,1,1,0,0,0,0,1,1,0,0,7.87354878555957e-78,0,1.43107797331116e-77,2.47032822920623e-323,0,0,0,0,11.8048431119118,2.3956047836728,0,NA
0,1,1,1,0,0,0,0,1,1,0,0,0,2.93210828921528e-51,1.13632130159811e-77,2.47032822920623e-323,0,0,0,0,11.8048431119118,2.3956047836728,0,NA
1,1,1,1,0,0,0,0,1,1,0,0,5.62999671108954e-78,1.97371840959149e-51,7.31325385007435e-78,2.47032822920623e-323,0,0,0,0,11.8048431119118,2.3956047836728,0,NA
0,0,0,0,1,0,0,0,1,1,0,0,0,0,0,0,1.48219693752374e-323,0,0,0,11.8048431119118,2.39560478367278,0,NA
1,0,0,0,1,0,0,0,1,1,0,0,1.20997507670613e-77,0,0,0,1.48219693752374e-323,0,0,0,11.8048431119118,2.3956047836728,0,NA
0,1,0,0,1,0,0,0,1,1,0,0,0,5.94806062467948e-51,0,0,1.48219693752374e-323,0,0,0,11.8048431119118,2.3956047836728,0,NA
1,1,0,0,1,0,0,0,1,1,0,0,4.89652321715062e-78,4.38604642362294e-51,0,0,1.48219693752374e-323,0,0,0,11.8048431119118,2.3956047836728,0,NA
0,0,1,0,1,0,0,0,1,1,0,0,0,0,2.93822805231182e-77,0,1.48219693752374e-323,0,0,0,11.8048431119118,2.3956047836728,0,NA
1,0,1,0,1,0,0,0,1,1,0,0,7.59166508395353e-78,0,1.6319256352702e-77,0,1.48219693752374e-323,0,0,0,11.8048431119118,2.3956047836728,0,NA
0,1,1,0,1,0,0,0,1,1,0,0,0,2.46413561438807e-51,1.48265154282032e-77,0,1.48219693752374e-323,0,0,0,11.8048431119118,2.3956047836728,0,NA
1,1,1,0,1,0,0,0,1,1,0,0,5.65114053307323e-78,1.75209568161272e-51,9.09583136550121e-78,0,1.48219693752374e-323,0,0,0,11.8048431119118,2.3956047836728,0,NA
0,0,0,1,1,0,0,0,1,1,0,0,0,0,0,2.47032822920623e-323,1.48219693752374e-323,0,0,0,11.8048431119118,2.39560478367278,0,NA
1,0,0,1,1,0,0,0,1,1,0,0,1.0229554734779e-77,0,0,2.47032822920623e-323,1.48219693752374e-323,0,0,0,11.8048431119118,2.3956047836728,0,NA
0,1,0,1,1,0,0,0,1,1,0,0,0,5.31623427294331e-51,0,2.47032822920623e-323,1.48219693752374e-323,0,0,0,11.8048431119118,2.3956047836728,0,NA
1,1,0,1,1,0,0,0,1,1,0,0,4.57674569296075e-78,4.03289003558143e-51,0,2.47032822920623e-323,1.48219693752374e-323,0,0,0,11.8048431119118,2.3956047836728,0,NA
0,0,1,1,1,0,0,0,1,1,0,0,0,0,2.37825115976151e-77,2.47032822920623e-323,1.48219693752374e-323,0,0,0,11.8048431119118,2.3956047836728,0,NA
1,0,1,1,1,0,0,0,1,1,0,0,7.27355753022366e-78,0,1.40775129137702e-77,2.47032822920623e-323,1.48219693752374e-323,0,0,0,11.8048431119118,2.3956047836728,0,NA
0,1,1,1,1,0,0,0,1,1,0,0,0,2.71681317928151e-51,1.09530646298535e-77,2.47032822920623e-323,1.48219693752374e-323,0,0,0,11.8048431119118,2.3956047836728,0,NA
1,1,1,1,1,0,0,0,1,1,0,0,5.26748678550301e-78,1.91427400789675e-51,7.34404741621059e-78,2.47032822920623e-323,1.48219693752374e-323,0,0,0,11.8048431119118,2.3956047836728,0,NA
0,0,0,0,0,1,0,0,1,1,0,0,0,0,0,0,0,2.675179436551,0,0,19.0978977786287,2.09081460288819,0,0.636935436545754
1,0,0,0,0,1,0,0,1,1,0,0,1.77662062937201e-308,0,0,0,0,2.675179436551,0,0,19.0978977786287,2.09081460288819,0,0.636935436545754
0,1,0,0,0,1,0,0,1,1,0,0,0,7.03338269798142e-193,0,0,0,2.67517943655101,0,0,19.0978977786288,2.0908146028882,0,0.636935436545754
1,1,0,0,0,1,0,0,1,1,0,0,3.91553299480443e-309,3.77585180885799e-193,0,0,0,2.67517943655101,0,0,19.0978977786288,2.0908146028882,0,0.636935436545754
0,0,1,0,0,1,0,0,1,1,0,0,0,0,4.71389185747317e-278,0,0,2.675179436551,0,0,19.0978977786287,2.09081460288819,0,0.636935436545754
1,0,1,0,0,1,0,0,1,1,0,0,6.8702704929468e-309,0,1.88563352711377e-278,0,0,2.675179436551,0,0,19.0978977786287,2.09081460288819,0,0.636935436545754
0,1,1,0,0,1,0,0,1,1,0,0,0,3.01518832599408e-193,2.24054139756797e-278,0,0,2.67517943655101,0,0,19.0978977786288,2.0908146028882,0,0.636935436545754
1,1,1,0,0,1,0,0,1,1,0,0,3.21452685383945e-309,1.40437839674684e-193,7.3394443436436e-279,0,0,2.67517943655101,0,0,19.0978977786288,2.0908146028882,0,0.636935436545754
0,0,0,1,0,1,0,0,1,1,0,0,0,0,0,1.48219693752374e-323,0,2.675179436551,0,0,19.0978977786287,2.09081460288819,0,NA
1,0,0,1,0,1,0,0,1,1,0,0,7.85358173144636e-309,0,0,1.48219693752374e-323,0,2.675179436551,0,0,19.0978977786287,2.09081460288819,0,NA
0,1,0,1,0,1,0,0,1,1,0,0,0,4.35013389946379e-193,0,1.48219693752374e-323,0,2.67517943655101,0,0,19.0978977786288,2.0908146028882,0,NA
1,1,0,1,0,1,0,0,1,1,0,0,2.50089746666279e-309,2.70025197890927e-193,0,1.48219693752374e-323,0,2.67517943655101,0,0,19.0978977786288,2.0908146028882,0,NA
0,0,1,1,0,1,0,0,1,1,0,0,0,0,2.07350173217509e-278,1.48219693752374e-323,0,2.675179436551,0,0,19.0978977786287,2.09081460288819,0,NA
1,0,1,1,0,1,0,0,1,1,0,0,4.41166313549523e-309,0,1.07712576373402e-278,1.48219693752374e-323,0,2.675179436551,0,0,19.0978977786287,2.09081460288819,0,NA
0,1,1,1,0,1,0,0,1,1,0,0,0,2.43031096192014e-193,1.09804701240448e-278,1.48219693752374e-323,0,2.67517943655101,0,0,19.0978977786288,2.0908146028882,0,NA
1,1,1,1,0,1,0,0,1,1,0,0,2.29414784382014e-309,1.26058413999846e-193,4.56880525775322e-279,1.48219693752374e-323,0,2.67517943655101,0,0,19.0978977786288,2.0908146028882,0,NA
0,0,0,0,1,1,0,0,1,1,0,0,0,0,0,0,1.48219693752374e-323,2.675179436551,0,0,19.0978977786287,2.09081460288819,0,NA
1,0,0,0,1,1,0,0,1,1,0,0,9.63986010722278e-309,0,0,0,1.48219693752374e-323,2.675179436551,0,0,19.0978977786287,2.09081460288819,0,NA
0,1,0,0,1,1,0,0,1,1,0,0,0,4.83409884198015e-193,0,0,1.48219693752374e-323,2.67517943655101,0,0,19.0978977786288,2.0908146028882,0,NA
1,1,0,0,1,1,0,0,1,1,0,0,2.70159389817837e-309,3.14110191651736e-193,0,0,1.48219693752374e-323,2.67517943655101,0,0,19.0978977786288,2.0908146028882,0,NA
0,0,1,0,1,1,0,0,1,1,0,0,0,0,3.29328697039027e-278,0,1.48219693752374e-323,2.675179436551,0,0,19.0978977786287,2.09081460288819,0,NA
1,0,1,0,1,1,0,0,1,1,0,0,4.3318297510557e-309,0,1.46843532563452e-278,0,1.48219693752374e-323,2.67517943655101,0,0,19.0978977786288,2.0908146028882,0,NA
0,1,1,0,1,1,0,0,1,1,0,0,0,2.01327200009645e-193,1.30471433513538e-278,0,1.48219693752374e-323,2.67517943655101,0,0,19.0978977786288,2.0908146028882,0,NA
1,1,1,0,1,1,0,0,1,1,0,0,2.35759688888889e-309,1.21768352048469e-193,6.41944472355179e-279,0,1.48219693752374e-323,2.67517943655101,0,0,19.0978977786288,2.0908146028882,0,NA
0,0,0,1,1,1,0,0,1,1,0,0,0,0,0,1.48219693752374e-323,1.48219693752374e-323,2.675179436551,0,0,19.0978977786287,2.09081460288819,0,NA
1,0,0,1,1,1,0,0,1,1,0,0,5.29106608642263e-309,0,0,1.48219693752374e-323,1.48219693752374e-323,2.675179436551,0,0,19.0978977786287,2.09081460288819,0,NA
0,1,0,1,1,1,0,0,1,1,0,0,0,3.30554717296629e-193,0,1.48219693752374e-323,1.48219693752374e-323,2.67517943655101,0,0,19.0978977786288,2.0908146028882,0,NA
1,1,0,1,1,1,0,0,1,1,0,0,1.85818948209429e-309,2.32756816984098e-193,0,1.48219693752374e-323,1.48219693752374e-323,2.67517943655101,0,0,19.0978977786288,2.0908146028882,0,NA
0,0,1,1,1,1,0,0,1,1,0,0,0,0,1.60392987933349e-278,1.48219693752374e-323,1.48219693752374e-323,2.675179436551,0,0,19.0978977786287,2.09081460288819,0,NA
1,0,1,1,1,1,0,0,1,1,0,0,3.30854661294938e-309,0,9.44316774827613e-279,1.48219693752374e-323,1.48219693752374e-323,2.67517943655101,0,0,19.0978977786288,2.0908146028882,0,NA
0,1,1,1,1,1,0,0,1,1,0,0,0,1.73804931025432e-193,7.10873278942032e-279,1.48219693752374e-323,1.48219693752374e-323,2.67517943655101,0,0,19.0978977786288,2.0908146028882,0,NA
1,1,1,1,1,1,0,0,1,1,0,0,1.76138176965537e-309,1.11060552692279e-193,4.08123032202242e-279,1.48219693752374e-323,1.48219693752374e-323,2.67517943655101,0,0,19.0978977786288,2.0908146028882,0,NA
0,0,0,0,0,0,1,0,1,1,0,0,0,0,0,0,0,0,9.88131291682493e-324,0,11.8048431119118,2.39560478367278,0,NA
1,0,0,0,0,0,1,0,1,1,0,0,1.45745180842692e-77,0,0,0,0,0,9.88131291682493e-324,0,11.8048431119118,2.3956047836728,0,NA
0,1,0,0,0,0,1,0,1,1,0,0,0,6.64255822598869e-51,0,0,0,0,9.88131291682493e-324,0,11.8048431119118,2.3956047836728,0,NA
1,1,0,0,0,0,1,0,1,1,0,0,5.46030866873927e-78,4.56739286298646e-51,0,0,0,0,9.88131291682493e-324,0,11.8048431119118,2.3956047836728,0,NA
0,0,1,0,0,0,1,0,1,1,0,0,0,0,3.45198812272183e-77,0,0,0,9.88131291682493e-324,0,11.8048431119118,2.3956047836728,0,NA
1,0,1,0,0,0,1,0,1,1,0,0,8.32705755508773e-78,0,1.69266186561468e-77,0,0,0,9.88131291682493e-324,0,11.8048431119118,2.3956047836728,0,NA
0,1,1,0,0,0,1,0,1,1,0,0,0,2.56937164183675e-51,1.70324954898212e-77,0,0,0,9.88131291682493e-324,0,11.8048431119118,2.3956047836728,0,NA
1,1,1,0,0,0,1,0,1,1,0,0,6.18211205907128e-78,1.74378998234746e-51,9.49849077868898e-78,0,0,0,9.88131291682493e-324,0,11.8048431119118,2.3956047836728,0,NA
0,0,0,1,0,0,1,0,1,1,0,0,0,0,0,2.47032822920623e-323,0,0,9.88131291682493e-324,0,11.8048431119118,2.39560478367278,0,NA
1,0,0,1,0,0,1,0,1,1,0,0,1.13534027357883e-77,0,0,2.47032822920623e-323,0,0,9.88131291682493e-324,0,11.8048431119118,2.3956047836728,0,NA
0,1,0,1,0,0,1,0,1,1,0,0,0,5.63301311301053e-51,0,2.47032822920623e-323,0,0,9.88131291682493e-324,0,11.8048431119118,2.3956047836728,0,NA
1,1,0,1,0,0,1,0,1,1,0,0,4.94656878394288e-78,4.11939801262097e-51,0,2.47032822920623e-323,0,0,9.88131291682493e-324,0,11.8048431119118,2.3956047836728,0,NA
0,0,1,1,0,0,1,0,1,1,0,0,0,0,2.59532533451487e-77,2.47032822920623e-323,0,0,9.88131291682493e-324,0,11.8048431119118,2.3956047836728,0,NA
1,0,1,1,0,0,1,0,1,1,0,0,7.81931042868443e-78,0,1.43223863253335e-77,2.47032822920623e-323,0,0,9.88131291682493e-324,0,11.8048431119118,2.3956047836728,0,NA
0,1,1,1,0,0,1,0,1,1,0,0,0,2.86908367872755e-51,1.16023538795048e-77,2.47032822920623e-323,0,0,9.88131291682493e-324,0,11.8048431119118,2.3956047836728,0,NA
1,1,1,1,0,0,1,0,1,1,0,0,5.63991414086763e-78,1.93438694966533e-51,7.44980607005041e-78,2.47032822920623e-323,0,0,9.88131291682493e-324,0,11.8048431119118,2.3956047836728,0,NA
0,0,0,0,1,0,1,0,1,1,0,0,0,0,0,0,1.48219693752374e-323,0,9.88131291682493e-324,0,11.8048431119118,2.39560478367278,0,NA
1,0,0,0,1,0,1,0,1,1,0,0,1.21518825418349e-77,0,0,0,1.48219693752374e-323,0,9.88131291682493e-324,0,11.8048431119118,2.3956047836728,0,NA
0,1,0,0,1,0,1,0,1,1,0,0,0,5.99203544881123e-51,0,0,1.48219693752374e-323,0,9.88131291682493e-324,0,11.8048431119118,2.3956047836728,0,NA
1,1,0,0,1,0,1,0,1,1,0,0,4.9559554934888e-78,4.41132886368127e-51,0,0,1.48219693752374e-323,0,9.88131291682493e-324,0,11.8048431119118,2.3956047836728,0,NA
0,0,1,0,1,0,1,0,1,1,0,0,0,0,2.98250288590873e-77,0,1.48219693752374e-323,0,9.88131291682493e-324,0,11.8048431119118,2.3956047836728,0,NA
1,0,1,0,1,0,1,0,1,1,0,0,7.53333172850941e-78,0,1.66435152724807e-77,0,1.48219693752374e-323,0,9.88131291682493e-324,0,11.8048431119118,2.3956047836728,0,NA
0,1,1,0,1,0,1,0,1,1,0,0,0,2.35243043359839e-51,1.56113483891443e-77,0,1.48219693752374e-323,0,9.88131291682493e-324,0,11.8048431119118,2.3956047836728,0,NA
1,1,1,0,1,0,1,0,1,1,0,0,5.67194906695917e-78,1.69364975594834e-51,9.47764807154326e-78,0,1.48219693752374e-323,0,9.88131291682493e-324,0,11.8048431119118,2.3956047836728,0,NA
0,0,0,1,1,0,1,0,1,1,0,0,0,0,0,2.47032822920623e-323,1.48219693752374e-323,0,9.88131291682493e-324,0,11.8048431119118,2.39560478367278,0,NA
1,0,0,1,1,0,1,0,1,1,0,0,1.0006382638863e-77,0,0,2.47032822920623e-323,1.48219693752374e-323,0,9.88131291682493e-324,0,11.8048431119118,2.3956047836728,0,NA
0,1,0,1,1,0,1,0,1,1,0,0,0,5.2450707550441e-51,0,2.47032822920623e-323,1.48219693752374e-323,0,9.88131291682493e-324,0,11.8048431119118,2.3956047836728,0,NA
1,1,0,1,1,0,1,0,1,1,0,0,4.57484808133786e-78,4.0010282081807e-51,0,2.47032822920623e-323,1.48219693752374e-323,0,9.88131291682493e-324,0,11.8048431119118,2.3956047836728,0,NA
0,0,1,1,1,0,1,0,1,1,0,0,0,0,2.34305774496812e-77,2.47032822920623e-323,1.48219693752374e-323,0,9.88131291682493e-324,0,11.8048431119118,2.3956047836728,0,NA
1,0,1,1,1,0,1,0,1,1,0,0,7.1740667593633e-78,0,1.40752755267998e-77,2.47032822920623e-323,1.48219693752374e-323,0,9.88131291682493e-324,0,11.8048431119118,2.3956047836728,0,NA
0,1,1,1,1,0,1,0,1,1,0,0,0,2.64451810410048e-51,1.1112961009381e-77,2.47032822920623e-323,1.48219693752374e-323,0,9.88131291682493e-324,0,11.8048431119118,2.3956047836728,0,NA
1,1,1,1,1,0,1,0,1,1,0,0,5.2443176163151e-78,1.87513025620231e-51,7.47105864724946e-78,2.47032822920623e-323,1.48219693752374e-323,0,9.88131291682493e-324,0,11.8048431119118,2.3956047836728,0,NA
0,0,0,0,0,1,1,0,1,1,0,0,0,0,0,0,0,2.675179436551,4.94065645841247e-324,0,19.0978977786287,2.09081460288819,0,NA
1,0,0,0,0,1,1,0,1,1,0,0,2.10434155353736e-308,0,0,0,0,2.675179436551,4.94065645841247e-324,0,19.0978977786287,2.09081460288819,0,NA
0,1,0,0,0,1,1,0,1,1,0,0,0,7.73122984575975e-193,0,0,0,2.67517943655101,4.94065645841247e-324,0,19.0978977786288,2.0908146028882,0,NA
1,1,0,0,0,1,1,0,1,1,0,0,4.35212833330061e-309,3.98979287132241e-193,0,0,0,2.67517943655101,4.94065645841247e-324,0,19.0978977786288,2.0908146028882,0,NA
0,0,1,0,0,1,1,0,1,1,0,0,0,0,5.53621417579007e-278,0,0,2.675179436551,4.94065645841247e-324,0,19.0978977786287,2.09081460288819,0,NA
1,0,1,0,0,1,1,0,1,1,0,0,7.81075231947949e-309,0,2.16307138890778e-278,0,0,2.67517943655101,4.94065645841247e-324,0,19.0978977786288,2.0908146028882,0,NA
0,1,1,0,0,1,1,0,1,1,0,0,0,2.86956018150316e-193,2.24600050876231e-278,0,0,2.67517943655101,4.94065645841247e-324,0,19.0978977786288,2.0908146028882,0,NA
1,1,1,0,0,1,1,0,1,1,0,0,3.40043271975632e-309,1.4009040927734e-193,7.98958187662107e-279,0,0,2.67517943655101,4.94065645841247e-324,0,19.0978977786288,2.0908146028882,0,NA
0,0,0,1,0,1,1,0,1,1,0,0,0,0,0,1.48219693752374e-323,0,2.675179436551,4.94065645841247e-324,0,19.0978977786287,2.09081460288819,0,NA
1,0,0,1,0,1,1,0,1,1,0,0,7.99022467991503e-309,0,0,1.48219693752374e-323,0,2.675179436551,4.94065645841247e-324,0,19.0978977786287,2.09081460288819,0,NA
0,1,0,1,0,1,1,0,1,1,0,0,0,4.30773860717908e-193,0,1.48219693752374e-323,0,2.67517943655101,4.94065645841247e-324,0,19.0978977786288,2.0908146028882,0,NA
1,1,0,1,0,1,1,0,1,1,0,0,2.55983315487762e-309,2.69336620974309e-193,0,1.48219693752374e-323,0,2.67517943655101,4.94065645841247e-324,0,19.0978977786288,2.0908146028882,0,NA
0,0,1,1,0,1,1,0,1,1,0,0,0,0,2.11629775344348e-278,1.48219693752374e-323,0,2.675179436551,4.94065645841247e-324,0,19.0978977786287,2.09081460288819,0,NA
1,0,1,1,0,1,1,0,1,1,0,0,4.78567558025433e-309,0,1.15950203951961e-278,1.48219693752374e-323,0,2.675179436551,4.94065645841247e-324,0,19.0978977786287,2.09081460288819,0,NA
0,1,1,1,0,1,1,0,1,1,0,0,0,2.25089571850651e-193,9.90702519651574e-279,1.48219693752374e-323,0,2.67517943655101,4.94065645841247e-324,0,19.0978977786288,2.0908146028882,0,NA
1,1,1,1,0,1,1,0,1,1,0,0,2.31558000091368e-309,1.24194971295939e-193,4.67361148885469e-279,1.48219693752374e-323,0,2.67517943655101,4.94065645841247e-324,0,19.0978977786288,2.0908146028882,0,NA
0,0,0,0,1,1,1,0,1,1,0,0,0,0,0,0,1.48219693752374e-323,2.675179436551,4.94065645841247e-324,0,19.0978977786287,2.09081460288819,0,NA
1,0,0,0,1,1,1,0,1,1,0,0,1.05723455816865e-308,0,0,0,1.48219693752374e-323,2.675179436551,4.94065645841247e-324,0,19.0978977786287,2.09081460288819,0,NA
0,1,0,0,1,1,1,0,1,1,0,0,0,4.9847859984545e-193,0,0,1.48219693752374e-323,2.67517943655101,4.94065645841247e-324,0,19.0978977786288,2.0908146028882,0,NA
1,1,0,0,1,1,1,0,1,1,0,0,2.84374876809698e-309,3.22816359308825e-193,0,0,1.48219693752374e-323,2.67517943655101,4.94065645841247e-324,0,19.0978977786288,2.0908146028882,0,NA
0,0,1,0,1,1,1,0,1,1,0,0,0,0,3.80526634387276e-278,0,1.48219693752374e-323,2.67517943655101,4.94065645841247e-324,0,19.0978977786288,2.0908146028882,0,NA
1,0,1,0,1,1,1,0,1,1,0,0,4.29333737335747e-309,0,1.52144931303761e-278,0,1.48219693752374e-323,2.67517943655101,4.94065645841247e-324,0,19.0978977786288,2.0908146028882,0,NA
0,1,1,0,1,1,1,0,1,1,0,0,0,1.97140512840307e-193,1.40629600488284e-278,0,1.48219693752374e-323,2.67517943655101,4.94065645841247e-324,0,19.0978977786288,2.0908146028882,0,NA
1,1,1,0,1,1,1,0,1,1,0,0,2.41978325741944e-309,1.20303737716612e-193,6.86915502405921e-279,0,1.48219693752374e-323,2.67517943655101,4.94065645841247e-324,0,19.0978977786288,2.0908146028882,0,NA
0,0,0,1,1,1,1,0,1,1,0,0,0,0,0,1.48219693752374e-323,1.48219693752374e-323,2.675179436551,4.94065645841247e-324,0,19.0978977786287,2.09081460288819,0,NA
1,0,0,1,1,1,1,0,1,1,0,0,5.42134177517465e-309,0,0,1.48219693752374e-323,1.48219693752374e-323,2.675179436551,4.94065645841247e-324,0,19.0978977786287,2.09081460288819,0,NA
0,1,0,1,1,1,1,0,1,1,0,0,0,3.21250383099579e-193,0,1.48219693752374e-323,1.48219693752374e-323,2.67517943655101,4.94065645841247e-324,0,19.0978977786288,2.0908146028882,0,NA
1,1,0,1,1,1,1,0,1,1,0,0,1.85109606837239e-309,2.29378899355818e-193,0,1.48219693752374e-323,1.48219693752374e-323,2.67517943655101,4.94065645841247e-324,0,19.0978977786288,2.0908146028882,0,NA
0,0,1,1,1,1,1,0,1,1,0,0,0,0,1.65803204804098e-278,1.48219693752374e-323,1.48219693752374e-323,2.675179436551,4.94065645841247e-324,0,19.0978977786287,2.09081460288819,0,NA
1,0,1,1,1,1,1,0,1,1,0,0,3.11246697984515e-309,0,9.13317349262043e-279,1.48219693752374e-323,1.48219693752374e-323,2.67517943655101,4.94065645841247e-324,0,19.0978977786288,2.0908146028882,0,NA
0,1,1,1,1,1,1,0,1,1,0,0,0,1.6780097698431e-193,7.11341720761424e-279,1.48219693752374e-323,1.48219693752374e-323,2.67517943655101,4.94065645841247e-324,0,19.0978977786288,2.0908146028882,0,NA
1,1,1,1,1,1,1,0,1,1,0,0,1.74683976545524e-309,1.08712056122861e-193,4.1453293366557e-279,1.48219693752374e-323,1.48219693752374e-323,2.67517943655101,4.94065645841247e-324,0,19.0978977786288,2.0908146028882,0,NA
0,0,0,0,0,0,0,1,1,1,0,0,0,0,0,0,0,0,0,0,11.8048431119118,2.39560478367278,0,0.453817686434111
1,0,0,0,0,0,0,1,1,1,0,0,5.77709114704352e-77,0,0,0,0,0,0,0,11.8048431119118,2.3956047836728,0,0.453817686434112
0,1,0,0,0,0,0,1,1,1,0,0,0,1.14054418710718e-50,0,0,0,0,0,0,11.8048431119118,2.3956047836728,0,0.453817686434112
1,1,0,0,0,0,0,1,1,1,0,0,2.0729440869599e-77,8.03161550996503e-51,0,0,0,0,0,0,11.8048431119118,2.3956047836728,0,0.453817686434112
0,0,1,0,0,0,0,1,1,1,0,0,0,0,1.33915144983852e-76,0,0,0,0,0,11.8048431119118,2.3956047836728,0,0.453817686434112
1,0,1,0,0,0,0,1,1,1,0,0,3.42768706315331e-77,0,6.73976741710682e-77,0,0,0,0,0,11.8048431119118,2.3956047836728,0,0.453817686434112
0,1,1,0,0,0,0,1,1,1,0,0,0,4.79337305294826e-51,6.06998347997129e-77,0,0,0,0,0,11.8048431119118,2.3956047836728,0,0.453817686434112
1,1,1,0,0,0,0,1,1,1,0,0,2.40403984705601e-77,3.25033435259298e-51,3.52809881727568e-77,0,0,0,0,0,11.8048431119118,2.3956047836728,0,0.453817686434112
0,0,0,1,0,0,0,1,1,1,0,0,0,0,0,2.47032822920623e-323,0,0,0,0,11.8048431119118,2.39560478367278,0,NA
1,0,0,1,0,0,0,1,1,1,0,0,4.76524052158273e-77,0,0,2.47032822920623e-323,0,0,0,0,11.8048431119118,2.3956047836728,0,NA
0,1,0,1,0,0,0,1,1,1,0,0,0,1.00893427140844e-50,0,2.47032822920623e-323,0,0,0,0,11.8048431119118,2.3956047836728,0,NA
1,1,0,1,0,0,0,1,1,1,0,0,1.92369546209835e-77,7.40234295029296e-51,0,2.47032822920623e-323,0,0,0,0,11.8048431119118,2.3956047836728,0,NA
0,0,1,1,0,0,0,1,1,1,0,0,0,0,1.06935116929901e-76,2.47032822920623e-323,0,0,0,0,11.8048431119118,2.3956047836728,0,NA
1,0,1,1,0,0,0,1,1,1,0,0,3.2602230404008e-77,0,5.87199442173994e-77,2.47032822920623e-323,0,0,0,0,11.8048431119118,2.3956047836728,0,NA
0,1,1,1,0,0,0,1,1,1,0,0,0,5.20982004350044e-51,4.4353958358008e-77,2.47032822920623e-323,0,0,0,0,11.8048431119118,2.3956047836728,0,NA
1,1,1,1,0,0,0,1,1,1,0,0,2.22525629322987e-77,3.53082247879482e-51,2.87118063578371e-77,2.47032822920623e-323,0,0,0,0,11.8048431119118,2.3956047836728,0,NA
0,0,0,0,1,0,0,1,1,1,0,0,0,0,0,0,1.48219693752374e-323,0,0,0,11.8048431119118,2.39560478367278,0,NA
1,0,0,0,1,0,0,1,1,1,0,0,4.99807663445722e-77,0,0,0,1.48219693752374e-323,0,0,0,11.8048431119118,2.3956047836728,0,NA
0,1,0,0,1,0,0,1,1,1,0,0,0,1.05473048772372e-50,0,0,1.48219693752374e-323,0,0,0,11.8048431119118,2.3956047836728,0,NA
1,1,0,0,1,0,0,1,1,1,0,0,1.9169825813234e-77,7.80893977599392e-51,0,0,1.48219693752374e-323,0,0,0,11.8048431119118,2.3956047836728,0,NA
0,0,1,0,1,0,0,1,1,1,0,0,0,0,1.19232009272618e-76,0,1.48219693752374e-323,0,0,0,11.8048431119118,2.3956047836728,0,NA
1,0,1,0,1,0,0,1,1,1,0,0,3.14819152862384e-77,0,6.65119642536105e-77,0,1.48219693752374e-323,0,0,0,11.8048431119118,2.3956047836728,0,NA
0,1,1,0,1,0,0,1,1,1,0,0,0,4.42493236644481e-51,5.71184917545213e-77,0,1.48219693752374e-323,0,0,0,11.8048431119118,2.3956047836728,0,NA
1,1,1,0,1,0,0,1,1,1,0,0,2.23536431108555e-77,3.15748359324397e-51,3.5359315118168e-77,0,1.48219693752374e-323,0,0,0,11.8048431119118,2.3956047836728,0,NA
0,0,0,1,1,0,0,1,1,1,0,0,0,0,0,2.47032822920623e-323,1.48219693752374e-323,0,0,0,11.8048431119118,2.39560478367278,0,NA
1,0,0,1,1,0,0,1,1,1,0,0,4.27437942497072e-77,0,0,2.47032822920623e-323,1.48219693752374e-323,0,0,0,11.8048431119118,2.3956047836728,0,NA
0,1,0,1,1,0,0,1,1,1,0,0,0,9.49139369667899e-51,0,2.47032822920623e-323,1.48219693752374e-323,0,0,0,11.8048431119118,2.3956047836728,0,NA
1,1,0,1,1,0,0,1,1,1,0,0,1.79817733612507e-77,7.2139456222529e-51,0,2.47032822920623e-323,1.48219693752374e-323,0,0,0,11.8048431119118,2.3956047836728,0,NA
0,0,1,1,1,0,0,1,1,1,0,0,0,0,9.77219295785988e-77,2.47032822920623e-323,1.48219693752374e-323,0,0,0,11.8048431119118,2.3956047836728,0,NA
1,0,1,1,1,0,0,1,1,1,0,0,3.01843141569761e-77,0,5.77549296830869e-77,2.47032822920623e-323,1.48219693752374e-323,0,0,0,11.8048431119118,2.3956047836728,0,NA
0,1,1,1,1,0,0,1,1,1,0,0,0,4.845386567515e-51,4.28325888680233e-77,2.47032822920623e-323,1.48219693752374e-323,0,0,0,11.8048431119118,2.3956047836728,0,NA
1,1,1,1,1,0,0,1,1,1,0,0,2.0866761134724e-77,3.42878010058752e-51,2.8818730827503e-77,2.47032822920623e-323,1.48219693752374e-323,0,0,0,11.8048431119118,2.3956047836728,0,NA
0,0,0,0,0,1,0,1,1,1,0,0,0,0,0,0,0,2.675179436551,0,0,19.0978977786287,2.09081460288819,0,0.636935436545754
1,0,0,0,0,1,0,1,1,1,0,0,1.76876259339147e-308,0,0,0,0,2.675179436551,0,0,19.0978977786287,2.09081460288819,0,0.636935436545754
0,1,0,0,0,1,0,1,1,1,0,0,0,7.10626828170745e-193,0,0,0,2.67517943655101,0,0,19.0978977786288,2.0908146028882,0,0.636935436545754
1,1,0,0,0,1,0,1,1,1,0,0,4.08646856850696e-309,3.82304859568044e-193,0,0,0,2.67517943655101,0,0,19.0978977786288,2.0908146028882,0,0.636935436545754
0,0,1,0,0,1,0,1,1,1,0,0,0,0,4.74173929498967e-278,0,0,2.675179436551,0,0,19.0978977786287,2.09081460288819,0,0.636935436545754
1,0,1,0,0,1,0,1,1,1,0,0,6.96201263158794e-309,0,1.90036110362108e-278,0,0,2.675179436551,0,0,19.0978977786287,2.09081460288819,0,0.636935436545754
0,1,1,0,0,1,0,1,1,1,0,0,0,2.95360176672011e-193,2.14568395703845e-278,0,0,2.675179436551,0,0,19.0978977786287,2.09081460288819,0,0.636935436545754
1,1,1,0,0,1,0,1,1,1,0,0,3.37446406607083e-309,1.43753439858898e-193,7.62340062556606e-279,0,0,2.67517943655101,0,0,19.0978977786288,2.0908146028882,0,0.636935436545754
0,0,0,1,0,1,0,1,1,1,0,0,0,0,0,1.48219693752374e-323,0,2.675179436551,0,0,19.0978977786287,2.09081460288819,0,NA
1,0,0,1,0,1,0,1,1,1,0,0,8.27436170546485e-309,0,0,1.48219693752374e-323,0,2.675179436551,0,0,19.0978977786287,2.09081460288819,0,NA
0,1,0,1,0,1,0,1,1,1,0,0,0,4.46813009807007e-193,0,1.48219693752374e-323,0,2.67517943655101,0,0,19.0978977786288,2.0908146028882,0,NA
1,1,0,1,0,1,0,1,1,1,0,0,2.75354871451211e-309,2.81218988224953e-193,0,1.48219693752374e-323,0,2.67517943655101,0,0,19.0978977786288,2.0908146028882,0,NA
0,0,1,1,0,1,0,1,1,1,0,0,0,0,2.18544513334553e-278,1.48219693752374e-323,0,2.675179436551,0,0,19.0978977786287,2.09081460288819,0,NA
1,0,1,1,0,1,0,1,1,1,0,0,4.6466061616754e-309,0,1.12915467618889e-278,1.48219693752374e-323,0,2.675179436551,0,0,19.0978977786287,2.09081460288819,0,NA
0,1,1,1,0,1,0,1,1,1,0,0,0,2.39738318251002e-193,1.08180690144002e-278,1.48219693752374e-323,0,2.675179436551,0,0,19.0978977786287,2.09081460288819,0,NA
1,1,1,1,0,1,0,1,1,1,0,0,2.4813097191461e-309,1.30210092014314e-193,4.90341244068636e-279,1.48219693752374e-323,0,2.67517943655101,0,0,19.0978977786288,2.0908146028882,0,NA
0,0,0,0,1,1,0,1,1,1,0,0,0,0,0,0,1.48219693752374e-323,2.675179436551,0,0,19.0978977786287,2.09081460288819,0,NA
1,0,0,0,1,1,0,1,1,1,0,0,9.78381951434642e-309,0,0,0,1.48219693752374e-323,2.675179436551,0,0,19.0978977786287,2.09081460288819,0,NA
0,1,0,0,1,1,0,1,1,1,0,0,0,4.90103936427946e-193,0,0,1.48219693752374e-323,2.67517943655101,0,0,19.0978977786288,2.0908146028882,0,NA
1,1,0,0,1,1,0,1,1,1,0,0,2.87550408976078e-309,3.20582102108715e-193,0,0,1.48219693752374e-323,2.67517943655101,0,0,19.0978977786288,2.0908146028882,0,NA
0,0,1,0,1,1,0,1,1,1,0,0,0,0,3.28507936254159e-278,0,1.48219693752374e-323,2.675179436551,0,0,19.0978977786287,2.09081460288819,0,NA
1,0,1,0,1,1,0,1,1,1,0,0,4.68204143067245e-309,0,1.55029842761816e-278,0,1.48219693752374e-323,2.67517943655101,0,0,19.0978977786288,2.0908146028882,0,NA
0,1,1,0,1,1,0,1,1,1,0,0,0,2.06502392821408e-193,1.3569707801365e-278,0,1.48219693752374e-323,2.67517943655101,0,0,19.0978977786288,2.0908146028882,0,NA
1,1,1,0,1,1,0,1,1,1,0,0,2.47181496262497e-309,1.2467340887672e-193,6.62469443250668e-279,0,1.48219693752374e-323,2.67517943655101,0,0,19.0978977786288,2.0908146028882,0,NA
0,0,0,1,1,1,0,1,1,1,0,0,0,0,0,1.48219693752374e-323,1.48219693752374e-323,2.675179436551,0,0,19.0978977786287,2.09081460288819,0,NA
1,0,0,1,1,1,0,1,1,1,0,0,5.60352622047957e-309,0,0,1.48219693752374e-323,1.48219693752374e-323,2.675179436551,0,0,19.0978977786287,2.09081460288819,0,NA
0,1,0,1,1,1,0,1,1,1,0,0,0,3.42687931316003e-193,0,1.48219693752374e-323,1.48219693752374e-323,2.67517943655101,0,0,19.0978977786288,2.0908146028882,0,NA
1,1,0,1,1,1,0,1,1,1,0,0,2.04591068631554e-309,2.42606644503096e-193,0,1.48219693752374e-323,1.48219693752374e-323,2.67517943655101,0,0,19.0978977786288,2.0908146028882,0,NA
0,0,1,1,1,1,0,1,1,1,0,0,0,0,1.68180247799755e-278,1.48219693752374e-323,1.48219693752374e-323,2.675179436551,0,0,19.0978977786287,2.09081460288819,0,NA
1,0,1,1,1,1,0,1,1,1,0,0,3.71789192641181e-309,0,1.04007984797502e-278,1.48219693752374e-323,1.48219693752374e-323,2.67517943655101,0,0,19.0978977786288,2.0908146028882,0,NA
0,1,1,1,1,1,0,1,1,1,0,0,0,1.79669997151889e-193,7.65157408389501e-279,1.48219693752374e-323,1.48219693752374e-323,2.67517943655101,0,0,19.0978977786288,2.0908146028882,0,NA
1,1,1,1,1,1,0,1,1,1,0,0,1.9115821191285e-309,1.14973748361593e-193,4.377764841238e-279,1.48219693752374e-323,1.48219693752374e-323,2.67517943655101,0,0,19.0978977786288,2.0908146028882,0,NA
0,0,0,0,0,0,1,1,1,1,0,0,0,0,0,0,0,0,9.88131291682493e-324,0,11.8048431119118,2.39560478367278,0,NA
1,0,0,0,0,0,1,1,1,1,0,0,5.9337365223676e-77,0,0,0,0,0,9.88131291682493e-324,0,11.8048431119118,2.3956047836728,0,NA
0,1,0,0,0,0,1,1,1,1,0,0,0,1.165814688025e-50,0,0,0,0,9.88131291682493e-324,0,11.8048431119118,2.3956047836728,0,NA
1,1,0,0,0,0,1,1,1,1,0,0,2.12375857864972e-77,8.10939611170101e-51,0,0,0,0,-9.88131291682493e-324,0,11.8048431119118,2.3956047836728,0,0.453817686434112
0,0,1,0,0,0,1,1,1,1,0,0,0,0,1.38060706410425e-76,0,0,0,9.88131291682493e-324,0,11.8048431119118,2.3956047836728,0,NA
1,0,1,0,0,0,1,1,1,1,0,0,3.43701510454179e-77,0,6.88255818351293e-77,0,0,0,9.88131291682493e-324,0,11.8048431119118,2.3956047836728,0,NA
0,1,1,0,0,0,1,1,1,1,0,0,0,4.60825687742831e-51,6.48144696181498e-77,0,0,0,9.88131291682493e-324,0,11.8048431119118,2.3956047836728,0,NA
1,1,1,0,0,0,1,1,1,1,0,0,2.43551697555651e-77,3.14840158814324e-51,3.68314699938467e-77,0,0,0,9.88131291682493e-324,0,11.8048431119118,2.3956047836728,0,NA
0,0,0,1,0,0,1,1,1,1,0,0,0,0,0,2.47032822920623e-323,0,0,9.88131291682493e-324,0,11.8048431119118,2.39560478367278,0,NA
1,0,0,1,0,0,1,1,1,1,0,0,4.72499788962494e-77,0,0,2.47032822920623e-323,0,0,9.88131291682493e-324,0,11.8048431119118,2.3956047836728,0,NA
0,1,0,1,0,0,1,1,1,1,0,0,0,1.0034808605423e-50,0,2.47032822920623e-323,0,0,9.88131291682493e-324,0,11.8048431119118,2.3956047836728,0,NA
1,1,0,1,0,0,1,1,1,1,0,0,1.93919457297637e-77,7.3680724470163e-51,0,2.47032822920623e-323,0,0,9.88131291682493e-324,0,11.8048431119118,2.3956047836728,0,NA
0,0,1,1,0,0,1,1,1,1,0,0,0,0,1.06233827745146e-76,2.47032822920623e-323,0,0,9.88131291682493e-324,0,11.8048431119118,2.3956047836728,0,NA
1,0,1,1,0,0,1,1,1,1,0,0,3.2411054515352e-77,0,5.88344186895761e-77,2.47032822920623e-323,0,0,9.88131291682493e-324,0,11.8048431119118,2.3956047836728,0,NA
0,1,1,1,0,0,1,1,1,1,0,0,0,5.09939171479344e-51,4.53097925584602e-77,2.47032822920623e-323,0,0,9.88131291682493e-324,0,11.8048431119118,2.3956047836728,0,NA
1,1,1,1,0,0,1,1,1,1,0,0,2.23151615971887e-77,3.46414642734083e-51,2.92762275746715e-77,2.47032822920623e-323,0,0,9.88131291682493e-324,0,11.8048431119118,2.3956047836728,0,NA
0,0,0,0,1,0,1,1,1,1,0,0,0,0,0,0,1.48219693752374e-323,0,9.88131291682493e-324,0,11.8048431119118,2.39560478367278,0,NA
1,0,0,0,1,0,1,1,1,1,0,0,5.01161597380152e-77,0,0,0,1.48219693752374e-323,0,9.88131291682493e-324,0,11.8048431119118,2.3956047836728,0,NA
0,1,0,0,1,0,1,1,1,1,0,0,0,1.06011335796308e-50,0,0,1.48219693752374e-323,0,9.88131291682493e-324,0,11.8048431119118,2.3956047836728,0,NA
1,1,0,0,1,0,1,1,1,1,0,0,1.94004758485818e-77,7.84808447050648e-51,0,0,1.48219693752374e-323,0,9.88131291682493e-324,0,11.8048431119118,2.3956047836728,0,NA
0,0,1,0,1,0,1,1,1,1,0,0,0,0,1.20654054389454e-76,0,1.48219693752374e-323,0,9.88131291682493e-324,0,11.8048431119118,2.3956047836728,0,NA
1,0,1,0,1,0,1,1,1,1,0,0,3.13052792505663e-77,0,6.77626574242895e-77,0,1.48219693752374e-323,0,9.88131291682493e-324,0,11.8048431119118,2.3956047836728,0,NA
0,1,1,0,1,0,1,1,1,1,0,0,0,4.24534220825579e-51,5.98408720639665e-77,0,1.48219693752374e-323,0,9.88131291682493e-324,0,11.8048431119118,2.3956047836728,0,NA
1,1,1,0,1,0,1,1,1,1,0,0,2.24505311231236e-77,3.06320828413272e-51,3.67336996718267e-77,0,1.48219693752374e-323,0,9.88131291682493e-324,0,11.8048431119118,2.3956047836728,0,NA
0,0,0,1,1,0,1,1,1,1,0,0,0,0,0,2.47032822920623e-323,1.48219693752374e-323,0,9.88131291682493e-324,0,11.8048431119118,2.39560478367278,0,NA
1,0,0,1,1,0,1,1,1,1,0,0,4.19423383460374e-77,0,0,2.47032822920623e-323,1.48219693752374e-323,0,9.88131291682493e-324,0,11.8048431119118,2.3956047836728,0,NA
0,1,0,1,1,0,1,1,1,1,0,0,0,9.38231896774721e-51,0,2.47032822920623e-323,1.48219693752374e-323,0,-9.88131291682493e-324,0,11.8048431119118,2.3956047836728,0,NA
1,1,0,1,1,0,1,1,1,1,0,0,1.80039155962124e-77,7.16720223844355e-51,0,2.47032822920623e-323,1.48219693752374e-323,0,-9.88131291682493e-324,0,11.8048431119118,2.3956047836728,0,NA
0,0,1,1,1,0,1,1,1,1,0,0,0,0,9.64811611012812e-77,2.47032822920623e-323,1.48219693752374e-323,0,9.88131291682493e-324,0,11.8048431119118,2.3956047836728,0,NA
1,0,1,1,1,0,1,1,1,1,0,0,2.98833076316523e-77,0,5.79227200623244e-77,2.47032822920623e-323,1.48219693752374e-323,0,9.88131291682493e-324,0,11.8048431119118,2.3956047836728,0,NA
0,1,1,1,1,0,1,1,1,1,0,0,0,4.72328300657953e-51,4.35184824144655e-77,2.47032822920623e-323,1.48219693752374e-323,0,9.88131291682493e-324,0,11.8048431119118,2.3956047836728,0,NA
1,1,1,1,1,0,1,1,1,1,0,0,2.08148121801825e-77,3.36320147004441e-51,2.93493016967068e-77,2.47032822920623e-323,-1.48219693752374e-323,0,9.88131291682493e-324,0,11.8048431119118,2.3956047836728,0,NA
0,0,0,0,0,1,1,1,1,1,0,0,0,0,0,0,0,2.675179436551,-4.94065645841247e-324,0,19.0978977786287,2.09081460288819,0,0.636935436545754
1,0,0,0,0,1,1,1,1,1,0,0,2.06756787225628e-308,0,0,0,0,2.675179436551,4.94065645841247e-324,0,19.0978977786287,2.09081460288819,0,NA
0,1,0,0,0,1,1,1,1,1,0,0,0,7.68119363694483e-193,0,0,0,2.67517943655101,4.94065645841247e-324,0,19.0978977786288,2.0908146028882,0,NA
1,1,0,0,0,1,1,1,1,1,0,0,4.49644380302276e-309,4.01380072692574e-193,0,0,0,2.67517943655101,4.94065645841247e-324,0,19.0978977786288,2.0908146028882,0,NA
0,0,1,0,0,1,1,1,1,1,0,0,0,0,5.39056687010119e-278,0,0,2.675179436551,4.94065645841247e-324,0,19.0978977786287,2.09081460288819,0,NA
1,0,1,0,0,1,1,1,1,1,0,0,8.12630824775619e-309,0,2.22099651052078e-278,0,0,2.675179436551,4.94065645841247e-324,0,19.0978977786287,2.09081460288819,0,NA
0,1,1,0,0,1,1,1,1,1,0,0,0,3.05939031539517e-193,2.54877532517219e-278,0,0,2.67517943655101,-4.94065645841247e-324,0,19.0978977786288,2.0908146028882,0,0.636935436545754
1,1,1,0,0,1,1,1,1,1,0,0,3.66629983992444e-309,1.45226655872241e-193,8.45619724947111e-279,0,0,2.67517943655101,-4.94065645841247e-324,0,19.0978977786288,2.0908146028882,0,0.636935436545754
0,0,0,1,0,1,1,1,1,1,0,0,0,0,0,1.48219693752374e-323,0,2.675179436551,-4.94065645841247e-324,0,19.0978977786287,2.09081460288819,0,NA
1,0,0,1,0,1,1,1,1,1,0,0,8.30123950752722e-309,0,0,1.48219693752374e-323,0,2.675179436551,-4.94065645841247e-324,0,19.0978977786287,2.09081460288819,0,NA
0,1,0,1,0,1,1,1,1,1,0,0,0,4.44518649962527e-193,0,1.48219693752374e-323,0,2.67517943655101,-4.94065645841247e-324,0,19.0978977786288,2.0908146028882,0,NA
1,1,0,1,0,1,1,1,1,1,0,0,2.76426063279487e-309,2.78809017943702e-193,0,1.48219693752374e-323,0,2.67517943655101,4.94065645841247e-324,0,19.0978977786288,2.0908146028882,0,NA
0,0,1,1,0,1,1,1,1,1,0,0,0,0,2.19158832220999e-278,1.48219693752374e-323,0,2.675179436551,4.94065645841247e-324,0,19.0978977786287,2.09081460288819,0,NA
1,0,1,1,0,1,1,1,1,1,0,0,4.83972655565478e-309,0,1.17699563559866e-278,1.48219693752374e-323,0,2.675179436551,4.94065645841247e-324,0,19.0978977786287,2.09081460288819,0,NA
0,1,1,1,0,1,1,1,1,1,0,0,0,2.42086636779502e-193,1.1700114983763e-278,1.48219693752374e-323,0,2.67517943655101,-4.94065645841247e-324,0,19.0978977786288,2.0908146028882,0,NA
1,1,1,1,0,1,1,1,1,1,0,0,2.46483197528623e-309,1.27643481160204e-193,4.9543595196559e-279,1.48219693752374e-323,0,2.67517943655101,-4.94065645841247e-324,0,19.0978977786288,2.0908146028882,0,NA
0,0,0,0,1,1,1,1,1,1,0,0,0,0,0,0,1.48219693752374e-323,2.675179436551,4.94065645841247e-324,0,19.0978977786287,2.09081460288819,0,NA
1,0,0,0,1,1,1,1,1,1,0,0,1.0342401328195e-308,0,0,0,1.48219693752374e-323,2.675179436551,4.94065645841247e-324,0,19.0978977786287,2.09081460288819,0,NA
0,1,0,0,1,1,1,1,1,1,0,0,0,4.97597969593984e-193,0,0,1.48219693752374e-323,2.67517943655101,4.94065645841247e-324,0,19.0978977786288,2.0908146028882,0,NA
1,1,0,0,1,1,1,1,1,1,0,0,3.02694233707822e-309,3.28848753688534e-193,0,0,1.48219693752374e-323,2.67517943655101,-4.94065645841247e-324,0,19.0978977786288,2.0908146028882,0,NA
0,0,1,0,1,1,1,1,1,1,0,0,0,0,3.70427741774877e-278,0,1.48219693752374e-323,2.675179436551,4.94065645841247e-324,0,19.0978977786287,2.09081460288819,0,NA
1,0,1,0,1,1,1,1,1,1,0,0,4.68910207730754e-309,0,1.61292293445151e-278,0,1.48219693752374e-323,2.67517943655101,4.94065645841247e-324,0,19.0978977786288,2.0908146028882,0,NA
0,1,1,0,1,1,1,1,1,1,0,0,0,2.0131956672799e-193,1.43375630365947e-278,0,1.48219693752374e-323,2.67517943655101,4.94065645841247e-324,0,19.0978977786288,2.0908146028882,0,NA
1,1,1,0,1,1,1,1,1,1,0,0,2.6545405139341e-309,1.25604305984677e-193,7.32347550820402e-279,0,1.48219693752374e-323,2.67517943655101,4.94065645841247e-324,0,19.0978977786288,2.0908146028882,0,NA
0,0,0,1,1,1,1,1,1,1,0,0,0,0,0,1.48219693752374e-323,1.48219693752374e-323,2.675179436551,4.94065645841247e-324,0,19.0978977786287,2.09081460288819,0,NA
1,0,0,1,1,1,1,1,1,1,0,0,5.6839407031882e-309,0,0,1.48219693752374e-323,1.48219693752374e-323,2.675179436551,4.94065645841247e-324,0,19.0978977786287,2.09081460288819,0,NA
0,1,0,1,1,1,1,1,1,1,0,0,0,3.3524275458251e-193,0,1.48219693752374e-323,1.48219693752374e-323,2.67517943655101,-4.94065645841247e-324,0,19.0978977786288,2.0908146028882,0,NA
1,1,0,1,1,1,1,1,1,1,0,0,1.98345790983546e-309,2.36955230917713e-193,0,1.48219693752374e-323,1.48219693752374e-323,2.67517943655101,4.94065645841247e-324,0,19.0978977786288,2.0908146028882,0,NA
0,0,1,1,1,1,1,1,1,1,0,0,0,0,1.78085381673092e-278,1.48219693752374e-323,1.48219693752374e-323,2.675179436551,4.94065645841247e-324,0,19.0978977786287,2.09081460288819,0,NA
1,0,1,1,1,1,1,1,1,1,0,0,3.45911724614143e-309,0,9.96843010001504e-279,1.48219693752374e-323,1.48219693752374e-323,2.67517943655101,-4.94065645841247e-324,0,19.0978977786288,2.0908146028882,0,NA
0,1,1,1,1,1,1,1,1,1,0,0,0,1.73666739341544e-193,7.65250054680063e-279,1.48219693752374e-323,1.48219693752374e-323,2.67517943655101,4.94065645841247e-324,0,19.0978977786288,2.0908146028882,0,NA
1,1,1,1,1,1,1,1,1,1,0,0,1.88112262304139e-309,1.12338345111533e-193,4.41717618207221e-279,1.48219693752374e-323,1.48219693752374e-323,2.67517943655101,4.94065645841247e-324,0,19.0978977786288,2.0908146028882,0,NA
0,0,0,0,0,0,0,0,0,0,1,0,0,0,0,0,0,0,0,0,0,0,0.842671179380371,0
1,0,0,0,0,0,0,0,0,0,1,0,1.79406317020861,0,0,0,0,0,0,0,0,0,5.74469574731923e-69,5.05011349300133e-67
0,1,0,0,0,0,0,0,0,0,1,0,0,2.95766993993708,0,0,0,0,0,0,0,0,4.62180191759061e-113,4.05891580038685e-111
1,1,0,0,0,0,0,0,0,0,1,0,3.75682052932352,6.4819680278804,0,0,0,0,0,0,0,0,9.88131291682493e-324,NA
0,0,1,0,0,0,0,0,0,0,1,0,0,0,3.50423145050188,0,0,0,0,0,0,0,3.72366078181454e-171,4.18333004935944e-169
1,0,1,0,0,0,0,0,0,0,1,0,8.75180973154834e+104,0,1.32891245791254e+105,0,0,0,0,0,0,0,0,0.671806056515163
0,1,1,0,0,0,0,0,0,0,1,0,0,7.92088827547922e-155,3.50423145050186,0,0,0,0,0,0,0,3.00855068472235e-171,8.0488711639994e-153
1,1,1,0,0,0,0,0,0,0,1,0,2.73128385309766e+103,0,4.14729895851451e+103,0,0,0,0,0,0,0,0,0.671806056515165
0,0,0,1,0,0,0,0,0,0,1,0,0,0,0,0.607219382941267,0,0,0,0,0,0,0.209809780320105,0.569678831554913
1,0,0,1,0,0,0,0,0,0,1,0,2.05840496549528,0,0,0.24207634120881,0,0,0,0,0,0,1.07934683337101e-140,0.336421715024481
0,1,0,1,0,0,0,0,0,0,1,0,0,3.06280969210226,0,0.0798386201737919,0,0,0,0,0,0,3.00885430136735e-136,0.118386826534152
1,1,0,1,0,0,0,0,0,0,1,0,3.75682052932352,6.4819680278804,0,1.97626258336499e-323,0,0,0,0,0,0,9.88131291682493e-324,NA
0,0,1,1,0,0,0,0,0,0,1,0,0,0,3.50450545882355,0.0606863667341501,0,0,0,0,0,0,2.3063290913716e-185,0.0862107615057869
1,0,1,1,0,0,0,0,0,0,1,0,2.40437099517e+103,0,3.65090040452666e+103,0,0,0,0,0,0,0,0,0.671806056515161
0,1,1,1,0,0,0,0,0,0,1,0,0,1.25994914837395e-153,3.50450545882355,0.0606863667341501,0,0,0,0,0,0,1.76811231023379e-185,0.0862107615057869
1,1,1,1,0,0,0,0,0,0,1,0,1.80173177635072e+103,0,2.73582707674529e+103,0,0,0,0,0,0,0,0,0.671806056515166
0,0,0,0,1,0,0,0,0,0,1,0,0,0,0,0,1.13779042340289,0,0,0,0,0,1.15770375300416,0.69310955258681
1,0,0,0,1,0,0,0,0,0,1,0,3.09394979639401e-116,0,0,0,1.13779042340289,0,0,0,0,0,1.15770375300416,0.69310955258681
0,1,0,0,1,0,0,0,0,0,1,0,0,2.8346755077723,0,0,0.251670587576595,0,0,0,0,0,4.91824797659607e-91,0.282522357086446
1,1,0,0,1,0,0,0,0,0,1,0,3.75682052932352,6.4819680278804,0,0,1.97626258336499e-323,0,0,0,0,0,9.88131291682493e-324,NA
0,0,1,0,1,0,0,0,0,0,1,0,0,0,3.50414098763227,0,0.182760175104084,0,0,0,0,0,6.40660673305436e-166,0.197247571060585
1,0,1,0,1,0,0,0,0,0,1,0,1.8340918464199e+103,0,2.78496399993366e+103,0,0,0,0,0,0,0,0,0.671806056515167
0,1,1,0,1,0,0,0,0,0,1,0,0,1.21997045459516e-161,3.50414098763227,0,0.182760175104084,0,0,0,0,0,5.65321534270886e-166,0.197247571060585
1,1,1,0,1,0,0,0,0,0,1,0,1.35689479811142e+103,0,2.06036746295664e+103,0,0,0,0,0,0,0,0,0.671806056515165
0,0,0,1,1,0,0,0,0,0,1,0,0,0,0,0.464789542402419,0.92664078045586,0,0,0,0,0,0.614823476664783,1.058023365138
1,0,0,1,1,0,0,0,0,0,1,0,1.60319618456643,0,0,0.294186773143701,0.583175696945678,0,0,0,0,0,1.8982963372341e-71,0.875317595002591
0,1,0,1,1,0,0,0,0,0,1,0,0,2.97610741323815,0,0.0837181991099867,0.187863839342068,0,0,0,0,0,9.40739878785834e-121,0.33918461311198
1,1,0,1,1,0,0,0,0,0,1,0,3.75682052932352,6.4819680278804,0,1.97626258336499e-323,1.97626258336499e-323,0,0,0,0,0,9.88131291682493e-324,NA
0,0,1,1,1,0,0,0,0,0,1,0,0,0,3.50437374395616,0.0498190927017857,0.166970844527518,0,0,0,0,0,1.07917252614159e-175,0.253552650650728
1,0,1,1,1,0,0,0,0,0,1,0,1.93756086808231e+104,0,2.94207581578994e+104,0,0,0,0,0,0,0,0,0.671806056515165
0,1,1,1,1,0,0,0,0,0,1,0,0,4.87990716706549e-158,3.50437374395616,0.0498190927017857,0.166970844527518,0,0,0,0,0,8.17561670366647e-176,0.253552650650728
1,1,1,1,1,0,0,0,0,0,1,0,4.40740364800313e+103,0,6.69239139622414e+103,0,0,0,0,0,0,0,0,0.671806056515164
0,0,0,0,0,1,0,0,0,0,1,0,0,0,0,0,0,1.11922845767564,0,0,0,0,0.0716244671035035,0.227367735327252
1,0,0,0,0,1,0,0,0,0,1,0,1.15875489248297,0,0,0,0,1.16802443102601,0,0,0,0,9.49916685424428e-128,0.693139245010709
0,1,0,0,0,1,0,0,0,0,1,0,0,2.50579461972555,0,0,0,1.27377592950788,0,0,0,0,2.29202584893481e-215,0.639036371914395
1,1,0,0,0,1,0,0,0,0,1,0,2.37211935556954,4.64302289696155,0,0,0,1.52204054520382,0,0,0,0,9.88131291682493e-324,NA
0,0,1,0,0,1,0,0,0,0,1,0,0,0,2.99696410222578,0,0,1.21031457190054,0,0,0,0,3.56979537760482e-260,0.600053680751728
1,0,1,0,0,1,0,0,0,0,1,0,8.01638742646552e+73,0,1.23509094851815e+74,0,0,6.34654219038776e+72,0,0,0,0,0,0.785572859323323
0,1,1,0,0,1,0,0,0,0,1,0,0,7.12893349896151e-133,2.99696410222578,0,0,1.21031457190054,0,0,0,0,1.74344044237944e-260,0.600053680751728
1,1,1,0,0,1,0,0,0,0,1,0,1.64866430416507e+75,0,2.54010971637508e+75,0,0,1.30524100290189e+74,0,0,0,0,0,0.785572859323327
0,0,0,1,0,1,0,0,0,0,1,0,0,0,0,0.723289691988042,0,1.49046283171865,0,0,0,0,8.58864650452429e-155,0.63183549030764
1,0,0,1,0,1,0,0,0,0,1,0,1.49259291114386,0,0,0.423467333286121,0,1.40441818286421,0,0,0,0,5.43022268663491e-262,0.986012649777133
0,1,0,1,0,1,0,0,0,0,1,0,0,2.73754791120529,0,0.209369608941227,0,1.39771092923218,0,0,0,0,1.68161891878926e-282,0.80202379335492
1,1,0,1,0,1,0,0,0,0,1,0,2.37211935556954,4.64302289696155,0,7.76204601665277e-215,0,1.52204054520382,0,0,0,0,9.88131291682493e-324,NA
0,0,1,1,0,1,0,0,0,0,1,0,0,0,2.9507252952791,0.219086086563431,0,1.32299825697531,0,0,0,0,3.86926276858655e-315,0.783438916612437
1,0,1,1,0,1,0,0,0,0,1,0,6.02593918224024e+103,0,9.28421063549681e+103,0,0,4.77071219518864e+102,0,0,0,0,9.88131291682493e-324,NA
0,1,1,1,0,1,0,0,0,0,1,0,0,1.71717182813574e-119,2.9507252952791,0.219086086563431,0,1.32299825697531,0,0,0,0,2.51740006681831e-315,0.783438916612437
1,1,1,1,0,1,0,0,0,0,1,0,1.62776232085184e+74,0,2.50790587064902e+74,0,0,1.28869298545933e+73,0,0,0,0,0,0.785572859323331
0,0,0,0,1,1,0,0,0,0,1,0,0,0,0,0,1.49551966679557,1.20484809499338,0,0,0,0,0.426721328163264,0.992032308844586
1,0,0,0,1,1,0,0,0,0,1,0,9.55565269731322e-86,0,0,0,1.49551966679557,1.20484809499338,0,0,0,0,0.426721328163263,0.992032308844585
0,1,0,0,1,1,0,0,0,0,1,0,0,2.04821804239538,0,0,0.931616746305744,1.28021509005028,0,0,0,0,1.69895390569991e-139,1.04581835901435
1,1,0,0,1,1,0,0,0,0,1,0,2.37211935556954,4.64302289696155,0,0,8.42617178755773e-45,1.52204054520382,0,0,0,0,-9.88131291682493e-324,0.994511671196253
0,0,1,0,1,1,0,0,0,0,1,0,0,0,2.98453181705835,0,0.761027374919084,1.23907860988408,0,0,0,0,5.51789455774659e-229,0.940071996900746
1,0,1,0,1,1,0,0,0,0,1,0,8.17277239493366e+73,0,1.25918530034567e+74,0,0,6.47035155082989e+72,0,0,0,0,0,0.78557285932333
0,1,1,0,1,1,0,0,0,0,1,0,0,8.81202178464946e-149,2.98453181705834,0,0.761027374919087,1.23907860988407,0,0,0,0,3.40284339791432e-229,0.940071996900747
1,1,1,0,1,1,0,0,0,0,1,0,4.42983509571076e+74,0,6.82508084885882e+74,0,0,3.50708290851474e+73,0,0,0,0,0,0.78557285932333
0,0,0,1,1,1,0,0,0,0,1,0,0,0,0,0.635425511116062,1.35180434737706,1.49647873977274,0,0,0,0,1.37165879184197e-80,1.04067457761855
1,0,0,1,1,1,0,0,0,0,1,0,0.471754392713002,0,0,0.545686386810412,1.27451191721648,1.46893917933878,0,0,0,0,1.63939844011799e-120,1.27438595771571
0,1,0,1,1,1,0,0,0,0,1,0,0,2.35098508920748,0,0.228047666631477,0.829127899776422,1.41449806273568,0,0,0,0,3.19930158600617e-225,1.15700889768497
1,1,0,1,1,1,0,0,0,0,1,0,2.37211935556954,4.64302289696155,0,2.82722417139161e-218,3.88451097065094e-45,1.52204054520382,0,0,0,0,-9.88131291682493e-324,0.994511671196253
0,0,1,1,1,1,0,0,0,0,1,0,0,0,2.94869453739773,0.170837263001766,0.747654518719693,1.32644078206037,0,0,0,0,2.20049011632807e-272,1.06132539272583
1,0,1,1,1,1,0,0,0,0,1,0,6.2040454442279e+62,0,9.55862031700676e+62,0,0,4.9117182177206e+61,0,0,0,0,0,0.785572859323328
0,1,1,1,1,1,0,0,0,0,1,0,0,6.59508252138324e-139,2.94869453739773,0.170837263001766,0.747654518719693,1.32644078206037,0,0,0,0,1.44520238093812e-272,1.06132539272583
1,1,1,1,1,1,0,0,0,0,1,0,1.95519197870371e+74,0,3.01237925145661e+74,0,0,1.54791774935734e+73,0,0,0,0,0,0.785572859323325
0,0,0,0,0,0,1,0,0,0,1,0,0,0,0,0,0,0,0.0293271368313493,0,0,0,0.835314427784497,0.148109085614946
1,0,0,0,0,0,1,0,0,0,1,0,1.79406317020861,0,0,0,0,0,8.82814406295576e-300,0,0,0,6.3649837439026e-69,5.59176569907602e-67
0,1,0,0,0,0,1,0,0,0,1,0,0,2.95766993993708,0,0,0,0,1.48219693752374e-323,0,0,0,5.27281172596268e-113,4.62829026292081e-111
1,1,0,0,0,0,1,0,0,0,1,0,3.75682052932352,6.4819680278804,0,0,0,0,0,0,0,0,9.88131291682493e-324,NA
0,0,1,0,0,0,1,0,0,0,1,0,0,0,3.50423145050188,0,0,0,9.88131291682493e-324,0,0,0,4.14309499889309e-171,4.65327959387712e-169
1,0,1,0,0,0,1,0,0,0,1,0,4.29331947503233e+73,0,6.51916107773901e+73,0,0,0,0,0,0,0,0,0.671806056515167
0,1,1,0,0,0,1,0,0,0,1,0,0,8.14320233287664e-155,3.50423145050186,0,0,0,9.88131291682493e-324,0,0,0,3.3008954200129e-171,8.27413405577476e-153
1,1,1,0,0,0,1,0,0,0,1,0,5.23837394055973e+75,0,7.95417245386419e+75,0,0,0,0,0,0,0,0,0.671806056515162
0,0,0,1,0,0,1,0,0,0,1,0,0,0,0,0.639343170454276,0,0,0.0497936855137615,0,0,0,0.163838637899305,0.698825356548988
1,0,0,1,0,0,1,0,0,0,1,0,2.05840496549528,0,0,0.24207634120881,0,0,2.47032822920623e-323,0,0,0,8.54636287589e-141,0.336421715024481
0,1,0,1,0,0,1,0,0,0,1,0,0,3.06280969210226,0,0.0798386201737919,0,0,1.48219693752374e-323,0,0,0,2.77819066881284e-136,0.118386826534152
1,1,0,1,0,0,1,0,0,0,1,0,3.75682052932352,6.4819680278804,0,1.97626258336499e-323,0,0,0,0,0,0,9.88131291682493e-324,NA
0,0,1,1,0,0,1,0,0,0,1,0,0,0,3.50450545882355,0.0606863667341501,0,0,-9.88131291682493e-324,0,0,0,2.25170789513695e-185,0.0862107615057869
1,0,1,1,0,0,1,0,0,0,1,0,5.57177583862451e+73,0,8.46042424568811e+73,0,0,0,0,0,0,0,0,0.671806056515164
0,1,1,1,0,0,1,0,0,0,1,0,0,1.38044426361277e-153,3.50450545882355,0.0606863667341501,0,0,-9.88131291682493e-324,0,0,0,1.71346248138612e-185,0.0862107615057869
1,1,1,1,0,0,1,0,0,0,1,0,1.8191677979502e+103,0,2.76230268239804e+103,0,0,0,-4.94065645841247e-324,0,0,0,0,0.671806056515163
0,0,0,0,1,0,1,0,0,0,1,0,0,0,0,0,1.13779042340289,0,1.91972680358067e-261,0,0,0,1.15770375300416,0.69310955258681
1,0,0,0,1,0,1,0,0,0,1,0,2.55358252825091e-116,0,0,0,1.13779042340289,0,7.23366223380439e-262,0,0,0,1.15770375300416,0.69310955258681
0,1,0,0,1,0,1,0,0,0,1,0,0,2.8346755077723,0,0,0.251670587576595,0,1.48219693752374e-323,0,0,0,5.47842573969179e-91,0.282522357086446
1,1,0,0,1,0,1,0,0,0,1,0,3.75682052932352,6.4819680278804,0,0,1.97626258336499e-323,0,0,0,0,0,9.88131291682493e-324,NA
0,0,1,0,1,0,1,0,0,0,1,0,0,0,3.50414098763227,0,0.182760175104084,0,9.88131291682493e-324,0,0,0,6.95253114174515e-166,0.197247571060585
1,0,1,0,1,0,1,0,0,0,1,0,3.99552056625898e+73,0,6.06697039722759e+73,0,0,0,0,0,0,0,0,0.671806056515165
0,1,1,0,1,0,1,0,0,0,1,0,0,1.21237933056708e-161,3.50414098763227,0,0.182760175104084,0,9.88131291682493e-324,0,0,0,6.16106639449003e-166,0.197247571060585
1,1,1,0,1,0,1,0,0,0,1,0,4.96229957949984e+73,0,7.53496926163739e+73,0,0,0,0,0,0,0,0,0.671806056515161
0,0,0,1,1,0,1,0,0,0,1,0,0,0,0,0.464789542402419,0.92664078045586,0,2.29827476461041e-209,0,0,0,0.614823476664783,1.058023365138
1,0,0,1,1,0,1,0,0,0,1,0,1.60319618456643,0,0,0.294186773143701,0.583175696945678,0,1.97626258336499e-323,0,0,0,1.67347584646856e-71,0.875317595002591
0,1,0,1,1,0,1,0,0,0,1,0,0,2.97610741323815,0,0.0837181991099867,0.187863839342068,0,1.48219693752374e-323,0,0,0,9.41662562906332e-121,0.33918461311198
1,1,0,1,1,0,1,0,0,0,1,0,3.75682052932352,6.4819680278804,0,1.97626258336499e-323,1.97626258336499e-323,0,0,0,0,0,9.88131291682493e-324,NA
0,0,1,1,1,0,1,0,0,0,1,0,0,0,3.50437374395616,0.0498190927017857,0.166970844527518,0,-9.88131291682493e-324,0,0,0,1.10134164791278e-175,0.253552650650728
1,0,1,1,1,0,1,0,0,0,1,0,8.10381268020594e+73,0,1.23051779662144e+74,0,0,0,0,0,0,0,0,0.671806056515166
0,1,1,1,1,0,1,0,0,0,1,0,0,5.14790046402794e-158,3.50437374395616,0.0498190927017857,0.166970844527518,0,-9.88131291682493e-324,0,0,0,8.27891434372206e-176,0.253552650650728
1,1,1,1,1,0,1,0,0,0,1,0,1.20274572923732e+27,4.94065645841247e-324,1.82630088211683e+27,0,0,0,-2.6961972479508e-07,0,0,0,0,NA
0,0,0,0,0,1,1,0,0,0,1,0,0,0,0,0,0,1.11736879153914,0.00489948101836814,0,0,0,0.0716766108742882,0.253453054694012
1,0,0,0,0,1,1,0,0,0,1,0,1.15875489248297,0,0,0,0,1.16802443102601,4.04881201263959e-247,0,0,0,1.07727214731307e-127,0.693139245010709
0,1,0,0,0,1,1,0,0,0,1,0,0,2.50579461972555,0,0,0,1.27377592950788,1.48219693752374e-323,0,0,0,2.9798935465212e-215,0.639036371914395
1,1,0,0,0,1,1,0,0,0,1,0,2.37211935556954,4.64302289696155,0,0,0,1.52204054520382,4.94065645841247e-324,0,0,0,9.88131291682493e-324,NA
0,0,1,0,0,1,1,0,0,0,1,0,0,0,2.99696410222578,0,0,1.21031457190054,9.88131291682493e-324,0,0,0,4.08417143597071e-260,NA
1,0,1,0,0,1,1,0,0,0,1,0,9.98202575512292e+73,0,1.53793835079935e+74,0,0,7.90273027364811e+72,0,0,0,0,0,0.785572859323322
0,1,1,0,0,1,1,0,0,0,1,0,0,7.24415987613486e-133,2.99696410222578,0,0,1.21031457190054,9.88131291682493e-324,0,0,0,1.99417273273026e-260,NA
1,1,1,0,0,1,1,0,0,0,1,0,1.36121182647318e+74,0,2.09722948312407e+74,0,0,1.07766601427548e+73,0,0,0,0,0,0.785572859323329
0,0,0,1,0,1,1,0,0,0,1,0,0,0,0,0.723289691988043,0,1.49046283171865,2.27345294573333e-86,0,0,0,1.44091129885643e-157,0.63183549030764
1,0,0,1,0,1,1,0,0,0,1,0,1.49259291114386,0,0,0.423467333286121,0,1.40441818286421,2.47032822920623e-323,0,0,0,4.5858047507968e-262,0.986012649777133
0,1,0,1,0,1,1,0,0,0,1,0,0,2.73754791120529,0,0.209369608941227,0,1.39771092923218,1.48219693752374e-323,0,0,0,1.53173853796896e-282,0.80202379335492
1,1,0,1,0,1,1,0,0,0,1,0,2.37211935556954,4.64302289696155,0,8.59969619530548e-215,0,1.52204054520382,4.94065645841247e-324,0,0,0,9.88131291682493e-324,NA
0,0,1,1,0,1,1,0,0,0,1,0,0,0,2.9507252952791,0.219086086563431,0,1.32299825697531,9.88131291682493e-324,0,0,0,3.73938010389069e-315,NA
1,0,1,1,0,1,1,0,0,0,1,0,1.27503747932103e+74,0,1.96446000667549e+74,0,0,1.00944212478075e+73,0,0,0,0,0,0.78557285932333
0,1,1,1,0,1,1,0,0,0,1,0,0,1.85264313031562e-119,2.9507252952791,0.219086086563431,0,1.32299825697531,9.88131291682493e-324,0,0,0,2.43488017029008e-315,NA
1,1,1,1,0,1,1,0,0,0,1,0,1.71231965379103e+74,0,2.63818400091902e+74,0,0,1.355636691203e+73,0,0,0,0,0,0.785572859323328
0,0,0,0,1,1,1,0,0,0,1,0,0,0,0,0,1.49551966679557,1.20484809499338,2.47032822920623e-323,0,0,0,0.426721328163264,0.992032308844586
1,0,0,0,1,1,1,0,0,0,1,0,8.09333216097343e-86,0,0,0,1.49551966679557,1.20484809499338,2.47032822920623e-323,0,0,0,0.426721328163263,0.992032308844585
0,1,0,0,1,1,1,0,0,0,1,0,0,2.04821804239538,0,0,0.931616746305744,1.28021509005028,1.48219693752374e-323,0,0,0,2.00887729236299e-139,1.04581835901435
1,1,0,0,1,1,1,0,0,0,1,0,2.37211935556954,4.64302289696155,0,0,9.46097927755527e-45,1.52204054520382,0,0,0,0,-9.88131291682493e-324,0.994511671196253
0,0,1,0,1,1,1,0,0,0,1,0,0,0,2.98453181705835,0,0.761027374919084,1.23907860988408,9.88131291682493e-324,0,0,0,6.15572847303668e-229,NA
1,0,1,0,1,1,1,0,0,0,1,0,1.22677395908883e+74,0,1.89010003152553e+74,0,0,9.71232086877663e+72,0,0,0,0,0,0.785572859323325
0,1,1,0,1,1,1,0,0,0,1,0,0,8.75232097636625e-149,2.98453181705834,0,0.761027374919087,1.23907860988407,9.88131291682493e-324,0,0,0,3.81247167098801e-229,NA
1,1,1,0,1,1,1,0,0,0,1,0,1.75020781877426e+74,0,2.69655858679828e+74,0,0,1.38563260142923e+73,0,0,0,0,0,0.785572859323331
0,0,0,1,1,1,1,0,0,0,1,0,0,0,0,0.635425511116062,1.35180434737706,1.49647873977274,2.47032822920623e-323,0,0,0,1.26314353083827e-80,1.04067457761855
1,0,0,1,1,1,1,0,0,0,1,0,0.471754392713002,0,0,0.545686386810412,1.27451191721648,1.46893917933878,1.97626258336499e-323,0,0,0,1.52606688200197e-120,1.27438595771571
0,1,0,1,1,1,1,0,0,0,1,0,0,2.35098508920748,0,0.228047666631478,0.829127899776423,1.41449806273568,9.88131291682493e-324,0,0,0,3.21485301824644e-225,NA
1,1,0,1,1,1,1,0,0,0,1,0,2.37211935556954,4.64302289696155,0,3.55282067095811e-218,4.07783534873737e-45,1.52204054520382,0,0,0,0,-9.88131291682493e-324,0.994511671196253
0,0,1,1,1,1,1,0,0,0,1,0,0,0,2.94869453739773,0.170837263001766,0.747654518719693,1.32644078206037,9.88131291682493e-324,0,0,0,2.23019535974883e-272,NA
1,0,1,1,1,1,1,0,0,0,1,0,1.19613942207284e+74,0,1.84290116579268e+74,0,0,9.46978845197722e+72,0,0,0,0,0,0.785572859323328
0,1,1,1,1,1,1,0,0,0,1,0,0,6.90398332487051e-139,2.94869453739773,0.170837263001766,0.747654518719693,1.32644078206037,9.88131291682493e-324,0,0,0,1.46093461595613e-272,NA
1,1,1,1,1,1,1,0,0,0,1,0,7.93196015837694e+73,0,1.22208317468222e+74,0,0,6.27970145647138e+72,0,0,0,0,0,0.785572859323329
0,0,0,0,0,0,0,1,0,0,1,0,0,0,0,0,0,0,0,0.120143091391409,0,0,0.7777982891055,0.393543985571581
1,0,0,0,0,0,0,1,0,0,1,0,1.7835597612036,0,0,0,0,0,0,0.0302409502430464,0,0,1.32450964853781e-70,0.0847906647803667
0,1,0,0,0,0,0,1,0,0,1,0,0,2.95766993993708,0,0,0,0,0,2.53517388023191e-173,0,0,4.62428414007207e-113,4.06108731993134e-111
1,1,0,0,0,0,0,1,0,0,1,0,3.75682052932352,6.4819680278804,0,0,0,0,0,4.94065645841247e-324,0,0,9.88131291682493e-324,NA
0,0,1,0,0,0,0,1,0,0,1,0,0,0,3.50423145050188,0,0,0,0,9.88131291682493e-324,0,0,3.61408848021805e-171,4.06053957659552e-169
1,0,1,0,0,0,0,1,0,0,1,0,1.59023876862272e+103,0,2.41468699103481e+103,0,0,0,0,9.88131291682493e-324,0,0,0,NA
0,1,1,0,0,0,0,1,0,0,1,0,0,7.65412348402496e-155,3.50423145050186,0,0,0,0,9.88131291682493e-324,0,0,2.91039176760962e-171,7.77854438135383e-153
1,1,1,0,0,0,0,1,0,0,1,0,1.20451353463559e+74,0,1.82898519392083e+74,0,0,0,0,0,0,0,0,0.671806056515168
0,0,0,1,0,0,0,1,0,0,1,0,0,0,0,0.587675649665584,0,0,0,0.0352206176399121,0,0,0.211160968048311,0.728116149108269
1,0,0,1,0,0,0,1,0,0,1,0,2.05840496549527,0,0,0.24207634120881,0,0,0,5.85600640138675e-97,0,0,1.20302985824092e-140,0.336421715024481
0,1,0,1,0,0,0,1,0,0,1,0,0,3.06280969210226,0,0.0798386201737919,0,0,0,6.50388129615104e-228,0,0,3.16657721362991e-136,0.118386826534152
1,1,0,1,0,0,0,1,0,0,1,0,3.75682052932352,6.4819680278804,0,1.97626258336499e-323,0,0,0,4.94065645841247e-324,0,0,9.88131291682493e-324,NA
0,0,1,1,0,0,0,1,0,0,1,0,0,0,3.50450545882355,0.0606863667341501,0,0,0,-9.88131291682493e-324,0,0,2.30177846994841e-185,0.0862107615057869
1,0,1,1,0,0,0,1,0,0,1,0,9.32033642380477e+71,0,1.4152399978351e+72,0,0,0,0,0,0,0,0,0.671806056515166
0,1,1,1,0,0,0,1,0,0,1,0,0,1.19239875335486e-153,3.50450545882355,0.0606863667341501,0,0,0,-9.88131291682493e-324,0,0,1.78030009981591e-185,0.0862107615057869
1,1,1,1,0,0,0,1,0,0,1,0,2.35951318483419e+73,0,3.58278637460767e+73,0,0,0,0,0,0,0,0,0.671806056515163
0,0,0,0,1,0,0,1,0,0,1,0,0,0,0,0,0.959105355484433,0,0,0.223119595022233,0,0,0.987752800177448,0.953017670292734
1,0,0,0,1,0,0,1,0,0,1,0,5.1401494126505e-83,0,0,0,0.959105355484433,0,0,0.223119595022233,0,0,0.987752800177448,0.953017670292734
0,1,0,0,1,0,0,1,0,0,1,0,0,2.8346755077723,0,0,0.251670587576595,0,0,5.1253115758526e-91,0,0,4.73015239194485e-91,0.282522357086446
1,1,0,0,1,0,0,1,0,0,1,0,3.75682052932352,6.4819680278804,0,0,1.97626258336499e-323,0,0,4.94065645841247e-324,0,0,9.88131291682493e-324,NA
0,0,1,0,1,0,0,1,0,0,1,0,0,0,3.50414098763227,0,0.182760175104084,0,0,9.88131291682493e-324,0,0,6.17185620857398e-166,0.197247571060585
1,0,1,0,1,0,0,1,0,0,1,0,1.45255770295773e+69,0,2.20562613505973e+69,0,0,0,0,0,0,0,0,0.671806056515165
0,1,1,0,1,0,0,1,0,0,1,0,0,1.19557645554516e-161,3.50414098763227,0,0.182760175104084,0,0,9.88131291682493e-324,0,0,5.37322711312684e-166,0.197247571060585
1,1,1,0,1,0,0,1,0,0,1,0,1.1265024501726e+74,0,1.71052980563197e+74,0,0,0,0,0,0,0,0,0.671806056515165
0,0,0,1,1,0,0,1,0,0,1,0,0,0,0,0.393745469974108,0.836352359472537,0,0,0.153041483701458,0,0,0.58123166667583,1.24486942612508
1,0,0,1,1,0,0,1,0,0,1,0,1.58101458899859,0,0,0.269431610053397,0.555265293610311,0,0,0.0566009686694247,0,0,5.60151457120839e-71,0.949162940439408
0,1,0,1,1,0,0,1,0,0,1,0,0,2.97610741323815,0,0.0837181991099867,0.187863839342068,0,0,1.53462167200003e-168,0,0,9.75507670452307e-121,0.33918461311198
1,1,0,1,1,0,0,1,0,0,1,0,3.75682052932352,6.4819680278804,0,1.97626258336499e-323,1.97626258336499e-323,0,0,4.94065645841247e-324,0,0,9.88131291682493e-324,NA
0,0,1,1,1,0,0,1,0,0,1,0,0,0,3.50437374395616,0.0498190927017857,0.166970844527518,0,0,-9.88131291682493e-324,0,0,1.05898579514719e-175,0.253552650650728
1,0,1,1,1,0,0,1,0,0,1,0,4.55887258771078e+73,0,6.92238835358312e+73,0,0,0,0,0,0,0,0,0.671806056515167
0,1,1,1,1,0,0,1,0,0,1,0,0,4.6397988336011e-158,3.50437374395616,0.0498190927017857,0.166970844527518,0,0,9.88131291682493e-324,0,0,8.07721072827484e-176,0.253552650650728
1,1,1,1,1,0,0,1,0,0,1,0,8.152360721888e+103,0,1.23788954022393e+104,0,0,0,0,-4.94065645841247e-324,0,0,0,0.671806056515164
0,0,0,0,0,1,0,1,0,0,1,0,0,0,0,0,0,1.1448828710915,0,0.0758317028542415,0,0,0.0131007463117773,0.289114657778196
1,0,0,0,0,1,0,1,0,0,1,0,1.15875489248297,0,0,0,0,1.16802443102601,0,8.67294376917869e-58,0,0,1.42407685252067e-129,0.693139245010709
0,1,0,0,0,1,0,1,0,0,1,0,0,2.50579461972555,0,0,0,1.27377592950788,0,4.06196070728381e-319,0,0,2.28863996137143e-215,0.639036371914395
1,1,0,0,0,1,0,1,0,0,1,0,2.37211935556954,4.64302289696155,0,0,0,1.52204054520382,0,4.94065645841247e-324,0,0,9.88131291682493e-324,NA
0,0,1,0,0,1,0,1,0,0,1,0,0,0,2.99696410222578,0,0,1.21031457190054,0,9.88131291682493e-324,0,0,3.30832941241314e-260,NA
1,0,1,0,0,1,0,1,0,0,1,0,7.10829221719395e+73,0,1.09518002434532e+74,0,0,5.62760680816035e+72,0,0,0,0,0,0.785572859323331
0,1,1,0,0,1,0,1,0,0,1,0,0,6.942194634699e-133,2.99696410222578,0,0,1.21031457190054,0,9.88131291682493e-324,0,0,1.6440866902288e-260,NA
1,1,1,0,0,1,0,1,0,0,1,0,5.22090351811924e+74,0,8.04388602405442e+74,0,0,4.13336864686634e+73,0,0,0,0,0,0.78557285932333
0,0,0,1,0,1,0,1,0,0,1,0,0,0,0,0.723289691988042,0,1.49046283171865,0,3.01374501512294e-232,0,0,8.63188049428351e-155,0.63183549030764
1,0,0,1,0,1,0,1,0,0,1,0,1.49259291114386,0,0,0.423467333286121,0,1.40441818286421,0,2.47032822920623e-323,0,0,5.65435446233381e-262,0.986012649777133
0,1,0,1,0,1,0,1,0,0,1,0,0,2.73754791120529,0,0.209369608941227,0,1.39771092923218,0,1.97626258336499e-323,0,0,1.72617229964904e-282,0.80202379335492
1,1,0,1,0,1,0,1,0,0,1,0,2.37211935556954,4.64302289696155,0,8.25415152271877e-215,0,1.52204054520382,0,4.94065645841247e-324,0,0,9.88131291682493e-324,NA
0,0,1,1,0,1,0,1,0,0,1,0,0,0,2.9507252952791,0.219086086563431,0,1.32299825697531,0,9.88131291682493e-324,0,0,3.82600578474899e-315,NA
1,0,1,1,0,1,0,1,0,0,1,0,1.0370564760965e+74,0,1.59780085291314e+74,0,0,8.21033506643217e+72,0,0,0,0,0,0.785572859323331
0,1,1,1,0,1,0,1,0,0,1,0,0,1.64098837185648e-119,2.9507252952791,0.219086086563431,0,1.32299825697531,0,9.88131291682493e-324,0,0,2.51988948080341e-315,NA
1,1,1,1,0,1,0,1,0,0,1,0,1.04950272415923e+74,0,1.61697688259773e+74,0,0,8.30887151962544e+72,0,0,0,0,0,0.785572859323336
0,0,0,0,1,1,0,1,0,0,1,0,0,0,0,0,1.34221299819364,1.2688386578466,0,0.215154198686337,0,0,0.224014512620563,1.10490172757749
1,0,0,0,1,1,0,1,0,0,1,0,7.0654389481511e-51,0,0,0,1.34221299819364,1.2688386578466,0,0.215154198686338,0,0,0.224014512620562,1.10490172757749
0,1,0,0,1,1,0,1,0,0,1,0,0,2.04821804239538,0,0,0.931616746305744,1.28021509005028,0,6.84973186347005e-27,0,0,1.49855623866914e-139,1.04581835901435
1,1,0,0,1,1,0,1,0,0,1,0,2.37211935556954,4.64302289696155,0,0,8.33854633726864e-45,1.52204054520382,0,4.94065645841247e-324,0,0,9.88131291682493e-324,NA
0,0,1,0,1,1,0,1,0,0,1,0,0,0,2.98453181705835,0,0.761027374919084,1.23907860988408,0,9.88131291682493e-324,0,0,5.47915157872959e-229,NA
1,0,1,0,1,1,0,1,0,0,1,0,5.97967173008029e+74,0,9.21292601770878e+74,0,0,4.73408243647713e+73,0,0,0,0,0,0.785572859323335
0,1,1,0,1,1,0,1,0,0,1,0,0,8.64942083605523e-149,2.98453181705834,0,0.761027374919087,1.23907860988407,0,9.88131291682493e-324,0,0,3.13335688491659e-229,NA
1,1,1,0,1,1,0,1,0,0,1,0,1.18785319789722e+74,0,1.83013451676195e+74,0,0,9.40418674321216e+72,0,0,0,0,0,0.785572859323335
0,0,0,1,1,1,0,1,0,0,1,0,0,0,0,0.600070016726363,1.31651211906971,1.50450912991086,0,0.0695517069596835,0,0,2.8847241321875e-83,1.1112289881166
1,0,0,1,1,1,0,1,0,0,1,0,0.4511797265528,0,0,0.52882650869611,1.25714637331155,1.47485864704369,0,0.0408662026776562,0,0,2.26350571890907e-120,1.31343769557637
0,1,0,1,1,1,0,1,0,0,1,0,0,2.35098508920748,0,0.228047666631478,0.829127899776423,1.41449806273568,0,1.62833784091136e-230,0,0,3.26094052152844e-225,1.15700889768497
1,1,0,1,1,1,0,1,0,0,1,0,2.37211935556954,4.64302289696155,0,3.07165298200471e-218,3.9825995050578e-45,1.52204054520382,0,-4.94065645841247e-324,0,0,9.88131291682493e-324,NA
0,0,1,1,1,1,0,1,0,0,1,0,0,0,2.94869453739773,0.170837263001766,0.747654518719693,1.32644078206037,0,9.88131291682493e-324,0,0,2.13146049952222e-272,NA
1,0,1,1,1,1,0,1,0,0,1,0,1.01432535108963e+74,0,1.5627788345749e+74,0,0,8.03037364962901e+72,0,0,0,0,0,0.785572859323332
0,1,1,1,1,1,0,1,0,0,1,0,0,6.30839670371237e-139,2.94869453739773,0.170837263001766,0.747654518719693,1.32644078206037,0,9.88131291682493e-324,0,0,1.41611454944989e-272,NA
1,1,1,1,1,1,0,1,0,0,1,0,2.44003591616016e+74,0,3.7593820180886e+74,0,0,1.93176677524936e+73,0,0,0,0,0,0.785572859323328
0,0,0,0,0,0,1,1,0,0,1,0,0,0,0,0,0,0,1.12904370363517e-10,0.120143091433957,0,0,0.777798289050792,0.393543988606125
1,0,0,0,0,0,1,1,0,0,1,0,1.7835597612036,0,0,0,0,0,1.57771638263313e-305,0.0302409502430464,0,0,1.33690913308145e-70,0.0847906647803667
0,1,0,0,0,0,1,1,0,0,1,0,0,2.95766993993708,0,0,0,0,1.48219693752374e-323,4.32750960868737e-173,0,0,5.17280462924256e-113,4.5408424217561e-111
1,1,0,0,0,0,1,1,0,0,1,0,3.75682052932352,6.4819680278804,0,0,0,0,0,4.94065645841247e-324,0,0,9.88131291682493e-324,NA
0,0,1,0,0,0,1,1,0,0,1,0,0,0,3.50423145050188,0,0,0,9.88131291682493e-324,9.88131291682493e-324,0,0,3.91563016440449e-171,4.39843548732509e-169
1,0,1,0,0,0,1,1,0,0,1,0,1.63164050135636e+73,0,2.47755316397103e+73,0,0,0,0,0,0,0,0,0.671806056515168
0,1,1,0,0,0,1,1,0,0,1,0,0,7.76919238546409e-155,3.50423145050186,0,0,0,9.88131291682493e-324,9.88131291682493e-324,0,0,3.12668585150837e-171,7.89515294737691e-153
1,1,1,0,0,0,1,1,0,0,1,0,5.72652758361689e+73,0,8.69540595588541e+73,0,0,0,0,0,0,0,0,0.671806056515164
0,0,0,1,0,0,1,1,0,0,1,0,0,0,0,0.603083815958967,0,0,0.0318154660649674,0.0444425347346093,0,0,0.182141685251382,0.852926445829135
1,0,0,1,0,0,1,1,0,0,1,0,2.05840496549527,0,0,0.24207634120881,0,0,2.47032822920623e-323,6.64376104089364e-97,0,0,1.00465328427048e-140,0.336421715024481
0,1,0,1,0,0,1,1,0,0,1,0,0,3.06280969210226,0,0.0798386201737919,0,0,1.48219693752374e-323,9.32044520651396e-228,0,0,2.98563662574301e-136,0.118386826534152
1,1,0,1,0,0,1,1,0,0,1,0,3.75682052932352,6.4819680278804,0,1.97626258336499e-323,0,0,0,4.94065645841247e-324,0,0,9.88131291682493e-324,NA
0,0,1,1,0,0,1,1,0,0,1,0,0,0,3.50450545882355,0.0606863667341501,0,0,-9.88131291682493e-324,-9.88131291682493e-324,0,0,2.24370866270983e-185,0.0862107615057869
1,0,1,1,0,0,1,1,0,0,1,0,3.29411265822628e+69,0,5.00192244068558e+69,0,0,0,0,0,0,0,0,0.671806056515164
0,1,1,1,0,0,1,1,0,0,1,0,0,1.27867345746489e-153,3.50450545882355,0.0606863667341501,0,0,9.88131291682493e-324,9.88131291682493e-324,0,0,1.72944592922415e-185,0.0862107615057869
1,1,1,1,0,0,1,1,0,0,1,0,5.17875056622296e+73,0,7.86363775604814e+73,0,0,0,0,0,0,0,0,0.671806056515163
0,0,0,0,1,0,1,1,0,0,1,0,0,0,0,0,0.959105355484433,0,1.26915285892621e-259,0.223119595022233,0,0,0.987752800177448,0.953017670292734
1,0,0,0,1,0,1,1,0,0,1,0,4.78861672886327e-83,0,0,0,0.959105355484433,0,1.626652181207e-267,0.223119595022233,0,0,0.987752800177448,0.953017670292734
0,1,0,0,1,0,1,1,0,0,1,0,0,2.8346755077723,0,0,0.251670587576595,0,1.48219693752374e-323,6.77213201980404e-91,0,0,5.20321112181498e-91,0.282522357086446
1,1,0,0,1,0,1,1,0,0,1,0,3.75682052932352,6.4819680278804,0,0,1.97626258336499e-323,0,0,4.94065645841247e-324,0,0,9.88131291682493e-324,NA
0,0,1,0,1,0,1,1,0,0,1,0,0,0,3.50414098763227,0,0.182760175104084,0,9.88131291682493e-324,9.88131291682493e-324,0,0,6.57918671071641e-166,0.197247571060585
1,0,1,0,1,0,1,1,0,0,1,0,1.79635884340413e+103,0,2.72766858410528e+103,0,0,0,-4.94065645841247e-324,-5.56598451977201e-265,0,0,0,0.671806056515162
0,1,1,0,1,0,1,1,0,0,1,0,0,1.18311213454335e-161,3.50414098763227,0,0.182760175104084,0,9.88131291682493e-324,9.88131291682493e-324,0,0,5.74205881612062e-166,0.197247571060585
1,1,1,0,1,0,1,1,0,0,1,0,1.42174384391695e+103,0,2.15883704524656e+103,0,0,0,-4.94065645841247e-324,0,0,0,0,0.671806056515168
0,0,0,1,1,0,1,1,0,0,1,0,0,0,0,0.393745469974108,0.836352359472537,0,4.12554141951534e-217,0.153041483701458,0,0,0.58123166667583,1.24486942612508
1,0,0,1,1,0,1,1,0,0,1,0,1.58101458899859,0,0,0.269431610053397,0.555265293610311,0,1.97626258336499e-323,0.0566009686694247,0,0,5.00387096704558e-71,0.949162940439408
0,1,0,1,1,0,1,1,0,0,1,0,0,2.97610741323815,0,0.0837181991099867,0.187863839342068,0,1.48219693752374e-323,2.05100015692229e-168,0,0,9.82759241619898e-121,0.33918461311198
1,1,0,1,1,0,1,1,0,0,1,0,3.75682052932352,6.4819680278804,0,1.97626258336499e-323,1.97626258336499e-323,0,0,4.94065645841247e-324,0,0,9.88131291682493e-324,NA
0,0,1,1,1,0,1,1,0,0,1,0,0,0,3.50437374395616,0.0498190927017857,0.166970844527518,0,-9.88131291682493e-324,-9.88131291682493e-324,0,0,1.07005560673077e-175,0.253552650650728
1,0,1,1,1,0,1,1,0,0,1,0,2.50498012689673e+74,0,3.80366964041321e+74,0,0,0,0,0,0,0,0,0.671806056515165
0,1,1,1,1,0,1,1,0,0,1,0,0,4.81723377350982e-158,3.50437374395616,0.0498190927017857,0.166970844527518,0,9.88131291682493e-324,9.88131291682493e-324,0,0,8.13269590982421e-176,0.253552650650728
1,1,1,1,1,0,1,1,0,0,1,0,1.57431616858838e+74,0,2.39050942982524e+74,0,0,0,0,0,0,0,0,0.671806056515161
0,0,0,0,0,1,1,1,0,0,1,0,0,0,0,0,0,1.14488279398945,3.59523039994474e-15,0.0758318815402157,0,0,0.0130988926795368,0.289108638990728
1,0,0,0,0,1,1,1,0,0,1,0,1.15875489248297,0,0,0,0,1.16802443102601,5.01521694520991e-254,1.04291885180492e-57,0,0,1.49764320193941e-129,0.693139245010709
0,1,0,0,0,1,1,1,0,0,1,0,0,2.50579461972553,0,0,0,1.27377592950788,1.48219693752374e-323,9.83645175618255e-319,0,0,2.87626006273306e-215,0.639036371914396
1,1,0,0,0,1,1,1,0,0,1,0,2.37211935556954,4.64302289696155,0,0,0,1.52204054520382,4.94065645841247e-324,4.94065645841247e-324,0,0,9.88131291682493e-324,NA
0,0,1,0,0,1,1,1,0,0,1,0,0,0,2.99696410222578,0,0,1.21031457190054,9.88131291682493e-324,9.88131291682493e-324,0,0,3.63182620231164e-260,NA
1,0,1,0,0,1,1,1,0,0,1,0,1.08897409746404e+74,0,1.67779072965983e+74,0,0,8.62136481949231e+72,0,0,0,0,0,0.785572859323325
0,1,1,0,0,1,1,1,0,0,1,0,0,6.99236685564583e-133,2.99696410222578,0,0,1.21031457190054,9.88131291682493e-324,9.88131291682493e-324,0,0,1.82360369588055e-260,NA
1,1,1,0,0,1,1,1,0,0,1,0,1.36232470192913e+74,0,2.09894409885973e+74,0,0,1.07854707336826e+73,0,0,0,0,0,0.785572859323325
0,0,0,1,0,1,1,1,0,0,1,0,0,0,0,0.723289691988043,0,1.49046283171865,2.08303599325714e-86,5.89593853260297e-238,0,0,1.49406468299039e-157,0.63183549030764
1,0,0,1,0,1,1,1,0,0,1,0,1.49259291114386,0,0,0.423467333286121,0,1.40441818286421,2.47032822920623e-323,2.47032822920623e-323,0,0,4.89882027460954e-262,0.986012649777133
0,1,0,1,0,1,1,1,0,0,1,0,0,2.73754791120529,0,0.209369608941227,0,1.39771092923218,1.48219693752374e-323,1.97626258336499e-323,0,0,1.59445024967645e-282,0.80202379335492
1,1,0,1,0,1,1,1,0,0,1,0,2.37211935556954,4.64302289696155,0,9.21934021791861e-215,0,1.52204054520382,4.94065645841247e-324,4.94065645841247e-324,0,0,9.88131291682493e-324,NA
0,0,1,1,0,1,1,1,0,0,1,0,0,0,2.9507252952791,0.219086086563431,0,1.32299825697531,9.88131291682493e-324,9.88131291682493e-324,0,0,3.68977020164936e-315,NA
1,0,1,1,0,1,1,1,0,0,1,0,8.37200662976057e+73,0,1.28988147144853e+74,0,0,6.62808450581636e+72,0,0,0,0,0,0.785572859323322
0,1,1,1,0,1,1,1,0,0,1,0,0,1.74177770258047e-119,2.9507252952791,0.219086086563431,0,1.32299825697531,9.88131291682493e-324,9.88131291682493e-324,0,0,2.44075978368644e-315,NA
1,1,1,1,0,1,1,1,0,0,1,0,1.10969442120732e+74,0,1.70971469109561e+74,0,0,8.78540680229497e+72,0,0,0,0,0,0.785572859323326
0,0,0,0,1,1,1,1,0,0,1,0,0,0,0,0,1.34221299819364,1.2688386578466,2.47032822920623e-323,0.215154198686337,0,0,0.224014512620563,1.10490172757749
1,0,0,0,1,1,1,1,0,0,1,0,6.65148526436321e-51,0,0,0,1.34221299819364,1.2688386578466,2.47032822920623e-323,0.215154198686338,0,0,0.224014512620562,1.10490172757749
0,1,0,0,1,1,1,1,0,0,1,0,0,2.04821804239538,0,0,0.931616746305744,1.28021509005028,1.48219693752374e-323,8.20990988258866e-27,0,0,1.69955133796319e-139,1.04581835901435
1,1,0,0,1,1,1,1,0,0,1,0,2.37211935556954,4.64302289696155,0,0,9.24357025325709e-45,1.52204054520382,0,4.94065645841247e-324,0,0,9.88131291682493e-324,NA
0,0,1,0,1,1,1,1,0,0,1,0,0,0,2.98453181705834,0,0.761027374919087,1.23907860988407,9.88131291682493e-324,9.88131291682493e-324,0,0,6.25611300900574e-229,NA
1,0,1,0,1,1,1,1,0,0,1,0,1.61803708080258e+74,0,2.4929221188441e+74,0,0,1.28099355141241e+73,0,0,0,0,0,0.785572859323329
0,1,1,0,1,1,1,1,0,0,1,0,0,8.55537643243321e-149,2.98453181705834,0,0.761027374919087,1.23907860988407,9.88131291682493e-324,9.88131291682493e-324,0,0,3.40508365237566e-229,NA
1,1,1,0,1,1,1,1,0,0,1,0,1.19206928012844e+74,0,1.83663026693598e+74,0,0,9.43756529933106e+72,0,0,0,0,0,0.785572859323327
0,0,0,1,1,1,1,1,0,0,1,0,0,0,0,0.600070016726363,1.31651211906971,1.50450912991086,2.47032822920623e-323,0.0695517069596835,0,0,2.64744870811912e-83,1.1112289881166
1,0,0,1,1,1,1,1,0,0,1,0,0.4511797265528,0,0,0.52882650869611,1.25714637331155,1.47485864704369,1.97626258336499e-323,0.0408662026776562,0,0,2.11869605418801e-120,1.31343769557637
0,1,0,1,1,1,1,1,0,0,1,0,0,2.35098508920747,0,0.228047666631478,0.829127899776424,1.41449806273568,9.88131291682493e-324,2.2915213155283e-230,0,0,3.28263006710422e-225,NA
1,1,0,1,1,1,1,1,0,0,1,0,2.37211935556954,4.64302289696155,0,3.88386165411556e-218,4.18977109036594e-45,1.52204054520382,0,4.94065645841247e-324,0,0,-9.88131291682493e-324,NA
0,0,1,1,1,1,1,1,0,0,1,0,0,0,2.94869453739773,0.170837263001766,0.747654518719693,1.32644078206037,9.88131291682493e-324,9.88131291682493e-324,0,0,2.1354766750555e-272,NA
1,0,1,1,1,1,1,1,0,0,1,0,2.03067579694802e+74,0,3.12867774816522e+74,0,0,1.60767798943738e+73,0,0,0,0,0,0.785572859323329
0,1,1,1,1,1,1,1,0,0,1,0,0,6.51814397618311e-139,2.94869453739773,0.170837263001766,0.747654518719693,1.32644078206037,9.88131291682493e-324,9.88131291682493e-324,0,0,1.42259212935709e-272,NA
1,1,1,1,1,1,1,1,0,0,1,0,9.70807272928919e+73,0,1.49573019835784e+74,0,0,7.68584274761675e+72,0,0,0,0,0,0.785572859323327
0,0,0,0,0,0,0,0,1,0,1,0,0,0,0,0,0,0,0,0,10.5867691311638,0,0.631274815919589,0.216587402738363
1,0,0,0,0,0,0,0,1,0,1,0,7.2860614922671e-116,0,0,0,0,0,0,0,10.5867691311637,0,0.631274815919585,0.216587402738363
0,1,0,0,0,0,0,0,1,0,1,0,0,0.396925859321202,0,0,0,0,0,0,11.4844947099955,0,0.410215190721112,0.287788018145359
1,1,0,0,0,0,0,0,1,0,1,0,1.09833452888193e-83,0.396925859321203,0,0,0,0,0,0,11.4844947099954,0,0.41021519072111,0.287788018145361
0,0,1,0,0,0,0,0,1,0,1,0,0,0,1.11981757112575e-08,0,0,0,0,0,10.5867691517509,0,0.63127480905951,0.216587422290305
1,0,1,0,0,0,0,0,1,0,1,0,2.80365780296249e-114,0,1.03183775669483e-08,0,0,0,0,0,10.5867691501335,0,0.63127480959848,0.216587420829445
0,1,1,0,0,0,0,0,1,0,1,0,0,0.396925859321199,4.05020816680969e-58,0,0,0,0,0,11.4844947099955,0,0.410215190721115,0.287788018145359
1,1,1,0,0,0,0,0,1,0,1,0,1.36546166851797e-83,0.396925859321199,5.06036518040037e-58,0,0,0,0,0,11.4844947099955,0,0.410215190721115,0.287788018145359
0,0,0,1,0,0,0,0,1,0,1,0,0,0,0,1.44371759028057e-222,0,0,0,0,10.5867691311637,0,0.631274815919585,0.216587402738363
1,0,0,1,0,0,0,0,1,0,1,0,1.48211062121899e-115,0,0,2.6604213555582e-228,0,0,0,0,10.5867691311637,0,0.631274815919585,0.216587402738363
0,1,0,1,0,0,0,0,1,0,1,0,0,0.396925859321202,0,1.73302805109841e-274,0,0,0,0,11.4844947099955,0,0.41021519072111,0.287788018145359
1,1,0,1,0,0,0,0,1,0,1,0,1.38233027221844e-83,0.396925859321203,0,1.38120055809515e-274,0,0,0,0,11.4844947099954,0,0.41021519072111,0.287788018145361
0,0,1,1,0,0,0,0,1,0,1,0,0,0,1.0961096918584e-08,5.98251817280398e-229,0,0,0,0,10.5867691513151,0,0.631274809204746,0.216587421897275
1,0,1,1,0,0,0,0,1,0,1,0,2.78621986179315e-114,0,1.00445567777825e-08,2.73090779491822e-229,0,0,0,0,10.5867691496301,0,0.631274809766225,0.216587420373441
0,1,1,1,0,0,0,0,1,0,1,0,0,0.396925859321199,2.93901829710646e-58,3.973786758211e-274,0,0,0,0,11.4844947099955,0,0.410215190721115,0.287788018145359
1,1,1,1,0,0,0,0,1,0,1,0,1.59639939054444e-83,0.396925859321199,3.96013965703825e-58,2.72502028725198e-274,0,0,0,0,11.4844947099955,0,0.410215190721115,0.287788018145359
0,0,0,0,1,0,0,0,1,0,1,0,0,0,0,0,1.34695472073896e-137,0,0,0,10.5867691311638,0,0.631274815919589,0.216587402738363
1,0,0,0,1,0,0,0,1,0,1,0,2.15023143494794e-116,0,0,0,9.41729633085279e-140,0,0,0,10.5867691311637,0,0.631274815919585,0.216587402738363
0,1,0,0,1,0,0,0,1,0,1,0,0,0.396925859321202,0,0,1.46450630444708e-220,0,0,0,11.4844947099955,0,0.410215190721113,0.287788018145359
1,1,0,0,1,0,0,0,1,0,1,0,5.73644713892384e-84,0.396925859321203,0,0,1.1153941763373e-220,0,0,0,11.4844947099954,0,0.41021519072111,0.287788018145361
0,0,1,0,1,0,0,0,1,0,1,0,0,0,1.10199720447959e-08,0,2.22668700899502e-141,0,0,0,10.5867691514233,0,0.631274809168679,0.216587421994921
1,0,1,0,1,0,0,0,1,0,1,0,1.40198595334035e-114,0,1.04400196009807e-08,0,8.2427271052449e-142,0,0,0,10.5867691503571,0,0.631274809523961,0.216587421031812
0,1,1,0,1,0,0,0,1,0,1,0,0,0.396925859321199,3.79383030238337e-58,0,7.18520838903214e-220,0,0,0,11.4844947099955,0,0.410215190721115,0.287788018145359
1,1,1,0,1,0,0,0,1,0,1,0,8.46214649744045e-84,0.396925859321198,4.62188561510925e-58,0,3.74953322392684e-220,0,0,0,11.4844947099955,0,0.410215190721115,0.287788018145359
0,0,0,1,1,0,0,0,1,0,1,0,0,0,0,6.7780868999543e-223,1.06954606855643e-137,0,0,0,10.5867691311638,0,0.631274815919589,0.216587402738363
1,0,0,1,1,0,0,0,1,0,1,0,6.35429961224928e-116,0,0,1.65733488819863e-228,5.15964557360428e-140,0,0,0,10.5867691311637,0,0.631274815919585,0.216587402738363
0,1,0,1,1,0,0,0,1,0,1,0,0,0.396925859321202,0,1.08537436332212e-274,1.41986772772571e-220,0,0,0,11.4844947099955,0,0.410215190721112,0.287788018145359
1,1,0,1,1,0,0,0,1,0,1,0,8.39255296587248e-84,0.396925859321203,0,1.0004575072654e-274,9.48881347189415e-221,0,0,0,11.4844947099954,0,0.41021519072111,0.287788018145361
0,0,1,1,1,0,0,0,1,0,1,0,0,0,1.08208211401871e-08,3.69040314391506e-229,2.53251298095375e-141,0,0,0,10.5867691510572,0,0.63127480929068,0.216587421664511
1,0,1,1,1,0,0,0,1,0,1,0,1.60983132665073e-114,0,1.01500888734787e-08,2.18573688005943e-229,7.65799144247716e-142,0,0,0,10.5867691498241,0,0.631274809701575,0.216587420549265
0,1,1,1,1,0,0,0,1,0,1,0,0,0.396925859321198,2.83956842768416e-58,2.64024340419065e-274,5.09283125497878e-220,0,0,0,11.4844947099955,0,0.410215190721115,0.287788018145359
1,1,1,1,1,0,0,0,1,0,1,0,1.07661454903672e-83,0.396925859321199,3.69721358125877e-58,2.09876443922473e-274,2.58972678082418e-220,0,0,0,11.4844947099955,0,0.410215190721115,0.287788018145359
0,0,0,0,0,1,0,0,1,0,1,0,0,0,0,0,0,2.13115877519994,0,0,13.320395414246,0,5.52006048319262e-147,0.401179178573807
1,0,0,0,0,1,0,0,1,0,1,0,1.08639512886316e-158,0,0,0,0,2.13115877519994,0,0,13.320395414246,0,2.27062989871925e-147,0.401179178573807
0,1,0,0,0,1,0,0,1,0,1,0,0,2.00110161664594e-93,0,0,0,2.13115877519994,0,0,13.320395414246,0,2.39781957954768e-150,0.401179178573807
1,1,0,0,0,1,0,0,1,0,1,0,6.17410445389558e-162,1.5359597605794e-93,0,0,0,2.13115877519994,0,0,13.320395414246,0,1.0916536696876e-150,0.401179178573807
0,0,1,0,0,1,0,0,1,0,1,0,0,0,8.00950496339513e-171,0,0,2.13115877519994,0,0,13.320395414246,0,1.15713355264651e-147,0.401179178573807
1,0,1,0,0,1,0,0,1,0,1,0,6.89250513907646e-159,0,4.37412982825535e-171,0,0,2.13115877519994,0,0,13.320395414246,0,3.62286472132992e-148,0.401179178573807
0,1,1,0,0,1,0,0,1,0,1,0,0,9.85984827914621e-94,1.68507150029515e-174,0,0,2.13115877519994,0,0,13.320395414246,0,2.06902125678894e-150,0.401179178573807
1,1,1,0,0,1,0,0,1,0,1,0,7.18584888636321e-162,6.89534126018206e-94,1.04807917070975e-174,0,0,2.13115877519994,0,0,13.320395414246,0,7.25112083997719e-151,0.401179178573807
0,0,0,1,0,1,0,0,1,0,1,0,0,0,0,6.37128401057564e-245,0,2.13115877519994,0,0,13.320395414246,0,1.76158766525936e-147,0.401179178573807
1,0,0,1,0,1,0,0,1,0,1,0,7.71466285386653e-159,0,0,1.85377269516599e-245,0,2.13115877519994,0,0,13.320395414246,0,7.94238061152081e-148,0.401179178573807
0,1,0,1,0,1,0,0,1,0,1,0,0,1.54932941901554e-93,0,5.5488404436096e-253,0,2.13115877519994,0,0,13.320395414246,0,1.37346410883952e-150,0.401179178573807
1,1,0,1,0,1,0,0,1,0,1,0,5.22505496795249e-162,1.23197964527185e-93,0,1.72176656745138e-253,0,2.13115877519994,0,0,13.320395414246,0,6.5073360449044e-151,0.401179178573807
0,0,1,1,0,1,0,0,1,0,1,0,0,0,4.57274340840294e-171,1.27275802890169e-245,0,2.13115877519994,0,0,13.320395414246,0,6.90962438499572e-148,0.401179178573807
1,0,1,1,0,1,0,0,1,0,1,0,5.64842567062712e-159,0,2.87556871610218e-171,2.30538904880876e-246,0,2.13115877519994,0,0,13.320395414246,0,2.40968495788359e-148,0.401179178573807
0,1,1,1,0,1,0,0,1,0,1,0,0,8.97157779439156e-94,1.00567576098699e-174,5.25092074852086e-253,0,2.13115877519994,0,0,13.320395414246,0,1.26081120209034e-150,0.401179178573807
1,1,1,1,0,1,0,0,1,0,1,0,5.92768313003649e-162,6.50926269916804e-94,7.03649389668091e-175,1.14053914770143e-253,0,2.13115877519994,0,0,13.320395414246,0,4.89795335940967e-151,0.401179178573807
0,0,0,0,1,1,0,0,1,0,1,0,0,0,0,0,1.10554832476509e-42,2.13115877519994,0,0,13.320395414246,0,1.8470725509627e-149,0.401179178573807
1,0,0,0,1,1,0,0,1,0,1,0,5.00067584206271e-162,0,0,0,9.57363746923597e-43,2.13115877519994,0,0,13.320395414246,0,1.17639110794752e-149,0.401179178573807
0,1,0,0,1,1,0,0,1,0,1,0,0,1.67105836197042e-93,0,0,1.95062283695747e-43,2.13115877519994,0,0,13.320395414246,0,3.05737211694507e-150,0.401179178573807
1,1,0,0,1,1,0,0,1,0,1,0,4.10501540291396e-162,1.43145073736587e-93,0,0,1.17086055463054e-43,2.13115877519994,0,0,13.320395414246,0,1.67870261653519e-150,0.401179178573807
0,0,1,0,1,1,0,0,1,0,1,0,0,0,3.18388680629077e-174,0,4.81383333834012e-43,2.13115877519994,0,0,13.320395414246,0,5.29696277970068e-150,0.401179178573807
1,0,1,0,1,1,0,0,1,0,1,0,7.53076874383503e-162,0,2.29421792760795e-174,0,2.30962272539843e-43,2.13115877519994,0,0,13.320395414246,0,2.27628263690667e-150,0.401179178573807
0,1,1,0,1,1,0,0,1,0,1,0,0,8.4324067249083e-94,1.41330483751272e-174,0,1.9929634511744e-43,2.13115877519994,0,0,13.320395414246,0,2.45215931601223e-150,0.401179178573807
1,1,1,0,1,1,0,0,1,0,1,0,5.58434135778345e-162,6.65397584679333e-94,1.02903655076446e-174,0,7.9761594927997e-44,2.13115877519994,0,0,13.320395414246,0,1.04631074773147e-150,0.401179178573807
0,0,0,1,1,1,0,0,1,0,1,0,0,0,0,4.45505651386811e-252,8.8274288267838e-43,2.13115877519994,0,0,13.320395414246,0,7.94671556510428e-150,0.401179178573807
1,0,0,1,1,1,0,0,1,0,1,0,6.29841108526626e-162,0,0,2.43031591689115e-252,6.46675194647115e-43,2.13115877519994,0,0,13.320395414246,0,4.56658230966232e-150,0.401179178573807
0,1,0,1,1,1,0,0,1,0,1,0,0,1.36630134001663e-93,0,4.45707330591871e-253,1.56250433549656e-43,2.13115877519994,0,0,13.320395414246,0,1.76472271007025e-150,0.401179178573807
1,1,0,1,1,1,0,0,1,0,1,0,4.02961088859274e-162,1.17516067764764e-93,0,1.91411024308264e-253,8.07373267960794e-44,2.13115877519994,0,0,13.320395414246,0,9.4291844764795e-151,0.401179178573807
0,0,1,1,1,1,0,0,1,0,1,0,0,0,2.02713392202287e-174,1.43898367944383e-252,4.25178939483682e-43,2.13115877519994,0,0,13.320395414246,0,3.27959273676849e-150,0.401179178573807
1,0,1,1,1,1,0,0,1,0,1,0,6.94190625103233e-162,0,1.54059632783269e-174,4.53769366436916e-253,1.80611966100642e-43,2.13115877519994,0,0,13.320395414246,0,1.40921098934701e-150,0.401179178573807
0,1,1,1,1,1,0,0,1,0,1,0,0,7.97171529894823e-94,9.08608353273902e-175,4.16703879132243e-253,1.5188969880469e-43,2.13115877519994,0,0,13.320395414246,0,1.51647172089434e-150,0.401179178573807
1,1,1,1,1,1,0,0,1,0,1,0,4.9501778643643e-162,6.31736640965892e-94,7.01513794744673e-175,1.27502147783631e-253,5.71866013741339e-44,2.13115877519994,0,0,13.320395414246,0,6.71051559444455e-151,0.401179178573807
0,0,0,0,0,0,1,0,1,0,1,0,0,0,0,0,0,0,9.88131291682493e-324,0,10.5867691311638,0,0.631274815919589,NA
1,0,0,0,0,0,1,0,1,0,1,0,8.42329993853487e-116,0,0,0,0,0,9.88131291682493e-324,0,10.5867691311637,0,0.631274815919585,NA
0,1,0,0,0,0,1,0,1,0,1,0,0,0.396925859321202,0,0,0,0,9.88131291682493e-324,0,11.4844947099955,0,0.410215190721111,NA
1,1,0,0,0,0,1,0,1,0,1,0,1.20567579846162e-83,0.396925859321203,0,0,0,0,9.88131291682493e-324,0,11.4844947099954,0,0.41021519072111,NA
0,0,1,0,0,0,1,0,1,0,1,0,0,0,1.12763505422421e-08,0,0,0,-9.88131291682493e-324,0,10.5867691518946,0,0.63127480901162,0.216587422419806
1,0,1,0,0,0,1,0,1,0,1,0,3.2824742721104e-114,0,1.03423110450346e-08,0,0,0,-9.88131291682493e-324,0,10.5867691501775,0,0.631274809583819,0.216587420869271
0,1,1,0,0,0,1,0,1,0,1,0,0,0.396925859321199,4.50689841668575e-58,0,0,0,9.88131291682493e-324,0,11.4844947099955,0,0.410215190721115,NA
1,1,1,0,0,0,1,0,1,0,1,0,1.47400289369034e-83,0.396925859321199,5.52970366417119e-58,0,0,0,-9.88131291682493e-324,0,11.4844947099955,0,0.410215190721115,0.287788018145359
0,0,0,1,0,0,1,0,1,0,1,0,0,0,0,2.17626985717927e-222,0,0,9.88131291682493e-324,0,10.5867691311637,0,0.631274815919585,NA
1,0,0,1,0,0,1,0,1,0,1,0,1.85922235409291e-115,0,0,3.6228325519807e-228,0,0,9.88131291682493e-324,0,10.5867691311637,0,0.631274815919585,NA
0,1,0,1,0,0,1,0,1,0,1,0,0,0.396925859321202,0,2.61977714746036e-274,0,0,9.88131291682493e-324,0,11.4844947099955,0,0.41021519072111,NA
1,1,0,1,0,0,1,0,1,0,1,0,1.54599605183163e-83,0.396925859321203,0,1.92054294218765e-274,0,0,9.88131291682493e-324,0,11.4844947099954,0,0.41021519072111,NA
0,0,1,1,0,0,1,0,1,0,1,0,0,0,1.09938369222596e-08,8.78270447329673e-229,0,0,-9.88131291682493e-324,0,10.5867691513752,0,0.631274809184689,0.21658742195158
1,0,1,1,0,0,1,0,1,0,1,0,3.20576748783064e-114,0,1.0033378913292e-08,3.55474148711441e-229,0,0,9.88131291682493e-324,0,10.5867691496095,0,0.631274809773072,NA
0,1,1,1,0,0,1,0,1,0,1,0,0,0.396925859321199,3.09059525785164e-58,5.60446451301331e-274,0,0,-9.88131291682493e-324,0,11.4844947099955,0,0.410215190721115,0.287788018145359
1,1,1,1,0,0,1,0,1,0,1,0,1.74153442088028e-83,0.396925859321199,4.17242671220359e-58,3.61244512918794e-274,0,0,9.88131291682493e-324,0,11.4844947099955,0,0.410215190721115,NA
0,0,0,0,1,0,1,0,1,0,1,0,0,0,0,0,1.51345226826026e-137,0,9.88131291682493e-324,0,10.5867691311638,0,0.631274815919589,NA
1,0,0,0,1,0,1,0,1,0,1,0,1.95890933471574e-116,0,0,0,1.09341389132206e-139,0,9.88131291682493e-324,0,10.5867691311637,0,0.631274815919585,NA
0,1,0,0,1,0,1,0,1,0,1,0,0,0.396925859321202,0,0,1.86971075354038e-220,0,-9.88131291682493e-324,0,11.4844947099955,0,0.410215190721113,0.287788018145359
1,1,0,0,1,0,1,0,1,0,1,0,5.58894756904963e-84,0.396925859321203,0,0,1.42776041505249e-220,0,9.88131291682493e-324,0,11.4844947099954,0,0.41021519072111,NA
0,0,1,0,1,0,1,0,1,0,1,0,0,0,1.10545362728429e-08,0,2.57546306083454e-141,0,9.88131291682493e-324,0,10.5867691514868,0,0.631274809147504,NA
1,0,1,0,1,0,1,0,1,0,1,0,1.45045401172143e-114,0,1.0479996719963e-08,0,9.74532552960914e-142,0,9.88131291682493e-324,0,10.5867691504306,0,0.631274809499471,NA
0,1,1,0,1,0,1,0,1,0,1,0,0,0.396925859321199,4.09770045216871e-58,0,9.45815479381316e-220,0,9.88131291682493e-324,0,11.4844947099955,0,0.410215190721115,NA
1,1,1,0,1,0,1,0,1,0,1,0,8.49901324118079e-84,0.396925859321198,4.92960269933029e-58,0,4.86570641539032e-220,0,-9.88131291682493e-324,0,11.4844947099955,0,0.410215190721115,0.287788018145359
0,0,0,1,1,0,1,0,1,0,1,0,0,0,0,8.18887187493796e-223,1.19565705005608e-137,0,9.88131291682493e-324,0,10.5867691311637,0,0.631274815919585,NA
1,0,0,1,1,0,1,0,1,0,1,0,6.8872487670753e-116,0,0,2.02396987207963e-228,5.85544305885361e-140,0,9.88131291682493e-324,0,10.5867691311637,0,0.631274815919585,NA
0,1,0,1,1,0,1,0,1,0,1,0,0,0.396925859321202,0,1.42599713702239e-274,1.84226220627923e-220,0,9.88131291682493e-324,0,11.4844947099955,0,0.410215190721112,NA
1,1,0,1,1,0,1,0,1,0,1,0,8.70415990983711e-84,0.396925859321203,0,1.27581805614185e-274,1.20118078320808e-220,0,-9.88131291682493e-324,0,11.4844947099954,0,0.41021519072111,0.287788018145361
0,0,1,1,1,0,1,0,1,0,1,0,0,0,1.08298049887573e-08,4.63000607149984e-229,3.0409002422536e-141,0,9.88131291682493e-324,0,10.5867691510737,0,0.631274809285176,NA
1,0,1,1,1,0,1,0,1,0,1,0,1.70775649566784e-114,0,1.01546538682986e-08,2.67274094110398e-229,9.04094641213092e-142,0,9.88131291682493e-324,0,10.5867691498325,0,0.631274809698778,NA
0,1,1,1,1,0,1,0,1,0,1,0,0,0.396925859321199,2.95234050849554e-58,3.36907416546356e-274,6.47937575455765e-220,0,9.88131291682493e-324,0,11.4844947099955,0,0.410215190721115,NA
1,1,1,1,1,0,1,0,1,0,1,0,1.11592254982853e-83,0.396925859321199,3.84265317220595e-58,2.61631281205623e-274,3.22568243937482e-220,0,9.88131291682493e-324,0,11.4844947099955,0,0.410215190721115,NA
0,0,0,0,0,1,1,0,1,0,1,0,0,0,0,0,0,2.13115877519994,4.94065645841247e-324,0,13.320395414246,0,6.699166210863e-147,NA
1,0,0,0,0,1,1,0,1,0,1,0,1.27754217245203e-158,0,0,0,0,2.13115877519994,4.94065645841247e-324,0,13.320395414246,0,2.53547763581219e-147,NA
0,1,0,0,0,1,1,0,1,0,1,0,0,2.1534071234161e-93,0,0,0,2.13115877519994,4.94065645841247e-324,0,13.320395414246,0,2.63614227589338e-150,NA
1,1,0,0,0,1,1,0,1,0,1,0,6.85034171159205e-162,1.61524070369438e-93,0,0,0,2.13115877519994,4.94065645841247e-324,0,13.320395414246,0,1.15215027430084e-150,NA
0,0,1,0,0,1,1,0,1,0,1,0,0,0,9.15362021031773e-171,0,0,2.13115877519994,4.94065645841247e-324,0,13.320395414246,0,1.21938678724873e-147,NA
1,0,1,0,0,1,1,0,1,0,1,0,7.50686370256693e-159,0,4.7660686570698e-171,0,0,2.13115877519994,4.94065645841247e-324,0,13.320395414246,0,3.64020087525563e-148,NA
0,1,1,0,0,1,1,0,1,0,1,0,0,1.01116633443302e-93,1.92414495426913e-174,0,0,2.13115877519994,4.94065645841247e-324,0,13.320395414246,0,2.20446266193081e-150,NA
1,1,1,0,0,1,1,0,1,0,1,0,7.78435886647887e-162,6.96620744253637e-94,1.1493870503185e-174,0,0,2.13115877519994,4.94065645841247e-324,0,13.320395414246,0,7.41616614703696e-151,NA
0,0,0,1,0,1,1,0,1,0,1,0,0,0,0,7.85310587857075e-245,0,2.13115877519994,4.94065645841247e-324,0,13.320395414246,0,1.64123353498293e-147,NA
1,0,0,1,0,1,1,0,1,0,1,0,8.25260026246724e-159,0,0,2.15530761403293e-245,0,2.13115877519994,4.94065645841247e-324,0,13.320395414246,0,7.39089785502016e-148,NA
0,1,0,1,0,1,1,0,1,0,1,0,0,1.58171385543798e-93,0,7.13379990720453e-253,0,2.13115877519994,4.94065645841247e-324,0,13.320395414246,0,1.35345336576017e-150,NA
1,1,0,1,0,1,1,0,1,0,1,0,5.56888158512729e-162,1.25006501726166e-93,0,2.09140954812574e-253,0,2.13115877519994,4.94065645841247e-324,0,13.320395414246,0,6.35310875653492e-151,NA
0,0,1,1,0,1,1,0,1,0,1,0,0,0,4.74594808091107e-171,1.56141627914624e-245,0,2.13115877519994,4.94065645841247e-324,0,13.320395414246,0,6.66840235557093e-148,NA
1,0,1,1,0,1,1,0,1,0,1,0,5.93345444141039e-159,0,2.96103236615051e-171,2.67780043599548e-246,0,2.13115877519994,4.94065645841247e-324,0,13.320395414246,0,2.30411088565109e-148,NA
0,1,1,1,0,1,1,0,1,0,1,0,0,9.07644862402767e-94,1.05871888169345e-174,6.47917214554345e-253,0,2.13115877519994,4.94065645841247e-324,0,13.320395414246,0,1.24569889654869e-150,NA
1,1,1,1,0,1,1,0,1,0,1,0,6.22915543256415e-162,6.54161104041749e-94,7.33678046169535e-175,1.3405239886646e-253,0,2.13115877519994,4.94065645841247e-324,0,13.320395414246,0,4.7882716134436e-151,NA
0,0,0,0,1,1,1,0,1,0,1,0,0,0,0,0,1.13765147463353e-42,2.13115877519994,4.94065645841247e-324,0,13.320395414246,0,2.01752669360717e-149,NA
1,0,0,0,1,1,1,0,1,0,1,0,4.83561724436993e-162,0,0,0,1.00299197077708e-42,2.13115877519994,-4.94065645841247e-324,0,13.320395414246,0,1.30336728634727e-149,0.401179178573807
0,1,0,0,1,1,1,0,1,0,1,0,0,1.72260256599402e-93,0,0,2.18578049097223e-43,2.13115877519994,4.94065645841247e-324,0,13.320395414246,0,3.38809046218213e-150,NA
1,1,0,0,1,1,1,0,1,0,1,0,4.2075264133463e-162,1.47642666238118e-93,0,0,1.35242230870502e-43,2.13115877519994,4.94065645841247e-324,0,13.320395414246,0,1.85709172006754e-150,NA
0,0,1,0,1,1,1,0,1,0,1,0,0,0,3.3992153776531e-174,0,5.0559980744811e-43,2.13115877519994,4.94065645841247e-324,0,13.320395414246,0,5.59652842630468e-150,NA
1,0,1,0,1,1,1,0,1,0,1,0,7.71129799158061e-162,0,2.44636827908553e-174,0,2.5217090658387e-43,2.13115877519994,4.94065645841247e-324,0,13.320395414246,0,2.41559447513396e-150,NA
0,1,1,0,1,1,1,0,1,0,1,0,0,8.43975099398854e-94,1.53835612542814e-174,0,2.22040023280188e-43,2.13115877519994,4.94065645841247e-324,0,13.320395414246,0,2.63320474084528e-150,NA
1,1,1,0,1,1,1,0,1,0,1,0,5.80286465198928e-162,6.68482168555791e-94,1.11125089923407e-174,0,9.10627602279946e-44,2.13115877519994,4.94065645841247e-324,0,13.320395414246,0,1.11509244487353e-150,NA
0,0,0,1,1,1,1,0,1,0,1,0,0,0,0,5.00197813710826e-252,8.98096449911741e-43,2.13115877519994,-4.94065645841247e-324,0,13.320395414246,0,7.75762974284392e-150,0.401179178573807
1,0,0,1,1,1,1,0,1,0,1,0,6.36369833987412e-162,0,0,2.73399160654116e-252,6.66542450010511e-43,2.13115877519994,4.94065645841247e-324,0,13.320395414246,0,4.50772605180727e-150,NA
0,1,0,1,1,1,1,0,1,0,1,0,0,1.37004555898803e-93,0,5.38011704381092e-253,1.73665782570763e-43,2.13115877519994,4.94065645841247e-324,0,13.320395414246,0,1.80267261368668e-150,NA
1,1,0,1,1,1,1,0,1,0,1,0,4.14931490539944e-162,1.18316738716952e-93,0,2.29073087409102e-253,9.06909506277428e-44,2.13115877519994,4.94065645841247e-324,0,13.320395414246,0,9.63298531639343e-151,NA
0,0,1,1,1,1,1,0,1,0,1,0,0,0,2.05127908562481e-174,1.64184056375712e-252,4.47587532591309e-43,2.13115877519994,4.94065645841247e-324,0,13.320395414246,0,3.25944494598103e-150,NA
1,0,1,1,1,1,1,0,1,0,1,0,7.06949512536269e-162,0,1.57281613066998e-174,5.20685383978383e-253,1.94837333760569e-43,2.13115877519994,4.94065645841247e-324,0,13.320395414246,0,1.40988111352192e-150,NA
0,1,1,1,1,1,1,0,1,0,1,0,0,7.95244452711266e-94,9.40447004789145e-175,4.88739335725135e-253,1.67119356070948e-43,2.13115877519994,4.94065645841247e-324,0,13.320395414246,0,1.53496590022007e-150,NA
1,1,1,1,1,1,1,0,1,0,1,0,5.08939423824624e-162,6.32414531893723e-94,7.27474284841464e-175,1.48716628139223e-253,6.36725940866691e-44,2.13115877519994,4.94065645841247e-324,0,13.320395414246,0,6.79098122893528e-151,NA
0,0,0,0,0,0,0,1,1,0,1,0,0,0,0,0,0,0,0,4.94065645841247e-324,10.5867691311638,0,0.631274815919589,NA
1,0,0,0,0,0,0,1,1,0,1,0,7.28367907300619e-116,0,0,0,0,0,0,4.94065645841247e-324,10.5867691311637,0,0.631274815919585,NA
0,1,0,0,0,0,0,1,1,0,1,0,0,0.396925859321202,0,0,0,0,0,4.94065645841247e-324,11.4844947099955,0,0.410215190721112,NA
1,1,0,0,0,0,0,1,1,0,1,0,1.04544299776627e-83,0.396925859321203,0,0,0,0,0,-4.94065645841247e-324,11.4844947099954,0,0.41021519072111,0.287788018145361
0,0,1,0,0,0,0,1,1,0,1,0,0,0,1.11735892470799e-08,0,0,0,0,4.94065645841247e-324,10.5867691517057,0,0.631274809074572,NA
1,0,1,0,0,0,0,1,1,0,1,0,2.6510661747298e-114,0,1.03128584414258e-08,0,0,0,0,-4.94065645841247e-324,10.5867691501233,0,0.631274809601861,0.216587420820261
0,1,1,0,0,0,0,1,1,0,1,0,0,0.396925859321199,4.02045434294376e-58,0,0,0,0,4.94065645841247e-324,11.4844947099955,0,0.410215190721115,NA
1,1,1,0,0,0,0,1,1,0,1,0,1.31448423806487e-83,0.396925859321199,5.00238804157768e-58,0,0,0,0,4.94065645841247e-324,11.4844947099955,0,0.410215190721115,NA
0,0,0,1,0,0,0,1,1,0,1,0,0,0,0,1.34279456142928e-222,0,0,0,4.94065645841247e-324,10.5867691311637,0,0.631274815919585,NA
1,0,0,1,0,0,0,1,1,0,1,0,1.40100843643284e-115,0,0,2.49632696012125e-228,0,0,0,4.94065645841247e-324,10.5867691311637,0,0.631274815919585,NA
0,1,0,1,0,0,0,1,1,0,1,0,0,0.396925859321202,0,1.62858555264328e-274,0,0,0,4.94065645841247e-324,11.4844947099955,0,0.41021519072111,NA
1,1,0,1,0,0,0,1,1,0,1,0,1.31050232514345e-83,0.396925859321203,0,1.30473824023358e-274,0,0,0,-4.94065645841247e-324,11.4844947099954,0,0.41021519072111,0.287788018145361
0,0,1,1,0,0,0,1,1,0,1,0,0,0,1.09556051286321e-08,5.58782352749679e-229,0,0,0,4.94065645841247e-324,10.586769151305,0,0.631274809208111,NA
1,0,1,1,0,0,0,1,1,0,1,0,2.66724643004911e-114,0,1.00555119361663e-08,2.59088095667833e-229,0,0,0,4.94065645841247e-324,10.5867691496502,0,0.631274809759514,NA
0,1,1,1,0,0,0,1,1,0,1,0,0,0.396925859321199,2.98790222907114e-58,3.77542201741863e-274,0,0,0,4.94065645841247e-324,11.4844947099955,0,0.410215190721115,NA
1,1,1,1,0,0,0,1,1,0,1,0,1.53298679308627e-83,0.396925859321199,3.98308094962906e-58,2.59423918567058e-274,0,0,0,4.94065645841247e-324,11.4844947099955,0,0.410215190721115,NA
0,0,0,0,1,0,0,1,1,0,1,0,0,0,0,0,1.31833483534164e-137,0,0,4.94065645841247e-324,10.5867691311638,0,0.631274815919589,NA
1,0,0,0,1,0,0,1,1,0,1,0,2.57512627680666e-116,0,0,0,8.69704939241292e-140,0,0,4.94065645841247e-324,10.5867691311637,0,0.631274815919585,NA
0,1,0,0,1,0,0,1,1,0,1,0,0,0.396925859321202,0,0,1.44293792604125e-220,0,0,4.94065645841247e-324,11.4844947099955,0,0.410215190721113,NA
1,1,0,0,1,0,0,1,1,0,1,0,5.86649675674816e-84,0.396925859321203,0,0,1.07006674929544e-220,0,0,4.94065645841247e-324,11.4844947099954,0,0.41021519072111,NA
0,0,1,0,1,0,0,1,1,0,1,0,0,0,1.10096659869286e-08,0,2.17372420818339e-141,0,0,-4.94065645841247e-324,10.5867691514043,0,0.631274809174993,0.216587421977831
1,0,1,0,1,0,0,1,1,0,1,0,1.42140036338986e-114,0,1.04178577119469e-08,0,7.79858157395159e-142,0,0,4.94065645841247e-324,10.5867691503163,0,0.631274809537538,NA
0,1,1,0,1,0,0,1,1,0,1,0,0,0.396925859321198,3.79002328916137e-58,0,6.8628068298277e-220,0,0,4.94065645841247e-324,11.4844947099955,0,0.410215190721115,NA
1,1,1,0,1,0,0,1,1,0,1,0,8.5034780889235e-84,0.396925859321199,4.60606950821703e-58,0,3.52771896827765e-220,0,0,-4.94065645841247e-324,11.4844947099955,0,0.410215190721115,0.287788018145359
0,0,0,1,1,0,0,1,1,0,1,0,0,0,0,6.65330549853682e-223,1.05690442883629e-137,0,0,4.94065645841247e-324,10.5867691311638,0,0.631274815919589,NA
1,0,0,1,1,0,0,1,1,0,1,0,6.46806189778296e-116,0,0,1.59288495873263e-228,4.96465170423759e-140,0,0,4.94065645841247e-324,10.5867691311637,0,0.631274815919585,NA
0,1,0,1,1,0,0,1,1,0,1,0,0,0.396925859321202,0,1.05195649140455e-274,1.38898462747798e-220,0,0,4.94065645841247e-324,11.4844947099955,0,0.410215190721112,NA
1,1,0,1,1,0,0,1,1,0,1,0,8.24962619126433e-84,0.396925859321203,0,9.6275321499637e-275,9.21094696413728e-221,0,0,4.94065645841247e-324,11.4844947099954,0,0.41021519072111,NA
0,0,1,1,1,0,0,1,1,0,1,0,0,0,1.08248144398239e-08,3.56596627068573e-229,2.4308619412698e-141,0,0,-4.94065645841247e-324,10.5867691510645,0,0.631274809288234,0.21658742167114
1,0,1,1,1,0,0,1,1,0,1,0,1.60342541934577e-114,0,1.01514509625923e-08,2.09330201572374e-229,7.31626541974602e-142,0,0,-4.94065645841247e-324,10.5867691498266,0,0.631274809700741,0.216587420551534
0,1,1,1,1,0,0,1,1,0,1,0,0,0.396925859321199,2.89660355959318e-58,2.57119419376832e-274,4.98197227178855e-220,0,0,4.94065645841247e-324,11.4844947099955,0,0.410215190721115,NA
1,1,1,1,1,0,0,1,1,0,1,0,1.06052883535877e-83,0.396925859321199,3.73933383015284e-58,2.02477863606562e-274,2.51125106761146e-220,0,0,-4.94065645841247e-324,11.4844947099955,0,0.410215190721115,0.287788018145359
0,0,0,0,0,1,0,1,1,0,1,0,0,0,0,0,0,2.13115877519994,0,4.94065645841247e-324,13.320395414246,0,4.93173235828242e-147,NA
1,0,0,0,0,1,0,1,1,0,1,0,1.01811264829321e-158,0,0,0,0,2.13115877519994,0,4.94065645841247e-324,13.320395414246,0,2.08402452031057e-147,NA
0,1,0,0,0,1,0,1,1,0,1,0,0,1.93817177309744e-93,0,0,0,2.13115877519994,0,0,13.320395414246,0,2.34307803485185e-150,0.401179178573807
1,1,0,0,0,1,0,1,1,0,1,0,5.99430327285131e-162,1.50017404885546e-93,0,0,0,2.13115877519994,0,4.94065645841247e-324,13.320395414246,0,1.08616861572016e-150,NA
0,0,1,0,0,1,0,1,1,0,1,0,0,0,7.57751525017294e-171,0,0,2.13115877519994,0,-4.94065645841247e-324,13.320395414246,0,1.10645321887722e-147,0.401179178573807
1,0,1,0,0,1,0,1,1,0,1,0,6.64222208063077e-159,0,4.23344023506913e-171,0,0,2.13115877519994,0,4.94065645841247e-324,13.320395414246,0,3.58619663650191e-148,NA
0,1,1,0,0,1,0,1,1,0,1,0,0,9.61440123124284e-94,1.62406136188415e-174,0,0,2.13115877519994,0,-4.94065645841247e-324,13.320395414246,0,1.99806579938643e-150,0.401179178573807
1,1,1,0,0,1,0,1,1,0,1,0,6.9671218471771e-162,6.80216854591764e-94,1.02517826548898e-174,0,0,2.13115877519994,0,0,13.320395414246,0,7.20638912407824e-151,0.401179178573807
0,0,0,1,0,1,0,1,1,0,1,0,0,0,0,6.04786835531794e-245,0,2.13115877519994,0,4.94065645841247e-324,13.320395414246,0,1.74619547208136e-147,NA
1,0,0,1,0,1,0,1,1,0,1,0,7.50041401027251e-159,0,0,1.79647260405935e-245,0,2.13115877519994,0,-4.94065645841247e-324,13.320395414246,0,8.00462362380544e-148,0.401179178573807
0,1,0,1,0,1,0,1,1,0,1,0,0,1.53213409493615e-93,0,5.45570616223181e-253,0,2.13115877519994,0,0,13.320395414246,0,1.39031630628688e-150,0.401179178573807
1,1,0,1,0,1,0,1,1,0,1,0,5.14860647761676e-162,1.22340663766245e-93,0,1.72533766956543e-253,0,2.13115877519994,0,0,13.320395414246,0,6.67682555644551e-151,0.401179178573807
0,0,1,1,0,1,0,1,1,0,1,0,0,0,4.51303730668126e-171,1.20536056682305e-245,0,2.13115877519994,0,4.94065645841247e-324,13.320395414246,0,6.83718403153367e-148,NA
1,0,1,1,0,1,0,1,1,0,1,0,5.5339327534532e-159,0,2.85960005169887e-171,2.25653086806961e-246,0,2.13115877519994,0,4.94065645841247e-324,13.320395414246,0,2.43832876465123e-148,NA
0,1,1,1,0,1,0,1,1,0,1,0,0,8.82345958610261e-94,1.00590657771712e-174,5.05526164100071e-253,0,2.13115877519994,0,4.94065645841247e-324,13.320395414246,0,1.25890309231315e-150,NA
1,1,1,1,0,1,0,1,1,0,1,0,5.8356645057161e-162,6.44797485783279e-94,7.058085487579e-175,1.12635523780614e-253,0,2.13115877519994,0,0,13.320395414246,0,4.97464475548985e-151,0.401179178573807
0,0,0,0,1,1,0,1,1,0,1,0,0,0,0,0,1.10267235082031e-42,2.13115877519994,0,4.94065645841247e-324,13.320395414246,0,1.6696248841314e-149,NA
1,0,0,0,1,1,0,1,1,0,1,0,5.29014503095407e-162,0,0,0,9.33121689065472e-43,2.13115877519994,0,4.94065645841247e-324,13.320395414246,0,1.04391397091064e-149,NA
0,1,0,0,1,1,0,1,1,0,1,0,0,1.62508824679679e-93,0,0,1.97699588753656e-43,2.13115877519994,0,0,13.320395414246,0,2.90185652170201e-150,0.401179178573807
1,1,0,0,1,1,0,1,1,0,1,0,4.11200486314047e-162,1.39429161507097e-93,0,0,1.15548821411211e-43,2.13115877519994,0,4.94065645841247e-324,13.320395414246,0,1.59176024254238e-150,NA
0,0,1,0,1,1,0,1,1,0,1,0,0,0,3.05883166269866e-174,0,4.78083784611533e-43,2.13115877519994,0,4.94065645841247e-324,13.320395414246,0,4.97605669757827e-150,NA
1,0,1,0,1,1,0,1,1,0,1,0,7.43953228834769e-162,0,2.21005269343338e-174,0,2.24560104669474e-43,2.13115877519994,0,-4.94065645841247e-324,13.320395414246,0,2.14747039971796e-150,0.401179178573807
0,1,1,0,1,1,0,1,1,0,1,0,0,8.27597396441616e-94,1.37227326754922e-174,0,1.94777490342372e-43,2.13115877519994,0,0,13.320395414246,0,2.32193858488406e-150,0.401179178573807
1,1,1,0,1,1,0,1,1,0,1,0,5.48855244281853e-162,6.55190221844183e-94,1.00205620021885e-174,0,7.71581161580483e-44,2.13115877519994,0,0,13.320395414246,0,1.00256652625681e-150,0.401179178573807
0,0,0,1,1,1,0,1,1,0,1,0,0,0,0,4.31476608043608e-252,8.83579424428283e-43,2.13115877519994,0,0,13.320395414246,0,7.74531706668277e-150,0.401179178573807
1,0,0,1,1,1,0,1,1,0,1,0,6.30019871167622e-162,0,0,2.33094136150371e-252,6.41638115024088e-43,2.13115877519994,0,0,13.320395414246,0,4.44952321331396e-150,0.401179178573807
0,1,0,1,1,1,0,1,1,0,1,0,0,1.35361826401343e-93,0,4.37492484171291e-253,1.57190564842523e-43,2.13115877519994,0,-4.94065645841247e-324,13.320395414246,0,1.74889747538079e-150,0.401179178573807
1,1,0,1,1,1,0,1,1,0,1,0,4.00936881066789e-162,1.16505846420296e-93,0,1.87844151348199e-253,8.08540470936552e-44,2.13115877519994,0,0,13.320395414246,0,9.39607474282254e-151,0.401179178573807
0,0,1,1,1,1,0,1,1,0,1,0,0,0,2.01631198600557e-174,1.37964586401459e-252,4.19213142288139e-43,2.13115877519994,0,0,13.320395414246,0,3.19539356607465e-150,0.401179178573807
1,0,1,1,1,1,0,1,1,0,1,0,6.87181643474043e-162,0,1.52989149544853e-174,4.36075308312018e-253,1.77276544685971e-43,2.13115877519994,0,0,13.320395414246,0,1.38535305617697e-150,0.401179178573807
0,1,1,1,1,1,0,1,1,0,1,0,0,7.86602287172484e-94,9.10903071468439e-175,4.01998550220329e-253,1.49620241662156e-43,2.13115877519994,0,4.94065645841247e-324,13.320395414246,0,1.49073099559269e-150,NA
1,1,1,1,1,1,0,1,1,0,1,0,4.90054116853345e-162,6.25114524734443e-94,7.01891730736628e-175,1.23799154419766e-253,5.63631739401064e-44,2.13115877519994,0,4.94065645841247e-324,13.320395414246,0,6.66056275119798e-151,NA
0,0,0,0,0,0,1,1,1,0,1,0,0,0,0,0,0,0,9.88131291682493e-324,4.94065645841247e-324,10.5867691311638,0,0.631274815919589,NA
1,0,0,0,0,0,1,1,1,0,1,0,8.23429597076461e-116,0,0,0,0,0,9.88131291682493e-324,4.94065645841247e-324,10.5867691311637,0,0.631274815919585,NA
0,1,0,0,0,0,1,1,1,0,1,0,0,0.396925859321202,0,0,0,0,9.88131291682493e-324,4.94065645841247e-324,11.4844947099955,0,0.410215190721112,NA
1,1,0,0,0,0,1,1,1,0,1,0,1.1218787071488e-83,0.396925859321203,0,0,0,0,9.88131291682493e-324,4.94065645841247e-324,11.4844947099954,0,0.41021519072111,NA
0,0,1,0,0,0,1,1,1,0,1,0,0,0,1.12353957034751e-08,0,0,0,-9.88131291682493e-324,-4.94065645841247e-324,10.5867691518193,0,0.631274809036709,0.216587422351968
1,0,1,0,0,0,1,1,1,0,1,0,3.01476754182711e-114,0,1.03341496508105e-08,0,0,0,9.88131291682493e-324,-4.94065645841247e-324,10.5867691501624,0,0.631274809588818,NA
0,1,1,0,0,0,1,1,1,0,1,0,0,0.396925859321199,4.41473802641264e-58,0,0,0,9.88131291682493e-324,4.94065645841247e-324,11.4844947099955,0,0.410215190721115,NA
1,1,1,0,0,0,1,1,1,0,1,0,1.3987486744221e-83,0.396925859321199,5.41050901930711e-58,0,0,0,9.88131291682493e-324,4.94065645841247e-324,11.4844947099955,0,0.410215190721115,NA
0,0,0,1,0,0,1,1,1,0,1,0,0,0,0,1.90371914030262e-222,0,0,9.88131291682493e-324,4.94065645841247e-324,10.5867691311637,0,0.631274815919585,NA
1,0,0,1,0,0,1,1,1,0,1,0,1.68859152935876e-115,0,0,3.2747009947176e-228,0,0,9.88131291682493e-324,4.94065645841247e-324,10.5867691311637,0,0.631274815919585,NA
0,1,0,1,0,0,1,1,1,0,1,0,0,0.396925859321202,0,2.34319878354594e-274,0,0,9.88131291682493e-324,4.94065645841247e-324,11.4844947099955,0,0.41021519072111,NA
1,1,0,1,0,0,1,1,1,0,1,0,1.43479518643013e-83,0.396925859321203,0,1.7524821560447e-274,0,0,9.88131291682493e-324,4.94065645841247e-324,11.4844947099954,0,0.41021519072111,NA
0,0,1,1,0,0,1,1,1,0,1,0,0,0,1.09851746609283e-08,7.85978874651241e-229,0,0,-9.88131291682493e-324,4.94065645841247e-324,10.5867691513593,0,0.631274809189996,NA
1,0,1,1,0,0,1,1,1,0,1,0,3.00887879761963e-114,0,1.00490512524836e-08,3.28038682094289e-229,0,0,9.88131291682493e-324,4.94065645841247e-324,10.5867691496383,0,0.631274809763472,NA
0,1,1,1,0,0,1,1,1,0,1,0,0,0.396925859321198,3.14420193221863e-58,5.14837544484332e-274,0,0,9.88131291682493e-324,4.94065645841247e-324,11.4844947099955,0,0.410215190721115,NA
1,1,1,1,0,0,1,1,1,0,1,0,1.64954422558206e-83,0.396925859321199,4.18902706992452e-58,3.3546020065433e-274,0,0,9.88131291682493e-324,4.94065645841247e-324,11.4844947099955,0,0.410215190721115,NA
0,0,0,0,1,0,1,1,1,0,1,0,0,0,0,0,1.47085837908449e-137,0,9.88131291682493e-324,4.94065645841247e-324,10.5867691311638,0,0.631274815919589,NA
1,0,0,0,1,0,1,1,1,0,1,0,2.51213415625347e-116,0,0,0,9.92335667300722e-140,0,9.88131291682493e-324,4.94065645841247e-324,10.5867691311637,0,0.631274815919585,NA
0,1,0,0,1,0,1,1,1,0,1,0,0,0.396925859321202,0,0,1.82181844177459e-220,0,-9.88131291682493e-324,-4.94065645841247e-324,11.4844947099955,0,0.410215190721113,0.287788018145359
1,1,0,0,1,0,1,1,1,0,1,0,5.80055174380449e-84,0.396925859321203,0,0,1.34328005588644e-220,0,9.88131291682493e-324,4.94065645841247e-324,11.4844947099954,0,0.41021519072111,NA
0,0,1,0,1,0,1,1,1,0,1,0,0,0,1.10391734640935e-08,0,2.49701951003242e-141,0,9.88131291682493e-324,-4.94065645841247e-324,10.5867691514586,0,0.631274809156916,NA
1,0,1,0,1,0,1,1,1,0,1,0,1.47899150933513e-114,0,1.04489573081421e-08,0,9.05265845357482e-142,0,-9.88131291682493e-324,4.94065645841247e-324,10.5867691503735,0,0.631274809518486,NA
0,1,1,0,1,0,1,1,1,0,1,0,0,0.396925859321199,4.06610060441769e-58,0,8.83180187518045e-220,0,9.88131291682493e-324,4.94065645841247e-324,11.4844947099955,0,0.410215190721115,NA
1,1,1,0,1,0,1,1,1,0,1,0,8.57834537482489e-84,0.396925859321199,4.88753386985585e-58,0,4.46407745384298e-220,0,-9.88131291682493e-324,-4.94065645841247e-324,11.4844947099955,0,0.410215190721115,0.287788018145359
0,0,0,1,1,0,1,1,1,0,1,0,0,0,0,7.827455598337e-223,1.16995258306737e-137,0,9.88131291682493e-324,4.94065645841247e-324,10.5867691311637,0,0.631274815919585,NA
1,0,0,1,1,0,1,1,1,0,1,0,6.98423713093558e-116,0,0,1.91048130770604e-228,5.57944695345577e-140,0,9.88131291682493e-324,4.94065645841247e-324,10.5867691311637,0,0.631274815919585,NA
0,1,0,1,1,0,1,1,1,0,1,0,0,0.396925859321202,0,1.35117337682249e-274,1.76985317021627e-220,0,9.88131291682493e-324,4.94065645841247e-324,11.4844947099955,0,0.410215190721112,NA
1,1,0,1,1,0,1,1,1,0,1,0,8.51545931138045e-84,0.396925859321203,0,1.20313112144661e-274,1.14642291708025e-220,0,9.88131291682493e-324,4.94065645841247e-324,11.4844947099954,0,0.41021519072111,NA
0,0,1,1,1,0,1,1,1,0,1,0,0,0,1.08354920164632e-08,4.36501758359405e-229,2.86625443917967e-141,0,9.88131291682493e-324,-4.94065645841247e-324,10.5867691510841,0,0.631274809281693,NA
1,0,1,1,1,0,1,1,1,0,1,0,1.6963644161686e-114,0,1.01567868638435e-08,2.51311912340218e-229,8.50037604201413e-142,0,9.88131291682493e-324,-4.94065645841247e-324,10.5867691498364,0,0.631274809697472,NA
0,1,1,1,1,0,1,1,1,0,1,0,0,0.396925859321199,3.01877107465157e-58,3.2247797471099e-274,6.24720082516454e-220,0,9.88131291682493e-324,4.94065645841247e-324,11.4844947099955,0,0.410215190721115,NA
1,1,1,1,1,0,1,1,1,0,1,0,1.09509055190908e-83,0.396925859321199,3.8884502597348e-58,2.48333646947378e-274,3.08317074291049e-220,0,9.88131291682493e-324,4.94065645841247e-324,11.4844947099955,0,0.410215190721115,NA
0,0,0,0,0,1,1,1,1,0,1,0,0,0,0,0,0,2.13115877519994,4.94065645841247e-324,4.94065645841247e-324,13.320395414246,0,5.53498583667949e-147,NA
1,0,0,0,0,1,1,1,1,0,1,0,1.14775037413792e-158,0,0,0,0,2.13115877519994,4.94065645841247e-324,4.94065645841247e-324,13.320395414246,0,2.23329614719096e-147,NA
0,1,0,0,0,1,1,1,1,0,1,0,0,2.04711399596239e-93,0,0,0,2.13115877519994,4.94065645841247e-324,-4.94065645841247e-324,13.320395414246,0,2.52525911223534e-150,NA
1,1,0,0,0,1,1,1,1,0,1,0,6.53049052313188e-162,1.56040541947397e-93,0,0,0,2.13115877519994,4.94065645841247e-324,-4.94065645841247e-324,13.320395414246,0,1.13795476060726e-150,NA
0,0,1,0,0,1,1,1,1,0,1,0,0,0,8.40199608023404e-171,0,0,2.13115877519994,4.94065645841247e-324,4.94065645841247e-324,13.320395414246,0,1.14389286087898e-147,NA
1,0,1,0,0,1,1,1,1,0,1,0,7.11236885675839e-159,0,4.54170564677359e-171,0,0,2.13115877519994,4.94065645841247e-324,4.94065645841247e-324,13.320395414246,0,3.59305078197862e-148,NA
0,1,1,0,0,1,1,1,1,0,1,0,0,9.77713856646306e-94,1.8139446319225e-174,0,0,2.13115877519994,4.94065645841247e-324,0,13.320395414246,0,2.0964780225498e-150,NA
1,1,1,0,0,1,1,1,1,0,1,0,7.45163537749287e-162,6.84899307860529e-94,1.11090619911762e-174,0,0,2.13115877519994,4.94065645841247e-324,-4.94065645841247e-324,13.320395414246,0,7.34717243436283e-151,NA
0,0,0,1,0,1,1,1,1,0,1,0,0,0,0,7.25282992053207e-245,0,2.13115877519994,4.94065645841247e-324,4.94065645841247e-324,13.320395414246,0,1.64003135897301e-147,NA
1,0,0,1,0,1,1,1,1,0,1,0,7.9369899352055e-159,0,0,2.0690745890913e-245,0,2.13115877519994,4.94065645841247e-324,-4.94065645841247e-324,13.320395414246,0,7.54342599999407e-148,NA
0,1,0,1,0,1,1,1,1,0,1,0,0,1.5582658528893e-93,0,6.87633216179329e-253,0,2.13115877519994,4.94065645841247e-324,-4.94065645841247e-324,13.320395414246,0,1.37793641453995e-150,NA
1,1,0,1,0,1,1,1,1,0,1,0,5.44795247516846e-162,1.23902110388461e-93,0,2.07684390944793e-253,0,2.13115877519994,4.94065645841247e-324,4.94065645841247e-324,13.320395414246,0,6.57508624904119e-151,NA
0,0,1,1,0,1,1,1,1,0,1,0,0,0,4.66317331396097e-171,1.44347344429936e-245,0,2.13115877519994,4.94065645841247e-324,4.94065645841247e-324,13.320395414246,0,6.61216473511888e-148,NA
1,0,1,1,0,1,1,1,1,0,1,0,5.77592551941229e-159,0,2.94035635487803e-171,2.59600958382066e-246,0,2.13115877519994,4.94065645841247e-324,-4.94065645841247e-324,13.320395414246,0,2.34843836739721e-148,NA
0,1,1,1,0,1,1,1,1,0,1,0,0,8.89075131024961e-94,1.05646755399395e-174,6.12453144697588e-253,0,2.13115877519994,4.94065645841247e-324,0,13.320395414246,0,1.24630347629186e-150,NA
1,1,1,1,0,1,1,1,1,0,1,0,6.10031808623863e-162,6.46819274901218e-94,7.35107309531375e-175,1.31212511690183e-253,0,2.13115877519994,4.94065645841247e-324,-4.94065645841247e-324,13.320395414246,0,4.88900824379631e-151,NA
0,0,0,0,1,1,1,1,1,0,1,0,0,0,0,0,1.13273110767464e-42,2.13115877519994,-4.94065645841247e-324,4.94065645841247e-324,13.320395414246,0,1.75358585957384e-149,NA
1,0,0,0,1,1,1,1,1,0,1,0,5.22584680222835e-162,0,0,0,9.71738018611651e-43,2.13115877519994,4.94065645841247e-324,0,13.320395414246,0,1.11001144922473e-149,NA
0,1,0,0,1,1,1,1,1,0,1,0,0,1.65717587987004e-93,0,0,2.21436059518193e-43,2.13115877519994,4.94065645841247e-324,4.94065645841247e-324,13.320395414246,0,3.13592430607401e-150,NA
1,1,0,0,1,1,1,1,1,0,1,0,4.2162569235836e-162,1.42508800587447e-93,0,0,1.32266593809012e-43,2.13115877519994,4.94065645841247e-324,0,13.320395414246,0,1.71908897216216e-150,NA
0,0,1,0,1,1,1,1,1,0,1,0,0,0,3.21472583207241e-174,0,5.01594553442694e-43,2.13115877519994,4.94065645841247e-324,4.94065645841247e-324,13.320395414246,0,5.14618333204567e-150,NA
1,0,1,0,1,1,1,1,1,0,1,0,7.59173055211737e-162,0,2.32566723079519e-174,0,2.43277619366615e-43,2.13115877519994,4.94065645841247e-324,4.94065645841247e-324,13.320395414246,0,2.23425196721063e-150,NA
0,1,1,0,1,1,1,1,1,0,1,0,0,8.2495442467252e-94,1.47369860689206e-174,0,2.15425608674412e-43,2.13115877519994,4.94065645841247e-324,-4.94065645841247e-324,13.320395414246,0,2.4458985493698e-150,NA
1,1,1,0,1,1,1,1,1,0,1,0,5.6736108866674e-162,6.56042068326456e-94,1.07029363342503e-174,0,8.70746740799052e-44,2.13115877519994,4.94065645841247e-324,4.94065645841247e-324,13.320395414246,0,1.05219993574032e-150,NA
0,0,0,1,1,1,1,1,1,0,1,0,0,0,0,4.78128413597132e-252,8.99149917709026e-43,2.13115877519994,4.94065645841247e-324,4.94065645841247e-324,13.320395414246,0,7.5353685710858e-150,NA
1,0,0,1,1,1,1,1,1,0,1,0,6.35346294830812e-162,0,0,2.58954741368565e-252,6.60894598217854e-43,2.13115877519994,4.94065645841247e-324,-4.94065645841247e-324,13.320395414246,0,4.37840903919678e-150,NA
0,1,0,1,1,1,1,1,1,0,1,0,0,1.3547811423526e-93,0,5.20567120660518e-253,1.74132746387001e-43,2.13115877519994,4.94065645841247e-324,0,13.320395414246,0,1.78016711203271e-150,NA
1,1,0,1,1,1,1,1,1,0,1,0,4.11730237445326e-162,1.17096369037e-93,0,2.21971790309131e-253,9.04391580070989e-44,2.13115877519994,4.94065645841247e-324,-4.94065645841247e-324,13.320395414246,0,9.57683463740819e-151,NA
0,0,1,1,1,1,1,1,1,0,1,0,0,0,2.03890854651693e-174,1.55122227160275e-252,4.39698276457486e-43,2.13115877519994,4.94065645841247e-324,-4.94065645841247e-324,13.320395414246,0,3.16075657227374e-150,NA
1,0,1,1,1,1,1,1,1,0,1,0,6.97986509525367e-162,0,1.55948013785716e-174,4.93747502300431e-253,1.90260058970321e-43,2.13115877519994,4.94065645841247e-324,4.94065645841247e-324,13.320395414246,0,1.38143208394504e-150,NA
0,1,1,1,1,1,1,1,1,0,1,0,0,7.82976636295567e-94,9.42135633246799e-175,4.65114865023277e-253,1.63746633019158e-43,2.13115877519994,4.94065645841247e-324,4.94065645841247e-324,13.320395414246,0,1.50320431793349e-150,NA
1,1,1,1,1,1,1,1,1,0,1,0,5.02441379024801e-162,6.24680259499336e-94,7.26924195700298e-175,1.42715743797873e-253,6.23838021036234e-44,2.13115877519994,4.94065645841247e-324,-4.94065645841247e-324,13.320395414246,0,6.72566472125194e-151,NA
0,0,0,0,0,0,0,0,0,1,1,0,0,0,0,0,0,0,0,0,0,1.32668475363234,0.924931851321289,0.677143230277995
1,0,0,0,0,0,0,0,0,1,1,0,1.54220777057714e-14,0,0,0,0,0,0,0,0,1.32668475363235,0.924931851321279,0.677143230278219
0,1,0,0,0,0,0,0,0,1,1,0,0,2.72940607637993,0,0,0,0,0,0,0,1.82698181217168,5.71242246707244e-75,0.673403621708724
1,1,0,0,0,0,0,0,0,1,1,0,2.98061625236872,5.46898194785882,0,0,0,0,0,0,0,2.27967657303827,1.48219693752374e-323,NA
0,0,1,0,0,0,0,0,0,1,1,0,0,0,3.8332797527787,0,0,0,0,0,0,1.39440735935664,1.3551286820411e-185,0.579984331484708
1,0,1,0,0,0,0,0,0,1,1,0,5.57528261506556e+103,0,8.46574908596958e+103,0,0,0,0,0,0,0.0777837677676516,0,0.671806056515167
0,1,1,0,0,0,0,0,0,1,1,0,0,8.33169589938869e-189,3.83327975277871,0,0,0,0,0,0,1.39440735935665,1.20564564301015e-185,0.579984331484709
1,1,1,0,0,0,0,0,0,1,1,0,1.68100875233369e+103,0,2.55251604109195e+103,0,0,0,0,0,0,0.0805674277256573,0,0.671806056515166
0,0,0,1,0,0,0,0,0,1,1,0,0,0,0,0.347246380182928,0,0,0,0,0,1.3292104665046,0.563178353437758,0.945786614043079
1,0,0,1,0,0,0,0,0,1,1,0,1.5944416167634,0,0,0.112199185491557,0,0,0,0,0,1.56426843622471,2.00978732720278e-50,0.818719263088387
0,1,0,1,0,0,0,0,0,1,1,0,0,2.72940607637993,0,4.07495198887815e-44,0,0,0,0,0,1.82698181217168,2.48439012608561e-75,0.673403621708724
1,1,0,1,0,0,0,0,0,1,1,0,2.98061625236872,5.46898194785882,0,1.97626258336499e-323,0,0,0,0,0,2.27967657303827,1.48219693752374e-323,NA
0,0,1,1,0,0,0,0,0,1,1,0,0,0,3.8332797527787,9.71145437579478e-71,0,0,0,0,0,1.39440735935664,1.30046907127874e-189,0.579984331484708
1,0,1,1,0,0,0,0,0,1,1,0,4.41542881320039e+103,0,6.70457715246717e+103,0,0,0,0,0,0,0.077458378027923,0,0.671806056515164
0,1,1,1,0,0,0,0,0,1,1,0,0,1.37783036697332e-192,3.8332797527787,8.02637785809645e-71,0,0,0,0,0,1.39440735935664,1.06100760238457e-189,0.579984331484708
1,1,1,1,0,0,0,0,0,1,1,0,3.85716649289432e+103,0,5.85688761739465e+103,0,0,0,0,0,0,0.0795276365537161,0,0.671806056515165
0,0,0,0,1,0,0,0,0,1,1,0,0,0,0,0,0.336530157795459,0,0,0,0,1.69627988724323,1.04102729517348,0.9369274386028
1,0,0,0,1,0,0,0,0,1,1,0,2.13495997315575e-67,0,0,0,0.336530157795459,0,0,0,0,1.69627988724322,1.04102729517347,0.936927438602801
0,1,0,0,1,0,0,0,0,1,1,0,0,2.72940607637993,0,0,3.54895212214664e-176,0,0,0,0,1.82698181217168,6.64541014201523e-75,0.673403621708724
1,1,0,0,1,0,0,0,0,1,1,0,2.98061625236872,5.46898194785882,0,0,1.48219693752374e-323,0,0,0,0,2.27967657303827,1.48219693752374e-323,NA
0,0,1,0,1,0,0,0,0,1,1,0,0,0,3.83327975277871,0,1.04188020436077e-164,0,0,0,0,1.39440735935665,1.33022946505489e-185,0.579984331484709
1,0,1,0,1,0,0,0,0,1,1,0,2.47960788255146e+104,0,3.76514333256377e+104,0,0,0,0,0,0,0.079086969104831,0,0.671806056515168
0,1,1,0,1,0,0,0,0,1,1,0,0,6.16784665898978e-189,3.83327975277871,0,7.67511517847905e-165,0,0,0,0,1.39440735935665,1.17786372973547e-185,0.579984331484709
1,1,1,0,1,0,0,0,0,1,1,0,1.44345782947171e+103,0,2.19180849549497e+103,0,0,0,0,0,0,0.0826892554089219,0,0.671806056515164
0,0,0,1,1,0,0,0,0,1,1,0,0,0,0,0.251276026417834,0.260800843832923,0,0,0,0,1.61493763639174,0.753128626905361,1.10543203321628
1,0,0,1,1,0,0,0,0,1,1,0,1.5944416167634,0,0,0.112199185491557,2.56850243964856e-27,0,0,0,0,1.56426843622472,1.86268949840887e-49,0.818719263088386
0,1,0,1,1,0,0,0,0,1,1,0,0,2.72940607637993,0,3.51320446494657e-44,2.65837390157064e-176,0,0,0,0,1.82698181217168,3.43502731803538e-75,0.673403621708724
1,1,0,1,1,0,0,0,0,1,1,0,2.98061625236872,5.46898194785882,0,1.97626258336499e-323,1.48219693752374e-323,0,0,0,0,2.27967657303827,1.48219693752374e-323,NA
0,0,1,1,1,0,0,0,0,1,1,0,0,0,3.8332797527787,7.17212152492016e-71,1.19290895702152e-167,0,0,0,0,1.39440735935664,1.46633768514353e-189,0.579984331484708
1,0,1,1,1,0,0,0,0,1,1,0,2.81172869771028e+103,0,4.26944987296504e+103,0,0,0,0,0,0,0.0807019212763948,0,0.671806056515164
0,1,1,1,1,0,0,0,0,1,1,0,0,1.07545639575087e-192,3.8332797527787,6.40392516932537e-71,7.75490143970181e-168,0,0,0,0,1.39440735935664,1.21512585811492e-189,0.579984331484708
1,1,1,1,1,0,0,0,0,1,1,0,3.99989842757433e+104,0,6.07361793027441e+104,0,0,0,0,0,0,0.0790817049101831,0,0.671806056515164
0,0,0,0,0,1,0,0,0,1,1,0,0,0,0,0,0,1.17654437182656,0,0,0,1.11903704233763,0.10152455082345,0.838841046354058
1,0,0,0,0,1,0,0,0,1,1,0,0.893523213152896,0,0,0,0,1.21294731179468,0,0,0,1.16927780038777,9.3502460736616e-92,1.08994951657026
0,1,0,0,0,1,0,0,0,1,1,0,0,2.31682582325146,0,0,0,1.32833220811125,0,0,0,1.35756565702661,1.16848902048478e-192,1.062533374527
1,1,0,0,0,1,0,0,0,1,1,0,1.83325263036388,3.9396383242927,0,0,0,1.52854538496677,0,0,0,1.56524644890271,1.48219693752374e-323,NA
0,0,1,0,0,1,0,0,0,1,1,0,0,0,3.21187032618372,0,0,1.26689445223122,0,0,0,1.01119950632896,4.49513000895616e-283,0.963617976546662
1,0,1,0,0,1,0,0,0,1,1,0,7.79833444746884e+73,0,1.2014953590925e+74,0,0,6.17391051014204e+72,0,0,0,3.37572026953763e-50,0,0.785572859323345
0,1,1,0,0,1,0,0,0,1,1,0,0,2.28244182344754e-159,3.21187032618372,0,0,1.26689445223122,0,0,0,1.01119950632896,3.00808963064297e-283,0.963617976546662
1,1,1,0,0,1,0,0,0,1,1,0,3.43657757775266e+74,0,5.29476138609487e+74,0,0,2.72072486363905e+73,0,0,0,1.23388271139058e-50,0,0.785572859323329
0,0,0,1,0,1,0,0,0,1,1,0,0,0,0,0.590648713233668,0,1.46686381943169,0,0,0,0.927437336466977,3.67561432634191e-122,1.03290045461111
1,0,0,1,0,1,0,0,0,1,1,0,1.18278089605023,0,0,0.334556817892041,0,1.39538723176223,0,0,0,1.05680885411458,7.55402418713395e-202,1.28908508042778
0,1,0,1,0,1,0,0,0,1,1,0,0,2.40820234797618,0,0.0799726414638875,0,1.37484753174848,0,0,0,1.33706219227964,9.08364129401379e-225,1.12165245817539
1,1,0,1,0,1,0,0,0,1,1,0,1.83325263036388,3.9396383242927,0,2.20370231340949e-214,0,1.52854538496677,0,0,0,1.56524644890271,1.48219693752374e-323,NA
0,0,1,1,0,1,0,0,0,1,1,0,0,0,3.20240717893721,0.0331233089880227,0,1.28328001781289,0,0,0,0.999566254979573,6.1749288698365e-291,0.995181451853091
1,0,1,1,0,1,0,0,0,1,1,0,1.08516935195149e+71,0,1.67192872911769e+71,0,0,8.59124279989089e+69,0,0,0,3.06964683852924e-48,0,0.785572859323326
0,1,1,1,0,1,0,0,0,1,1,0,0,2.11813270290418e-156,3.20240717893725,0.0331233089879162,0,1.28328001781284,0,0,0,0.999566254979616,4.88741786154273e-291,0.99518145185301
1,1,1,1,0,1,0,0,0,1,1,0,9.00325515816517e+73,0,1.38713841553335e+74,0,0,7.12784146677799e+72,0,0,0,3.07214988415454e-50,0,0.785572859323323
0,0,0,0,1,1,0,0,0,1,1,0,0,0,0,0,0.649407099279021,1.24959312126161,0,0,0,1.81935776611276,0.274432266985246,1.20113817353012
1,0,0,0,1,1,0,0,0,1,1,0,1.18691083945005e-30,0,0,0,0.649407099279019,1.2495931212616,0,0,0,1.81935776611276,0.274432266985243,1.20113817353011
0,1,0,0,1,1,0,0,0,1,1,0,0,2.19556760527354,0,0,0.18909794116431,1.33783270741459,0,0,0,1.56145053627919,1.5958008625632e-176,1.19212439297783
1,1,0,0,1,1,0,0,0,1,1,0,1.83325263036389,3.93963832429271,0,0,9.35853987829138e-173,1.52854538496677,0,0,0,1.56524644890271,1.48219693752374e-323,NA
0,0,1,0,1,1,0,0,0,1,1,0,0,0,3.24801777542459,0,0.161680589915273,1.28321755781496,0,0,0,1.19371217169378,8.26831394163296e-279,1.08246271375815
1,0,1,0,1,1,0,0,0,1,1,0,9.71603293046282e+71,0,1.49695663264746e+72,0,0,7.69214480737403e+70,0,0,0,7.24408144622023e-49,0,0.785572859323327
0,1,1,0,1,1,0,0,0,1,1,0,0,2.25899813497524e-167,3.24801777542459,0,0.161680589915273,1.28321755781496,0,0,0,1.19371217169378,6.04427657919347e-279,1.08246271375815
1,1,1,0,1,1,0,0,0,1,1,0,1.5534436649968e+104,0,2.39340254855455e+104,0,0,1.22985519983028e+103,0,0,0,4.97561970456471e-71,0,0.785572859323329
0,0,0,1,1,1,0,0,0,1,1,0,0,0,0,0.442865284688812,0.61523085038149,1.45042329453594,0,0,0,1.68114825986487,1.42355621366855e-58,1.25286888134272
1,0,0,1,1,1,0,0,0,1,1,0,0.58125516824792,0,0,0.336253597041297,0.535134456136484,1.41743786371399,0,0,0,1.64660043072249,4.98515461868099e-108,1.44152957770385
0,1,0,1,1,1,0,0,0,1,1,0,0,2.27923638960532,0,0.0652934870901819,0.17496198107168,1.37509983402345,0,0,0,1.5294691743867,5.74976515675706e-201,1.23316784871456
1,1,0,1,1,1,0,0,0,1,1,0,1.83325263036389,3.93963832429271,0,4.91628370426845e-209,2.83432674189285e-173,1.52854538496677,0,0,0,1.56524644890271,1.48219693752374e-323,NA
0,0,1,1,1,1,0,0,0,1,1,0,0,0,3.24801766431217,3.90040886373178e-07,0.161680619628086,1.28321775712219,0,0,0,1.19371206237982,9.37897763378147e-280,1.082463830818
1,0,1,1,1,1,0,0,0,1,1,0,1.8082372240586e+74,0,2.7859649358202e+74,0,0,1.43157425186693e+73,0,0,0,1.96435287883988e-50,0,0.78557285932333
0,1,1,1,1,1,0,0,0,1,1,0,0,6.33009468907319e-167,3.24801766494507,3.87819204817198e-07,0.16168061945884,1.28321775598693,0,0,0,1.19371206300248,6.61862579189791e-280,1.08246382483153
1,1,1,1,1,1,0,0,0,1,1,0,2.8521831675405e+103,0,4.3943804438831e+103,0,4.94065645841247e-324,2.25806212256546e+102,0,0,0,1.58449163203242e-70,-4.94065645841247e-324,NA
0,0,0,0,0,0,1,0,0,1,1,0,0,0,0,0,0,0,0.0785651797652633,0,0,1.40810947594355,0.910272384999553,0.792220549652282
1,0,0,0,0,0,1,0,0,1,1,0,8.50858681113345e-18,0,0,0,0,0,0.0785651797652614,0,0,1.40810947594354,0.910272384999553,0.792220549652281
0,1,0,0,0,0,1,0,0,1,1,0,0,2.72940607637993,0,0,0,0,1.97626258336499e-323,0,0,1.82698181217168,6.47046394989927e-75,0.673403621708724
1,1,0,0,0,0,1,0,0,1,1,0,2.98061625236872,5.46898194785882,0,0,0,0,4.94065645841247e-324,0,0,2.27967657303827,1.48219693752374e-323,NA
0,0,1,0,0,0,1,0,0,1,1,0,0,0,3.8332797527787,0,0,0,9.88131291682493e-324,0,0,1.39440735935664,1.50058019819479e-185,NA
1,0,1,0,0,0,1,0,0,1,1,0,1.3740005792381e+74,0,2.08634161726171e+74,0,0,0,0,0,0,0.184004574357294,0,0.671806056515164
0,1,1,0,0,0,1,0,0,1,1,0,0,8.14887317068504e-189,3.83327975277871,0,0,0,9.88131291682493e-324,0,0,1.39440735935665,1.28878334808755e-185,NA
1,1,1,0,0,0,1,0,0,1,1,0,3.08711849431382e+103,0,4.68761359305734e+103,0,0,0,0,0,0,0.0805284092291062,0,0.671806056515165
0,0,0,1,0,0,1,0,0,1,1,0,0,0,0,0.38769146346108,0,0,0.0915448869491645,0,0,1.42438149855822,0.503962223820869,1.05627645275315
1,0,0,1,0,0,1,0,0,1,1,0,1.5944416167634,0,0,0.112199185491557,0,0,5.38218424483916e-231,0,0,1.56426843622471,1.75754832439459e-50,0.818719263088387
0,1,0,1,0,0,1,0,0,1,1,0,0,2.72940607637993,0,4.42531286229162e-44,0,0,1.97626258336499e-323,0,0,1.82698181217168,2.52977230180489e-75,0.673403621708724
1,1,0,1,0,0,1,0,0,1,1,0,2.98061625236872,5.46898194785882,0,1.97626258336499e-323,0,0,4.94065645841247e-324,0,0,2.27967657303827,1.48219693752374e-323,NA
0,0,1,1,0,0,1,0,0,1,1,0,0,0,3.8332797527787,1.02467169450826e-70,0,0,9.88131291682493e-324,0,0,1.39440735935664,1.33478682285705e-189,NA
1,0,1,1,0,0,1,0,0,1,1,0,1.56744341609947e+103,0,2.38007354663893e+103,0,0,0,0,0,0,0.0793393599897036,0,0.671806056515164
0,1,1,1,0,0,1,0,0,1,1,0,0,1.43806391439971e-192,3.8332797527787,8.47389091360806e-71,0,0,9.88131291682493e-324,0,0,1.39440735935664,1.08281589149396e-189,NA
1,1,1,1,0,0,1,0,0,1,1,0,8.24839459774883e+73,0,1.25247173726976e+74,0,0,0,0,0,0,0.187671090596202,0,0.671806056515164
0,0,0,0,1,0,1,0,0,1,1,0,0,0,0,0,0.336530157795458,0,3.83235374807518e-41,0,0,1.69627988724323,1.04102729517347,0.936927438602799
1,0,0,0,1,0,1,0,0,1,1,0,1.72662787002711e-67,0,0,0,0.336530157795458,0,2.36117567951535e-41,0,0,1.69627988724323,1.04102729517347,0.936927438602799
0,1,0,0,1,0,1,0,0,1,1,0,0,2.72940607637993,0,0,3.66102981644882e-176,0,1.97626258336499e-323,0,0,1.82698181217168,7.25339207508685e-75,0.673403621708724
1,1,0,0,1,0,1,0,0,1,1,0,2.98061625236872,5.46898194785882,0,0,1.48219693752374e-323,0,4.94065645841247e-324,0,0,2.27967657303827,1.48219693752374e-323,NA
0,0,1,0,1,0,1,0,0,1,1,0,0,0,3.83327975277871,0,9.66207174309328e-165,0,9.88131291682493e-324,0,0,1.39440735935665,1.40034506822325e-185,NA
1,0,1,0,1,0,1,0,0,1,1,0,2.60625677928408e+74,0,3.95745246840142e+74,0,0,0,0,0,0,0.188336088525981,0,0.671806056515165
0,1,1,0,1,0,1,0,0,1,1,0,0,5.96721976511163e-189,3.83327975277871,0,7.39055329017484e-165,0,9.88131291682493e-324,0,0,1.39440735935665,1.24499634061602e-185,NA
1,1,1,0,1,0,1,0,0,1,1,0,6.34562557908843e+73,0,9.63547099853018e+73,0,0,0,0,0,0,0.193032398698241,0,0.671806056515166
0,0,0,1,1,0,1,0,0,1,1,0,0,0,0,0.251276026417833,0.260800843832922,0,6.70519721033224e-20,0,0,1.61493763639175,0.753128626905362,1.10543203321628
1,0,0,1,1,0,1,0,0,1,1,0,1.5944416167634,0,0,0.112199185491557,2.40459713860285e-27,0,1.09734031792608e-229,0,0,1.56426843622472,1.64399161626854e-49,0.818719263088386
0,1,0,1,1,0,1,0,0,1,1,0,0,2.72940607637993,0,3.73866069697132e-44,2.72768951753481e-176,0,1.97626258336499e-323,0,0,1.82698181217168,3.59208642543542e-75,0.673403621708724
1,1,0,1,1,0,1,0,0,1,1,0,2.98061625236872,5.46898194785882,0,1.97626258336499e-323,1.48219693752374e-323,0,4.94065645841247e-324,0,0,2.27967657303827,1.48219693752374e-323,NA
0,0,1,1,1,0,1,0,0,1,1,0,0,0,3.8332797527787,7.43766705308347e-71,1.13394401498691e-167,0,9.88131291682493e-324,0,0,1.39440735935664,1.5175117624536e-189,NA
1,0,1,1,1,0,1,0,0,1,1,0,4.40694028993091e+73,0,6.69168781338381e+73,0,0,0,0,0,0,0.191353511810189,0,0.671806056515168
0,1,1,1,1,0,1,0,0,1,1,0,0,1.09274148307766e-192,3.8332797527787,6.65235518461564e-71,7.55908625403716e-168,0,9.88131291682493e-324,0,0,1.39440735935664,1.25324374284901e-189,NA
1,1,1,1,1,0,1,0,0,1,1,0,1.55545509375919e+74,0,2.36186996201344e+74,0,0,0,0,0,0,0.190342960328388,0,0.671806056515163
0,0,0,0,0,1,1,0,0,1,1,0,0,0,0,0,0,1.16206567901031,0.0447501159752246,0,0,1.16797126858087,0.103307579367763,0.914610789080727
1,0,0,0,0,1,1,0,0,1,1,0,0.893523213152896,0,0,0,0,1.21294731179468,2.24200079281095e-170,0,0,1.16927780038777,1.20577513836352e-91,1.08994951657026
0,1,0,0,0,1,1,0,0,1,1,0,0,2.31682582325146,0,0,0,1.32833220811125,1.97626258336499e-323,0,0,1.35756565702661,1.53595680618543e-192,1.062533374527
1,1,0,0,0,1,1,0,0,1,1,0,1.83325263036388,3.93963832429271,0,0,0,1.52854538496677,4.94065645841247e-324,0,0,1.56524644890271,1.48219693752374e-323,NA
0,0,1,0,0,1,1,0,0,1,1,0,0,0,3.21187032618372,0,0,1.26689445223122,9.88131291682493e-324,0,0,1.01119950632896,5.11854101515226e-283,NA
1,0,1,0,0,1,1,0,0,1,1,0,7.04494151366016e+75,0,1.0854195329476e+76,0,0,5.5774523069644e+74,0,0,0,1.53717991913191e-51,0,0.78557285932333
0,1,1,0,0,1,1,0,0,1,1,0,0,2.24170802031878e-159,3.21187032618372,0,0,1.26689445223122,9.88131291682493e-324,0,0,1.01119950632896,3.39383472935202e-283,NA
1,1,1,0,0,1,1,0,0,1,1,0,7.86569834842919e+73,0,1.21187416689043e+74,0,0,6.22724224385261e+72,0,0,0,3.42647865976822e-50,0,0.785572859323336
0,0,0,1,0,1,1,0,0,1,1,0,0,0,0,0.590648713233667,0,1.46686381943169,9.31051633939246e-51,0,0,0.927437336466984,2.99237442754617e-122,1.03290045461111
1,0,0,1,0,1,1,0,0,1,1,0,1.18278089605023,0,0,0.334556817892041,0,1.39538723176223,7.04678548685978e-275,0,0,1.05680885411458,7.06101423253123e-202,1.28908508042778
0,1,0,1,0,1,1,0,0,1,1,0,0,2.40820234797618,0,0.0799726414638875,0,1.37484753174848,1.97626258336499e-323,0,0,1.33706219227964,8.97400740674941e-225,1.12165245817539
1,1,0,1,0,1,1,0,0,1,1,0,1.83325263036388,3.9396383242927,0,2.59989977502164e-214,0,1.52854538496677,4.94065645841247e-324,0,0,1.56524644890271,1.48219693752374e-323,NA
0,0,1,1,0,1,1,0,0,1,1,0,0,0,3.20240717893721,0.0331233089880281,0,1.2832800178129,-9.88131291682493e-324,0,0,0.999566254979571,6.16377757223233e-291,0.995181451853096
1,0,1,1,0,1,1,0,0,1,1,0,5.7229094305614e+74,0,8.81733037694736e+74,0,0,4.53080474041406e+73,0,0,0,8.50487921881987e-51,0,0.785572859323327
0,1,1,1,0,1,1,0,0,1,1,0,0,2.20264103740229e-156,3.20240717893724,0.0331233089879269,0,1.28328001781284,9.88131291682493e-324,0,0,0.999566254979612,4.87376815741093e-291,NA
1,1,1,1,0,1,1,0,0,1,1,0,7.30994291068929e+73,0,1.12624850108537e+74,0,0,5.78725286390898e+72,0,0,0,3.56764174160091e-50,0,0.785572859323331
0,0,0,0,1,1,1,0,0,1,1,0,0,0,0,0,0.649407099279021,1.24959312126161,2.08997392933768e-130,0,0,1.81935776611276,0.274432266985246,1.20113817353012
1,0,0,0,1,1,1,0,0,1,1,0,1.00805126141489e-30,0,0,0,0.649407099279019,1.2495931212616,9.47499408933018e-131,0,0,1.81935776611276,0.274432266985243,1.20113817353011
0,1,0,0,1,1,1,0,0,1,1,0,0,2.19556760527354,0,0,0.18909794116431,1.33783270741459,1.97626258336499e-323,0,0,1.56145053627919,1.89621358404213e-176,1.19212439297783
1,1,0,0,1,1,1,0,0,1,1,0,1.83325263036389,3.93963832429271,0,0,1.2049082818747e-172,1.52854538496677,4.94065645841247e-324,0,0,1.56524644890271,1.48219693752374e-323,NA
0,0,1,0,1,1,1,0,0,1,1,0,0,0,3.24801777542459,0,0.161680589915273,1.28321755781496,9.88131291682493e-324,0,0,1.19371217169378,8.91063243726978e-279,NA
1,0,1,0,1,1,1,0,0,1,1,0,7.29165501298125e+73,0,1.12343087068345e+74,0,0,5.77277440769181e+72,0,0,0,3.72494358507185e-50,0,0.785572859323333
0,1,1,0,1,1,1,0,0,1,1,0,0,2.20872964188991e-167,3.24801777542459,0,0.161680589915273,1.28321755781496,9.88131291682493e-324,0,0,1.19371217169378,6.5818053273463e-279,NA
1,1,1,0,1,1,1,0,0,1,1,0,7.95957238329435e+74,0,1.22633741131652e+75,0,0,6.30156194562903e+73,0,0,0,7.1859718966636e-51,0,0.785572859323339
0,0,0,1,1,1,1,0,0,1,1,0,0,0,0,0.442865284688812,0.61523085038149,1.45042329453594,5.30475118298653e-154,0,0,1.68114825986487,1.3121230050317e-58,1.25286888134272
1,0,0,1,1,1,1,0,0,1,1,0,0.58125516824792,0,0,0.336253597041297,0.535134456136484,1.41743786371399,8.2824938845208e-255,0,0,1.64660043072249,4.64536707253219e-108,1.44152957770385
0,1,0,1,1,1,1,0,0,1,1,0,0,2.27923638960532,0,0.0652934870901819,0.17496198107168,1.37509983402345,1.97626258336499e-323,0,0,1.5294691743867,5.87971638414702e-201,1.23316784871456
1,1,0,1,1,1,1,0,0,1,1,0,1.83325263036389,3.93963832429271,0,5.94113889172092e-209,3.17710174769063e-173,1.52854538496677,4.94065645841247e-324,0,0,1.56524644890271,1.48219693752374e-323,NA
0,0,1,1,1,1,1,0,0,1,1,0,0,0,3.24801766388718,3.91532719297485e-07,0.161680619741733,1.28321775788451,9.88131291682493e-324,0,0,1.19371206196172,9.47810425556881e-280,NA
1,0,1,1,1,1,1,0,0,1,1,0,1.37944260358987e+75,0,2.12531778101107e+75,0,0,1.09209924834706e+74,0,0,0,4.8750504985415e-51,0,0.785572859323334
0,1,1,1,1,1,1,0,0,1,1,0,0,6.46939166696242e-167,3.24801766451224,3.89338555141867e-07,0.161680619574583,1.28321775676331,9.88131291682493e-324,0,0,1.19371206257666,6.70796323763197e-280,NA
1,1,1,1,1,1,1,0,0,1,1,0,2.98849400697552e+74,0,4.60439559786035e+74,0,0,2.36597887452101e+73,0,0,0,1.39913454634565e-50,0,0.785572859323337
0,0,0,0,0,0,0,1,0,1,1,0,0,0,0,0,0,0,0,4.94065645841247e-324,0,1.32668475363234,0.924931851321289,NA
1,0,0,0,0,0,0,1,0,1,1,0,2.00601325277854e-14,0,0,0,0,0,0,0,0,1.32668475363235,0.924931851321276,0.677143230278284
0,1,0,0,0,0,0,1,0,1,1,0,0,2.72940607637993,0,0,0,0,0,0,0,1.82698181217168,5.72324387388992e-75,0.673403621708724
1,1,0,0,0,0,0,1,0,1,1,0,2.98061625236872,5.46898194785882,0,0,0,0,0,0,0,2.27967657303827,1.48219693752374e-323,NA
0,0,1,0,0,0,0,1,0,1,1,0,0,0,3.8332797527787,0,0,0,0,0,0,1.39440735935664,1.34473518724162e-185,0.579984331484708
1,0,1,0,0,0,0,1,0,1,1,0,4.13847174628971e+74,0,6.28403362168449e+74,0,0,0,0,0,0,0.178731411303266,0,0.671806056515161
0,1,1,0,0,0,0,1,0,1,1,0,0,8.37244829465282e-189,3.83327975277871,0,0,0,0,0,0,1.39440735935665,1.20486611928002e-185,0.579984331484709
1,1,1,0,0,0,0,1,0,1,1,0,5.96388822988189e+73,0,9.05582457730815e+73,0,0,0,0,0,0,0.186943128502187,0,0.671806056515163
0,0,0,1,0,0,0,1,0,1,1,0,0,0,0,0.347246380182928,0,0,0,4.94065645841247e-324,0,1.3292104665046,0.563178353437758,NA
1,0,0,1,0,0,0,1,0,1,1,0,1.5944416167634,0,0,0.112199185491557,0,0,0,0,0,1.56426843622471,2.01284271071206e-50,0.818719263088387
0,1,0,1,0,0,0,1,0,1,1,0,0,2.72940607637993,0,4.10001869554649e-44,0,0,0,0,0,1.82698181217168,2.49697800439366e-75,0.673403621708724
1,1,0,1,0,0,0,1,0,1,1,0,2.98061625236872,5.46898194785882,0,1.97626258336499e-323,0,0,0,0,0,2.27967657303827,1.48219693752374e-323,NA
0,0,1,1,0,0,0,1,0,1,1,0,0,0,3.8332797527787,9.74016856107083e-71,0,0,0,1.00142977282468e-184,0,1.39440735935664,1.29380903897001e-189,0.579984331484708
1,0,1,1,0,0,0,1,0,1,1,0,1.9562086427589e+74,0,2.97039139946948e+74,0,0,0,0,0,0,0.179191730892837,0,0.671806056515164
0,1,1,1,0,0,0,1,0,1,1,0,0,1.35529699672476e-192,3.8332797527787,8.05092737850919e-71,0,0,0,-1.91107964665129e-181,0,1.39440735935664,1.05696030226756e-189,0.579984331484708
1,1,1,1,0,0,0,1,0,1,1,0,1.07170481371799e+74,0,1.62732271591868e+74,0,0,0,0,0,0,0.18512977914315,0,0.671806056515162
0,0,0,0,1,0,0,1,0,1,1,0,0,0,0,0,0.336530157795459,0,0,4.94065645841247e-324,0,1.69627988724323,1.04102729517348,NA
1,0,0,0,1,0,0,1,0,1,1,0,2.40624272413273e-67,0,0,0,0.336530157795459,0,0,4.94065645841247e-324,0,1.69627988724322,1.04102729517347,NA
0,1,0,0,1,0,0,1,0,1,1,0,0,2.72940607637993,0,0,3.83537623949435e-176,0,0,-4.94065645841247e-324,0,1.82698181217168,6.67346277121359e-75,0.673403621708724
1,1,0,0,1,0,0,1,0,1,1,0,2.98061625236872,5.46898194785882,0,0,1.48219693752374e-323,0,0,0,0,2.27967657303827,1.48219693752374e-323,NA
0,0,1,0,1,0,0,1,0,1,1,0,0,0,3.83327975277871,0,1.11079813453807e-164,0,0,0,0,1.39440735935665,1.33497002953181e-185,0.579984331484709
1,0,1,0,1,0,0,1,0,1,1,0,1.41712152671471e+86,0,2.15181831985966e+86,0,0,0,0,4.94065645841247e-324,0,0.132974249911143,0,NA
0,1,1,0,1,0,0,1,0,1,1,0,0,6.30027850520437e-189,3.83327975277871,0,8.21756029959957e-165,0,0,0,0,1.39440735935665,1.18841031277055e-185,0.579984331484709
1,1,1,0,1,0,0,1,0,1,1,0,5.19858720240589e+73,0,7.89375855820803e+73,0,0,0,0,0,0,0.191837178951264,0,0.671806056515164
0,0,0,1,1,0,0,1,0,1,1,0,0,0,0,0.251276026417834,0.260800843832923,0,0,4.94065645841247e-324,0,1.61493763639174,0.753128626905361,NA
1,0,0,1,1,0,0,1,0,1,1,0,1.5944416167634,0,0,0.112199185491557,2.55576182356891e-27,0,0,0,0,1.56426843622472,1.83691504091935e-49,0.818719263088386
0,1,0,1,1,0,0,1,0,1,1,0,0,2.72940607637993,0,5.35828656136448e-44,2.9891406220829e-173,0,0,-4.94065645841247e-324,0,1.82698181217168,1.19034222711797e-74,0.673403621708724
1,1,0,1,1,0,0,1,0,1,1,0,2.98061625236872,5.46898194785882,0,1.97626258336499e-323,1.48219693752374e-323,0,0,0,0,2.27967657303827,1.48219693752374e-323,NA
0,0,1,1,1,0,0,1,0,1,1,0,0,0,3.8332797527787,2.31022436071498e-70,9.41382261044757e-165,0,0,0,0,1.39440735935664,7.06786409780713e-186,0.579984331484708
1,0,1,1,1,0,0,1,0,1,1,0,1.08439400876939e+74,0,1.64659053583464e+74,0,0,0,0,0,0,0.187002571025632,0,0.671806056515167
0,1,1,1,1,0,0,1,0,1,1,0,0,7.63167273302736e-189,3.8332797527787,2.06336922942248e-70,6.18564800450139e-165,0,0,0,0,1.39440735935664,5.92346711056049e-186,0.579984331484708
1,1,1,1,1,0,0,1,0,1,1,0,1.39905143762445e+103,0,2.12437991883833e+103,0,0,0,0,-4.94065645841247e-324,0,0.0821817481589816,0,0.671806056515166
0,0,0,0,0,1,0,1,0,1,1,0,0,0,0,0,0,1.17654437182656,0,9.88131291682493e-324,0,1.11903704233763,0.10152455082345,0.838841046354058
1,0,0,0,0,1,0,1,0,1,1,0,0.893523213152896,0,0,0,0,1.21294731179468,0,4.94065645841247e-324,0,1.16927780038777,8.68753024530313e-92,NA
0,1,0,0,0,1,0,1,0,1,1,0,0,2.31682582325146,0,0,0,1.32833220811125,0,4.94065645841247e-324,0,1.35756565702661,1.15434566635167e-192,NA
1,1,0,0,0,1,0,1,0,1,1,0,1.83325263036388,3.9396383242927,0,0,0,1.52854538496677,0,0,0,1.56524644890271,1.48219693752374e-323,NA
0,0,1,0,0,1,0,1,0,1,1,0,0,0,3.2118703261837,0,0,1.26689445223122,0,4.94065645841247e-324,0,1.01119950632895,1.28407291059791e-274,NA
1,0,1,0,0,1,0,1,0,1,1,0,7.79144704079525e+73,0,1.20043421107297e+74,0,0,6.1684577775422e+72,0,0,0,3.36469311546903e-50,0,0.785572859323318
0,1,1,0,0,1,0,1,0,1,1,0,0,2.27863590568473e-159,3.21187032618372,0,0,1.26689445223122,0,-4.94065645841247e-324,0,1.01119950632896,2.936629389269e-283,0.963617976546662
1,1,1,0,0,1,0,1,0,1,1,0,3.4594358160792e+74,0,5.32997924889787e+74,0,0,2.73882164043097e+73,0,0,0,1.22417104380198e-50,0,0.785572859323321
0,0,0,1,0,1,0,1,0,1,1,0,0,0,0,0.590648713233668,0,1.46686381943169,0,4.94065645841247e-324,0,0.927437336466977,3.6251137771877e-122,NA
1,0,0,1,0,1,0,1,0,1,1,0,1.18278089605023,0,0,0.334556817892041,0,1.39538723176223,0,4.94065645841247e-324,0,1.05680885411458,7.48573695578547e-202,NA
0,1,0,1,0,1,0,1,0,1,1,0,0,2.40820234797618,0,0.0799726414638875,0,1.37484753174848,0,0,0,1.33706219227964,9.03437354580113e-225,1.12165245817539
1,1,0,1,0,1,0,1,0,1,1,0,1.83325263036388,3.9396383242927,0,2.27379474168028e-214,0,1.52854538496677,0,2.84050557230271e-16,0,1.56524644890271,1.48219693752374e-323,NA
0,0,1,1,0,1,0,1,0,1,1,0,0,0,3.20240717893721,0.0331233089880264,0,1.28328001781289,0,4.94065645841247e-324,0,0.999566254979572,6.07070693211642e-291,NA
1,0,1,1,0,1,0,1,0,1,1,0,8.67009047973702e+73,0,1.3358074784414e+74,0,0,6.86407630979457e+72,0,0,0,3.07679899245747e-50,0,0.785572859323338
0,1,1,1,0,1,0,1,0,1,1,0,0,2.08949739939747e-156,3.20240717893725,0.0331233089879206,0,1.28328001781284,0,0,0,0.999566254979614,4.80397740685295e-291,0.995181451853013
1,1,1,1,0,1,0,1,0,1,1,0,7.90273477842167e+73,0,1.21758039801619e+74,0,0,6.25656383885802e+72,0,0,0,3.350358493549e-50,0,0.785572859323332
0,0,0,0,1,1,0,1,0,1,1,0,0,0,0,0,0.649407099279021,1.24959312126161,0,4.94065645841247e-324,0,1.81935776611276,0.274432266985246,NA
1,0,0,0,1,1,0,1,0,1,1,0,1.32246980911843e-30,0,0,0,0.649407099279019,1.2495931212616,0,4.94065645841247e-324,0,1.81935776611276,0.274432266985243,NA
0,1,0,0,1,1,0,1,0,1,1,0,0,2.19556760527354,0,0,0.18909794116431,1.33783270741459,0,0,0,1.56145053627919,1.62271203088359e-176,1.19212439297783
1,1,0,0,1,1,0,1,0,1,1,0,1.83325263036389,3.93963832429271,0,0,9.56772326458677e-173,1.52854538496677,0,0,0,1.56524644890271,1.48219693752374e-323,NA
0,0,1,0,1,1,0,1,0,1,1,0,0,0,3.24801777542459,0,0.161680589915273,1.28321755781496,0,-9.88131291682493e-324,0,1.19371217169378,8.19199424767008e-279,1.08246271375815
1,0,1,0,1,1,0,1,0,1,1,0,1.62751174446857e+74,0,2.50751980569674e+74,0,0,1.28849460512864e+73,0,0,0,2.13028156795406e-50,0,0.785572859323331
0,1,1,0,1,1,0,1,0,1,1,0,0,1.86015009848881e-164,3.24801777542459,0,0.161680589915273,1.28321755781496,0,0,0,1.19371217169378,5.94328720553007e-271,1.08246271375815
1,1,1,0,1,1,0,1,0,1,1,0,7.28547897400819e+73,0,1.12247932363017e+74,0,0,5.76788486208638e+72,0,0,0,3.70347424218327e-50,0,0.785572859323337
0,0,0,1,1,1,0,1,0,1,1,0,0,0,0,0.442865284688812,0.61523085038149,1.45042329453594,0,0,0,1.68114825986487,1.41002580809003e-58,1.25286888134272
1,0,0,1,1,1,0,1,0,1,1,0,0.58125516824792,0,0,0.336253597041297,0.535134456136484,1.41743786371399,0,0,0,1.64660043072249,4.94145914184211e-108,1.44152957770385
0,1,0,1,1,1,0,1,0,1,1,0,0,2.27923638960532,0,0.0652934870901819,0.17496198107168,1.37509983402345,0,0,0,1.5294691743867,5.77990407564429e-201,1.23316784871456
1,1,0,1,1,1,0,1,0,1,1,0,1.83325263036389,3.93963832429271,0,5.06168479956755e-209,2.97886673125708e-173,1.52854538496677,0,0,0,1.56524644890271,1.48219693752374e-323,NA
0,0,1,1,1,1,0,1,0,1,1,0,0,0,3.24801766431642,3.90025955394112e-07,0.161680619626948,1.28321775711456,0,0,0,1.19371206238401,9.21004998760383e-280,1.08246383077777
1,0,1,1,1,1,0,1,0,1,1,0,1.11738799550275e+74,0,1.72156823991819e+74,0,0,8.84631652542051e+72,0,0,0,2.72924223706047e-50,0,0.785572859323332
0,1,1,1,1,1,0,1,0,1,1,0,0,6.23265752653297e-167,3.24801766496746,3.8774061552326e-07,0.161680619452853,1.28321775594678,0,0,0,1.1937120630245,6.50761231983321e-280,1.08246382461973
1,1,1,1,1,1,0,1,0,1,1,0,8.63659324406679e+73,0,1.3306465336946e+74,0,0,6.83755668092211e+72,0,0,0,3.26742270966788e-50,0,0.785572859323333
0,0,0,0,0,0,1,1,0,1,1,0,0,0,0,0,0,0,0.0785651797652633,4.94065645841247e-324,0,1.40810947594355,0.910272384999553,NA
1,0,0,0,0,0,1,1,0,1,1,0,1.33730975069995e-17,0,0,0,0,0,0.0785651797652614,-4.94065645841247e-324,0,1.40810947594354,0.910272384999553,0.792220549652282
0,1,0,0,0,0,1,1,0,1,1,0,0,2.72940607637993,0,0,0,0,1.97626258336499e-323,4.94065645841247e-324,0,1.82698181217168,6.42906014859785e-75,NA
1,1,0,0,0,0,1,1,0,1,1,0,2.98061625236872,5.46898194785882,0,0,0,0,4.94065645841247e-324,0,0,2.27967657303827,1.48219693752374e-323,NA
0,0,1,0,0,0,1,1,0,1,1,0,0,0,3.8332797527787,0,0,0,9.88131291682493e-324,0,0,1.39440735935664,1.47376158016829e-185,NA
1,0,1,0,0,0,1,1,0,1,1,0,1.86487331542001e+72,0,2.83170390731492e+72,0,0,0,0,0,0,0.193175326159623,0,0.671806056515166
0,1,1,0,0,0,1,1,0,1,1,0,0,8.16758928882298e-189,3.83327975277871,0,0,0,9.88131291682493e-324,0,0,1.39440735935665,1.27500255417108e-185,NA
1,1,1,0,0,0,1,1,0,1,1,0,6.94464059682662e+103,0,1.05450411834022e+104,0,0,0,0,-4.94065645841247e-324,0,0.0793930236011534,0,0.671806056515166
0,0,0,1,0,0,1,1,0,1,1,0,0,0,0,0.38769146346108,0,0,0.0915448869491645,4.94065645841247e-324,0,1.42438149855822,0.503962223820869,NA
1,0,0,1,0,0,1,1,0,1,1,0,1.5944416167634,0,0,0.112199185491557,0,0,5.26580834689124e-231,4.94065645841247e-324,0,1.56426843622471,1.77420997532486e-50,NA
0,1,0,1,0,0,1,1,0,1,1,0,0,2.72940607637993,0,4.43827823384096e-44,0,0,1.97626258336499e-323,-4.94065645841247e-324,0,1.82698181217168,2.54050724364763e-75,0.673403621708724
1,1,0,1,0,0,1,1,0,1,1,0,2.98061625236872,5.46898194785882,0,1.97626258336499e-323,0,0,4.94065645841247e-324,0,0,2.27967657303827,1.48219693752374e-323,NA
0,0,1,1,0,0,1,1,0,1,1,0,0,0,3.8332797527787,1.02516995439024e-70,0,0,9.88131291682493e-324,-7.8410851010456e-183,0,1.39440735935664,1.3224329981738e-189,NA
1,0,1,1,0,0,1,1,0,1,1,0,8.0173777862319e+73,0,1.21739315029986e+74,0,0,0,0,0,0,0.183070556625456,0,0.671806056515165
0,1,1,1,0,0,1,1,0,1,1,0,0,1.4060906966195e-192,3.8332797527787,8.48217208403048e-71,0,0,9.88131291682493e-324,1.3249577491081e-184,0,1.39440735935664,1.07586719143822e-189,NA
1,1,1,1,0,0,1,1,0,1,1,0,2.88857952573745e+103,0,4.38614347794356e+103,0,0,0,4.94065645841247e-324,0,0,0.0800731705868263,0,NA
0,0,0,0,1,0,1,1,0,1,1,0,0,0,0,0,0.336530157795458,0,3.67523761624771e-41,4.94065645841247e-324,0,1.69627988724323,1.04102729517347,NA
1,0,0,0,1,0,1,1,0,1,1,0,2.01516302847211e-67,0,0,0,0.336530157795458,0,2.12201103643655e-41,4.94065645841247e-324,0,1.69627988724323,1.04102729517347,NA
0,1,0,0,1,0,1,1,0,1,1,0,0,2.72940607637993,0,0,4.01137815960062e-176,0,1.97626258336499e-323,-4.94065645841247e-324,0,1.82698181217168,7.2619827141814e-75,0.673403621708724
1,1,0,0,1,0,1,1,0,1,1,0,2.98061625236872,5.46898194785882,0,0,1.48219693752374e-323,0,4.94065645841247e-324,0,0,2.27967657303827,1.48219693752374e-323,NA
0,0,1,0,1,0,1,1,0,1,1,0,0,0,3.83327975277871,0,1.0496347817209e-164,0,9.88131291682493e-324,0,0,1.39440735935665,1.40508137014739e-185,NA
1,0,1,0,1,0,1,1,0,1,1,0,6.56005172283675e+73,0,9.96106488421766e+73,0,0,0,0,0,0,0.190774863801361,0,0.671806056515166
0,1,1,0,1,0,1,1,0,1,1,0,0,6.01765899242134e-189,3.83327975277871,0,7.91950460107209e-165,0,9.88131291682493e-324,0,0,1.39440735935665,1.23184864111539e-185,NA
1,1,1,0,1,0,1,1,0,1,1,0,9.36559255359444e+100,0,1.42211188336728e+101,0,0,0,-4.94065645841247e-324,-1.83478962640526e-251,0,0.0881749335435641,0,0.671806056515165
0,0,0,1,1,0,1,1,0,1,1,0,0,0,0,0.251276026417833,0.260800843832922,0,6.50993941119429e-20,4.94065645841247e-324,0,1.61493763639175,0.753128626905362,NA
1,0,0,1,1,0,1,1,0,1,1,0,1.5944416167634,0,0,0.112199185491557,2.40160087792146e-27,0,9.90137102508648e-230,-4.94065645841247e-324,0,1.56426843622472,1.6303051894862e-49,0.818719263088386
0,1,0,1,1,0,1,1,0,1,1,0,0,2.72940607637993,0,3.77114940203949e-44,2.91377077461941e-176,0,1.97626258336499e-323,4.94065645841247e-324,0,1.82698181217168,3.58322606894809e-75,NA
1,1,0,1,1,0,1,1,0,1,1,0,2.98061625236872,5.46898194785882,0,1.97626258336499e-323,1.48219693752374e-323,0,4.94065645841247e-324,0,0,2.27967657303827,1.48219693752374e-323,NA
0,0,1,1,1,0,1,1,0,1,1,0,0,0,3.8332797527787,7.49793856949175e-71,1.19606448550602e-167,0,9.88131291682493e-324,-6.59740695640914e-185,0,1.39440735935664,1.50253167987343e-189,NA
1,0,1,1,1,0,1,1,0,1,1,0,1.79237824868249e+103,0,2.72162427775291e+103,0,0,0,0,0,0,0.0814579577337229,0,0.671806056515163
0,1,1,1,1,0,1,1,0,1,1,0,0,1.07901842335172e-192,3.8332797527787,6.69721922949677e-71,7.97273837947306e-168,0,9.88131291682493e-324,-9.09014509606879e-181,0,1.39440735935664,1.24036112875488e-189,NA
1,1,1,1,1,0,1,1,0,1,1,0,3.55911645814131e+74,0,5.40431561638701e+74,0,0,0,0,0,0,0.187690655924815,0,0.671806056515164
0,0,0,0,0,1,1,1,0,1,1,0,0,0,0,0,0,1.16206567901031,0.0447501159752246,-9.88131291682493e-324,0,1.16797126858087,0.103307579367763,0.914610789080727
1,0,0,0,0,1,1,1,0,1,1,0,0.893523213152896,0,0,0,0,1.21294731179468,1.80965055394491e-170,4.94065645841247e-324,0,1.16927780038777,1.07799527094237e-91,NA
0,1,0,0,0,1,1,1,0,1,1,0,0,2.31682582325146,0,0,0,1.32833220811125,1.97626258336499e-323,4.94065645841247e-324,0,1.35756565702661,1.48090513290059e-192,NA
1,1,0,0,0,1,1,1,0,1,1,0,1.83325263036388,3.93963832429271,0,0,0,1.52854538496677,4.94065645841247e-324,0,0,1.56524644890271,1.48219693752374e-323,NA
0,0,1,0,0,1,1,1,0,1,1,0,0,0,3.21187032618372,0,0,1.26689445223122,9.88131291682493e-324,0,0,1.01119950632896,4.94148433685929e-283,NA
1,0,1,0,0,1,1,1,0,1,1,0,8.29235616115591e+73,0,1.27760966276653e+74,0,0,6.56502554514113e+72,0,0,0,3.2534822057663e-50,0,0.785572859323316
0,1,1,0,0,1,1,1,0,1,1,0,0,2.23997423520263e-159,3.21187032618372,0,0,1.26689445223122,9.88131291682493e-324,0,0,1.01119950632896,3.26906179461194e-283,NA
1,1,1,0,0,1,1,1,0,1,1,0,9.10398157858998e+73,0,1.4026574122491e+74,0,0,7.20758617507459e+72,0,0,0,3.08639571715195e-50,0,0.785572859323325
0,0,0,1,0,1,1,1,0,1,1,0,0,0,0,0.590648713233667,0,1.46686381943169,9.03768380478591e-51,4.94065645841247e-324,0,0.927437336466984,2.96885533496998e-122,NA
1,0,0,1,0,1,1,1,0,1,1,0,1.18278089605023,0,0,0.334556817892041,0,1.39538723176223,6.69739064518674e-275,4.94065645841247e-324,0,1.05680885411458,6.99753733675042e-202,NA
0,1,0,1,0,1,1,1,0,1,1,0,0,2.40820234797618,0,0.0799726414638875,0,1.37484753174848,1.97626258336499e-323,0,0,1.33706219227964,8.91081522486349e-225,1.12165245817539
1,1,0,1,0,1,1,1,0,1,1,0,1.83325263036388,3.9396383242927,0,2.67439527702846e-214,0,1.52854538496677,4.94065645841247e-324,2.38742063001557e-16,0,1.56524644890271,1.48219693752374e-323,NA
0,0,1,1,0,1,1,1,0,1,1,0,0,0,3.20240717893721,0.0331233089880319,0,1.2832800178129,9.88131291682493e-324,4.94065645841247e-324,0,0.999566254979569,6.04809049141293e-291,NA
1,0,1,1,0,1,1,1,0,1,1,0,3.50380575865911e+74,0,5.39834035914812e+74,0,0,2.77394914832066e+73,0,0,0,1.18714033707353e-50,0,0.785572859323319
0,1,1,1,0,1,1,1,0,1,1,0,0,2.16350534349835e-156,3.20240717893724,0.0331233089879312,0,1.28328001781285,9.88131291682493e-324,-4.94065645841247e-324,0,0.99956625497961,4.79109500467106e-291,NA
1,1,1,1,0,1,1,1,0,1,1,0,2.31657262701256e+75,0,3.56916118320584e+75,0,0,1.83402137799546e+74,0,0,0,3.29541844841259e-51,0,0.785572859323324
0,0,0,0,1,1,1,1,0,1,1,0,0,0,0,0,0.649407099279021,1.24959312126161,1.93781755558604e-130,4.94065645841247e-324,0,1.81935776611276,0.274432266985246,NA
1,0,0,0,1,1,1,1,0,1,1,0,1.15778578759089e-30,0,0,0,0.649407099279019,1.2495931212616,8.27372792990126e-131,4.94065645841247e-324,0,1.81935776611276,0.274432266985243,NA
0,1,0,0,1,1,1,1,0,1,1,0,0,2.19556760527354,0,0,0.18909794116431,1.33783270741459,1.97626258336499e-323,0,0,1.56145053627919,1.91710557248951e-176,1.19212439297783
1,1,0,0,1,1,1,1,0,1,1,0,1.83325263036389,3.93963832429271,0,0,1.21501753507186e-172,1.52854538496677,4.94065645841247e-324,0,0,1.56524644890271,1.48219693752374e-323,NA
0,0,1,0,1,1,1,1,0,1,1,0,0,0,3.24801777542459,0,0.161680589915273,1.28321755781496,9.88131291682493e-324,4.94065645841247e-324,0,1.19371217169378,8.77049309435335e-279,NA
1,0,1,0,1,1,1,1,0,1,1,0,1.25743487494512e+74,0,1.93733953933977e+74,0,0,9.95506212581181e+72,0,0,0,2.55394730324584e-50,0,0.785572859323321
0,1,1,0,1,1,1,1,0,1,1,0,0,2.20875656452733e-167,3.24801777542459,0,0.161680589915273,1.28321755781496,9.88131291682493e-324,0,0,1.19371217169378,6.41067291799534e-279,NA
1,1,1,0,1,1,1,1,0,1,1,0,9.24158012980532e+73,0,1.42385732638677e+74,0,0,7.31652240334909e+72,0,0,0,3.15491407995653e-50,0,0.785572859323327
0,0,0,1,1,1,1,1,0,1,1,0,0,0,0,0.442865284688812,0.61523085038149,1.45042329453594,4.88190257935925e-154,0,0,1.68114825986487,1.30191595624704e-58,1.25286888134272
1,0,0,1,1,1,1,1,0,1,1,0,0.58125516824792,0,0,0.336253597041297,0.535134456136484,1.41743786371399,7.66449447292692e-255,0,0,1.64660043072249,4.61751678359246e-108,1.44152957770385
0,1,0,1,1,1,1,1,0,1,1,0,0,2.27923638960532,0,0.0652934870901819,0.17496198107168,1.37509983402345,1.97626258336499e-323,-4.94065645841247e-324,0,1.5294691743867,5.90314733899697e-201,1.23316784871456
1,1,0,1,1,1,1,1,0,1,1,0,1.83325263036389,3.93963832429271,0,6.09704940425383e-209,3.34471669273869e-173,1.52854538496677,4.94065645841247e-324,0,0,1.56524644890271,1.48219693752374e-323,NA
0,0,1,1,1,1,1,1,0,1,1,0,0,0,3.24801766391751,3.91426247010673e-07,0.161680619733622,1.2832177578301,-9.88131291682493e-324,0,0,1.19371206199156,8.8608255019913e-280,1.08246383454985
1,0,1,1,1,1,1,1,0,1,1,0,7.43851767413397e+73,0,1.14605811333218e+74,0,0,5.88904499512814e+72,0,0,0,3.62781113887543e-50,0,0.785572859323325
0,1,1,1,1,1,1,1,0,1,1,0,0,6.34640233749751e-167,3.24801766455943,3.89172911318149e-07,0.161680619561965,1.28321775667867,9.88131291682493e-324,0,0,1.19371206262308,6.5726553954295e-280,NA
1,1,1,1,1,1,1,1,0,1,1,0,4.53270895216028e+74,0,6.98357938714091e+74,0,0,3.58852773341016e+73,0,0,0,1.04781130423218e-50,0,0.785572859323328
0,0,0,0,0,0,0,0,1,1,1,0,0,0,0,0,0,0,0,0,16.006331537965,2.57192209591749,0.682528340639525,0.541025329274487
1,0,0,0,0,0,0,0,1,1,1,0,4.19962641842432e-252,0,0,0,0,0,0,0,16.0063315379649,2.57192209591748,0.682528340639522,0.541025329274488
0,1,0,0,0,0,0,0,1,1,1,0,0,1.56341276214526e-30,0,0,0,0,0,0,16.006331537965,2.57192209591749,0.682528340639521,0.541025329274486
1,1,0,0,0,0,0,0,1,1,1,0,1.11367733617657e-258,1.3789589862557e-30,0,0,0,0,0,0,16.006331537965,2.57192209591749,0.682528340639521,0.541025329274486
0,0,1,0,0,0,0,0,1,1,1,0,0,0,1.75141407838216e-92,0,0,0,0,0,16.0063315379649,2.57192209591748,0.682528340639522,0.541025329274488
1,0,1,0,0,0,0,0,1,1,1,0,2.05051426704115e-258,0,1.33890293318551e-92,0,0,0,0,0,16.0063315379649,2.57192209591748,0.682528340639522,0.541025329274488
0,1,1,0,0,0,0,0,1,1,1,0,0,8.98453460590344e-31,6.90305908911065e-93,0,0,0,0,0,16.006331537965,2.57192209591749,0.682528340639521,0.541025329274486
1,1,1,0,0,0,0,0,1,1,1,0,2.28825521845386e-258,6.79006756855976e-31,6.07353555498706e-93,0,0,0,0,0,16.006331537965,2.57192209591749,0.682528340639521,0.541025329274486
0,0,0,1,0,0,0,0,1,1,1,0,0,0,0,1.48219693752374e-323,0,0,0,0,16.0063315379649,2.57192209591748,0.682528340639522,NA
1,0,0,1,0,0,0,0,1,1,1,0,6.449044498739e-252,0,0,1.48219693752374e-323,0,0,0,0,16.0063315379649,2.57192209591748,0.682528340639522,NA
0,1,0,1,0,0,0,0,1,1,1,0,0,1.49562098902535e-30,0,1.48219693752374e-323,0,0,0,0,16.006331537965,2.57192209591749,0.682528340639521,NA
1,1,0,1,0,0,0,0,1,1,1,0,1.41448514463324e-258,1.28843815242232e-30,0,1.48219693752374e-323,0,0,0,0,16.006331537965,2.57192209591749,0.682528340639521,NA
0,0,1,1,0,0,0,0,1,1,1,0,0,0,1.52728011350936e-92,1.48219693752374e-323,0,0,0,0,16.0063315379649,2.57192209591748,0.682528340639522,NA
1,0,1,1,0,0,0,0,1,1,1,0,2.15169316336752e-258,0,1.17329656843737e-92,1.48219693752374e-323,0,0,0,0,16.0063315379649,2.57192209591748,0.682528340639522,NA
0,1,1,1,0,0,0,0,1,1,1,0,0,9.48152121843386e-31,5.50256785376552e-93,1.48219693752374e-323,0,0,0,0,16.006331537965,2.57192209591749,0.682528340639521,NA
1,1,1,1,0,0,0,0,1,1,1,0,2.52380676922507e-258,7.05080793054193e-31,5.03402297323623e-93,1.48219693752374e-323,0,0,0,0,16.006331537965,2.57192209591749,0.682528340639521,NA
0,0,0,0,1,0,0,0,1,1,1,0,0,0,0,0,9.88131291682493e-324,0,0,0,16.006331537965,2.57192209591749,0.682528340639525,NA
1,0,0,0,1,0,0,0,1,1,1,0,1.71068114749194e-252,0,0,0,9.88131291682493e-324,0,0,0,16.0063315379649,2.57192209591748,0.682528340639522,NA
0,1,0,0,1,0,0,0,1,1,1,0,0,1.50783386718935e-30,0,0,9.88131291682493e-324,0,0,0,16.006331537965,2.57192209591749,0.682528340639521,NA
1,1,0,0,1,0,0,0,1,1,1,0,5.40954644270408e-259,1.37542778753797e-30,0,0,9.88131291682493e-324,0,0,0,16.006331537965,2.57192209591749,0.682528340639521,NA
0,0,1,0,1,0,0,0,1,1,1,0,0,0,1.5060101855419e-92,0,9.88131291682493e-324,0,0,0,16.0063315379649,2.57192209591748,0.682528340639522,NA
1,0,1,0,1,0,0,0,1,1,1,0,9.81332545227121e-259,0,1.24812733960121e-92,0,9.88131291682493e-324,0,0,0,16.0063315379649,2.57192209591748,0.682528340639522,NA
0,1,1,0,1,0,0,0,1,1,1,0,0,8.6230516582587e-31,6.27984596303577e-93,0,9.88131291682493e-324,0,0,0,16.006331537965,2.57192209591749,0.682528340639521,NA
1,1,1,0,1,0,0,0,1,1,1,0,1.25850784517445e-258,6.8821483022996e-31,5.74456763161945e-93,0,9.88131291682493e-324,0,0,0,16.006331537965,2.57192209591749,0.682528340639521,NA
0,0,0,1,1,0,0,0,1,1,1,0,0,0,0,1.48219693752374e-323,9.88131291682493e-324,0,0,0,16.0063315379649,2.57192209591748,0.682528340639522,NA
1,0,0,1,1,0,0,0,1,1,1,0,3.0983987194092e-252,0,0,1.48219693752374e-323,9.88131291682493e-324,0,0,0,16.0063315379649,2.57192209591748,0.682528340639522,NA
0,1,0,1,1,0,0,0,1,1,1,0,0,1.45289452008266e-30,0,1.48219693752374e-323,9.88131291682493e-324,0,0,0,16.006331537965,2.57192209591749,0.682528340639521,NA
1,1,0,1,1,0,0,0,1,1,1,0,7.74659697367583e-259,1.29183635925465e-30,0,1.48219693752374e-323,9.88131291682493e-324,0,0,0,16.006331537965,2.57192209591749,0.682528340639521,NA
0,0,1,1,1,0,0,0,1,1,1,0,0,0,1.34901849856696e-92,1.48219693752374e-323,9.88131291682493e-324,0,0,0,16.0063315379649,2.57192209591748,0.682528340639522,NA
1,0,1,1,1,0,0,0,1,1,1,0,1.16156834777563e-258,0,1.10620313515044e-92,1.48219693752374e-323,9.88131291682493e-324,0,0,0,16.0063315379649,2.57192209591748,0.682528340639522,NA
0,1,1,1,1,0,0,0,1,1,1,0,0,9.12687007898404e-31,5.14131769051359e-93,1.48219693752374e-323,9.88131291682493e-324,0,0,0,16.006331537965,2.57192209591749,0.682528340639521,NA
1,1,1,1,1,0,0,0,1,1,1,0,1.5095357031744e-258,7.11738236216163e-31,4.82105887341818e-93,1.48219693752374e-323,9.88131291682493e-324,0,0,0,16.006331537965,2.57192209591749,0.682528340639521,NA
0,0,0,0,0,1,0,0,1,1,1,0,0,0,0,0,0,2.675179436551,0,0,19.0978977786287,2.09081460288819,1.97269033460036e-204,0.636935436545754
1,0,0,0,0,1,0,0,1,1,1,0,7.1819183619198e-309,0,0,0,0,2.675179436551,0,0,19.0978977786287,2.09081460288819,9.428959349127e-205,0.636935436545754
0,1,0,0,0,1,0,0,1,1,1,0,0,5.31548417370458e-193,0,0,0,2.67517943655101,0,0,19.0978977786288,2.0908146028882,2.911629321796e-205,0.636935436545754
1,1,0,0,0,1,0,0,1,1,1,0,1.95903236106912e-309,3.69752142729046e-193,0,0,0,2.67517943655101,0,0,19.0978977786288,2.0908146028882,1.4105178251919e-205,0.636935436545754
0,0,1,0,0,1,0,0,1,1,1,0,0,0,3.07752233220245e-278,0,0,2.675179436551,0,0,19.0978977786287,2.09081460288819,4.45978969450699e-205,0.636935436545754
1,0,1,0,0,1,0,0,1,1,1,0,4.1392986864737e-309,0,1.73941650005672e-278,0,0,2.675179436551,0,0,19.0978977786287,2.09081460288819,1.69926710035554e-205,0.636935436545754
0,1,1,0,0,1,0,0,1,1,1,0,0,2.34076296237616e-193,1.21089906376076e-278,0,0,2.67517943655101,0,0,19.0978977786288,2.0908146028882,2.17403686599153e-205,0.636935436545754
1,1,1,0,0,1,0,0,1,1,1,0,2.09465427087634e-309,1.45729651091513e-193,6.6416121693247e-279,0,0,2.67517943655101,0,0,19.0978977786288,2.0908146028882,8.20609360016713e-206,0.636935436545754
0,0,0,1,0,1,0,0,1,1,1,0,0,0,0,1.48219693752374e-323,0,2.675179436551,0,0,19.0978977786287,2.09081460288819,7.55709533747156e-205,NA
1,0,0,1,0,1,0,0,1,1,1,0,4.82014236546218e-309,0,0,1.48219693752374e-323,0,2.675179436551,0,0,19.0978977786287,2.09081460288819,3.67829423776427e-205,NA
0,1,0,1,0,1,0,0,1,1,1,0,0,3.89032479868398e-193,0,1.48219693752374e-323,0,2.67517943655101,0,0,19.0978977786288,2.0908146028882,1.68566445119018e-205,NA
1,1,0,1,0,1,0,0,1,1,1,0,1.58846663822952e-309,2.78077872393392e-193,0,1.48219693752374e-323,0,2.67517943655101,0,0,19.0978977786288,2.0908146028882,8.20592611985524e-206,NA
0,0,1,1,0,1,0,0,1,1,1,0,0,0,1.75880084955795e-278,1.48219693752374e-323,0,2.675179436551,0,0,19.0978977786287,2.09081460288819,2.75048103830009e-205,NA
1,0,1,1,0,1,0,0,1,1,1,0,3.14729250222804e-309,0,1.08366960524756e-278,1.48219693752374e-323,0,2.675179436551,0,0,19.0978977786287,2.09081460288819,1.09224751848969e-205,NA
0,1,1,1,0,1,0,0,1,1,1,0,0,2.06263981150234e-193,7.45942997411491e-279,1.48219693752374e-323,0,2.67517943655101,0,0,19.0978977786288,2.0908146028882,1.38119970898452e-205,NA
1,1,1,1,0,1,0,0,1,1,1,0,1.67828654494546e-309,1.31593814034044e-193,4.40301505088306e-279,1.48219693752374e-323,0,2.67517943655101,0,0,19.0978977786288,2.0908146028882,5.47869569516639e-206,NA
0,0,0,0,1,1,0,0,1,1,1,0,0,0,0,0,1.48219693752374e-323,2.675179436551,0,0,19.0978977786287,2.09081460288819,1.51017684206603e-204,NA
1,0,0,0,1,1,0,0,1,1,1,0,2.9237792130249e-309,0,0,0,1.48219693752374e-323,2.675179436551,0,0,19.0978977786287,2.09081460288819,9.65795992561349e-205,NA
0,1,0,0,1,1,0,0,1,1,1,0,0,3.84151339254405e-193,0,0,1.48219693752374e-323,2.67517943655101,0,0,19.0978977786288,2.0908146028882,2.97626393377582e-205,NA
1,1,0,0,1,1,0,0,1,1,1,0,1.13699588020496e-309,3.03174339717932e-193,0,0,1.48219693752374e-323,2.67517943655101,0,0,19.0978977786288,2.0908146028882,1.7185601292634e-205,NA
0,0,1,0,1,1,0,0,1,1,1,0,0,0,2.16564212953824e-278,0,1.48219693752374e-323,2.67517943655101,0,0,19.0978977786288,2.0908146028882,4.40771327161086e-205,NA
1,0,1,0,1,1,0,0,1,1,1,0,2.32296383907665e-309,0,1.34474223742544e-278,0,1.48219693752374e-323,2.67517943655101,0,0,19.0978977786288,2.0908146028882,2.02309656619996e-205,NA
0,1,1,0,1,1,0,0,1,1,1,0,0,1.73984366795778e-193,8.45534263520641e-279,0,1.48219693752374e-323,2.67517943655101,0,0,19.0978977786288,2.0908146028882,2.13060452024843e-205,NA
1,1,1,0,1,1,0,0,1,1,1,0,1.37138858607942e-309,1.24799273084594e-193,5.60571039947359e-279,0,1.48219693752374e-323,2.67517943655101,0,0,19.0978977786288,2.0908146028882,9.85309638172847e-206,NA
0,0,0,1,1,1,0,0,1,1,1,0,0,0,0,1.48219693752374e-323,1.48219693752374e-323,2.675179436551,0,0,19.0978977786287,2.09081460288819,7.12822645003825e-205,NA
1,0,0,1,1,1,0,0,1,1,1,0,2.67632387635e-309,0,0,1.48219693752374e-323,1.48219693752374e-323,2.675179436551,0,0,19.0978977786287,2.09081460288819,4.26483844507841e-205,NA
0,1,0,1,1,1,0,0,1,1,1,0,0,3.01580404084381e-193,0,1.48219693752374e-323,1.48219693752374e-323,2.67517943655101,0,0,19.0978977786288,2.0908146028882,1.80676552885957e-205,NA
1,1,0,1,1,1,0,0,1,1,1,0,1.05597221167113e-309,2.37706990761371e-193,0,1.48219693752374e-323,1.48219693752374e-323,2.67517943655101,0,0,19.0978977786288,2.0908146028882,1.0039440583888e-205,NA
0,0,1,1,1,1,0,0,1,1,1,0,0,0,1.422516657343e-278,1.48219693752374e-323,1.48219693752374e-323,2.675179436551,0,0,19.0978977786287,2.09081460288819,2.93216520939575e-205,NA
1,0,1,1,1,1,0,0,1,1,1,0,2.17439213956992e-309,0,9.44796766230418e-279,1.48219693752374e-323,1.48219693752374e-323,2.67517943655101,0,0,19.0978977786288,2.0908146028882,1.34358191178372e-205,NA
0,1,1,1,1,1,0,0,1,1,1,0,0,1.60275756699672e-193,5.59418531038315e-279,1.48219693752374e-323,1.48219693752374e-323,2.67517943655101,0,0,19.0978977786288,2.0908146028882,1.40177360256292e-205,NA
1,1,1,1,1,1,0,0,1,1,1,0,1.19331385393372e-309,1.15120736497887e-193,3.85065699545118e-279,1.48219693752374e-323,1.48219693752374e-323,2.67517943655101,0,0,19.0978977786288,2.0908146028882,6.52481732423897e-206,NA
0,0,0,0,0,0,1,0,1,1,1,0,0,0,0,0,0,0,4.94065645841247e-324,0,16.006331537965,2.57192209591749,0.682528340639525,NA
1,0,0,0,0,0,1,0,1,1,1,0,4.58967897506597e-252,0,0,0,0,0,4.94065645841247e-324,0,16.0063315379649,2.57192209591748,0.682528340639522,NA
0,1,0,0,0,0,1,0,1,1,1,0,0,1.57773048833272e-30,0,0,0,0,4.94065645841247e-324,0,16.006331537965,2.57192209591749,0.682528340639521,NA
1,1,0,0,0,0,1,0,1,1,1,0,1.17909351189187e-258,1.38697334388912e-30,0,0,0,0,4.94065645841247e-324,0,16.006331537965,2.57192209591749,0.682528340639521,NA
0,0,1,0,0,0,1,0,1,1,1,0,0,0,1.81409902685604e-92,0,0,0,4.94065645841247e-324,0,16.0063315379649,2.57192209591748,0.682528340639522,NA
1,0,1,0,0,0,1,0,1,1,1,0,2.26314256948735e-258,0,1.37235883181384e-92,0,0,0,4.94065645841247e-324,0,16.0063315379649,2.57192209591748,0.682528340639522,NA
0,1,1,0,0,0,1,0,1,1,1,0,0,8.69679003414737e-31,7.4360680416523e-93,0,0,0,4.94065645841247e-324,0,16.006331537965,2.57192209591749,0.682528340639521,NA
1,1,1,0,0,0,1,0,1,1,1,0,2.45086978668945e-258,6.57454230261199e-31,6.40281201288781e-93,0,0,0,4.94065645841247e-324,0,16.006331537965,2.57192209591749,0.682528340639521,NA
0,0,0,1,0,0,1,0,1,1,1,0,0,0,0,1.48219693752374e-323,0,0,4.94065645841247e-324,0,16.0063315379649,2.57192209591748,0.682528340639522,NA
1,0,0,1,0,0,1,0,1,1,1,0,7.40014569657389e-252,0,0,1.48219693752374e-323,0,0,4.94065645841247e-324,0,16.0063315379649,2.57192209591748,0.682528340639522,NA
0,1,0,1,0,0,1,0,1,1,1,0,0,1.49222343611391e-30,0,-1.48219693752374e-323,0,0,4.94065645841247e-324,0,16.006331537965,2.57192209591749,0.682528340639521,NA
1,1,0,1,0,0,1,0,1,1,1,0,1.53448498298765e-258,1.2801248444536e-30,0,1.48219693752374e-323,0,0,4.94065645841247e-324,0,16.006331537965,2.57192209591749,0.682528340639521,NA
0,0,1,1,0,0,1,0,1,1,1,0,0,0,1.54163491614182e-92,1.48219693752374e-323,0,0,4.94065645841247e-324,0,16.0063315379649,2.57192209591748,0.682528340639522,NA
1,0,1,1,0,0,1,0,1,1,1,0,2.36480455031231e-258,0,1.18013734907215e-92,1.48219693752374e-323,0,0,4.94065645841247e-324,0,16.0063315379649,2.57192209591748,0.682528340639522,NA
0,1,1,1,0,0,1,0,1,1,1,0,0,9.29511258149149e-31,5.7221197184232e-93,1.48219693752374e-323,0,0,-4.94065645841247e-324,0,16.006331537965,2.57192209591749,0.682528340639521,NA
1,1,1,1,0,0,1,0,1,1,1,0,2.71182876067762e-258,6.88624331017523e-31,5.18171314713669e-93,1.48219693752374e-323,0,0,4.94065645841247e-324,0,16.006331537965,2.57192209591749,0.682528340639521,NA
0,0,0,0,1,0,1,0,1,1,1,0,0,0,0,0,9.88131291682493e-324,0,4.94065645841247e-324,0,16.006331537965,2.57192209591749,0.682528340639525,NA
1,0,0,0,1,0,1,0,1,1,1,0,1.63020933976054e-252,0,0,0,9.88131291682493e-324,0,4.94065645841247e-324,0,16.0063315379649,2.57192209591748,0.682528340639522,NA
0,1,0,0,1,0,1,0,1,1,1,0,0,1.51117488865755e-30,0,0,-9.88131291682493e-324,0,-4.94065645841247e-324,0,16.006331537965,2.57192209591749,0.682528340639521,0.541025329274486
1,1,0,0,1,0,1,0,1,1,1,0,5.17944699749637e-259,1.38151740531904e-30,0,0,9.88131291682493e-324,0,4.94065645841247e-324,0,16.006331537965,2.57192209591749,0.682528340639521,NA
0,0,1,0,1,0,1,0,1,1,1,0,0,0,1.52261826990806e-92,0,9.88131291682493e-324,0,4.94065645841247e-324,0,16.0063315379649,2.57192209591748,0.682528340639522,NA
1,0,1,0,1,0,1,0,1,1,1,0,9.79011934881725e-259,0,1.26576598123517e-92,0,9.88131291682493e-324,0,4.94065645841247e-324,0,16.0063315379649,2.57192209591748,0.682528340639522,NA
0,1,1,0,1,0,1,0,1,1,1,0,0,8.35383280263213e-31,6.60627277610258e-93,0,9.88131291682493e-324,0,4.94065645841247e-324,0,16.006331537965,2.57192209591749,0.682528340639521,NA
1,1,1,0,1,0,1,0,1,1,1,0,1.25276879317029e-258,6.70651567413235e-31,5.98411024650784e-93,0,9.88131291682493e-324,0,4.94065645841247e-324,0,16.006331537965,2.57192209591749,0.682528340639521,NA
0,0,0,1,1,0,1,0,1,1,1,0,0,0,0,1.48219693752374e-323,9.88131291682493e-324,0,4.94065645841247e-324,0,16.0063315379649,2.57192209591748,0.682528340639522,NA
1,0,0,1,1,0,1,0,1,1,1,0,3.20895577747801e-252,0,0,1.48219693752374e-323,9.88131291682493e-324,0,4.94065645841247e-324,0,16.0063315379649,2.57192209591748,0.682528340639522,NA
0,1,0,1,1,0,1,0,1,1,1,0,0,1.44561030107159e-30,0,1.48219693752374e-323,9.88131291682493e-324,0,4.94065645841247e-324,0,16.006331537965,2.57192209591749,0.682528340639521,NA
1,1,0,1,1,0,1,0,1,1,1,0,7.81562589744303e-259,1.28558495094821e-30,0,1.48219693752374e-323,9.88131291682493e-324,0,4.94065645841247e-324,0,16.006331537965,2.57192209591749,0.682528340639521,NA
0,0,1,1,1,0,1,0,1,1,1,0,0,0,1.34387973422072e-92,1.48219693752374e-323,9.88131291682493e-324,0,4.94065645841247e-324,0,16.0063315379649,2.57192209591748,0.682528340639522,NA
1,0,1,1,1,0,1,0,1,1,1,0,1.18795508057355e-258,0,1.10634538574505e-92,1.48219693752374e-323,9.88131291682493e-324,0,4.94065645841247e-324,0,16.0063315379649,2.57192209591748,0.682528340639522,NA
0,1,1,1,1,0,1,0,1,1,1,0,0,8.93717514210243e-31,5.28386926210845e-93,1.48219693752374e-323,-9.88131291682493e-324,0,-4.94065645841247e-324,0,16.006331537965,2.57192209591749,0.682528340639521,NA
1,1,1,1,1,0,1,0,1,1,1,0,1.53589853084105e-258,6.97839824345479e-31,4.9304864186377e-93,1.48219693752374e-323,9.88131291682493e-324,0,4.94065645841247e-324,0,16.006331537965,2.57192209591749,0.682528340639521,NA
0,0,0,0,0,1,1,0,1,1,1,0,0,0,0,0,0,2.675179436551,4.94065645841247e-324,0,19.0978977786287,2.09081460288819,2.33500945423733e-204,NA
1,0,0,0,0,1,1,0,1,1,1,0,8.20908566101909e-309,0,0,0,0,2.675179436551,4.94065645841247e-324,0,19.0978977786287,2.09081460288819,1.06725125740526e-204,NA
0,1,0,0,0,1,1,0,1,1,1,0,0,5.68749614658337e-193,0,0,0,2.67517943655101,4.94065645841247e-324,0,19.0978977786288,2.0908146028882,3.26095660968926e-205,NA
1,1,0,0,0,1,1,0,1,1,1,0,2.12394800353977e-309,3.87825846520518e-193,0,0,0,2.67517943655101,4.94065645841247e-324,0,19.0978977786288,2.0908146028882,1.53385780445082e-205,NA
0,0,1,0,0,1,1,0,1,1,1,0,0,0,3.50267936987539e-278,0,0,2.675179436551,4.94065645841247e-324,0,19.0978977786287,2.09081460288819,4.74770260943671e-205,NA
1,0,1,0,0,1,1,0,1,1,1,0,4.95245485759999e-309,0,2.06937523792299e-278,0,0,2.675179436551,4.94065645841247e-324,0,19.0978977786287,2.09081460288819,1.83984860249684e-205,NA
0,1,1,0,0,1,1,0,1,1,1,0,0,2.34490960444161e-193,1.33413493330398e-278,0,0,2.67517943655101,4.94065645841247e-324,0,19.0978977786288,2.0908146028882,2.29776622667777e-205,NA
1,1,1,0,0,1,1,0,1,1,1,0,2.19692455820001e-309,1.45280713196423e-193,7.15934004108171e-279,0,0,2.67517943655101,4.94065645841247e-324,0,19.0978977786288,2.0908146028882,8.50150204320438e-206,NA
0,0,0,1,0,1,1,0,1,1,1,0,0,0,0,1.48219693752374e-323,0,2.675179436551,4.94065645841247e-324,0,19.0978977786287,2.09081460288819,7.24018028644621e-205,NA
1,0,0,1,0,1,1,0,1,1,1,0,5.05928444687224e-309,0,0,1.48219693752374e-323,0,2.675179436551,4.94065645841247e-324,0,19.0978977786287,2.09081460288819,3.54960631466352e-205,NA
0,1,0,1,0,1,1,0,1,1,1,0,0,3.89791044275825e-193,0,1.48219693752374e-323,0,2.67517943655101,4.94065645841247e-324,0,19.0978977786288,2.0908146028882,1.69034594806325e-205,NA
1,1,0,1,0,1,1,0,1,1,1,0,1.64327532222542e-309,2.7818862581686e-193,0,1.48219693752374e-323,0,2.67517943655101,4.94065645841247e-324,0,19.0978977786288,2.0908146028882,8.18504786218043e-206,NA
0,0,1,1,0,1,1,0,1,1,1,0,0,0,1.818534475567e-278,1.48219693752374e-323,0,2.675179436551,4.94065645841247e-324,0,19.0978977786287,2.09081460288819,2.69754468195983e-205,NA
1,0,1,1,0,1,1,0,1,1,1,0,3.37369811350903e-309,0,1.14694606034061e-278,1.48219693752374e-323,0,2.675179436551,4.94065645841247e-324,0,19.0978977786287,2.09081460288819,1.08472165750922e-205,NA
0,1,1,1,0,1,1,0,1,1,1,0,0,2.02477400709856e-193,7.5904861285326e-279,1.48219693752374e-323,0,2.67517943655101,4.94065645841247e-324,0,19.0978977786288,2.0908146028882,1.36082571814403e-205,NA
1,1,1,1,0,1,1,0,1,1,1,0,1.70454892936199e-309,1.29787080986083e-193,4.5099688996542e-279,1.48219693752374e-323,0,2.67517943655101,4.94065645841247e-324,0,19.0978977786288,2.0908146028882,5.40843429950557e-206,NA
0,0,0,0,1,1,1,0,1,1,1,0,0,0,0,0,1.48219693752374e-323,2.67517943655101,4.94065645841247e-324,0,19.0978977786288,2.0908146028882,1.647424683199e-204,NA
1,0,0,0,1,1,1,0,1,1,1,0,3.16489934530609e-309,0,0,0,1.48219693752374e-323,2.67517943655101,4.94065645841247e-324,0,19.0978977786288,2.0908146028882,1.09583359299421e-204,NA
0,1,0,0,1,1,1,0,1,1,1,0,0,3.90803109012318e-193,0,0,1.48219693752374e-323,2.67517943655101,4.94065645841247e-324,0,19.0978977786288,2.0908146028882,3.26160074966945e-205,NA
1,1,0,0,1,1,1,0,1,1,1,0,1.14735275083688e-309,3.09470119889738e-193,0,0,1.48219693752374e-323,2.67517943655101,4.94065645841247e-324,0,19.0978977786288,2.0908146028882,1.88634150669267e-205,NA
0,0,1,0,1,1,1,0,1,1,1,0,0,0,2.13274842976806e-278,0,1.48219693752374e-323,2.67517943655101,4.94065645841247e-324,0,19.0978977786288,2.0908146028882,4.43039247094217e-205,NA
1,0,1,0,1,1,1,0,1,1,1,0,2.24190328389844e-309,0,1.37062686261389e-278,0,1.48219693752374e-323,2.67517943655101,4.94065645841247e-324,0,19.0978977786288,2.0908146028882,2.08811640280296e-205,NA
0,1,1,0,1,1,1,0,1,1,1,0,0,1.70327331025257e-193,8.96491832392958e-279,0,1.48219693752374e-323,2.67517943655101,4.94065645841247e-324,0,19.0978977786288,2.0908146028882,2.243728389131e-205,NA
1,1,1,0,1,1,1,0,1,1,1,0,1.38436156091347e-309,1.23222503687162e-193,5.93830536038783e-279,0,1.48219693752374e-323,2.67517943655101,4.94065645841247e-324,0,19.0978977786288,2.0908146028882,1.04016061095182e-205,NA
0,0,0,1,1,1,1,0,1,1,1,0,0,0,0,1.48219693752374e-323,1.48219693752374e-323,2.675179436551,4.94065645841247e-324,0,19.0978977786287,2.09081460288819,7.09271578269687e-205,NA
1,0,0,1,1,1,1,0,1,1,1,0,2.81963094070698e-309,0,0,1.48219693752374e-323,1.48219693752374e-323,2.675179436551,4.94065645841247e-324,0,19.0978977786287,2.09081460288819,4.34048376886673e-205,NA
0,1,0,1,1,1,1,0,1,1,1,0,0,2.96053203485685e-193,0,1.48219693752374e-323,1.48219693752374e-323,2.67517943655101,4.94065645841247e-324,0,19.0978977786288,2.0908146028882,1.83942564021626e-205,NA
1,1,0,1,1,1,1,0,1,1,1,0,1.05480159990409e-309,2.35004348875254e-193,0,1.48219693752374e-323,1.48219693752374e-323,2.67517943655101,4.94065645841247e-324,0,19.0978977786288,2.0908146028882,1.02579208035479e-205,NA
0,0,1,1,1,1,1,0,1,1,1,0,0,0,1.52581463014513e-278,1.48219693752374e-323,1.48219693752374e-323,2.67517943655101,4.94065645841247e-324,0,19.0978977786288,2.0908146028882,3.01175181457756e-205,NA
1,0,1,1,1,1,1,0,1,1,1,0,2.04672987786713e-309,0,9.12252402082925e-279,1.48219693752374e-323,1.48219693752374e-323,2.67517943655101,4.94065645841247e-324,0,19.0978977786288,2.0908146028882,1.31144636157393e-205,NA
0,1,1,1,1,1,1,0,1,1,1,0,0,1.55867927748185e-193,5.65750358714119e-279,1.48219693752374e-323,1.48219693752374e-323,2.67517943655101,4.94065645841247e-324,0,19.0978977786288,2.0908146028882,1.4055573569403e-205,NA
1,1,1,1,1,1,1,0,1,1,1,0,1.1860097983762e-309,1.12834404387604e-193,3.91598188209163e-279,1.48219693752374e-323,1.48219693752374e-323,2.67517943655101,4.94065645841247e-324,0,19.0978977786288,2.0908146028882,6.57964778924476e-206,NA
0,0,0,0,0,0,0,1,1,1,1,0,0,0,0,0,0,0,0,0,16.006331537965,2.57192209591749,0.682528340639525,0.541025329274487
1,0,0,0,0,0,0,1,1,1,1,0,4.60338657920301e-252,0,0,0,0,0,0,0,16.0063315379649,2.57192209591748,0.682528340639522,0.541025329274488
0,1,0,0,0,0,0,1,1,1,1,0,0,1.87358797772081e-30,0,0,0,0,0,0,16.006331537965,2.57192209591749,0.682528340639521,0.541025329274486
1,1,0,0,0,0,0,1,1,1,1,0,1.44245183638992e-252,1.65334322359501e-30,0,0,0,0,0,0,16.006331537965,2.57192209591749,0.682528340639521,0.541025329274486
0,0,1,0,0,0,0,1,1,1,1,0,0,0,1.35537263405136e-91,0,0,0,0,0,16.0063315379649,2.57192209591748,0.682528340639522,0.541025329274488
1,0,1,0,0,0,0,1,1,1,1,0,2.11584776983782e-251,0,1.04310942447205e-91,0,0,0,0,0,16.0063315379649,2.57192209591748,0.682528340639522,0.541025329274488
0,1,1,0,0,0,0,1,1,1,1,0,0,1.07990193707592e-30,4.18034571954846e-92,0,0,0,0,0,16.006331537965,2.57192209591749,0.682528340639521,0.541025329274486
1,1,1,0,0,0,0,1,1,1,1,0,3.49286853957878e-252,8.18548323490511e-31,3.70789004909733e-92,0,0,0,0,0,16.006331537965,2.57192209591749,0.682528340639521,0.541025329274486
0,0,0,1,0,0,0,1,1,1,1,0,0,0,0,1.48219693752374e-323,0,0,0,0,16.0063315379649,2.57192209591748,0.682528340639522,NA
1,0,0,1,0,0,0,1,1,1,1,0,6.43862881677915e-252,0,0,1.48219693752374e-323,0,0,0,0,16.0063315379649,2.57192209591748,0.682528340639522,NA
0,1,0,1,0,0,0,1,1,1,1,0,0,1.79590100217048e-30,0,-1.48219693752374e-323,0,0,0,0,16.006331537965,2.57192209591749,0.682528340639521,0.541025329274486
1,1,0,1,0,0,0,1,1,1,1,0,1.82009165549604e-252,1.54966031871732e-30,0,1.48219693752374e-323,0,0,0,0,16.006331537965,2.57192209591749,0.682528340639521,NA
0,0,1,1,0,0,0,1,1,1,1,0,0,0,1.53315497091475e-92,1.48219693752374e-323,0,0,0,3.83996984426865e-15,16.006331537965,2.57192209591749,0.682528340639524,NA
1,0,1,1,0,0,0,1,1,1,1,0,2.18426570157289e-251,0,9.17463522934573e-92,1.48219693752374e-323,0,0,0,0,16.0063315379649,2.57192209591748,0.682528340639522,NA
0,1,1,1,0,0,0,1,1,1,1,0,0,1.1359220777093e-30,3.35658322461089e-92,-1.48219693752374e-323,0,0,0,0,16.006331537965,2.57192209591749,0.682528340639521,0.541025329274486
1,1,1,1,0,0,0,1,1,1,1,0,3.80561805644682e-252,8.48085371568414e-31,3.09585819216915e-92,-1.48219693752374e-323,0,0,0,0,16.006331537965,2.57192209591749,0.682528340639521,0.541025329274486
0,0,0,0,1,0,0,1,1,1,1,0,0,0,0,0,9.88131291682493e-324,0,0,0,16.006331537965,2.57192209591749,0.682528340639525,NA
1,0,0,0,1,0,0,1,1,1,1,0,1.85397235502707e-252,0,0,0,9.88131291682493e-324,0,0,0,16.0063315379649,2.57192209591748,0.682528340639522,NA
0,1,0,0,1,0,0,1,1,1,1,0,0,1.81079017418139e-30,0,0,9.88131291682493e-324,0,0,0,16.006331537965,2.57192209591749,0.682528340639521,NA
1,1,0,0,1,0,0,1,1,1,1,0,7.37556371718154e-253,1.64870988505994e-30,0,0,9.88131291682493e-324,0,0,0,16.006331537965,2.57192209591749,0.682528340639521,NA
0,0,1,0,1,0,0,1,1,1,1,0,0,0,1.17779486326431e-91,0,9.88131291682493e-324,0,0,0,16.0063315379649,2.57192209591748,0.682528340639522,NA
1,0,1,0,1,0,0,1,1,1,1,0,1.04307710937192e-258,0,1.25215505485904e-92,0,9.88131291682493e-324,0,0,-5.87240724777123e-15,16.006331537965,2.57192209591749,0.682528340639523,NA
0,1,1,0,1,0,0,1,1,1,1,0,0,1.03880784341781e-30,3.82878275559274e-92,0,-9.88131291682493e-324,0,0,0,16.006331537965,2.57192209591749,0.682528340639521,0.541025329274486
1,1,1,0,1,0,0,1,1,1,1,0,1.98265731671308e-252,8.2860308084326e-31,3.51520994889505e-92,0,9.88131291682493e-324,0,0,0,16.006331537965,2.57192209591749,0.682528340639521,NA
0,0,0,1,1,0,0,1,1,1,1,0,0,0,0,1.48219693752374e-323,9.88131291682493e-324,0,0,0,16.0063315379649,2.57192209591748,0.682528340639522,NA
1,0,0,1,1,0,0,1,1,1,1,0,3.36403939427152e-252,0,0,1.48219693752374e-323,9.88131291682493e-324,0,0,0,16.0063315379649,2.57192209591748,0.682528340639522,NA
0,1,0,1,1,0,0,1,1,1,1,0,0,1.74681483188205e-30,0,-1.48219693752374e-323,9.88131291682493e-324,0,0,0,16.006331537965,2.57192209591749,0.682528340639521,NA
1,1,0,1,1,0,0,1,1,1,1,0,1.02551186016645e-252,1.55285027011396e-30,0,1.48219693752374e-323,9.88131291682493e-324,0,0,0,16.006331537965,2.57192209591749,0.682528340639521,NA
0,0,1,1,1,0,0,1,1,1,1,0,0,0,1.06049678370051e-91,1.48219693752374e-323,9.88131291682493e-324,0,0,0,16.0063315379649,2.57192209591748,0.682528340639522,NA
1,0,1,1,1,0,0,1,1,1,1,0,1.24227112314317e-251,0,8.69566456397767e-92,1.48219693752374e-323,9.88131291682493e-324,0,0,0,16.0063315379649,2.57192209591748,0.682528340639522,NA
0,1,1,1,1,0,0,1,1,1,1,0,0,1.09528337857592e-30,3.14959172373131e-92,1.48219693752374e-323,9.88131291682493e-324,0,0,0,16.006331537965,2.57192209591749,0.682528340639521,NA
1,1,1,1,1,0,0,1,1,1,1,0,2.36106143766569e-252,8.55554662094009e-31,2.97527682085846e-92,-1.48219693752374e-323,9.88131291682493e-324,0,0,0,16.006331537965,2.57192209591749,0.682528340639521,NA
0,0,0,0,0,1,0,1,1,1,1,0,0,0,0,0,0,2.675179436551,0,0,19.0978977786287,2.09081460288819,1.93568705783183e-204,0.636935436545754
1,0,0,0,0,1,0,1,1,1,1,0,7.37714314936968e-309,0,0,0,0,2.675179436551,0,0,19.0978977786287,2.09081460288819,9.16207622145495e-205,0.636935436545754
0,1,0,0,0,1,0,1,1,1,1,0,0,5.37475330208129e-193,0,0,0,2.67517943655101,0,0,19.0978977786288,2.0908146028882,2.93630055177751e-205,0.636935436545754
1,1,0,0,0,1,0,1,1,1,1,0,2.12764532178499e-309,3.78562142063716e-193,0,0,0,2.67517943655101,0,0,19.0978977786288,2.0908146028882,1.44290990131857e-205,0.636935436545754
0,0,1,0,0,1,0,1,1,1,1,0,0,0,3.16725378934329e-278,0,0,2.675179436551,0,0,19.0978977786287,2.09081460288819,4.47387677378343e-205,0.636935436545754
1,0,1,0,0,1,0,1,1,1,1,0,4.25716715258067e-309,0,1.76540892417798e-278,0,0,2.675179436551,0,0,19.0978977786287,2.09081460288819,1.70255336276115e-205,0.636935436545754
0,1,1,0,0,1,0,1,1,1,1,0,0,2.45429005598962e-193,1.33889231731478e-278,0,0,2.67517943655101,0,0,19.0978977786288,2.0908146028882,2.26167067777685e-205,0.636935436545754
1,1,1,0,0,1,0,1,1,1,1,0,2.23405042886995e-309,1.49486121201143e-193,6.96703744694479e-279,0,0,2.67517943655101,0,0,19.0978977786288,2.0908146028882,8.36404353632845e-206,0.636935436545754
0,0,0,1,0,1,0,1,1,1,1,0,0,0,0,1.48219693752374e-323,0,2.675179436551,0,0,19.0978977786287,2.09081460288819,7.71369129848928e-205,NA
1,0,0,1,0,1,0,1,1,1,1,0,5.12174063892408e-309,0,0,1.48219693752374e-323,0,2.675179436551,0,0,19.0978977786287,2.09081460288819,3.77591713608105e-205,NA
0,1,0,1,0,1,0,1,1,1,1,0,0,4.0612811407443e-193,0,1.48219693752374e-323,0,2.67517943655101,0,0,19.0978977786288,2.0908146028882,1.77250461308523e-205,NA
1,1,0,1,0,1,0,1,1,1,1,0,1.74152498079046e-309,2.88593091449662e-193,0,1.48219693752374e-323,0,2.67517943655101,0,0,19.0978977786288,2.0908146028882,8.60124801629574e-206,NA
0,0,1,1,0,1,0,1,1,1,1,0,0,0,1.80634758631868e-278,1.48219693752374e-323,0,2.675179436551,0,0,19.0978977786287,2.09081460288819,2.77067744238898e-205,NA
1,0,1,1,0,1,0,1,1,1,1,0,3.29367291896962e-309,0,1.12766470066303e-278,1.48219693752374e-323,0,2.675179436551,0,0,19.0978977786287,2.09081460288819,1.11726700730931e-205,NA
0,1,1,1,0,1,0,1,1,1,1,0,0,2.15380987434497e-193,8.26791620771152e-279,1.48219693752374e-323,0,2.67517943655101,0,0,19.0978977786288,2.0908146028882,1.44955588135849e-205,NA
1,1,1,1,0,1,0,1,1,1,1,0,1.86261114828633e-309,1.37092746288245e-193,4.81794308779655e-279,1.48219693752374e-323,0,2.67517943655101,0,0,19.0978977786288,2.0908146028882,5.75580477657064e-206,NA
0,0,0,0,1,1,0,1,1,1,1,0,0,0,0,0,1.48219693752374e-323,2.675179436551,0,0,19.0978977786287,2.09081460288819,1.47040485873419e-204,NA
1,0,0,0,1,1,0,1,1,1,1,0,3.14089719607686e-309,0,0,0,1.48219693752374e-323,2.675179436551,0,0,19.0978977786287,2.09081460288819,9.33960885520229e-205,NA
0,1,0,0,1,1,0,1,1,1,1,0,0,3.91030093226963e-193,0,0,1.48219693752374e-323,2.67517943655101,0,0,19.0978977786288,2.0908146028882,2.97184288798008e-205,NA
1,1,0,0,1,1,0,1,1,1,1,0,1.25447988280394e-309,3.10881113256292e-193,0,0,1.48219693752374e-323,2.67517943655101,0,0,19.0978977786288,2.0908146028882,1.72355238200664e-205,NA
0,0,1,0,1,1,0,1,1,1,1,0,0,0,2.63023653253625e-278,0,1.48219693752374e-323,2.67517943655101,0,0,19.0978977786288,2.0908146028882,4.78827124377846e-205,NA
1,0,1,0,1,1,0,1,1,1,1,0,2.6392611572729e-309,0,1.4592813523409e-278,0,1.48219693752374e-323,2.67517943655101,0,0,19.0978977786288,2.0908146028882,2.06274510417349e-205,NA
0,1,1,0,1,1,0,1,1,1,1,0,0,1.78928703239335e-193,8.87782896337286e-279,0,1.48219693752374e-323,2.67517943655101,0,0,19.0978977786288,2.0908146028882,2.1359895902595e-205,NA
1,1,1,0,1,1,0,1,1,1,1,0,1.48748530923198e-309,1.28581790398262e-193,5.90054909329514e-279,0,1.48219693752374e-323,2.67517943655101,0,0,19.0978977786288,2.0908146028882,9.90190502010615e-206,NA
0,0,0,1,1,1,0,1,1,1,1,0,0,0,0,1.48219693752374e-323,1.48219693752374e-323,2.675179436551,0,0,19.0978977786287,2.09081460288819,7.18204325200986e-205,NA
1,0,0,1,1,1,0,1,1,1,1,0,2.82458495892262e-309,0,0,1.48219693752374e-323,1.48219693752374e-323,2.675179436551,0,0,19.0978977786287,2.09081460288819,4.27875513709501e-205,NA
0,1,0,1,1,1,0,1,1,1,1,0,0,3.08405321811647e-193,0,1.48219693752374e-323,1.48219693752374e-323,2.67517943655101,0,0,19.0978977786288,2.0908146028882,1.82943183674982e-205,NA
1,1,0,1,1,1,0,1,1,1,1,0,1.14563325918682e-309,2.45305939552373e-193,0,1.48219693752374e-323,1.48219693752374e-323,2.67517943655101,0,0,19.0978977786288,2.0908146028882,1.0282226675112e-205,NA
0,0,1,1,1,1,0,1,1,1,1,0,0,0,1.46645001124336e-278,1.48219693752374e-323,1.48219693752374e-323,2.675179436551,0,0,19.0978977786287,2.09081460288819,2.93485101627983e-205,NA
1,0,1,1,1,1,0,1,1,1,1,0,2.5251507136156e-309,0,1.06196733300362e-278,1.48219693752374e-323,1.48219693752374e-323,2.67517943655101,0,0,19.0978977786288,2.0908146028882,1.41221340579638e-205,NA
0,1,1,1,1,1,0,1,1,1,1,0,0,1.65902472979707e-193,6.03416531214849e-279,1.48219693752374e-323,1.48219693752374e-323,2.67517943655101,0,0,19.0978977786288,2.0908146028882,1.43812563061152e-205,NA
1,1,1,1,1,1,0,1,1,1,1,0,1.30087567135692e-309,1.19030959973642e-193,4.12821608380189e-279,1.48219693752374e-323,1.48219693752374e-323,2.67517943655101,0,0,19.0978977786288,2.0908146028882,6.69840645556568e-206,NA
0,0,0,0,0,0,1,1,1,1,1,0,0,0,0,0,0,0,4.94065645841247e-324,0,16.006331537965,2.57192209591749,0.682528340639525,NA
1,0,0,0,0,0,1,1,1,1,1,0,4.9424122191486e-252,0,0,0,0,0,4.94065645841247e-324,0,16.0063315379649,2.57192209591748,0.682528340639522,NA
0,1,0,0,0,0,1,1,1,1,1,0,0,1.88890636244074e-30,0,0,0,0,4.94065645841247e-324,0,16.006331537965,2.57192209591749,0.682528340639521,NA
1,1,0,0,0,0,1,1,1,1,1,0,1.50289593833104e-252,1.66137300664982e-30,0,0,0,0,-4.94065645841247e-324,0,16.006331537965,2.57192209591749,0.682528340639521,0.541025329274486
0,0,1,0,0,0,1,1,1,1,1,0,0,0,1.39818013520499e-91,0,0,0,4.94065645841247e-324,0,16.0063315379649,2.57192209591748,0.682528340639522,NA
1,0,1,0,0,0,1,1,1,1,1,0,2.26932826473731e-251,0,1.06390027259268e-91,0,0,0,4.94065645841247e-324,0,16.0063315379649,2.57192209591748,0.682528340639522,NA
0,1,1,0,0,0,1,1,1,1,1,0,0,1.04793063098186e-30,4.47137130274365e-92,0,0,0,4.94065645841247e-324,0,16.006331537965,2.57192209591749,0.682528340639521,NA
1,1,1,0,0,0,1,1,1,1,1,0,3.80158981788326e-252,7.94814102497111e-31,3.90407855411304e-92,0,0,0,4.94065645841247e-324,0,16.006331537965,2.57192209591749,0.682528340639521,NA
0,0,0,1,0,0,1,1,1,1,1,0,0,0,0,1.48219693752374e-323,0,0,4.94065645841247e-324,0,16.0063315379649,2.57192209591748,0.682528340639522,NA
1,0,0,1,0,0,1,1,1,1,1,0,7.31397486504719e-252,0,0,1.48219693752374e-323,0,0,4.94065645841247e-324,0,16.0063315379649,2.57192209591748,0.682528340639522,NA
0,1,0,1,0,0,1,1,1,1,1,0,0,1.79280511883092e-30,0,1.48219693752374e-323,0,0,4.94065645841247e-324,0,16.006331537965,2.57192209591749,0.682528340639521,NA
1,1,0,1,0,0,1,1,1,1,1,0,1.98996821098794e-252,1.54151380953627e-30,0,-1.48219693752374e-323,0,0,-4.94065645841247e-324,0,16.006331537965,2.57192209591749,0.682528340639521,0.541025329274486
0,0,1,1,0,0,1,1,1,1,1,0,0,0,1.54776553964636e-92,1.48219693752374e-323,0,0,4.94065645841247e-324,-2.42997762093985e-15,16.006331537965,2.57192209591749,0.682528340639523,NA
1,0,1,1,0,0,1,1,1,1,1,0,2.42226150042456e-251,0,9.25169485458979e-92,1.48219693752374e-323,0,0,4.94065645841247e-324,0,16.0063315379649,2.57192209591748,0.682528340639522,NA
0,1,1,1,0,0,1,1,1,1,1,0,0,1.11432541443138e-30,3.49098796933802e-92,-1.48219693752374e-323,0,0,4.94065645841247e-324,0,16.006331537965,2.57192209591749,0.682528340639521,NA
1,1,1,1,0,0,1,1,1,1,1,0,4.14643127335137e-252,8.29509497341176e-31,3.19351707212224e-92,1.48219693752374e-323,0,0,-4.94065645841247e-324,0,16.006331537965,2.57192209591749,0.682528340639521,NA
0,0,0,0,1,0,1,1,1,1,1,0,0,0,0,0,9.88131291682493e-324,0,4.94065645841247e-324,0,16.006331537965,2.57192209591749,0.682528340639525,NA
1,0,0,0,1,0,1,1,1,1,1,0,1.84012426017749e-252,0,0,0,9.88131291682493e-324,0,-4.94065645841247e-324,0,16.0063315379649,2.57192209591748,0.682528340639522,NA
0,1,0,0,1,0,1,1,1,1,1,0,0,1.81473872734162e-30,0,0,-9.88131291682493e-324,0,4.94065645841247e-324,0,16.006331537965,2.57192209591749,0.682528340639521,NA
1,1,0,0,1,0,1,1,1,1,1,0,7.0615422152757e-253,1.65457059221502e-30,0,0,9.88131291682493e-324,0,4.94065645841247e-324,0,16.006331537965,2.57192209591749,0.682528340639521,NA
0,0,1,0,1,0,1,1,1,1,1,0,0,0,1.19369976257159e-91,0,-9.88131291682493e-324,0,4.94065645841247e-324,0,16.0063315379649,2.57192209591748,0.682528340639522,NA
1,0,1,0,1,0,1,1,1,1,1,0,1.08040894416845e-251,0,9.90149951863034e-92,0,9.88131291682493e-324,0,4.94065645841247e-324,0,16.0063315379649,2.57192209591748,0.682528340639522,NA
0,1,1,0,1,0,1,1,1,1,1,0,0,1.00893199699208e-30,4.013377547122e-92,0,9.88131291682493e-324,0,4.94065645841247e-324,0,16.006331537965,2.57192209591749,0.682528340639521,NA
1,1,1,0,1,0,1,1,1,1,1,0,2.03549858169707e-252,8.09019288674852e-31,3.66437002134564e-92,0,9.88131291682493e-324,0,4.94065645841247e-324,0,16.006331537965,2.57192209591749,0.682528340639521,NA
0,0,0,1,1,0,1,1,1,1,1,0,0,0,0,1.48219693752374e-323,9.88131291682493e-324,0,4.94065645841247e-324,0,16.0063315379649,2.57192209591748,0.682528340639522,NA
1,0,0,1,1,0,1,1,1,1,1,0,3.34545903199313e-252,0,0,1.48219693752374e-323,9.88131291682493e-324,0,4.94065645841247e-324,0,16.0063315379649,2.57192209591748,0.682528340639522,NA
0,1,0,1,1,0,1,1,1,1,1,0,0,1.73918650461194e-30,0,1.48219693752374e-323,9.88131291682493e-324,0,-4.94065645841247e-324,0,16.006331537965,2.57192209591749,0.682528340639521,NA
1,1,0,1,1,0,1,1,1,1,1,0,1.05521821126019e-252,1.54668307449332e-30,0,1.48219693752374e-323,9.88131291682493e-324,0,4.94065645841247e-324,0,16.006331537965,2.57192209591749,0.682528340639521,NA
0,0,1,1,1,0,1,1,1,1,1,0,0,0,1.35951075675407e-92,1.48219693752374e-323,9.88131291682493e-324,0,4.94065645841247e-324,3.75002013865266e-15,16.006331537965,2.57192209591749,0.682528340639523,NA
1,0,1,1,1,0,1,1,1,1,1,0,1.29516586136934e-251,0,8.72500814475901e-92,1.48219693752374e-323,9.88131291682493e-324,0,4.94065645841247e-324,0,16.0063315379649,2.57192209591748,0.682528340639522,NA
0,1,1,1,1,0,1,1,1,1,1,0,0,1.07352935387029e-30,3.24122709396083e-92,1.48219693752374e-323,9.88131291682493e-324,0,4.94065645841247e-324,0,16.006331537965,2.57192209591749,0.682528340639521,NA
1,1,1,1,1,0,1,1,1,1,1,0,2.42438286978264e-252,8.3957127316433e-31,3.04672807749487e-92,1.48219693752374e-323,9.88131291682493e-324,0,-4.94065645841247e-324,0,16.006331537965,2.57192209591749,0.682528340639521,NA
0,0,0,0,0,1,1,1,1,1,1,0,0,0,0,0,0,2.675179436551,4.94065645841247e-324,0,19.0978977786287,2.09081460288819,2.23176522292245e-204,NA
1,0,0,0,0,1,1,1,1,1,1,0,8.42325458556691e-309,0,0,0,0,2.675179436551,-4.94065645841247e-324,0,19.0978977786287,2.09081460288819,1.02141932090916e-204,0.636935436545754
0,1,0,0,0,1,1,1,1,1,1,0,0,5.73193922490704e-193,0,0,0,2.67517943655101,4.94065645841247e-324,0,19.0978977786288,2.0908146028882,3.26429012935822e-205,NA
1,1,0,0,0,1,1,1,1,1,1,0,2.27479786125214e-309,3.9365049671027e-193,0,0,0,2.67517943655101,-4.94065645841247e-324,0,19.0978977786288,2.0908146028882,1.54912645766111e-205,0.636935436545754
0,0,1,0,0,1,1,1,1,1,1,0,0,0,3.49244650891794e-278,0,0,2.675179436551,4.94065645841247e-324,0,19.0978977786287,2.09081460288819,4.67283470681083e-205,NA
1,0,1,0,0,1,1,1,1,1,1,0,4.73654342202398e-309,0,1.9742509468996e-278,0,0,2.675179436551,4.94065645841247e-324,0,19.0978977786287,2.09081460288819,1.78241567621978e-205,NA
0,1,1,0,0,1,1,1,1,1,1,0,0,2.42919197097223e-193,1.42915564515119e-278,0,0,2.67517943655101,4.94065645841247e-324,0,19.0978977786288,2.0908146028882,2.34328877316299e-205,NA
1,1,1,0,0,1,1,1,1,1,1,0,2.37519397072269e-309,1.50024318462274e-193,7.57129466784944e-279,0,0,2.67517943655101,4.94065645841247e-324,0,19.0978977786288,2.0908146028882,8.6936935246264e-206,NA
0,0,0,1,0,1,1,1,1,1,1,0,0,0,0,1.48219693752374e-323,0,2.675179436551,4.94065645841247e-324,0,19.0978977786287,2.09081460288819,7.4114674133342e-205,NA
1,0,0,1,0,1,1,1,1,1,1,0,5.38457000231727e-309,0,0,1.48219693752374e-323,0,2.675179436551,-4.94065645841247e-324,0,19.0978977786287,2.09081460288819,3.66677901685099e-205,NA
0,1,0,1,0,1,1,1,1,1,1,0,0,4.05876417585871e-193,0,1.48219693752374e-323,0,2.67517943655101,-4.94065645841247e-324,0,19.0978977786288,2.0908146028882,1.77370208377205e-205,NA
1,1,0,1,0,1,1,1,1,1,1,0,1.78444272562949e-309,2.88022279972679e-193,0,1.48219693752374e-323,0,2.67517943655101,-4.94065645841247e-324,0,19.0978977786288,2.0908146028882,8.56923424932688e-206,NA
0,0,1,1,0,1,1,1,1,1,1,0,0,0,1.87021839950182e-278,1.48219693752374e-323,0,2.675179436551,-4.94065645841247e-324,0,19.0978977786287,2.09081460288819,2.72338886164442e-205,NA
1,0,1,1,0,1,1,1,1,1,1,0,3.47382978121153e-309,0,1.17920487275211e-278,1.48219693752374e-323,0,2.675179436551,4.94065645841247e-324,0,19.0978977786287,2.09081460288819,1.10527194967614e-205,NA
0,1,1,1,0,1,1,1,1,1,1,0,0,2.10337110816394e-193,8.31585356687021e-279,1.48219693752374e-323,0,2.67517943655101,4.94065645841247e-324,0,19.0978977786288,2.0908146028882,1.42040530668646e-205,NA
1,1,1,1,0,1,1,1,1,1,1,0,1.83884159557308e-309,1.33878482914199e-193,4.82589958375564e-279,1.48219693752374e-323,0,2.67517943655101,-4.94065645841247e-324,0,19.0978977786288,2.0908146028882,5.62421567569611e-206,NA
0,0,0,0,1,1,1,1,1,1,1,0,0,0,0,0,1.48219693752374e-323,2.675179436551,4.94065645841247e-324,0,19.0978977786287,2.09081460288819,1.69124614199816e-204,NA
1,0,0,0,1,1,1,1,1,1,1,0,3.33440870511106e-309,0,0,0,1.48219693752374e-323,2.675179436551,-4.94065645841247e-324,0,19.0978977786287,2.09081460288819,1.03122405270235e-204,NA
0,1,0,0,1,1,1,1,1,1,1,0,0,3.98854539182982e-193,0,0,1.48219693752374e-323,2.67517943655101,-4.94065645841247e-324,0,19.0978977786288,2.0908146028882,3.23865257470758e-205,NA
1,1,0,0,1,1,1,1,1,1,1,0,1.27236948672697e-309,3.16574110230661e-193,0,0,1.48219693752374e-323,2.67517943655101,-4.94065645841247e-324,0,19.0978977786288,2.0908146028882,1.86929336948139e-205,NA
0,0,1,0,1,1,1,1,1,1,1,0,0,0,2.32341557108512e-278,0,1.48219693752374e-323,2.67517943655101,-4.94065645841247e-324,0,19.0978977786288,2.0908146028882,4.51828172764616e-205,NA
1,0,1,0,1,1,1,1,1,1,1,0,2.49737617627737e-309,0,1.45356842056679e-278,0,1.48219693752374e-323,2.67517943655101,-4.94065645841247e-324,0,19.0978977786288,2.0908146028882,2.08988774541618e-205,NA
0,1,1,0,1,1,1,1,1,1,1,0,0,1.76988642353488e-193,9.54275419477944e-279,0,1.48219693752374e-323,2.67517943655101,4.94065645841247e-324,0,19.0978977786288,2.0908146028882,2.25358237882676e-205,NA
1,1,1,0,1,1,1,1,1,1,1,0,1.50491573357194e-309,1.27115158449977e-193,6.22714059245831e-279,0,1.48219693752374e-323,2.67517943655101,4.94065645841247e-324,0,19.0978977786288,2.0908146028882,1.03729474938737e-205,NA
0,0,0,1,1,1,1,1,1,1,1,0,0,0,0,1.48219693752374e-323,1.48219693752374e-323,2.675179436551,4.94065645841247e-324,0,19.0978977786287,2.09081460288819,7.17330738582658e-205,NA
1,0,0,1,1,1,1,1,1,1,1,0,2.94530902265731e-309,0,0,1.48219693752374e-323,1.48219693752374e-323,2.675179436551,4.94065645841247e-324,0,19.0978977786287,2.09081460288819,4.32640122105151e-205,NA
0,1,0,1,1,1,1,1,1,1,1,0,0,3.1050175005858e-193,0,1.48219693752374e-323,1.48219693752374e-323,2.67517943655101,4.94065645841247e-324,0,19.0978977786288,2.0908146028882,1.90789299137853e-205,NA
1,1,0,1,1,1,1,1,1,1,1,0,1.16053040496189e-309,2.44028478176748e-193,0,1.48219693752374e-323,1.48219693752374e-323,2.67517943655101,-4.94065645841247e-324,0,19.0978977786288,2.0908146028882,1.05401570306787e-205,NA
0,0,1,1,1,1,1,1,1,1,1,0,0,0,1.59104154015102e-278,1.48219693752374e-323,1.48219693752374e-323,2.675179436551,4.94065645841247e-324,0,19.0978977786287,2.09081460288819,3.0271345160547e-205,NA
1,0,1,1,1,1,1,1,1,1,1,0,2.27831959349137e-309,0,9.89957482796111e-279,1.48219693752374e-323,1.48219693752374e-323,2.67517943655101,-4.94065645841247e-324,0,19.0978977786288,2.0908146028882,1.35019597417483e-205,NA
0,1,1,1,1,1,1,1,1,1,1,0,0,1.63722033832971e-193,6.2761899421668e-279,1.48219693752374e-323,1.48219693752374e-323,2.67517943655101,-4.94065645841247e-324,0,19.0978977786288,2.0908146028882,1.46080795781132e-205,NA
1,1,1,1,1,1,1,1,1,1,1,0,1.31027291788582e-309,1.17363609381308e-193,4.24045007015899e-279,1.48219693752374e-323,1.48219693752374e-323,2.67517943655101,-4.94065645841247e-324,0,19.0978977786288,2.0908146028882,6.77925975961488e-206,NA
