"BH.action","CA.action","BU.action","PC.action","BO.action","BV.action","BT.action","EL.action","FP.action","CH.action","DP.action","ER.action","environment.initial","BH.outcome","CA.outcome","BU.outcome","PC.outcome","BO.outcome","BV.outcome","BT.outcome","EL.outcome","FP.outcome","CH.outcome","DP.outcome","ER.outcome","diversity.desirability"
0,0,0,0,0,0,0,0,0,0,0,0,0,0,0,0,0,0,0,0,0,0,0,0,0,NA
1,0,0,0,0,0,0,0,0,0,0,0,0,0.269028295678878,0,0,0,0,0,0,0,0,0,0,0,0
0,1,0,0,0,0,0,0,0,0,0,0,0,0,0.650906117999729,0,0,0,0,0,0,0,0,0,0,0
1,1,0,0,0,0,0,0,0,0,0,0,0,0.269028295678878,0.572276101072189,0,0,0,0,0,0,0,0,0,0,0.626699906050694
0,0,1,0,0,0,0,0,0,0,0,0,0,0,0,0.659424285871844,0,0,0,0,0,0,0,0,0,0
1,0,1,0,0,0,0,0,0,0,0,0,0,0.269028295678878,0,0.578778106578229,0,0,0,0,0,0,0,0,0,0.624834960844144
0,1,1,0,0,0,0,0,0,0,0,0,0,0,1.76385085013144e-28,0.659424285871842,0,0,0,0,0,0,0,0,0,1.69821218940854e-26
1,1,1,0,0,0,0,0,0,0,0,0,0,0.269028295678878,6.87178316350435e-25,0.578778106578229,0,0,0,0,0,0,0,0,0,0.624834960844144
0,0,0,1,0,0,0,0,0,0,0,0,0,0,0,0,0.663448432530669,0,0,0,0,0,0,0,0,0
1,0,0,1,0,0,0,0,0,0,0,0,0,0.269028295678878,0,0,0.593930103058899,0,0,0,0,0,0,0,0,0.620494653233071
0,1,0,1,0,0,0,0,0,0,0,0,0,0,7.04836518289052e-59,0,0.663448432530667,0,0,0,0,0,0,0,0,1.41816927822645e-56
1,1,0,1,0,0,0,0,0,0,0,0,0,0.269028295678878,3.61072721629406e-56,0,0.593930103058899,0,0,0,0,0,0,0,0,0.620494653233071
0,0,1,1,0,0,0,0,0,0,0,0,0,0,0,0.272741820378685,0.429926415036968,0,0,0,0,0,0,0,0,0.667914103422614
1,0,1,1,0,0,0,0,0,0,0,0,0,0.269028295678878,0,0.193930045363796,0.427886863400528,0,0,0,0,0,0,0,0,1.04572217680648
0,1,1,1,0,0,0,0,0,0,0,0,0,0,1.0064347281444e-62,0.272741820378685,0.429926415036968,0,0,0,0,0,0,0,0,0.667914103422614
1,1,1,1,0,0,0,0,0,0,0,0,0,0.269028295678878,6.27396971441435e-59,0.193930045363798,0.427886863400525,0,0,0,0,0,0,0,0,1.04572217680648
0,0,0,0,1,0,0,0,0,0,0,0,0,0,0,0,0,0.693193876004246,0,0,0,0,0,0,0,0
1,0,0,0,1,0,0,0,0,0,0,0,0,0.362233577550042,0,0,0,0.622141844876497,0,0,0,0,0,0,0,0.657873552283873
0,1,0,0,1,0,0,0,0,0,0,0,0,0,0.308367146866054,0,0,0.452464634476249,0,0,0,0,0,0,0,0.675103217033056
1,1,0,0,1,0,0,0,0,0,0,0,0,0.340810413884507,0.188560170317196,0,0,0.479143011565845,0,0,0,0,0,0,0,1.0337217763114
0,0,1,0,1,0,0,0,0,0,0,0,0,0,0,0.659424285871842,0,5.21621166515017e-19,0,0,0,0,0,0,0,3.29706836782829e-17
1,0,1,0,1,0,0,0,0,0,0,0,0,0.269028304960306,0,0.578778061306843,0,5.82644168617363e-08,0,0,0,0,0,0,0,0.624836138805883
0,1,1,0,1,0,0,0,0,0,0,0,0,0,2.29522919209021e-28,0.659424285871842,0,5.68887533669921e-19,0,0,0,0,0,0,0,3.58834691407056e-17
1,1,1,0,1,0,0,0,0,0,0,0,0,0.269028305513977,1.17875955174633e-24,0.578778058606237,0,6.17401040616679e-08,0,0,0,0,0,0,0,0.624836204856099
0,0,0,1,1,0,0,0,0,0,0,0,0,0,0,0,0.455610365981246,0.313484039386861,0,0,0,0,0,0,0,0.675973680755316
1,0,0,1,1,0,0,0,0,0,0,0,0,0.318037733340556,0,0,0.364376436020597,0.327136202488417,0,0,0,0,0,0,0,1.0968574957277
0,1,0,1,1,0,0,0,0,0,0,0,0,0,1.56236554425507e-51,0,0.455610365981246,0.313484039386861,0,0,0,0,0,0,0,0.675973680755316
1,1,0,1,1,0,0,0,0,0,0,0,0,0.318037733340556,4.65072349501406e-48,0,0.364376436020597,0.327136202488417,0,0,0,0,0,0,0,1.0968574957277
0,0,1,1,1,0,0,0,0,0,0,0,0,0,0,0.226770844057059,0.406333560902348,0.0949530061356998,0,0,0,0,0,0,0,0.954470876343146
1,0,1,1,1,0,0,0,0,0,0,0,0,0.311627547956013,0,0.0440743573665133,0.35665672546912,0.284358121532659,0,0,0,0,0,0,0,1.22697917618993
0,1,1,1,1,0,0,0,0,0,0,0,0,0,1.00070498396248e-59,0.226770911352503,0.406333576647465,0.0949528962279135,0,0,0,0,0,0,0,0.954470724487974
1,1,1,1,1,0,0,0,0,0,0,0,0,0.311625652040906,2.22874227335528e-50,0.0440865991543425,0.356654975505812,0.284345655411926,0,0,0,0,0,0,0,1.22700253864107
0,0,0,0,0,1,0,0,0,0,0,0,0,0,0,0,0,0,0.297225572979494,0,0,0,0,0,0,0
1,0,0,0,0,1,0,0,0,0,0,0,0,0.352095290900259,0,0,0,0,0.167345307651027,0,0,0,0,0,0,0.628490225420089
0,1,0,0,0,1,0,0,0,0,0,0,0,0,0.538479603407673,0,0,0,0.297225572979494,0,0,0,0,0,0,0.650879220144667
1,1,0,0,0,1,0,0,0,0,0,0,0,0.352095290900259,0.484698872731937,0,0,0,0.167345307651027,0,0,0,0,0,0,1.01766605699238
0,0,1,0,0,1,0,0,0,0,0,0,0,0,0,0.569735395646641,0,0,0.297225572979494,0,0,0,0,0,0,0.642898790224057
1,0,1,0,0,1,0,0,0,0,0,0,0,0.352095290900259,0,0.503380196051602,0,0,0.167345307651027,0,0,0,0,0,0,1.01220330910497
0,1,1,0,0,1,0,0,0,0,0,0,0,0,2.13444886324993e-32,0.569735395646641,0,0,0.297225572979494,0,0,0,0,0,0,0.642898790224057
1,1,1,0,0,1,0,0,0,0,0,0,0,0.352095290900259,5.53377130882372e-26,0.503380196051602,0,0,0.167345307651027,0,0,0,0,0,0,1.01220330910497
0,0,0,1,0,1,0,0,0,0,0,0,0,0,0,0,0.575199040462471,0,0.297225572979494,0,0,0,0,0,0,0.64149150877762
1,0,0,1,0,1,0,0,0,0,0,0,0,0.352095290900259,0,0,0.522778575534089,0,0.167345307651027,0,0,0,0,0,0,1.00638071302211
0,1,0,1,0,1,0,0,0,0,0,0,0,0,1.79621189605447e-59,0,0.575199040462471,0,0.297225572979494,0,0,0,0,0,0,0.64149150877762
1,1,0,1,0,1,0,0,0,0,0,0,0,0.352095290900259,1.13654939327922e-55,0,0.522778575534089,0,0.167345307651027,0,0,0,0,0,0,1.00638071302211
0,0,1,1,0,1,0,0,0,0,0,0,0,0,0,0.227873733543474,0.380093156381291,0,0.297225572979494,0,0,0,0,0,0,1.07727895444481
1,0,1,1,0,1,0,0,0,0,0,0,0,0.352095290900259,0,0.144333752557028,0.399199767403799,0,0.167345307651027,0,0,0,0,0,0,1.29596175194926
0,1,1,1,0,1,0,0,0,0,0,0,0,0,1.02632880726572e-62,0.227873733543474,0.380093156381291,0,0.297225572979494,0,0,0,0,0,0,1.07727895444481
1,1,1,1,0,1,0,0,0,0,0,0,0,0.352095290900258,9.35047409142439e-58,0.144333752557632,0.399199767403246,0,0.167345307651027,0,0,0,0,0,0,1.29596175194982
0,0,0,0,1,1,0,0,0,0,0,0,0,0,0,0,0,0.693193876004243,4.53438465807367e-92,0,0,0,0,0,0,1.37340799809092e-89
1,0,0,0,1,1,0,0,0,0,0,0,0,0.362233577550044,0,0,0,0.622141844876495,1.8752367970878e-118,0,0,0,0,0,0,0.657873552283874
0,1,0,0,1,1,0,0,0,0,0,0,0,0,0.308367146866044,0,0,0.452464634476259,5.50154022672733e-24,0,0,0,0,0,0,0.675103217033051
1,1,0,0,1,1,0,0,0,0,0,0,0,0.340810413884507,0.188560170317196,0,0,0.479143011565845,3.93677622472953e-76,0,0,0,0,0,0,1.0337217763114
0,0,1,0,1,1,0,0,0,0,0,0,0,0,0,0.569735395640217,0,1.38247655480561e-11,0.297225572967423,0,0,0,0,0,0,0.642898790621902
1,0,1,0,1,1,0,0,0,0,0,0,0,0.348158651409299,0,0.495168440220465,0,0.0191098609634054,0.153649869074911,0,0,0,0,0,0,1.07767955188528
0,1,1,0,1,1,0,0,0,0,0,0,0,0,3.50184772679622e-32,0.569735395639721,0,1.48930124650237e-11,0.297225572966491,0,0,0,0,0,0,0.642898790651366
1,1,1,0,1,1,0,0,0,0,0,0,0,0.348155005486305,2.54535104226621e-25,0.495161295905447,0,0.0191266786397768,0.153637534153134,0,0,0,0,0,0,1.07772017182867
0,0,0,1,1,1,0,0,0,0,0,0,0,0,0,0,0.441415898971841,0.312701987842657,0.0495535280850555,0,0,0,0,0,0,0.868181332590572
1,0,0,1,1,1,0,0,0,0,0,0,0,0.318037733340555,0,0,0.364376436020598,0.327136202488416,8.91369844146037e-31,0,0,0,0,0,0,1.0968574957277
0,1,0,1,1,1,0,0,0,0,0,0,0,0,1.18805119570787e-51,0,0.441415898971841,0.312701987842657,0.0495535280850555,0,0,0,0,0,0,0.868181332590572
1,1,0,1,1,1,0,0,0,0,0,0,0,0.318037733340555,4.84544442025617e-48,0,0.364376436020598,0.327136202488416,1.32191982235407e-30,0,0,0,0,0,0,1.0968574957277
0,0,1,1,1,1,0,0,0,0,0,0,0,0,0,0.176754467422934,0.363873961615331,0.140213789560345,0.186170840150227,0,0,0,0,0,0,1.31356765840206
1,0,1,1,1,1,0,0,0,0,0,0,0,0.311640641787703,0,0.0439897976188149,0.356668821136299,0.284444219662129,1.05574025455725e-14,0,0,0,0,0,0,1.2268176957177
0,1,1,1,1,1,0,0,0,0,0,0,0,0,1.7493799360769e-58,0.176754468863514,0.363873961248757,0.140213787359966,0.186170842085018,0,0,0,0,0,0,1.31356765826178
1,1,1,1,1,1,0,0,0,0,0,0,0,0.311639715439369,3.10081665435599e-50,0.0439957807542195,0.356667964840835,0.284438128318849,1.17548741549074e-14,0,0,0,0,0,0,1.22682912751959
0,0,0,0,0,0,1,0,0,0,0,0,0,0,0,0,0,0,0,0.345527057690986,0,0,0,0,0,0
1,0,0,0,0,0,1,0,0,0,0,0,0,0.269028295678878,0,0,0,0,0,0.281188172153535,0,0,0,0,0,0.692902951959963
0,1,0,0,0,0,1,0,0,0,0,0,0,0,0.55455272940841,0,0,0,0,0.152236279627916,0,0,0,0,0,0.521012821716579
1,1,0,0,0,0,1,0,0,0,0,0,0,0.269028295678878,0.505914116023143,0,0,0,0,0.104850507701819,0,0,0,0,0,0.934002322099141
0,0,1,0,0,0,1,0,0,0,0,0,0,0,0,0.436699772348906,0,0,0,0.319582713105312,0,0,0,0,0,0.681108153244336
1,0,1,0,0,0,1,0,0,0,0,0,0,0.269028295678878,0,0.39934624292425,0,0,0,0.25746300170132,0,0,0,0,0,1.07771883105994
0,1,1,0,0,0,1,0,0,0,0,0,0,0,4.77754514453916e-14,0.436699772348883,0,0,0,0.319582713105295,0,0,0,0,0,0.681108153246277
1,1,1,0,0,0,1,0,0,0,0,0,0,0.269028295678878,2.61565838071902e-13,0.399346242924122,0,0,0,0.257463001701231,0,0,0,0,0,1.07771883106809
0,0,0,1,0,0,1,0,0,0,0,0,0,0,0,0,0.599505650674255,0,0,0.372569325919157,0,0,0,0,0,0.665643333264532
1,0,0,1,0,0,1,0,0,0,0,0,0,0.269028295678878,0,0,0.541478805374551,0,0,0.305612987963595,0,0,0,0,0,1.04853265862421
0,1,0,1,0,0,1,0,0,0,0,0,0,0,3.1378530173729e-107,0,0.599505650674255,0,0,0.372569325919157,0,0,0,0,0,0.665643333264532
1,1,0,1,0,0,1,0,0,0,0,0,0,0.269028295678878,7.71740060860526e-96,0,0.541478805374551,0,0,0.305612987963595,0,0,0,0,0,1.04853265862421
0,0,1,1,0,0,1,0,0,0,0,0,0,0,0,3.60711349097736e-56,0.599505650674255,0,0,0.372569325919157,0,0,0,0,0,0.665643333264532
1,0,1,1,0,0,1,0,0,0,0,0,0,0.269028295678878,0,4.92817354371885e-49,0.541478805374551,0,0,0.305612987963595,0,0,0,0,0,1.04853265862421
0,1,1,1,0,0,1,0,0,0,0,0,0,0,1.81389518648536e-108,4.51433869221151e-56,0.599505650674255,0,0,0.372569325919157,0,0,0,0,0,0.665643333264532
1,1,1,1,0,0,1,0,0,0,0,0,0,0.269028295678878,8.1015493873861e-97,6.18484493243603e-49,0.541478805374551,0,0,0.305612987963595,0,0,0,0,0,1.04853265862421
0,0,0,0,1,0,1,0,0,0,0,0,0,0,0,0,0,0.712265629350723,0,0.322606043145421,0,0,0,0,0,0.620482088770634
1,0,0,0,1,0,1,0,0,0,0,0,0,0.364280835389009,0,0,0,0.635807216015364,0,0.237947705248012,0,0,0,0,0,1.01916992762669
0,1,0,0,1,0,1,0,0,0,0,0,0,0,8.74757602153047e-31,0,0,0.712265629350721,0,0.322606043145421,0,0,0,0,0,0.620482088770635
1,1,0,0,1,0,1,0,0,0,0,0,0,0.364280835389008,2.99136190337168e-29,0,0,0.635807216015361,0,0.237947705248012,0,0,0,0,0,1.01916992762669
0,0,1,0,1,0,1,0,0,0,0,0,0,0,0,1.01885240778193e-28,0,0.712265629350721,0,0.322606043145421,0,0,0,0,0,0.620482088770635
1,0,1,0,1,0,1,0,0,0,0,0,0,0.364280835389008,0,2.95714023859958e-27,0,0.635807216015362,0,0.237947705248012,0,0,0,0,0,1.01916992762669
0,1,1,0,1,0,1,0,0,0,0,0,0,0,5.13337292551893e-31,1.36215184848612e-28,0,0.712265629350721,0,0.322606043145421,0,0,0,0,0,0.620482088770635
1,1,1,0,1,0,1,0,0,0,0,0,0,0.364280835389008,1.83699062110167e-29,3.90316377556438e-27,0,0.635807216015362,0,0.237947705248012,0,0,0,0,0,1.01916992762669
0,0,0,1,1,0,1,0,0,0,0,0,0,0,0,0,0.293678802008277,0.468757436571411,0,0.343689391033626,0,0,0,0,0,1.07911121943512
1,0,0,1,1,0,1,0,0,0,0,0,0,0.335851588538067,0,0,0.236058144339674,0.446043033887334,0,0.261501353083419,0,0,0,0,0,1.35479596427659
0,1,0,1,1,0,1,0,0,0,0,0,0,0,8.42807718475738e-94,0,0.293678802008277,0.468757436571411,0,0.343689391033626,0,0,0,0,0,1.07911121943512
1,1,0,1,1,0,1,0,0,0,0,0,0,0.335851588538067,4.53015854757669e-80,0,0.236058144339674,0.446043033887334,0,0.261501353083419,0,0,0,0,0,1.35479596427659
0,0,1,1,1,0,1,0,0,0,0,0,0,0,0,9.58884461539812e-71,0.293678802008277,0.468757436571411,0,0.343689391033626,0,0,0,0,0,1.07911121943512
1,0,1,1,1,0,1,0,0,0,0,0,0,0.335851588538067,0,3.43563873014161e-61,0.236058144339674,0.446043033887334,0,0.261501353083419,0,0,0,0,0,1.35479596427659
0,1,1,1,1,0,1,0,0,0,0,0,0,0,7.49765424229589e-94,1.21386126140546e-70,0.293678802008277,0.468757436571411,0,0.343689391033626,0,0,0,0,0,1.07911121943512
1,1,1,1,1,0,1,0,0,0,0,0,0,0.335851588538067,3.97069964909819e-80,4.3191284001784e-61,0.236058144339674,0.446043033887334,0,0.261501353083419,0,0,0,0,0,1.35479596427659
0,0,0,0,0,1,1,0,0,0,0,0,0,0,0,0,0,0,0.185100435175948,0.385212346618897,0,0,0,0,0,0.630258635054926
1,0,0,0,0,1,1,0,0,0,0,0,0,0.316635212877443,0,0,0,0,0.0959080581123554,0.290365402929697,0,0,0,0,0,0.996218496394466
0,1,0,0,0,1,1,0,0,0,0,0,0,0,0.406871875366824,0,0,0,0.223954666324565,0.251726405374789,0,0,0,0,0,1.06278020644889
1,1,0,0,0,1,1,0,0,0,0,0,0,0.33362050657427,0.408427959036164,0,0,0,0.130126332068979,0.15128106010943,0,0,0,0,0,1.27680699898152
0,0,1,0,0,1,1,0,0,0,0,0,0,0,0,0.346922611314121,0,0,0.190747265090754,0.365812338333052,0,0,0,0,0,1.06197250315764
1,0,1,0,0,1,1,0,0,0,0,0,0,0.319080277746698,0,0.344938235859653,0,0,0.100833842795931,0.270343951045312,0,0,0,0,0,1.30643250519031
0,1,1,0,0,1,1,0,0,0,0,0,0,0,1.98529051066485e-14,0.346922611314111,0,0,0.190747265090756,0.365812338333045,0,0,0,0,0,1.06197250315833
1,1,1,0,0,1,1,0,0,0,0,0,0,0.31908027774671,2.30887714057271e-13,0.344938235859526,0,0,0.100833842795956,0.270343951045235,0,0,0,0,0,1.30643250519678
0,0,0,1,0,1,1,0,0,0,0,0,0,0,0,0,0.540422489940794,0,0.178421678657303,0.408157597982166,0,0,0,0,0,1.01206835735761
1,0,0,1,0,1,1,0,0,0,0,0,0,0.313934362757649,0,0,0.501835452974002,0,0.0904669729616067,0.312481356334604,0,0,0,0,0,1.25676088326329
0,1,0,1,0,1,1,0,0,0,0,0,0,0,1.26479468517343e-113,0,0.540422489940794,0,0.178421678657303,0.408157597982166,0,0,0,0,0,1.01206835735761
1,1,0,1,0,1,1,0,0,0,0,0,0,0.313934362757649,1.71665575013994e-97,0,0.501835452974002,0,0.0904669729616067,0.312481356334604,0,0,0,0,0,1.25676088326329
0,0,1,1,0,1,1,0,0,0,0,0,0,0,0,2.69607132460473e-66,0.540422489940794,0,0.178421678657303,0.408157597982166,0,0,0,0,0,1.01206835735761
1,0,1,1,0,1,1,0,0,0,0,0,0,0.313934362757649,0,5.28169316382819e-53,0.501835452974002,0,0.0904669729616067,0.312481356334604,0,0,0,0,0,1.25676088326329
0,1,1,1,0,1,1,0,0,0,0,0,0,0,1.24477781886938e-113,3.22317253215642e-66,0.540422489940794,0,0.178421678657303,0.408157597982166,0,0,0,0,0,1.01206835735761
1,1,1,1,0,1,1,0,0,0,0,0,0,0.313934362757649,1.6896016226214e-97,6.38884328442995e-53,0.501835452974002,0,0.0904669729616067,0.312481356334604,0,0,0,0,0,1.25676088326329
0,0,0,0,1,1,1,0,0,0,0,0,0,0,0,0,0,0.712265629350721,1.73489563184967e-129,0.322606043145422,0,0,0,0,0,0.620482088770635
1,0,0,0,1,1,1,0,0,0,0,0,0,0.36428083538901,0,0,0,0.635807216015361,9.84265020016555e-147,0.237947705248011,0,0,0,0,0,1.01916992762669
0,1,0,0,1,1,1,0,0,0,0,0,0,0,6.5321453229201e-31,0,0,0.712265629350721,1.9056241604306e-130,0.322606043145421,0,0,0,0,0,0.620482088770635
1,1,0,0,1,1,1,0,0,0,0,0,0,0.364280835389008,2.42183294436455e-29,0,0,0.635807216015361,3.33880686270846e-148,0.237947705248012,0,0,0,0,0,1.01916992762669
0,0,1,0,1,1,1,0,0,0,0,0,0,0,0,7.43991403197538e-29,0,0.712265629350721,2.38399072935261e-130,0.322606043145421,0,0,0,0,0,0.620482088770635
1,0,1,0,1,1,1,0,0,0,0,0,0,0.364280835389008,0,2.35705258639205e-27,0,0.635807216015362,4.03440139751734e-148,0.237947705248012,0,0,0,0,0,1.01916992762669
0,1,1,0,1,1,1,0,0,0,0,0,0,0,4.00443408282364e-31,8.83119048291301e-29,0,0.712265629350721,8.10604027929949e-130,0.322606043145421,0,0,0,0,0,0.620482088770635
1,1,1,0,1,1,1,0,0,0,0,0,0,0.364280835389008,1.55895891330631e-29,2.87642793674565e-27,0,0.635807216015362,1.58308084424174e-147,0.237947705248012,0,0,0,0,0,1.01916992762669
0,0,0,1,1,1,1,0,0,0,0,0,0,0,0,0,0.293678802008271,0.468757436571418,2.49185618727732e-64,0.343689391033624,0,0,0,0,0,1.07911121943511
1,0,0,1,1,1,1,0,0,0,0,0,0,0.335851588538067,0,0,0.236058144339674,0.446043033887334,9.20088179363331e-94,0.261501353083419,0,0,0,0,0,1.35479596427659
0,1,0,1,1,1,1,0,0,0,0,0,0,0,7.40171921758632e-94,0,0.293678802008271,0.468757436571418,3.42105633349933e-64,0.343689391033624,0,0,0,0,0,1.07911121943511
1,1,0,1,1,1,1,0,0,0,0,0,0,0.335851588538067,4.44955938908094e-80,0,0.236058144339674,0.446043033887334,1.42142355138656e-93,0.261501353083419,0,0,0,0,0,1.35479596427659
0,0,1,1,1,1,1,0,0,0,0,0,0,0,0,7.26649140604809e-71,0.293678802008277,0.468757436571411,4.25755356520387e-64,0.343689391033626,0,0,0,0,0,1.07911121943512
1,0,1,1,1,1,1,0,0,0,0,0,0,0.335851588538067,0,3.0015281351487e-61,0.236058144339674,0.446043033887334,1.82961139748166e-93,0.261501353083419,0,0,0,0,0,1.35479596427659
0,1,1,1,1,1,1,0,0,0,0,0,0,0,6.59386140990351e-94,8.63511988362246e-71,0.293678802008277,0.468757436571411,5.39305394419895e-64,0.343689391033626,0,0,0,0,0,1.07911121943512
1,1,1,1,1,1,1,0,0,0,0,0,0,0.335851588538067,3.97352723839401e-80,3.6269840743691e-61,0.236058144339674,0.446043033887334,2.58884885493319e-93,0.261501353083419,0,0,0,0,0,1.35479596427659
0,0,0,0,0,0,0,1,0,0,0,0,0,0,0,0,0,0,0,0,0.185161547666534,0,0,0,0,0
1,0,0,0,0,0,0,1,0,0,0,0,0,0.269028295678878,0,0,0,0,0,0,3.12010774411973e-07,0,0,0,0,1.70106537903755e-05
0,1,0,0,0,0,0,1,0,0,0,0,0,0,0.599740071035871,0,0,0,0,0,0.185161547666534,0,0,0,0,0.546312555862807
1,1,0,0,0,0,0,1,0,0,0,0,0,0.269028295678878,0.572276012733558,0,0,0,0,0,3.12010778341956e-07,0,0,0,0,0.626705561401085
0,0,1,0,0,0,0,1,0,0,0,0,0,0,0,0.618601749885805,0,0,0,0,0.185161547666534,0,0,0,0,0.539720924479722
1,0,1,0,0,0,0,1,0,0,0,0,0,0.269028295678878,0,0.578778036442126,0,0,0,0,3.12010773669731e-07,0,0,0,0,0.62484057130317
0,1,1,0,0,0,0,1,0,0,0,0,0,0,2.93136249154642e-30,0.618601749885805,0,0,0,0,0.185161547666534,0,0,0,0,0.539720924479722
1,1,1,0,0,0,0,1,0,0,0,0,0,0.269028295678878,6.67104804468501e-25,0.578778036442145,0,0,0,0,3.12010691836702e-07,0,0,0,0,0.624840571301795
0,0,0,1,0,0,0,1,0,0,0,0,0,0,0,0,0.626369853641969,0,0,0,0.185161547666534,0,0,0,0,0.537047291658973
1,0,0,1,0,0,0,1,0,0,0,0,0,0.269028295678878,0,0,0.593930039350698,0,0,0,3.12010773829682e-07,0,0,0,0,0.620500171625391
0,1,0,1,0,0,0,1,0,0,0,0,0,0,2.19700508999582e-60,0,0.626369853641969,0,0,0,0.185161547666534,0,0,0,0,0.537047291658973
1,1,0,1,0,0,0,1,0,0,0,0,0,0.269028295678878,3.4655323892589e-56,0,0.59393003935071,0,0,0,3.12010713442325e-07,0,0,0,0,0.620500171624393
0,0,1,1,0,0,0,1,0,0,0,0,0,0,0,0.240236933270376,0.4206785766097,0,0,0,0.185161547666534,0,0,0,0,1.03741289394046
1,0,1,1,0,0,0,1,0,0,0,0,0,0.269028295678878,0,0.193929972398824,0.427886863393002,0,0,0,3.1201073648725e-07,0,0,0,0,1.04572732777667
0,1,1,1,0,0,0,1,0,0,0,0,0,0,8.70739254799472e-64,0.240236933270376,0.4206785766097,0,0,0,0.185161547666534,0,0,0,0,1.03741289394046
1,1,1,1,0,0,0,1,0,0,0,0,0,0.269028295678878,6.08203713752835e-59,0.193929972398834,0.427886863393,0,0,0,3.12010701759229e-07,0,0,0,0,1.04572732777614
0,0,0,0,1,0,0,1,0,0,0,0,0,0,0,0,0,0.688194252964562,0,0,0.126855819972209,0,0,0,0,0.432371717089079
1,0,0,0,1,0,0,1,0,0,0,0,0,0.362233577550042,0,0,0,0.622141844876495,0,0,2.18967970356268e-71,0,0,0,0,0.657873552283873
0,1,0,0,1,0,0,1,0,0,0,0,0,0,0.222995812829706,0,0,0.513527589377652,0,0,0.141654064625524,0,0,0,0,0.956107792524678
1,1,0,0,1,0,0,1,0,0,0,0,0,0.340810413884507,0.188560170317196,0,0,0.479143011565845,0,0,2.27781047277568e-56,0,0,0,0,1.0337217763114
0,0,1,0,1,0,0,1,0,0,0,0,0,0,0,0.61860171843521,0,4.4537109291631e-08,0,0,0.185161543638414,0,0,0,0,0.539721882034452
1,0,1,0,1,0,0,1,0,0,0,0,0,0.269028305652395,0,0.578778052032455,0,6.26090267165868e-08,0,0,2.62409426586299e-08,0,0,0,0,0.624836769814136
0,1,1,0,1,0,0,1,0,0,0,0,0,0,4.70862927420153e-30,0.618601716793863,0,4.68614174847365e-08,0,0,0.185161543428194,0,0,0,0,0.539721929041476
1,1,1,0,1,0,0,1,0,0,0,0,0,0.26902830625643,1.22878244228653e-24,0.578778049197735,0,6.64008696357941e-08,0,0,2.57447493337089e-08,0,0,0,0,0.624836831757184
0,0,0,1,1,0,0,1,0,0,0,0,0,0,0,0,0.395347314264763,0.357604326804912,0,0,0.154864316308989,0,0,0,0,1.03068123540543
1,0,0,1,1,0,0,1,0,0,0,0,0,0.318037733340556,0,0,0.364376436020597,0.327136202488417,0,0,7.91732639759576e-41,0,0,0,0,1.0968574957277
0,1,0,1,1,0,0,1,0,0,0,0,0,0,8.69507047718273e-52,0,0.395347314264763,0.357604326804912,0,0,0.154864316308989,0,0,0,0,1.03068123540543
1,1,0,1,1,0,0,1,0,0,0,0,0,0.318037733340556,4.7099493606368e-48,0,0.364376436020597,0.327136202488417,0,0,9.44394599707503e-41,0,0,0,0,1.0968574957277
0,0,1,1,1,0,0,1,0,0,0,0,0,0,0,0.129689806772338,0.363142859412083,0.235572249739324,0,0,0.165203214417739,0,0,0,0,1.3096025083917
1,0,1,1,1,0,0,1,0,0,0,0,0,0.311630451407808,0,0.0440556090055411,0.356659406104614,0.284377212665977,0,0,7.8855542435034e-35,0,0,0,0,1.22694338901817
0,1,1,1,1,0,0,1,0,0,0,0,0,0,9.79683193775318e-57,0.129689830342417,0.3631428561799,0.235572223268718,0,0,0.165203216801529,0,0,0,0,1.30960252654771
1,1,1,1,1,0,0,1,0,0,0,0,0,0.311628680798202,2.468119256329e-50,0.0440670424442093,0.356657771274432,0.284365570306523,0,0,9.31848538529346e-35,0,0,0,0,1.2269652144227
0,0,0,0,0,1,0,1,0,0,0,0,0,0,0,0,0,0,0.306606495780453,0,0.185161547666534,0,0,0,0,0.66233583754463
1,0,0,0,0,1,0,1,0,0,0,0,0,0.352095290900259,0,0,0,0,0.167345307651027,0,4.67040994347673e-39,0,0,0,0,0.628490225420089
0,1,0,0,0,1,0,1,0,0,0,0,0,0,0.483765192675532,0,0,0,0.306606495780453,0,0.185161547666534,0,0,0,0,1.02699820741508
1,1,0,0,0,1,0,1,0,0,0,0,0,0.352095290900259,0.484698872731937,0,0,0,0.167345307651027,0,4.67040343836182e-39,0,0,0,0,1.01766605699238
0,0,1,0,0,1,0,1,0,0,0,0,0,0,0,0.526082132321525,0,0,0.306606495780453,0,0.185161547666534,0,0,0,0,1.01258229323584
1,0,1,0,0,1,0,1,0,0,0,0,0,0.352095290900259,0,0.503380196051602,0,0,0.167345307651027,0,4.67040934016405e-39,0,0,0,0,1.01220330910497
0,1,1,0,0,1,0,1,0,0,0,0,0,0,2.61043527015623e-34,0.526082132321525,0,0,0.306606495780453,0,0.185161547666534,0,0,0,0,1.01258229323584
1,1,1,0,0,1,0,1,0,0,0,0,0,0.352095290900259,5.50457114043961e-26,0.503380196051602,0,0,0.167345307651027,0,4.67060029646985e-39,0,0,0,0,1.01220330910497
0,0,0,1,0,1,0,1,0,0,0,0,0,0,0,0,0.535335167139231,0,0.306606495780453,0,0.185161547666534,0,0,0,0,1.00936790174468
1,0,0,1,0,1,0,1,0,0,0,0,0,0.352095290900259,0,0,0.522778575534089,0,0.167345307651027,0,4.67040976458388e-39,0,0,0,0,1.00638071302211
0,1,0,1,0,1,0,1,0,0,0,0,0,0,5.2985922771669e-61,0,0.535335167139231,0,0.306606495780453,0,0.185161547666534,0,0,0,0,1.00936790174468
1,1,0,1,0,1,0,1,0,0,0,0,0,0.352095290900259,1.11963253564639e-55,0,0.522778575534089,0,0.167345307651027,0,4.67039519815251e-39,0,0,0,0,1.00638071302211
0,0,1,1,0,1,0,1,0,0,0,0,0,0,0,0.193952736594441,0.369272499210002,0,0.306606495780453,0,0.185161547666534,0,0,0,0,1.34333753905251
1,0,1,1,0,1,0,1,0,0,0,0,0,0.352095290900259,0,0.144333752556803,0.399199767404005,0,0.167345307651027,0,4.67105025283355e-39,0,0,0,0,1.29596175194905
0,1,1,1,0,1,0,1,0,0,0,0,0,0,8.81589192599919e-64,0.193952736594449,0.369272499209994,0,0.306606495780453,0,0.185161547666534,0,0,0,0,1.34333753905252
1,1,1,1,0,1,0,1,0,0,0,0,0,0.352095290900259,9.24505093614119e-58,0.14433375255738,0.399199767403477,0,0.167345307651027,0,4.67105517409079e-39,0,0,0,0,1.29596175194958
0,0,0,0,1,1,0,1,0,0,0,0,0,0,0,0,0,0.688194252964562,2.59387056054097e-88,0,0.126855819972209,0,0,0,0,0.432371717089079
1,0,0,0,1,1,0,1,0,0,0,0,0,0.362233577550042,0,0,0,0.622141844876495,6.12003237157374e-120,0,1.59009205113626e-71,0,0,0,0,0.657873552283873
0,1,0,0,1,1,0,1,0,0,0,0,0,0,0.222995812829697,0,0,0.513527589377662,1.68993797484031e-38,0,0.141654064625522,0,0,0,0,0.956107792524667
1,1,0,0,1,1,0,1,0,0,0,0,0,0.340810413884507,0.188560170317196,0,0,0.479143011565845,2.91262176759903e-76,0,1.28115139909528e-56,0,0,0,0,1.0337217763114
0,0,1,0,1,1,0,1,0,0,0,0,0,0,0,0.516851512928273,0,0.0205750178516604,0.290215316428219,0,0.183417637711031,0,0,0,0,1.09020101153093
1,0,1,0,1,1,0,1,0,0,0,0,0,0.34815797855103,0,0.495167121663651,0,0.0191129648064446,0.153647592604487,0,1.12021483535764e-37,0,0,0,0,1.07768704981345
0,1,1,0,1,1,0,1,0,0,0,0,0,0,1.94573622369916e-33,0.51684676432144,0,0.0205856158065939,0.290206737993923,0,0.183416724448239,0,0,0,0,1.09023047714253
1,1,1,0,1,1,0,1,0,0,0,0,0,0.34815437917589,2.64403554654996e-25,0.495160068717994,0,0.0191295674749064,0.15363541528039,0,1.10265637018662e-37,0,0,0,0,1.0777271476939
0,0,0,1,1,1,0,1,0,0,0,0,0,0,0,0,0.389003773456191,0.357263667474968,0.0221063805532874,0,0.154893177913154,0,0,0,0,1.12041716007783
1,0,0,1,1,1,0,1,0,0,0,0,0,0.318037733340555,0,0,0.364376436020598,0.327136202488416,7.48749418494025e-31,0,4.39522967611992e-41,0,0,0,0,1.0968574957277
0,1,0,1,1,1,0,1,0,0,0,0,0,0,7.67715835625894e-52,0,0.389003773444656,0.35726366747569,0.0221063805884616,0,0.154893177913087,0,0,0,0,1.12041716018034
1,1,0,1,1,1,0,1,0,0,0,0,0,0.318037733340555,4.8972105841529e-48,0,0.364376436020598,0.327136202488416,1.09095275135771e-30,0,4.68657498239714e-41,0,0,0,0,1.0968574957277
0,0,1,1,1,1,0,1,0,0,0,0,0,0,0,0.103744674113229,0.340657805683244,0.258431946671789,0.100809182405427,0,0.16326647740723,0,0,0,0,1.49577111539289
1,0,1,1,1,1,0,1,0,0,0,0,0,0.311641528065586,0,0.0439840731789988,0.356669640471928,0.284450047539675,8.8180724398895e-15,0,1.00646734058267e-35,0,0,0,0,1.22680675733639
0,1,1,1,1,1,0,1,0,0,0,0,0,0,4.62965497558437e-56,0.103744688745145,0.340657798742027,0.258431930708943,0.10080919730807,0,0.16326647884584,0,0,0,0,1.49577114490911
1,1,1,1,1,1,0,1,0,0,0,0,0,0.311640635674973,3.26925828211692e-50,0.0439898371003535,0.356668815485547,0.28444417946687,9.85326440894163e-15,0,9.92171907027551e-36,0,0,0,0,1.22681777115691
0,0,0,0,0,0,1,1,0,0,0,0,0,0,0,0,0,0,0,0.345527057690985,3.46974981607296e-219,0,0,0,0,5.04062818795892e-216
1,0,0,0,0,0,1,1,0,0,0,0,0,0.269028295678878,0,0,0,0,0,0.281188172153535,2.6375960610274e-262,0,0,0,0,0.692902951959963
0,1,0,0,0,0,1,1,0,0,0,0,0,0,0.55455272940841,0,0,0,0,0.152236279627915,3.0283638459007e-44,0,0,0,0,0.521012821716578
1,1,0,0,0,0,1,1,0,0,0,0,0,0.269028295678878,0.505914116023143,0,0,0,0,0.104850507701819,2.13903983175329e-105,0,0,0,0,0.934002322099141
0,0,1,0,0,0,1,1,0,0,0,0,0,0,0,0.436699772348906,0,0,0,0.319582713105312,4.35067473898926e-196,0,0,0,0,0.681108153244336
1,0,1,0,0,0,1,1,0,0,0,0,0,0.269028295678878,0,0.39934624292425,0,0,0,0.25746300170132,2.6683856601853e-241,0,0,0,0,1.07771883105994
0,1,1,0,0,0,1,1,0,0,0,0,0,0,4.76083822764485e-14,0.436699772348883,0,0,0,0.319582713105295,2.85614354034764e-198,0,0,0,0,0.68110815324627
1,1,1,0,0,0,1,1,0,0,0,0,0,0.269028295678878,2.61073607218079e-13,0.399346242924122,0,0,0,0.257463001701231,1.54911460071292e-245,0,0,0,0,1.07771883106808
0,0,0,1,0,0,1,1,0,0,0,0,0,0,0,0,0.599505650674256,0,0,0.372569325919157,3.26390581158199e-243,0,0,0,0,0.665643333264532
1,0,0,1,0,0,1,1,0,0,0,0,0,0.269028295678878,0,0,0.541478805374551,0,0,0.305612987963595,7.75395083777012e-284,0,0,0,0,1.04853265862421
0,1,0,1,0,0,1,1,0,0,0,0,0,0,3.16568710725967e-107,0,0.599505650674255,0,0,0.372569325919157,7.84946160926528e-243,0,0,0,0,0.665643333264532
1,1,0,1,0,0,1,1,0,0,0,0,0,0.269028295678878,7.76333836319545e-96,0,0.541478805374551,0,0,0.305612987963595,2.76818586112243e-283,0,0,0,0,1.04853265862421
0,0,1,1,0,0,1,1,0,0,0,0,0,0,0,3.65911144505402e-56,0.599505650674255,0,0,0.372569325919157,1.04661529450632e-249,0,0,0,0,0.665643333264532
1,0,1,1,0,0,1,1,0,0,0,0,0,0.269028295678878,0,4.97844510475355e-49,0.541478805374551,0,0,0.305612987963595,1.70841359592003e-292,0,0,0,0,1.04853265862421
0,1,1,1,0,0,1,1,0,0,0,0,0,0,1.83159781695036e-108,4.56870777977151e-56,0.599505650674255,0,0,0.372569325919157,3.2569937979382e-249,0,0,0,0,0.665643333264532
1,1,1,1,0,0,1,1,0,0,0,0,0,0.269028295678878,8.15346958691312e-97,6.23295619144328e-49,0.541478805374551,0,0,0.305612987963595,5.7642290979412e-292,0,0,0,0,1.04853265862421
0,0,0,0,1,0,1,1,0,0,0,0,0,0,0,0,0,0.712265629350723,0,0.322606043145421,4.52299011349924e-230,0,0,0,0,0.620482088770634
1,0,0,0,1,0,1,1,0,0,0,0,0,0.364280835389009,0,0,0,0.635807216015364,0,0.237947705248012,8.5208481433432e-287,0,0,0,0,1.01916992762669
0,1,0,0,1,0,1,1,0,0,0,0,0,0,8.28130774442608e-31,0,0,0.712265629350721,0,0.322606043145421,1.41543980182467e-234,0,0,0,0,0.620482088770635
1,1,0,0,1,0,1,1,0,0,0,0,0,0.364280835389008,2.88822662411826e-29,0,0,0.635807216015361,0,0.237947705248012,1.55996886526178e-294,0,0,0,0,1.01916992762669
0,0,1,0,1,0,1,1,0,0,0,0,0,0,0,9.81924449174919e-29,0,0.712265629350721,0,0.322606043145421,9.51650248319472e-236,0,0,0,0,0.620482088770635
1,0,1,0,1,0,1,1,0,0,0,0,0,0.364280835389008,0,2.88143486837534e-27,0,0.635807216015362,0,0.237947705248012,1.22495085672949e-295,0,0,0,0,1.01916992762669
0,1,1,0,1,0,1,1,0,0,0,0,0,0,4.94453850800413e-31,1.28891709390429e-28,0,0.712265629350721,0,0.322606043145421,9.59469279271345e-235,0,0,0,0,0.620482088770635
1,1,1,0,1,0,1,1,0,0,0,0,0,0.364280835389008,1.79273550003657e-29,3.76364698921311e-27,0,0.635807216015362,0,0.237947705248012,1.36263529022734e-294,0,0,0,0,1.01916992762669
0,0,0,1,1,0,1,1,0,0,0,0,0,0,0,0,0.293678802008277,0.468757436571411,0,0.343689391033626,1.45111927488904e-244,0,0,0,0,1.07911121943512
1,0,0,1,1,0,1,1,0,0,0,0,0,0.335851588538067,0,0,0.236058144339674,0.446043033887334,0,0.261501353083419,3.35141133779952e-298,0,0,0,0,1.35479596427659
0,1,0,1,1,0,1,1,0,0,0,0,0,0,8.60681523487621e-94,0,0.293678802008277,0.468757436571411,0,0.343689391033626,4.21315669252838e-244,0,0,0,0,1.07911121943512
1,1,0,1,1,0,1,1,0,0,0,0,0,0.335851588538067,4.60180382663565e-80,0,0.236058144339674,0.446043033887334,0,0.261501353083419,1.06759301337509e-297,0,0,0,0,1.35479596427659
0,0,1,1,1,0,1,1,0,0,0,0,0,0,0,9.63422514729263e-71,0.293678802008277,0.468757436571411,0,0.343689391033626,1.90646838458063e-244,0,0,0,0,1.07911121943512
1,0,1,1,1,0,1,1,0,0,0,0,0,0.335851588538067,0,3.45171893727655e-61,0.236058144339674,0.446043033887334,0,0.261501353083419,4.77610693181693e-298,0,0,0,0,1.35479596427659
0,1,1,1,1,0,1,1,0,0,0,0,0,0,7.68204809248427e-94,1.2124484667419e-70,0.293678802008277,0.468757436571411,0,0.343689391033626,4.70649663853484e-244,0,0,0,0,1.07911121943512
1,1,1,1,1,0,1,1,0,0,0,0,0,0.335851588538067,4.04449353133104e-80,4.32038767467953e-61,0.236058144339674,0.446043033887334,0,0.261501353083419,1.28473242220991e-297,0,0,0,0,1.35479596427659
0,0,0,0,0,1,1,1,0,0,0,0,0,0,0,0,0,0,0.185100435175948,0.385212346618897,4.30523567123649e-262,0,0,0,0,0.630258635054926
1,0,0,0,0,1,1,1,0,0,0,0,0,0.316635212877443,0,0,0,0,0.0959080581123554,0.290365402929697,1.43740782690767e-297,0,0,0,0,0.996218496394466
0,1,0,0,0,1,1,1,0,0,0,0,0,0,0.406871875366824,0,0,0,0.223954666324565,0.251726405374789,2.48450342822241e-137,0,0,0,0,1.06278020644889
1,1,0,0,0,1,1,1,0,0,0,0,0,0.33362050657427,0.408427959036164,0,0,0,0.130126332068979,0.15128106010943,2.25896472658117e-174,0,0,0,0,1.27680699898152
0,0,1,0,0,1,1,1,0,0,0,0,0,0,0,0.346922611314121,0,0,0.190747265090754,0.365812338333052,6.13038334996814e-244,0,0,0,0,1.06197250315764
1,0,1,0,0,1,1,1,0,0,0,0,0,0.319080277746698,0,0.344938235859653,0,0,0.100833842795931,0.270343951045312,8.34047934180334e-280,0,0,0,0,1.30643250519031
0,1,1,0,0,1,1,1,0,0,0,0,0,0,1.98057968008277e-14,0.346922611314111,0,0,0.190747265090756,0.365812338333045,2.86687499876224e-242,0,0,0,0,1.06197250315833
1,1,1,0,0,1,1,1,0,0,0,0,0,0.31908027774671,2.30606164741261e-13,0.344938235859527,0,0,0.100833842795956,0.270343951045235,5.04443331536198e-278,0,0,0,0,1.30643250519677
0,0,0,1,0,1,1,1,0,0,0,0,0,0,0,0,0.540422489940794,0,0.178421678657303,0.408157597982166,1.40264720930511e-283,0,0,0,0,1.01206835735761
1,0,0,1,0,1,1,1,0,0,0,0,0,0.313934362757649,0,0,0.501835452974002,0,0.0904669729616067,0.312481356334604,3.25007942970485e-317,0,0,0,0,1.25676088326329
0,1,0,1,0,1,1,1,0,0,0,0,0,0,1.27106990149614e-113,0,0.540422489940794,0,0.178421678657303,0.408157597982166,4.22607420750108e-283,0,0,0,0,1.01206835735761
1,1,0,1,0,1,1,1,0,0,0,0,0,0.313934362757649,1.72486554989565e-97,0,0.501835452974002,0,0.0904669729616067,0.312481356334604,1.07426491774213e-316,0,0,0,0,1.25676088326329
0,0,1,1,0,1,1,1,0,0,0,0,0,0,0,2.72005566149098e-66,0.540422489940794,0,0.178421678657303,0.408157597982166,2.01453073727127e-283,0,0,0,0,1.01206835735761
1,0,1,1,0,1,1,1,0,0,0,0,0,0.313934362757649,0,5.32165246026684e-53,0.501835452974002,0,0.0904669729616067,0.312481356334604,4.8004791652431e-317,0,0,0,0,1.25676088326329
0,1,1,1,0,1,1,1,0,0,0,0,0,0,1.25154702771258e-113,3.24167527648496e-66,0.540422489940794,0,0.178421678657303,0.408157597982166,4.84172063672832e-283,0,0,0,0,1.01206835735761
1,1,1,1,0,1,1,1,0,0,0,0,0,0.313934362757649,1.69830578499028e-97,6.42036569306626e-53,0.501835452974002,0,0.0904669729616067,0.312481356334604,1.25178586631302e-316,0,0,0,0,1.25676088326329
0,0,0,0,1,1,1,1,0,0,0,0,0,0,0,0,0,0.712265629350721,1.78891353889023e-129,0.322606043145422,1.94249023210695e-230,0,0,0,0,0.620482088770635
1,0,0,0,1,1,1,1,0,0,0,0,0,0.36428083538901,0,0,0,0.635807216015361,1.00783783626276e-146,0.237947705248011,4.25031912900724e-287,0,0,0,0,1.01916992762669
0,1,0,0,1,1,1,1,0,0,0,0,0,0,6.18294488285987e-31,0,0,0.712265629350721,1.77306846926967e-130,0.322606043145421,3.34249567268191e-235,0,0,0,0,0.620482088770635
1,1,0,0,1,1,1,1,0,0,0,0,0,0.364280835389008,2.33704546085669e-29,0,0,0.635807216015361,3.17490762613628e-148,0.237947705248012,3.93222352587328e-295,0,0,0,0,1.01916992762669
0,0,1,0,1,1,1,1,0,0,0,0,0,0,0,7.15053538483965e-29,0,0.712265629350721,2.24561166694171e-130,0.322606043145421,3.80005976855919e-236,0,0,0,0,0.620482088770635
1,0,1,0,1,1,1,1,0,0,0,0,0,0.364280835389008,0,2.29302674740381e-27,0,0.635807216015362,3.86455047527624e-148,0.237947705248012,4.67217219366237e-296,0,0,0,0,1.01916992762669
0,1,1,0,1,1,1,1,0,0,0,0,0,0,3.84963723363562e-31,8.37574498164384e-29,0,0.712265629350721,7.20994435315332e-130,0.322606043145421,2.08473972291192e-235,0,0,0,0,0.620482088770635
1,1,1,0,1,1,1,1,0,0,0,0,0,0.364280835389008,1.51912165104162e-29,2.77520217364123e-27,0,0.635807216015362,1.45227191722e-147,0.237947705248012,3.10503621862252e-295,0,0,0,0,1.01916992762669
0,0,0,1,1,1,1,1,0,0,0,0,0,0,0,0,0.293678802008271,0.468757436571418,2.36677550553073e-64,0.343689391033624,6.78458196655103e-245,0,0,0,0,1.07911121943511
1,0,0,1,1,1,1,1,0,0,0,0,0,0.335851588538069,0,0,0.236058144339668,0.44604303388734,8.83024611218561e-94,0.261501353083417,1.48460513424744e-298,0,0,0,0,1.35479596427659
0,1,0,1,1,1,1,1,0,0,0,0,0,0,7.54048177045847e-94,0,0.293678802008271,0.468757436571418,3.19809038805749e-64,0.343689391033624,1.52535416306703e-244,0,0,0,0,1.07911121943511
1,1,0,1,1,1,1,1,0,0,0,0,0,0.335851588538069,4.51288680988254e-80,0,0.236058144339668,0.44604303388734,1.34610867270965e-93,0.261501353083417,3.71970643184212e-298,0,0,0,0,1.35479596427659
0,0,1,1,1,1,1,1,0,0,0,0,0,0,0,7.29451614415396e-71,0.293678802008271,0.468757436571418,3.98866900218968e-64,0.343689391033624,7.28178744274309e-245,0,0,0,0,1.07911121943511
1,0,1,1,1,1,1,1,0,0,0,0,0,0.335851588538067,0,3.01237432419412e-61,0.236058144339674,0.446043033887334,1.73143950256329e-93,0.261501353083419,1.80254904262072e-298,0,0,0,0,1.35479596427659
0,1,1,1,1,1,1,1,0,0,0,0,0,0,6.73933055961964e-94,8.62940588395962e-71,0.293678802008271,0.468757436571418,4.98876789070975e-64,0.343689391033624,1.43605828655059e-244,0,0,0,0,1.07911121943511
1,1,1,1,1,1,1,1,0,0,0,0,0,0.335851588538067,4.03983316482751e-80,3.62623237079199e-61,0.236058144339674,0.446043033887334,2.42438197727115e-93,0.261501353083419,3.94493752913291e-298,0,0,0,0,1.35479596427659
0,0,0,0,0,0,0,0,1,0,0,0,0,0,0,0,0,0,0,0,0,0.16467360144156,0,0,0,0
1,0,0,0,0,0,0,0,1,0,0,0,0,0.416951067690223,0,0,0,0,0,0,0,0.19479489243204,0,0,0,0.625676170285288
0,1,0,0,0,0,0,0,1,0,0,0,0,0,0.562402955639254,0,0,0,0,0,0,0.569259166138059,0,0,0,0.693128827546306
1,1,0,0,0,0,0,0,1,0,0,0,0,0.640897248548448,0.387453969778068,0,0,0,0,0,0,0.489702644752273,0,0,0,1.07756420868573
0,0,1,0,0,0,0,0,1,0,0,0,0,0,0,0.535934623446375,0,0,0,0,0,0.663317991239176,0,0,0,0.687495290621396
1,0,1,0,0,0,0,0,1,0,0,0,0,0.681564758125195,0,0.353974870123195,0,0,0,0,0,0.543256421806114,0,0,0,1.06496250697098
0,1,1,0,0,0,0,0,1,0,0,0,0,0,1.4680955942111e-17,0.535934623446373,0,0,0,0,0,0.663317991239174,0,0,0,0.687495290621397
1,1,1,0,0,0,0,0,1,0,0,0,0,0.681564758128003,1.33967988920585e-10,0.353974870023176,0,0,0,0,0,0.543256421809688,0,0,0,1.0649625089056
0,0,0,1,0,0,0,0,1,0,0,0,0,0,0,0,0.53575603994673,0,0,0,0,0.90588543457615,0,0,0,0.65981706811642
1,0,0,1,0,0,0,0,1,0,0,0,0,0.810092396239883,0,0,0.353681770766746,0,0,0,0,0.712510466336693,0,0,0,1.04486271452179
0,1,0,1,0,0,0,0,1,0,0,0,0,0,1.59440326922871e-52,0,0.535756039946728,0,0,0,0,0.905885434576147,0,0,0,0.65981706811642
1,1,0,1,0,0,0,0,1,0,0,0,0,0.810092396239882,5.041329958738e-46,0,0.353681770766745,0,0,0,0,0.712510466336692,0,0,0,1.04486271452179
0,0,1,1,0,0,0,0,1,0,0,0,0,0,0,0.0410203517712408,0.501863690874933,0,0,0,0,0.897161936444173,0,0,0,0.763525802817076
1,0,1,1,0,0,0,0,1,0,0,0,0,0.810092396239882,0,4.23460851298085e-15,0.353681770766742,0,0,0,0,0.712510466336691,0,0,0,1.04486271452186
0,1,1,1,0,0,0,0,1,0,0,0,0,0,1.39337150352268e-53,0.0410206943006904,0.501863403785452,0,0,0,0,0.897161857683666,0,0,0,0.763526425545513
1,1,1,1,0,0,0,0,1,0,0,0,0,0.810092396239882,4.43905358672911e-46,4.37355460245663e-15,0.353681770766742,0,0,0,0,0.712510466336691,0,0,0,1.04486271452186
0,0,0,0,1,0,0,0,1,0,0,0,0,0,0,0,0,0.654784114446456,0,0,0,0.513974030419344,0,0,0,0.685872001001721
1,0,0,0,1,0,0,0,1,0,0,0,0,0.719509517379291,0,0,0,0.515327634166497,0,0,0,0.491558381165937,0,0,0,1.08332978985307
0,1,0,0,1,0,0,0,1,0,0,0,0,0,0.17197533205187,0,0,0.516786150073072,0,0,0,0.564074661056393,0,0,0,0.997148178307643
1,1,0,0,1,0,0,0,1,0,0,0,0,0.719509517402289,3.0084898620621e-10,0,0,0.51532763390654,0,0,0,0.491558381246629,0,0,0,1.08332979374073
0,0,1,0,1,0,0,0,1,0,0,0,0,0,0,0.434768328285716,0,0.147087348571578,0,0,0,0.647655887158394,0,0,0,0.959275461190287
1,0,1,0,1,0,0,0,1,0,0,0,0,0.71950954273711,0,6.72996621158339e-07,0,0.515326817184855,0,0,0,0.491558575163178,0,0,0,1.08333546717759
0,1,1,0,1,0,0,0,1,0,0,0,0,0,3.11739145804397e-16,0.434768326618246,0,0.147087350908529,0,0,0,0.647655886850337,0,0,0,0.959275463373722
1,1,1,0,1,0,0,0,1,0,0,0,0,0.719509537467657,1.39299311940677e-10,5.32861934476997e-07,0,0.515326987180502,0,0,0,0.491558534805501,0,0,0,1.0833343589436
0,0,0,1,1,0,0,0,1,0,0,0,0,0,0,0,0.296007405232136,0.388115804125127,0,0,0,0.781240012617164,0,0,0,1.01030952424186
1,0,0,1,1,0,0,0,1,0,0,0,0,0.777977269266948,0,0,0.111768694679855,0.403304702078509,0,0,0,0.590653165531019,0,0,0,1.22646445992118
0,1,0,1,1,0,0,0,1,0,0,0,0,0,1.22586590223399e-44,0,0.296007405232136,0.388115804125127,0,0,0,0.781240012617164,0,0,0,1.01030952424186
1,1,0,1,1,0,0,0,1,0,0,0,0,0.777977269266948,4.40321480765773e-38,0,0.111768694679855,0.403304702078509,0,0,0,0.590653165531019,0,0,0,1.22646445992118
0,0,1,1,1,0,0,0,1,0,0,0,0,0,0,3.19837673574818e-12,0.296007405231805,0.388115804121343,0,0,0,0.78124001261767,0,0,0,1.01030952429936
1,0,1,1,1,0,0,0,1,0,0,0,0,0.777977269266948,0,3.17454261819294e-29,0.111768694679855,0.403304702078509,0,0,0,0.590653165531019,0,0,0,1.22646445992118
0,1,1,1,1,0,0,0,1,0,0,0,0,0,7.51105245349334e-45,3.33368831124129e-12,0.296007405231791,0.388115804121183,0,0,0,0.781240012617691,0,0,0,1.0103095243017
1,1,1,1,1,0,0,0,1,0,0,0,0,0.777977269266948,3.85542061050764e-38,3.33048900503279e-29,0.111768694679855,0.403304702078509,0,0,0,0.590653165531019,0,0,0,1.22646445992118
0,0,0,0,0,1,0,0,1,0,0,0,0,0,0,0,0,0,0.104477795379888,0,0,0.145526327531943,0,0,0,0.679606541684789
1,0,0,0,0,1,0,0,1,0,0,0,0,0.416951067690222,0,0,0,0,3.87212967565659e-43,0,0,0.19479489243204,0,0,0,0.625676170285288
0,1,0,0,0,1,0,0,1,0,0,0,0,0,0.562402955639252,0,0,0,8.52894141163739e-163,0,0,0.569259166138057,0,0,0,0.693128827546306
1,1,0,0,0,1,0,0,1,0,0,0,0,0.640897248548447,0.387453969778067,0,0,0,2.76715668699039e-208,0,0,0.489702644752272,0,0,0,1.07756420868573
0,0,1,0,0,1,0,0,1,0,0,0,0,0,0,0.535934623446373,0,0,8.47774164485169e-206,0,0,0.663317991239174,0,0,0,0.687495290621396
1,0,1,0,0,1,0,0,1,0,0,0,0,0.681564758125196,0,0.353974870123195,0,0,1.02239362257894e-237,0,0,0.543256421806115,0,0,0,1.06496250697098
0,1,1,0,0,1,0,0,1,0,0,0,0,0,1.39083619121836e-17,0.535934623446373,0,0,9.28518145233845e-211,0,0,0.663317991239174,0,0,0,0.687495290621397
1,1,1,0,0,1,0,0,1,0,0,0,0,0.681564758127992,1.33474164969121e-10,0.353974870023545,0,0,2.56284543572934e-244,0,0,0.543256421809675,0,0,0,1.06496250889879
0,0,0,1,0,1,0,0,1,0,0,0,0,0,0,0,0.535756039946728,0,7.45726168724171e-315,0,0,0.905885434576147,0,0,0,0.65981706811642
1,0,0,1,0,1,0,0,1,0,0,0,0,0.810092396239883,0,0,0.353681770766746,0,2.47032822920623e-323,0,0,0.712510466336693,0,0,0,1.04486271452179
0,1,0,1,0,1,0,0,1,0,0,0,0,0,1.59176898669694e-52,0,0.535756039946728,0,1.30710517633572e-315,0,0,0.905885434576147,0,0,0,0.65981706811642
1,1,0,1,0,1,0,0,1,0,0,0,0,0.810092396239882,5.04211741925375e-46,0,0.353681770766745,0,2.47032822920623e-323,0,0,0.712510466336692,0,0,0,1.04486271452179
0,0,1,1,0,1,0,0,1,0,0,0,0,0,0,0.0410203940304932,0.501863655455539,0,6.88233444656856e-321,0,0,0.897161926727174,0,0,0,0.76352587964573
1,0,1,1,0,1,0,0,1,0,0,0,0,0.810092396239882,0,4.25029605758626e-15,0.353681770766742,0,2.47032822920623e-323,0,0,0.712510466336691,0,0,0,1.04486271452186
0,1,1,1,0,1,0,0,1,0,0,0,0,0,1.38939608474114e-53,0.0410207261158168,0.501863377119747,0,1.37498469237619e-320,0,0,0.897161850368157,0,0,0,0.763526483386226
1,1,1,1,0,1,0,0,1,0,0,0,0,0.810092396239882,4.43885796027331e-46,4.38473769951908e-15,0.353681770766742,0,2.47032822920623e-323,0,0,0.712510466336691,0,0,0,1.04486271452186
0,0,0,0,1,1,0,0,1,0,0,0,0,0,0,0,0,0.654784114446456,7.39254383560737e-315,0,0,0.513974030419344,0,0,0,0.685872001001721
1,0,0,0,1,1,0,0,1,0,0,0,0,0.719509517379291,0,0,0,0.515327634166497,2.47032822920623e-323,0,0,0.491558381165937,0,0,0,1.08332978985307
0,1,0,0,1,1,0,0,1,0,0,0,0,0,0.17197533205187,0,0,0.516786150073072,1.27019471470703e-310,0,0,0.564074661056393,0,0,0,0.997148178307643
1,1,0,0,1,1,0,0,1,0,0,0,0,0.719509517402095,2.98311046779221e-10,0,0,0.515327633908732,2.47032822920623e-323,0,0,0.491558381245948,0,0,0,1.0833297937094
0,0,1,0,1,1,0,0,1,0,0,0,0,0,0,0.434768328232231,0,0.147087348646537,2.37742254353266e-247,0,0,0.647655887148512,0,0,0,0.959275461260322
1,0,1,0,1,1,0,0,1,0,0,0,0,0.719509542531799,0,6.67547620213766e-07,0,0.515326823799651,2.47032822920623e-323,0,0,0.491558573592456,0,0,0,1.08333542435391
0,1,1,0,1,1,0,0,1,0,0,0,0,0,3.10511206496589e-16,0.4347683265895,0,0.147087350948817,1.17780035591813e-247,0,0,0.647655886845027,0,0,0,0.959275463411363
1,1,1,0,1,1,0,0,1,0,0,0,0,0.719509537345926,1.38551145002873e-10,5.29632720782387e-07,0,0.51532699110124,2.47032822920623e-323,0,0,0.491558533874452,0,0,0,1.08333433312085
0,0,0,1,1,1,0,0,1,0,0,0,0,0,0,0,0.296007405232136,0.388115804125127,2.47032822920623e-323,0,0,0.781240012617164,0,0,0,1.01030952424186
1,0,0,1,1,1,0,0,1,0,0,0,0,0.777977269266948,0,0,0.111768694679855,0.403304702078509,1.97626258336499e-323,0,0,0.590653165531019,0,0,0,1.22646445992118
0,1,0,1,1,1,0,0,1,0,0,0,0,0,1.22347443664969e-44,0,0.296007405232136,0.388115804125127,2.47032822920623e-323,0,0,0.781240012617164,0,0,0,1.01030952424186
1,1,0,1,1,1,0,0,1,0,0,0,0,0.777977269266948,4.40130004899734e-38,0,0.111768694679855,0.403304702078509,1.97626258336499e-323,0,0,0.590653165531019,0,0,0,1.22646445992118
0,0,1,1,1,1,0,0,1,0,0,0,0,0,0,3.20810574160301e-12,0.296007405231804,0.388115804121331,2.47032822920623e-323,0,0,0.781240012617671,0,0,0,1.01030952429953
1,0,1,1,1,1,0,0,1,0,0,0,0,0.777977269266948,0,3.18232892618684e-29,0.111768694679855,0.403304702078509,1.97626258336499e-323,0,0,0.590653165531019,0,0,0,1.22646445992118
0,1,1,1,1,1,0,0,1,0,0,0,0,0,7.50101603455406e-45,3.34063143464954e-12,0.29600740523179,0.388115804121174,2.47032822920623e-323,0,0,0.781240012617692,0,0,0,1.01030952430182
1,1,1,1,1,1,0,0,1,0,0,0,0,0.777977269266948,3.85965164568117e-38,3.33422750773085e-29,0.111768694679855,0.403304702078509,1.97626258336499e-323,0,0,0.590653165531019,0,0,0,1.22646445992118
0,0,0,0,0,0,1,0,1,0,0,0,0,0,0,0,0,0,0,0.345527057690986,0,0.168055572396927,0,0,0,0.632193872540059
1,0,0,0,0,0,1,0,1,0,0,0,0,0.418880527168264,0,0,0,0,0,0.245350582858335,0,0.197335737539027,0,0,0,1.04588685886861
0,1,0,0,0,0,1,0,1,0,0,0,0,0,0.45591559524274,0,0,0,0,0.186616506065774,0,0.494480083994745,0,0,0,1.02514687665451
1,1,0,0,0,0,1,0,1,0,0,0,0,0.619995116997151,0.350268050672631,0,0,0,0,0.0751666254709726,0,0.462177278564418,0,0,0,1.21649104672568
0,0,1,0,0,0,1,0,1,0,0,0,0,0,0,0.342255473177365,0,0,0,0.325193651321926,0,0.486297951420366,0,0,0,1.08157025577144
1,0,1,0,0,0,1,0,1,0,0,0,0,0.614895990392232,0,0.262868160149034,0,0,0,0.182855920721107,0,0.455462397515364,0,0,0,1.2862152613493
0,1,1,0,0,0,1,0,1,0,0,0,0,0,4.40114941201305e-06,0.342253180735615,0,0,0,0.325192225598908,0,0.486298978664504,0,0,0,1.08161685106933
1,1,1,0,0,0,1,0,1,0,0,0,0,0.614904866258882,5.102967129292e-05,0.262840557582508,0,0,0,0.18283719521339,0,0.455473950838846,0,0,0,1.28653067408695
0,0,0,1,0,0,1,0,1,0,0,0,0,0,0,0,0.482581502736361,0,0,0.367295156831125,0,0.835914156274976,0,0,0,1.03790424516878
1,0,0,1,0,0,1,0,1,0,0,0,0,0.789044319253964,0,0,0.333530348683293,0,0,0.171869611935018,0,0.684792909150441,0,0,0,1.24612492945393
0,1,0,1,0,0,1,0,1,0,0,0,0,0,4.49177175339407e-101,0,0.482581502736361,0,0,0.367295156831125,0,0.835914156274976,0,0,0,1.03790424516878
1,1,0,1,0,0,1,0,1,0,0,0,0,0.789044319253965,2.44004934626316e-69,0,0.333530348683293,0,0,0.171869611935016,0,0.684792909150441,0,0,0,1.24612492945393
0,0,1,1,0,0,1,0,1,0,0,0,0,0,0,1.22256048619492e-74,0.482581502736361,0,0,0.367295156831125,0,0.835914156274976,0,0,0,1.03790424516878
1,0,1,1,0,0,1,0,1,0,0,0,0,0.789044319253964,0,1.61270972875233e-50,0.333530348683293,0,0,0.171869611935017,0,0.684792909150441,0,0,0,1.24612492945393
0,1,1,1,0,0,1,0,1,0,0,0,0,0,3.62132308617898e-102,1.54312331474184e-74,0.482581502736361,0,0,0.367295156831125,0,0.835914156274976,0,0,0,1.03790424516878
1,1,1,1,0,0,1,0,1,0,0,0,0,0.789044319253964,2.35139027015348e-69,2.02615467065934e-50,0.333530348683293,0,0,0.171869611935017,0,0.684792909150441,0,0,0,1.24612492945393
0,0,0,0,1,0,1,0,1,0,0,0,0,0,0,0,0,0.672968782474368,0,0.323870632593137,0,0.526844804721963,0,0,0,1.05728470435082
1,0,0,0,1,0,1,0,1,0,0,0,0,0.725201214065993,0,0,0,0.522942247997361,0,0.155264608775061,0,0.497551351688233,0,0,0,1.27811423012313
0,1,0,0,1,0,1,0,1,0,0,0,0,0,1.23648991736851e-47,0,0,0.672968782474366,0,0.323870632593137,0,0.526844804721961,0,0,0,1.05728470435082
1,1,0,0,1,0,1,0,1,0,0,0,0,0.725201214065991,1.10591068681297e-43,0,0,0.522942247997359,0,0.155264608775061,0,0.497551351688232,0,0,0,1.27811423012313
0,0,1,0,1,0,1,0,1,0,0,0,0,0,0,1.07597029657867e-56,0,0.672968782474366,0,0.323870632593137,0,0.526844804721961,0,0,0,1.05728470435082
1,0,1,0,1,0,1,0,1,0,0,0,0,0.725201214065991,0,2.75315630280844e-52,0,0.522942247997359,0,0.155264608775062,0,0.497551351688232,0,0,0,1.27811423012313
0,1,1,0,1,0,1,0,1,0,0,0,0,0,9.38125168764958e-48,1.28990534110675e-56,0,0.672968782474366,0,0.323870632593137,0,0.526844804721961,0,0,0,1.05728470435082
1,1,1,0,1,0,1,0,1,0,0,0,0,0.725201214065991,8.9448923317798e-44,3.23084079391017e-52,0,0.522942247997359,0,0.155264608775061,0,0.497551351688232,0,0,0,1.27811423012313
0,0,0,1,1,0,1,0,1,0,0,0,0,0,0,0,0.160163857866946,0.529344894883802,0,0.335717120260958,0,0.671928021908426,0,0,0,1.27353194387727
1,0,0,1,1,0,1,0,1,0,0,0,0,0.754208561399614,0,0,0.055635540346236,0.46705122102543,0,0.152635602453369,0,0.546776674598625,0,0,0,1.36232849817716
0,1,0,1,1,0,1,0,1,0,0,0,0,0,5.09139376540901e-87,0,0.160163857866946,0.529344894883802,0,0.335717120260958,0,0.671928021908426,0,0,0,1.27353194387727
1,1,0,1,1,0,1,0,1,0,0,0,0,0.754208561399615,8.72098442056462e-58,0,0.0556355403462387,0.467051221025427,0,0.152635602453369,0,0.546776674598627,0,0,0,1.36232849817717
0,0,1,1,1,0,1,0,1,0,0,0,0,0,0,1.1455106296712e-87,0.160163857866946,0.529344894883802,0,0.335717120260958,0,0.671928021908426,0,0,0,1.27353194387727
1,0,1,1,1,0,1,0,1,0,0,0,0,0.754208561399622,0,2.40493481749298e-63,0.0556355403462536,0.46705122102541,0,0.152635602453368,0,0.54677667459864,0,0,0,1.36232849817718
0,1,1,1,1,0,1,0,1,0,0,0,0,0,4.7192616663718e-87,1.41534498077088e-87,0.160163857866946,0.529344894883802,0,0.335717120260958,0,0.671928021908426,0,0,0,1.27353194387727
1,1,1,1,1,0,1,0,1,0,0,0,0,0.754208561399623,8.14249058253687e-58,2.93001637171787e-63,0.0556355403462546,0.467051221025409,0,0.152635602453368,0,0.546776674598641,0,0,0,1.36232849817718
0,0,0,0,0,1,1,0,1,0,0,0,0,0,0,0,0,0,1.31127464403187e-11,0.345527057693922,0,0.168055572394421,0,0,0,0.632193873168486
1,0,0,0,0,1,1,0,1,0,0,0,0,0.418880527168263,0,0,0,0,3.05260750495593e-70,0.245350582858336,0,0.197335737539027,0,0,0,1.04588685886861
0,1,0,0,0,1,1,0,1,0,0,0,0,0,0.45591559524274,0,0,0,1.34701369747671e-149,0.186616506065774,0,0.494480083994745,0,0,0,1.02514687665451
1,1,0,0,0,1,1,0,1,0,0,0,0,0.619995116997151,0.350268050672631,0,0,0,5.53416433994799e-205,0.0751666254709726,0,0.462177278564418,0,0,0,1.21649104672568
0,0,1,0,0,1,1,0,1,0,0,0,0,0,0,0.342255473177365,0,0,1.3968678891427e-157,0.325193651321926,0,0.486297951420366,0,0,0,1.08157025577144
1,0,1,0,0,1,1,0,1,0,0,0,0,0.614895990392232,0,0.262868160149034,0,0,1.71119889400862e-212,0.182855920721107,0,0.455462397515364,0,0,0,1.2862152613493
0,1,1,0,0,1,1,0,1,0,0,0,0,0,4.41365436120931e-06,0.342253174222107,0,0,3.45364294207141e-161,0.325192221548006,0,0.486298981583194,0,0,0,1.08161697260602
1,1,1,0,0,1,1,0,1,0,0,0,0,0.614904886541246,5.11462828075019e-05,0.262840494504586,0,0,1.34058363169946e-213,0.182837152420919,0,0.455473977239069,0,0,0,1.2865313178394
0,0,0,1,0,1,1,0,1,0,0,0,0,0,0,0,0.482581502736361,0,8.03993025477461e-320,0.367295156831125,0,0.835914156274976,0,0,0,1.03790424516878
1,0,0,1,0,1,1,0,1,0,0,0,0,0.789044319253964,0,0,0.333530348683293,0,2.47032822920623e-323,0.171869611935018,0,0.684792909150441,0,0,0,1.24612492945393
0,1,0,1,0,1,1,0,1,0,0,0,0,0,4.27071852890948e-101,0,0.482581502736361,0,4.59678676890696e-320,0.367295156831125,0,0.835914156274976,0,0,0,1.03790424516878
1,1,0,1,0,1,1,0,1,0,0,0,0,0.789044319253965,2.35233095714799e-69,0,0.333530348683293,0,2.47032822920623e-323,0.171869611935016,0,0.684792909150441,0,0,0,1.24612492945393
0,0,1,1,0,1,1,0,1,0,0,0,0,0,0,1.16714042016906e-74,0.482581502736361,0,2.47032822920623e-323,0.367295156831125,0,0.835914156274976,0,0,0,1.03790424516878
1,0,1,1,0,1,1,0,1,0,0,0,0,0.789044319253964,0,1.5582539191917e-50,0.333530348683293,0,2.47032822920623e-323,0.171869611935017,0,0.684792909150441,0,0,0,1.24612492945393
0,1,1,1,0,1,1,0,1,0,0,0,0,0,3.46604052591664e-102,1.46216242397743e-74,0.482581502736361,0,2.47032822920623e-323,0.367295156831125,0,0.835914156274976,0,0,0,1.03790424516878
1,1,1,1,0,1,1,0,1,0,0,0,0,0.789044319253964,2.27990020666648e-69,1.94500879832032e-50,0.333530348683293,0,2.47032822920623e-323,0.171869611935017,0,0.684792909150441,0,0,0,1.24612492945393
0,0,0,0,1,1,1,0,1,0,0,0,0,0,0,0,0,0.672968782474368,2.47032822920623e-323,0.323870632593137,0,0.526844804721963,0,0,0,1.05728470435082
1,0,0,0,1,1,1,0,1,0,0,0,0,0.725201214065993,0,0,0,0.522942247997361,1.97626258336499e-323,0.155264608775061,0,0.497551351688233,0,0,0,1.27811423012313
0,1,0,0,1,1,1,0,1,0,0,0,0,0,1.13372254171795e-47,0,0,0.672968782474366,2.47032822920623e-323,0.323870632593137,0,0.526844804721961,0,0,0,1.05728470435082
1,1,0,0,1,1,1,0,1,0,0,0,0,0.725201214065991,1.02638382945104e-43,0,0,0.522942247997359,1.97626258336499e-323,0.155264608775061,0,0.497551351688232,0,0,0,1.27811423012313
0,0,1,0,1,1,1,0,1,0,0,0,0,0,0,9.84413903821363e-57,0,0.672968782474366,2.47032822920623e-323,0.323870632593137,0,0.526844804721961,0,0,0,1.05728470435082
1,0,1,0,1,1,1,0,1,0,0,0,0,0.725201214065991,0,2.55142269179093e-52,0,0.522942247997359,1.97626258336499e-323,0.155264608775062,0,0.497551351688232,0,0,0,1.27811423012313
0,1,1,0,1,1,1,0,1,0,0,0,0,0,8.78495493821982e-48,1.17315055535433e-56,0,0.672968782474366,2.47032822920623e-323,0.323870632593137,0,0.526844804721961,0,0,0,1.05728470435082
1,1,1,0,1,1,1,0,1,0,0,0,0,0.725201214065991,8.43379234114302e-44,2.97990697532615e-52,0,0.522942247997359,1.97626258336499e-323,0.155264608775061,0,0.497551351688232,0,0,0,1.27811423012313
0,0,0,1,1,1,1,0,1,0,0,0,0,0,0,0,0.160163857866946,0.529344894883802,1.97626258336499e-323,0.335717120260958,0,0.671928021908426,0,0,0,1.27353194387727
1,0,0,1,1,1,1,0,1,0,0,0,0,0.754208561399611,0,0,0.055635540346231,0.467051221025435,1.97626258336499e-323,0.152635602453369,0,0.54677667459862,0,0,0,1.36232849817716
0,1,0,1,1,1,1,0,1,0,0,0,0,0,4.93065359387434e-87,0,0.160163857866946,0.529344894883802,1.97626258336499e-323,0.335717120260958,0,0.671928021908426,0,0,0,1.27353194387727
1,1,0,1,1,1,1,0,1,0,0,0,0,0.754208561399613,8.50994783764232e-58,0,0.0556355403462332,0.467051221025433,1.97626258336499e-323,0.152635602453369,0,0.546776674598622,0,0,0,1.36232849817716
0,0,1,1,1,1,1,0,1,0,0,0,0,0,0,1.10128427995219e-87,0.160163857866946,0.529344894883802,1.97626258336499e-323,0.335717120260958,0,0.671928021908426,0,0,0,1.27353194387727
1,0,1,1,1,1,1,0,1,0,0,0,0,0.75420856139962,0,2.33006577121875e-63,0.0556355403462478,0.467051221025417,1.97626258336499e-323,0.152635602453368,0,0.546776674598635,0,0,0,1.36232849817717
0,1,1,1,1,1,1,0,1,0,0,0,0,0,4.59492823324167e-87,1.35108601753683e-87,0.160163857866946,0.529344894883802,1.97626258336499e-323,0.335717120260958,0,0.671928021908426,0,0,0,1.27353194387727
1,1,1,1,1,1,1,0,1,0,0,0,0,0.75420856139962,7.98000161780869e-58,2.82173833920227e-63,0.0556355403462485,0.467051221025416,1.97626258336499e-323,0.152635602453368,0,0.546776674598635,0,0,0,1.36232849817718
0,0,0,0,0,0,0,1,1,0,0,0,0,0,0,0,0,0,0,0,0.128498861236366,0.173914489324722,0,0,0,0.681827791640298
1,0,0,0,0,0,0,1,1,0,0,0,0,0.416951067690223,0,0,0,0,0,0,9.46941303186944e-98,0.19479489243204,0,0,0,0.625676170285288
0,1,0,0,0,0,0,1,1,0,0,0,0,0,0.562227054054182,0,0,0,0,0,0.000678479615227889,0.569181349404704,0,0,0,0.697758792432735
1,1,0,0,0,0,0,1,1,0,0,0,0,0.640897248548447,0.387453969778067,0,0,0,0,0,2.59621714456595e-232,0.489702644752273,0,0,0,1.07756420868573
0,0,1,0,0,0,0,1,1,0,0,0,0,0,0,0.535934623446373,0,0,0,0,4.32389991934598e-19,0.663317991239174,0,0,0,0.687495290621396
1,0,1,0,0,0,0,1,1,0,0,0,0,0.681564758125195,0,0.353974870123195,0,0,0,0,2.44030307462857e-256,0.543256421806115,0,0,0,1.06496250697098
0,1,1,0,0,0,0,1,1,0,0,0,0,0,1.37397248308192e-17,0.535934623446373,0,0,0,0,4.23706487131995e-19,0.663317991239174,0,0,0,0.687495290621397
1,1,1,0,0,0,0,1,1,0,0,0,0,0.681564758127995,1.33632264333113e-10,0.353974870023427,0,0,0,0,6.14002081445603e-264,0.543256421809679,0,0,0,1.06496250890097
0,0,0,1,0,0,0,1,1,0,0,0,0,0,0,0,0.535756039946728,0,0,0,1.27735677225769e-61,0.905885434576147,0,0,0,0.65981706811642
1,0,0,1,0,0,0,1,1,0,0,0,0,0.810092396239883,0,0,0.353681770766746,0,0,0,2.47032822920623e-323,0.712510466336693,0,0,0,1.04486271452179
0,1,0,1,0,0,0,1,1,0,0,0,0,0,8.37233864517489e-53,0,0.535756039946728,0,0,0,1.69928751635819e-61,0.905885434576147,0,0,0,0.65981706811642
1,1,0,1,0,0,0,1,1,0,0,0,0,0.810092396239882,5.0025280036835e-46,0,0.353681770766745,0,0,0,2.47032822920623e-323,0.712510466336692,0,0,0,1.04486271452179
0,0,1,1,0,0,0,1,1,0,0,0,0,0,0,0.0410202754167017,0.501863754871129,0,0,0,1.31305778119765e-59,0.897161954000963,0,0,0,0.763525664002034
1,0,1,1,0,0,0,1,1,0,0,0,0,0.810092396239882,0,4.2275523523642e-15,0.353681770766742,0,0,0,2.47032822920623e-323,0.712510466336691,0,0,0,1.04486271452186
0,1,1,1,0,0,0,1,1,0,0,0,0,0,1.36506605746876e-53,0.0410206021064389,0.501863481057646,0,0,0,1.57939094101968e-59,0.89716187888263,0,0,0,0.763526257933904
1,1,1,1,0,0,0,1,1,0,0,0,0,0.810092396239882,4.40798530164466e-46,4.36303479972757e-15,0.353681770766742,0,0,0,2.47032822920623e-323,0.712510466336691,0,0,0,1.04486271452186
0,0,0,0,1,0,0,1,1,0,0,0,0,0,0,0,0,0.654784114446454,0,0,9.52282548217603e-23,0.513974030419343,0,0,0,0.685872001001721
1,0,0,0,1,0,0,1,1,0,0,0,0,0.719509517379291,0,0,0,0.515327634166497,0,0,4.54961096353652e-284,0.491558381165937,0,0,0,1.08332978985307
0,1,0,0,1,0,0,1,1,0,0,0,0,0,0.17197533205186,0,0,0.516786150073083,0,0,3.16046045585056e-25,0.564074661056391,0,0,0,0.997148178307634
1,1,0,0,1,0,0,1,1,0,0,0,0,0.719509517401854,2.95145240803863e-10,0,0,0.515327633911468,0,0,1.77831747680213e-293,0.491558381245099,0,0,0,1.0833297936703
0,0,1,0,1,0,0,1,1,0,0,0,0,0,0,0.434768327391766,0,0.147087349824444,0,0,3.39092588436037e-23,0.647655886993241,0,0,0,0.959275462360846
1,0,1,0,1,0,0,1,1,0,0,0,0,0.719509542192173,0,6.58533884192653e-07,0,0.515326834741845,0,0,2.54471507747088e-293,0.491558570994169,0,0,0,1.08333535345832
0,1,1,0,1,0,0,1,1,0,0,0,0,0,3.23723948552235e-16,0.434768325810086,0,0.147087352041162,0,0,3.11497211856724e-23,0.647655886701034,0,0,0,0.959275464431947
1,1,1,0,1,0,0,1,1,0,0,0,0,0.719509537035804,1.38715181559621e-10,5.21401708513729e-07,0,0.515327001093106,0,0,1.75842005655542e-293,0.491558531501834,0,0,0,1.0833342672754
0,0,0,1,1,0,0,1,1,0,0,0,0,0,0,0,0.296007405232136,0.388115804125127,0,0,1.79043250574009e-57,0.781240012617164,0,0,0,1.01030952424186
1,0,0,1,1,0,0,1,1,0,0,0,0,0.777977269266948,0,0,0.111768694679855,0.403304702078509,0,0,2.47032822920623e-323,0.590653165531019,0,0,0,1.22646445992118
0,1,0,1,1,0,0,1,1,0,0,0,0,0,1.22980225284977e-44,0,0.296007405232136,0.388115804125127,0,0,2.18563486038012e-57,0.781240012617164,0,0,0,1.01030952424186
1,1,0,1,1,0,0,1,1,0,0,0,0,0.777977269266948,4.40666529981557e-38,0,0.111768694679855,0.403304702078509,0,0,2.47032822920623e-323,0.590653165531019,0,0,0,1.22646445992118
0,0,1,1,1,0,0,1,1,0,0,0,0,0,0,3.09549091675742e-12,0.296007405231815,0.388115804121464,0,0,2.69961175729135e-57,0.781240012617653,0,0,0,1.01030952429758
1,0,1,1,1,0,0,1,1,0,0,0,0,0.777977269266948,0,3.13452871244826e-29,0.111768694679855,0.403304702078509,0,0,2.47032822920623e-323,0.590653165531019,0,0,0,1.22646445992118
0,1,1,1,1,0,0,1,1,0,0,0,0,0,7.71742490666917e-45,3.21877673158558e-12,0.296007405231803,0.388115804121319,0,0,3.14603503846259e-57,0.781240012617673,0,0,0,1.01030952429971
1,1,1,1,1,0,0,1,1,0,0,0,0,0.777977269266948,3.87035921909934e-38,3.28490154259192e-29,0.111768694679855,0.403304702078509,0,0,2.47032822920623e-323,0.590653165531019,0,0,0,1.22646445992118
0,0,0,0,0,1,0,1,1,0,0,0,0,0,0,0,0,0,0.0965803395867626,0,0.134133613793251,0.156619772551813,0,0,0,1.07968234217106
1,0,0,0,0,1,0,1,1,0,0,0,0,0.416951067690222,0,0,0,0,3.75661833907437e-43,0,6.44488989269165e-99,0.19479489243204,0,0,0,0.625676170285288
0,1,0,0,0,1,0,1,1,0,0,0,0,0,0.562226828485908,0,0,0,2.53393731795525e-165,0,0.000679348135848324,0.569181249446512,0,0,0,0.6977639493959
1,1,0,0,0,1,0,1,1,0,0,0,0,0.640897248548447,0.387453969778067,0,0,0,3.10018400177908e-208,0,2.71395606809603e-232,0.489702644752272,0,0,0,1.07756420868573
0,0,1,0,0,1,0,1,1,0,0,0,0,0,0,0.535934623446373,0,0,2.24564524112207e-210,0,4.43465225425202e-19,0.663317991239174,0,0,0,0.687495290621396
1,0,1,0,0,1,0,1,1,0,0,0,0,0.681564758125196,0,0.353974870123194,0,0,1.14038195566133e-237,0,2.52675816430477e-256,0.543256421806115,0,0,0,1.06496250697098
0,1,1,0,0,1,0,1,1,0,0,0,0,0,1.35918184065625e-17,0.535934623446373,0,0,1.44866005131887e-210,0,4.32864580281519e-19,0.663317991239174,0,0,0,0.687495290621397
1,1,1,0,0,1,0,1,1,0,0,0,0,0.681564758127985,1.33130940237881e-10,0.353974870023801,0,0,2.84326834858647e-244,0,6.51284420433536e-264,0.543256421809666,0,0,0,1.06496250889405
0,0,0,1,0,1,0,1,1,0,0,0,0,0,0,0,0.535756039946728,0,2.96439387504748e-323,0,1.3563109433533e-61,0.905885434576147,0,0,0,0.65981706811642
1,0,0,1,0,1,0,1,1,0,0,0,0,0.810092396239883,0,0,0.353681770766746,0,2.47032822920623e-323,0,2.47032822920623e-323,0.712510466336693,0,0,0,1.04486271452179
0,1,0,1,0,1,0,1,1,0,0,0,0,0,8.34531998011381e-53,0,0.535756039946728,0,2.96439387504748e-323,0,1.77721008263804e-61,0.905885434576147,0,0,0,0.65981706811642
1,1,0,1,0,1,0,1,1,0,0,0,0,0.810092396239882,5.00340914194241e-46,0,0.353681770766745,0,2.47032822920623e-323,0,2.47032822920623e-323,0.712510466336692,0,0,0,1.04486271452179
0,0,1,1,0,1,0,1,1,0,0,0,0,0,0,0.0410203158904175,0.501863720948276,0,1.12992813203893e-320,0,1.3772325524492e-59,0.897161944694529,0,0,0,0.763525737584582
1,0,1,1,0,1,0,1,1,0,0,0,0,0.810092396239882,0,4.24339141320841e-15,0.353681770766742,0,2.47032822920623e-323,0,2.47032822920623e-323,0.712510466336691,0,0,0,1.04486271452186
0,1,1,1,0,1,0,1,1,0,0,0,0,0,1.35996491004468e-53,0.0410206316988182,0.501863456254928,0,1.91746877150988e-320,0,1.64229641092609e-59,0.897161872078218,0,0,0,0.763526311733655
1,1,1,1,0,1,0,1,1,0,0,0,0,0.810092396239882,4.40786036330686e-46,4.37435920576418e-15,0.353681770766742,0,2.47032822920623e-323,0,2.47032822920623e-323,0.712510466336691,0,0,0,1.04486271452186
0,0,0,0,1,1,0,1,1,0,0,0,0,0,0,0,0,0.654784114446454,2.96439387504748e-323,0,9.68063531975044e-23,0.513974030419343,0,0,0,0.685872001001721
1,0,0,0,1,1,0,1,1,0,0,0,0,0.719509517379291,0,0,0,0.515327634166498,2.47032822920623e-323,0,4.62563238911301e-284,0.491558381165937,0,0,0,1.08332978985307
0,1,0,0,1,1,0,1,1,0,0,0,0,0,0.17197533205186,0,0,0.516786150073083,9.82709943115222e-311,0,3.21601241183217e-25,0.564074661056391,0,0,0,0.997148178307634
1,1,0,0,1,1,0,1,1,0,0,0,0,0.719509517401655,2.92540856283714e-10,0,0,0.515327633913718,2.47032822920623e-323,0,1.79635450730753e-293,0.491558381244401,0,0,0,1.08332979363812
0,0,1,0,1,1,0,1,1,0,0,0,0,0,0,0.434768327318316,0,0.147087349927385,1.08026144453576e-247,0,3.43069728879869e-23,0.647655886979671,0,0,0,0.959275462457025
1,0,1,0,1,1,0,1,1,0,0,0,0,0.71950954198674,0,6.53081662619681e-07,0,0.515326841360551,2.47032822920623e-323,0,2.54441641678418e-293,0.491558569422519,0,0,0,1.08333531054042
0,1,1,0,1,1,0,1,1,0,0,0,0,0,3.22696105482947e-16,0.434768325763146,0,0.147087352106948,5.8045394036663e-248,0,3.15334292559927e-23,0.647655886692362,0,0,0,0.959275464493412
1,1,1,0,1,1,0,1,1,0,0,0,0,0.719509536915191,1.37923655927639e-10,5.18202215768278e-07,0,0.515327004977803,2.47032822920623e-323,0,1.77143561983396e-293,0.491558530579341,0,0,0,1.0833342416493
0,0,0,1,1,1,0,1,1,0,0,0,0,0,0,0,0.296007405232136,0.388115804125127,2.47032822920623e-323,0,1.86365257868034e-57,0.781240012617164,0,0,0,1.01030952424186
1,0,0,1,1,1,0,1,1,0,0,0,0,0.777977269266948,0,0,0.111768694679855,0.403304702078509,1.97626258336499e-323,0,2.47032822920623e-323,0.590653165531019,0,0,0,1.22646445992118
0,1,0,1,1,1,0,1,1,0,0,0,0,0,1.2272584492909e-44,0,0.296007405232136,0.388115804125127,2.47032822920623e-323,0,2.25925880644188e-57,0.781240012617164,0,0,0,1.01030952424186
1,1,0,1,1,1,0,1,1,0,0,0,0,0.777977269266948,4.40441686887723e-38,0,0.111768694679855,0.403304702078509,1.97626258336499e-323,0,2.47032822920623e-323,0.590653165531019,0,0,0,1.22646445992118
0,0,1,1,1,1,0,1,1,0,0,0,0,0,0,3.10180982089605e-12,0.296007405231815,0.388115804121457,2.47032822920623e-323,0,2.79479689455506e-57,0.781240012617655,0,0,0,1.01030952429769
1,0,1,1,1,1,0,1,1,0,0,0,0,0.777977269266948,0,3.14234512211609e-29,0.111768694679855,0.403304702078509,1.97626258336499e-323,0,2.47032822920623e-323,0.590653165531019,0,0,0,1.22646445992118
0,1,1,1,1,1,0,1,1,0,0,0,0,0,7.71245444359668e-45,3.22227757139768e-12,0.296007405231802,0.388115804121314,2.47032822920623e-323,0,3.2413273930242e-57,0.781240012617674,0,0,0,1.01030952429977
1,1,1,1,1,1,0,1,1,0,0,0,0,0.777977269266948,3.874361804661e-38,3.28873511652027e-29,0.111768694679855,0.403304702078509,1.97626258336499e-323,0,2.47032822920623e-323,0.590653165531019,0,0,0,1.22646445992118
0,0,0,0,0,0,1,1,1,0,0,0,0,0,0,0,0,0,0,0.345527057690986,1.21371940288947e-247,0.168055572396927,0,0,0,0.632193872540059
1,0,0,0,0,0,1,1,1,0,0,0,0,0.418880527168264,0,0,0,0,0,0.245350582858335,8.40672459024715e-319,0.197335737539027,0,0,0,1.04588685886861
0,1,0,0,0,0,1,1,1,0,0,0,0,0,0.45591559524274,0,0,0,0,0.186616506065774,7.95729710865761e-164,0.494480083994745,0,0,0,1.02514687665451
1,1,0,0,0,0,1,1,1,0,0,0,0,0.619995116997151,0.350268050672631,0,0,0,0,0.0751666254709726,7.07967953314508e-297,0.462177278564418,0,0,0,1.21649104672568
0,0,1,0,0,0,1,1,1,0,0,0,0,0,0,0.342255473177365,0,0,0,0.325193651321926,5.63175451196624e-283,0.486297951420366,0,0,0,1.08157025577144
1,0,1,0,0,0,1,1,1,0,0,0,0,0.614895990392232,0,0.262868160149034,0,0,0,0.182855920721107,1.97626258336499e-323,0.455462397515364,0,0,0,1.2862152613493
0,1,1,0,0,0,1,1,1,0,0,0,0,0,4.39502144648995e-06,0.342253183927515,0,0,0,0.325192227584025,5.17528523007773e-289,0.48629897723422,0,0,0,1.08161679149986
1,1,1,0,0,0,1,1,1,0,0,0,0,0.61490485919303,5.09890468559016e-05,0.262840579557224,0,0,0,0.182837210121179,1.97626258336499e-323,0.45547394164169,0,0,0,1.28653044977896
0,0,0,1,0,0,1,1,1,0,0,0,0,0,0,0,0.482581502736361,0,0,0.367295156831125,1.97626258336499e-323,0.835914156274976,0,0,0,1.03790424516878
1,0,0,1,0,0,1,1,1,0,0,0,0,0.789044319253964,0,0,0.333530348683293,0,0,0.171869611935018,1.48219693752374e-323,0.684792909150441,0,0,0,1.24612492945393
0,1,0,1,0,0,1,1,1,0,0,0,0,0,4.51312431539959e-101,0,0.482581502736361,0,0,0.367295156831125,1.97626258336499e-323,0.835914156274976,0,0,0,1.03790424516878
1,1,0,1,0,0,1,1,1,0,0,0,0,0.789044319253965,2.44120048175403e-69,0,0.333530348683293,0,0,0.171869611935016,1.48219693752374e-323,0.684792909150441,0,0,0,1.24612492945393
0,0,1,1,0,0,1,1,1,0,0,0,0,0,0,1.23848830818218e-74,0.482581502736361,0,0,0.367295156831125,1.97626258336499e-323,0.835914156274976,0,0,0,1.03790424516878
1,0,1,1,0,0,1,1,1,0,0,0,0,0.789044319253964,0,1.62444827469413e-50,0.333530348683293,0,0,0.171869611935017,1.48219693752374e-323,0.684792909150441,0,0,0,1.24612492945393
0,1,1,1,0,0,1,1,1,0,0,0,0,0,3.63935791159471e-102,1.55888652812335e-74,0.482581502736361,0,0,0.367295156831125,1.97626258336499e-323,0.835914156274976,0,0,0,1.03790424516878
1,1,1,1,0,0,1,1,1,0,0,0,0,0.789044319253964,2.35320454843666e-69,2.03598244396164e-50,0.333530348683293,0,0,0.171869611935017,1.48219693752374e-323,0.684792909150441,0,0,0,1.24612492945393
0,0,0,0,1,0,1,1,1,0,0,0,0,0,0,0,0,0.672968782474368,0,0.323870632593137,1.71403921809733e-317,0.526844804721963,0,0,0,1.05728470435082
1,0,0,0,1,0,1,1,1,0,0,0,0,0.725201214065993,0,0,0,0.522942247997361,0,0.155264608775061,1.97626258336499e-323,0.497551351688233,0,0,0,1.27811423012313
0,1,0,0,1,0,1,1,1,0,0,0,0,0,1.18420472098389e-47,0,0,0.672968782474366,0,0.323870632593137,2.47032822920623e-323,0.526844804721961,0,0,0,1.05728470435082
1,1,0,0,1,0,1,1,1,0,0,0,0,0.725201214065991,1.07358361672404e-43,0,0,0.522942247997359,0,0.155264608775061,1.97626258336499e-323,0.497551351688232,0,0,0,1.27811423012313
0,0,1,0,1,0,1,1,1,0,0,0,0,0,0,1.04019405446163e-56,0,0.672968782474366,0,0.323870632593137,2.47032822920623e-323,0.526844804721961,0,0,0,1.05728470435082
1,0,1,0,1,0,1,1,1,0,0,0,0,0.725201214065991,0,2.68660974063571e-52,0,0.522942247997359,0,0.155264608775062,1.97626258336499e-323,0.497551351688232,0,0,0,1.27811423012313
0,1,1,0,1,0,1,1,1,0,0,0,0,0,9.05416996760755e-48,1.2360284928088e-56,0,0.672968782474366,0,0.323870632593137,2.47032822920623e-323,0.526844804721961,0,0,0,1.05728470435082
1,1,1,0,1,0,1,1,1,0,0,0,0,0.725201214065991,8.72334692375035e-44,3.13801497466299e-52,0,0.522942247997359,0,0.155264608775061,1.97626258336499e-323,0.497551351688232,0,0,0,1.27811423012313
0,0,0,1,1,0,1,1,1,0,0,0,0,0,0,0,0.160163857866946,0.529344894883802,0,0.335717120260958,2.47032822920623e-323,0.671928021908426,0,0,0,1.27353194387727
1,0,0,1,1,0,1,1,1,0,0,0,0,0.754208561399612,0,0,0.0556355403462314,0.467051221025435,0,0.152635602453369,1.97626258336499e-323,0.546776674598621,0,0,0,1.36232849817716
0,1,0,1,1,0,1,1,1,0,0,0,0,0,5.15003698166375e-87,0,0.160163857866946,0.529344894883802,0,0.335717120260958,2.47032822920623e-323,0.671928021908426,0,0,0,1.27353194387727
1,1,0,1,1,0,1,1,1,0,0,0,0,0.754208561399612,8.76396181175289e-58,0,0.0556355403462335,0.467051221025432,0,0.152635602453369,1.97626258336499e-323,0.546776674598622,0,0,0,1.36232849817716
0,0,1,1,1,0,1,1,1,0,0,0,0,0,0,1.15453588410913e-87,0.160163857866946,0.529344894883802,0,0.335717120260958,2.47032822920623e-323,0.671928021908426,0,0,0,1.27353194387727
1,0,1,1,1,0,1,1,1,0,0,0,0,0.75420856139962,0,2.41274379197622e-63,0.0556355403462485,0.467051221025416,0,0.152635602453368,1.97626258336499e-323,0.546776674598635,0,0,0,1.36232849817718
0,1,1,1,1,0,1,1,1,0,0,0,0,0,4.77936320389754e-87,1.42058152187834e-87,0.160163857866946,0.529344894883802,0,0.335717120260958,2.47032822920623e-323,0.671928021908426,0,0,0,1.27353194387727
1,1,1,1,1,0,1,1,1,0,0,0,0,0.75420856139962,8.19033854633056e-58,2.92985227248408e-63,0.055635540346249,0.467051221025415,0,0.152635602453368,1.97626258336499e-323,0.546776674598636,0,0,0,1.36232849817718
0,0,0,0,0,1,1,1,1,0,0,0,0,0,0,0,0,0,1.30926447326027e-11,0.345527057693918,3.79750043610729e-255,0.168055572394424,0,0,0,0.632193873167561
1,0,0,0,0,1,1,1,1,0,0,0,0,0.418880527168263,0,0,0,0,3.02959308986031e-70,0.245350582858336,2.47032822920623e-323,0.197335737539027,0,0,0,1.04588685886861
0,1,0,0,0,1,1,1,1,0,0,0,0,0,0.45591559524274,0,0,0,1.45963203775655e-149,0.186616506065774,3.95305621565807e-164,0.494480083994745,0,0,0,1.02514687665451
1,1,0,0,0,1,1,1,1,0,0,0,0,0.619995116997151,0.350268050672631,0,0,0,5.8633932679926e-205,0.0751666254709726,4.2807626539872e-297,0.462177278564418,0,0,0,1.21649104672568
0,0,1,0,0,1,1,1,1,0,0,0,0,0,0,0.342255473177365,0,0,1.47403031227756e-157,0.325193651321926,3.60712026210205e-283,0.486297951420366,0,0,0,1.08157025577144
1,0,1,0,0,1,1,1,1,0,0,0,0,0.614895990392232,0,0.262868160149034,0,0,1.78484591188607e-212,0.182855920721107,1.97626258336499e-323,0.455462397515364,0,0,0,1.2862152613493
0,1,1,0,0,1,1,1,1,0,0,0,0,0,4.40793595941207e-06,0.342253177200676,0,0,3.72505139702072e-161,0.325192223400447,3.40678479021875e-289,0.486298980248503,0,0,0,1.08161691703219
1,1,1,0,0,1,1,1,1,0,0,0,0,0.614904879880055,5.11079849265331e-05,0.262840515220815,0,0,1.41474541228724e-213,0.182837166474943,1.97626258336499e-323,0.455473968568634,0,0,0,1.28653110643578
0,0,0,1,0,1,1,1,1,0,0,0,0,0,0,0,0.482581502736361,0,8.82697682859971e-320,0.367295156831125,1.97626258336499e-323,0.835914156274976,0,0,0,1.03790424516878
1,0,0,1,0,1,1,1,1,0,0,0,0,0.789044319253964,0,0,0.333530348683293,0,2.47032822920623e-323,0.171869611935018,1.48219693752374e-323,0.684792909150441,0,0,0,1.24612492945393
0,1,0,1,0,1,1,1,1,0,0,0,0,0,4.28759546058655e-101,0,0.482581502736361,0,5.04144585016408e-320,0.367295156831125,1.97626258336499e-323,0.835914156274976,0,0,0,1.03790424516878
1,1,0,1,0,1,1,1,1,0,0,0,0,0.789044319253965,2.35257680756504e-69,0,0.333530348683293,0,2.47032822920623e-323,0.171869611935016,1.48219693752374e-323,0.684792909150441,0,0,0,1.24612492945393
0,0,1,1,0,1,1,1,1,0,0,0,0,0,0,1.18101075870507e-74,0.482581502736361,0,2.47032822920623e-323,0.367295156831125,1.97626258336499e-323,0.835914156274976,0,0,0,1.03790424516878
1,0,1,1,0,1,1,1,1,0,0,0,0,0.789044319253964,0,1.56868849257887e-50,0.333530348683293,0,2.47032822920623e-323,0.171869611935017,1.48219693752374e-323,0.684792909150441,0,0,0,1.24612492945393
0,1,1,1,0,1,1,1,1,0,0,0,0,0,3.48042008766505e-102,1.47546801001816e-74,0.482581502736361,0,2.47032822920623e-323,0.367295156831125,1.97626258336499e-323,0.835914156274976,0,0,0,1.03790424516878
1,1,1,1,0,1,1,1,1,0,0,0,0,0.789044319253964,2.28090389556938e-69,1.95342444041843e-50,0.333530348683293,0,2.47032822920623e-323,0.171869611935017,1.48219693752374e-323,0.684792909150441,0,0,0,1.24612492945393
0,0,0,0,1,1,1,1,1,0,0,0,0,0,0,0,0,0.672968782474368,2.47032822920623e-323,0.323870632593137,1.42951718803592e-317,0.526844804721963,0,0,0,1.05728470435082
1,0,0,0,1,1,1,1,1,0,0,0,0,0.725201214065993,0,0,0,0.522942247997361,1.97626258336499e-323,0.155264608775061,1.97626258336499e-323,0.497551351688233,0,0,0,1.27811423012313
0,1,0,0,1,1,1,1,1,0,0,0,0,0,1.08556596386739e-47,0,0,0.672968782474366,2.47032822920623e-323,0.323870632593137,2.47032822920623e-323,0.526844804721961,0,0,0,1.05728470435082
1,1,0,0,1,1,1,1,1,0,0,0,0,0.725201214065991,9.96405210226854e-44,0,0,0.522942247997359,1.97626258336499e-323,0.155264608775061,1.97626258336499e-323,0.497551351688232,0,0,0,1.27811423012313
0,0,1,0,1,1,1,1,1,0,0,0,0,0,0,9.51249823328501e-57,0,0.672968782474366,2.47032822920623e-323,0.323870632593137,2.47032822920623e-323,0.526844804721961,0,0,0,1.05728470435082
1,0,1,0,1,1,1,1,1,0,0,0,0,0.725201214065991,0,2.4895400037026e-52,0,0.522942247997359,1.97626258336499e-323,0.155264608775062,1.97626258336499e-323,0.497551351688232,0,0,0,1.27811423012313
0,1,1,0,1,1,1,1,1,0,0,0,0,0,8.47400430205078e-48,1.12409898147239e-56,0,0.672968782474366,2.47032822920623e-323,0.323870632593137,2.47032822920623e-323,0.526844804721961,0,0,0,1.05728470435082
1,1,1,0,1,1,1,1,1,0,0,0,0,0.725201214065991,8.22318911446856e-44,2.8946229783398e-52,0,0.522942247997359,1.97626258336499e-323,0.155264608775061,1.97626258336499e-323,0.497551351688232,0,0,0,1.27811423012313
0,0,0,1,1,1,1,1,1,0,0,0,0,0,0,0,0.160163857866946,0.529344894883802,1.97626258336499e-323,0.335717120260958,2.47032822920623e-323,0.671928021908426,0,0,0,1.27353194387727
1,0,0,1,1,1,1,1,1,0,0,0,0,0.754208561399609,0,0,0.0556355403462263,0.46705122102544,1.97626258336499e-323,0.152635602453369,1.97626258336499e-323,0.546776674598616,0,0,0,1.36232849817715
0,1,0,1,1,1,1,1,1,0,0,0,0,0,4.98483404614145e-87,0,0.160163857866946,0.529344894883802,1.97626258336499e-323,0.335717120260958,2.47032822920623e-323,0.671928021908426,0,0,0,1.27353194387727
1,1,0,1,1,1,1,1,1,0,0,0,0,0.75420856139961,8.54968082007527e-58,0,0.0556355403462279,0.467051221025438,1.97626258336499e-323,0.152635602453369,1.97626258336499e-323,0.546776674598618,0,0,0,1.36232849817716
0,0,1,1,1,1,1,1,1,0,0,0,0,0,0,1.10931626555729e-87,0.160163857866946,0.529344894883802,1.97626258336499e-323,0.335717120260958,2.47032822920623e-323,0.671928021908426,0,0,0,1.27353194387727
1,0,1,1,1,1,1,1,1,0,0,0,0,0.754208561399617,0,2.33691288360591e-63,0.0556355403462426,0.467051221025422,1.97626258336499e-323,0.152635602453369,1.97626258336499e-323,0.54677667459863,0,0,0,1.36232849817717
0,1,1,1,1,1,1,1,1,0,0,0,0,0,4.65095668906455e-87,1.3554295589363e-87,0.160163857866946,0.529344894883802,1.97626258336499e-323,0.335717120260958,2.47032822920623e-323,0.671928021908426,0,0,0,1.27353194387727
1,1,1,1,1,1,1,1,1,0,0,0,0,0.754208561399617,8.02468090407223e-58,2.82095450492394e-63,0.0556355403462429,0.467051221025422,1.97626258336499e-323,0.152635602453369,1.97626258336499e-323,0.54677667459863,0,0,0,1.36232849817717
0,0,0,0,0,0,0,0,0,1,0,0,0,0,0,0,0,0,0,0,0,0,0.12262888626525,0,0,0
1,0,0,0,0,0,0,0,0,1,0,0,0,0.275453507685876,0,0,0,0,0,0,0,0,0.00436126487914257,0,0,0.0803242696021707
0,1,0,0,0,0,0,0,0,1,0,0,0,0,0.647514148533608,0,0,0,0,0,0,0,0.12262888626525,0,0,0.438388697987196
1,1,0,0,0,0,0,0,0,1,0,0,0,0.275453507685873,0.570277538732251,0,0,0,0,0,0,0,0.00436126487914098,0,0,0.660020197480592
0,0,1,0,0,0,0,0,0,1,0,0,0,0,0,0.659424285871844,0,0,0,0,0,0,8.20469972937449e-143,0,0,4.0654764865768e-140
1,0,1,0,0,0,0,0,0,1,0,0,0,0.269028295678878,0,0.578778106578229,0,0,0,0,0,0,1.11947639964141e-179,0,0,0.624834960844144
0,1,1,0,0,0,0,0,0,1,0,0,0,0,1.73721995222185e-28,0.659424285871842,0,0,0,0,0,0,5.51256955026882e-144,0,0,1.67297310090413e-26
1,1,1,0,0,0,0,0,0,1,0,0,0,0.269028295678878,7.05493878210033e-25,0.578778106578229,0,0,0,0,0,0,5.69078088911401e-182,0,0,0.624834960844144
0,0,0,1,0,0,0,0,0,1,0,0,0,0,0,0,0.654910096855906,0,0,0,0,0,0.12262888626525,0,0,0.435859875401439
1,0,0,1,0,0,0,0,0,1,0,0,0,0.275453507685873,0,0,0.591966127229578,0,0,0,0,0,0.00436126487914097,0,0,0.65337942925726
0,1,0,1,0,0,0,0,0,1,0,0,0,0,1.58864882750676e-56,0,0.654910096855906,0,0,0,0,0,0.12262888626525,0,0,0.435859875401439
1,1,0,1,0,0,0,0,0,1,0,0,0,0.275453507685913,6.03707290571848e-56,0,0.591966127229566,0,0,0,0,0,0.00436126487916724,0,0,0.653379429257426
0,0,1,1,0,0,0,0,0,1,0,0,0,0,0,0.272741820378685,0.429926415036968,0,0,0,0,0,2.05513647002504e-22,0,0,0.667914103422614
1,0,1,1,0,0,0,0,0,1,0,0,0,0.269028295678878,0,0.193930045363796,0.427886863400528,0,0,0,0,0,3.25336369504984e-61,0,0,1.04572217680648
0,1,1,1,0,0,0,0,0,1,0,0,0,0,1.08228161109702e-62,0.272741820378685,0.429926415036968,0,0,0,0,0,2.03558236211212e-22,0,0,0.667914103422614
1,1,1,1,0,0,0,0,0,1,0,0,0,0.269028295678878,6.81430974113459e-59,0.193930045363798,0.427886863400525,0,0,0,0,0,3.8684328163799e-61,0,0,1.04572217680648
0,0,0,0,1,0,0,0,0,1,0,0,0,0,0,0,0,0.687691655247155,0,0,0,0,0.12262888626525,0,0,0.425015738022656
1,0,0,0,1,0,0,0,0,1,0,0,0,0.362233577550044,0,0,0,0.622141844876495,0,0,0,0,1.19550885701991e-20,0,0,0.657873552283874
0,1,0,0,1,0,0,0,0,1,0,0,0,0,0.310258322231274,0,0,0.44548605277769,0,0,0,0,0.12262888626525,0,0,0.986782704463806
1,1,0,0,1,0,0,0,0,1,0,0,0,0.340810413884512,0.188560170317187,0,0,0.479143011565853,0,0,0,0,1.11341410154292e-15,0,0,1.03372177631143
0,0,1,0,1,0,0,0,0,1,0,0,0,0,0,0.659424285871842,0,5.1082639984732e-19,0,0,0,0,2.24390671621128e-143,0,0,3.23045663904976e-17
1,0,1,0,1,0,0,0,0,1,0,0,0,0.269028305266829,0,0.578778059811737,0,6.01886218167146e-08,0,0,0,0,6.75130330854661e-180,0,0,0.624836175401825
0,1,1,0,1,0,0,0,0,1,0,0,0,0,2.23369690816409e-28,0.659424285871842,0,5.53072414380978e-19,0,0,0,0,1.52852844913768e-142,0,0,3.49095525281132e-17
1,1,1,0,1,0,0,0,0,1,0,0,0,0.269028305873667,1.24231318145933e-24,0.578778056851804,0,6.39980649313802e-08,0,0,0,0,7.12341544493381e-179,0,0,0.624836247640723
0,0,0,1,1,0,0,0,0,1,0,0,0,0,0,0,0.444681000140462,0.317090451855879,0,0,0,0,0.12262888626525,0,0,0.987417283648151
1,0,0,1,1,0,0,0,0,1,0,0,0,0.318037733583681,0,0,0.364376435921363,0.327136202519134,0,0,0,0,1.5183764784976e-10,0,0,1.09685749913745
0,1,0,1,1,0,0,0,0,1,0,0,0,0,4.22625155741136e-49,0,0.444681000140462,0.317090451855879,0,0,0,0,0.12262888626525,0,0,0.987417283648151
1,1,0,1,1,0,0,0,0,1,0,0,0,0.318037733589324,5.52048452363462e-48,0,0.36437643591906,0.327136202519847,0,0,0,0,1.55361717469247e-10,0,0,1.09685749921306
0,0,1,1,1,0,0,0,0,1,0,0,0,0,0,0.226771302900623,0.406333640517337,0.094952290135493,0,0,0,0,6.51833778482251e-08,0,0,0.954471361769188
1,0,1,1,1,0,0,0,0,1,0,0,0,0.311628432629227,0,0.0440686449218497,0.356657542161418,0.284363938518584,0,0,0,0,3.2660421748952e-27,0,0,1.22696827313999
0,1,1,1,1,0,0,0,0,1,0,0,0,0,1.01290592306566e-59,0.226771325198013,0.406333651526275,0.094952246747644,0,0,0,0,5.15748136153228e-08,0,0,0.95447101053152
1,1,1,1,1,0,0,0,0,1,0,0,0,0.311626575407119,2.54398053033959e-50,0.0440806371081762,0.356655827744239,0.284351726764846,0,0,0,0,2.8809286073004e-27,0,0,1.22699116104394
0,0,0,0,0,1,0,0,0,1,0,0,0,0,0,0,0,0,0.297225572979494,0,0,0,0.12262888626525,0,0,0.603998942315641
1,0,0,0,0,1,0,0,0,1,0,0,0,0.352095290900258,0,0,0,0,0.167345307651026,0,0,0,2.6539329934829e-18,0,0,0.628490225420088
0,1,0,0,0,1,0,0,0,1,0,0,0,0,0.535087633941554,0,0,0,0.297225572979494,0,0,0,0.12262888626525,0,0,0.951405839768285
1,1,0,0,0,1,0,0,0,1,0,0,0,0.352095290900258,0.484698872731938,0,0,0,0.167345307651026,0,0,0,2.65393308913204e-18,0,0,1.01766605699238
0,0,1,0,0,1,0,0,0,1,0,0,0,0,0,0.569735395646641,0,0,0.297225572979494,0,0,0,6.73648382772394e-115,0,0,0.642898790224057
1,0,1,0,0,1,0,0,0,1,0,0,0,0.352095290900256,0,0.503380196051605,0,0,0.167345307651026,0,0,0,1.14878465674323e-178,0,0,1.01220330910497
0,1,1,0,0,1,0,0,0,1,0,0,0,0,2.09192294026438e-32,0.569735395646641,0,0,0.297225572979494,0,0,0,1.65950402447508e-115,0,0,0.642898790224057
1,1,1,0,0,1,0,0,0,1,0,0,0,0.352095290900256,5.67417450024608e-26,0.503380196051603,0,0,0.167345307651026,0,0,0,1.25860740297586e-177,0,0,1.01220330910497
0,0,0,1,0,1,0,0,0,1,0,0,0,0,0,0,0.566660704787709,0,0.297225572979494,0,0,0,0.12262888626525,0,0,0.939091331962881
1,0,0,1,0,1,0,0,0,1,0,0,0,0.352095290900258,0,0,0.522778575534089,0,0.167345307651026,0,0,0,2.65393306013983e-18,0,0,1.00638071302211
0,1,0,1,0,1,0,0,0,1,0,0,0,0,4.05084862837594e-57,0,0.566660704787709,0,0.297225572979494,0,0,0,0.12262888626525,0,0,0.939091331962881
1,1,0,1,0,1,0,0,0,1,0,0,0,0.352095290900258,1.28202760944417e-55,0,0.522778575534089,0,0.167345307651026,0,0,0,2.65393303725994e-18,0,0,1.00638071302211
0,0,1,1,0,1,0,0,0,1,0,0,0,0,0,0.227873742298941,0.380093147224162,0,0.297225572979494,0,0,0,1.90338284469775e-08,0,0,1.0772793295718
1,0,1,1,0,1,0,0,0,1,0,0,0,0.352095290900257,0,0.144333752557184,0.399199767403657,0,0.167345307651026,0,0,0,2.64663911066575e-65,0,0,1.2959617519494
0,1,1,1,0,1,0,0,0,1,0,0,0,0,1.12713838643179e-62,0.227873741883478,0.380093147658685,0,0.297225572979494,0,0,0,1.81306400236718e-08,0,0,1.0772793127451
1,1,1,1,0,1,0,0,0,1,0,0,0,0.352095290900257,1.00214966564228e-57,0.144333752557811,0.399199767403083,0,0.167345307651026,0,0,0,3.15347679616906e-65,0,0,1.29596175194999
0,0,0,0,1,1,0,0,0,1,0,0,0,0,0,0,0,0.687691655247155,1.71472278443234e-90,0,0,0,0.12262888626525,0,0,0.425015738022656
1,0,0,0,1,1,0,0,0,1,0,0,0,0.362233577550044,0,0,0,0.622141844876495,4.49341557469936e-120,0,0,0,1.12819656575055e-20,0,0,0.657873552283874
0,1,0,0,1,1,0,0,0,1,0,0,0,0,0.310258322231265,0,0,0.445486052777699,4.8900671982148e-22,0,0,0,0.12262888626525,0,0,0.986782704463802
1,1,0,0,1,1,0,0,0,1,0,0,0,0.340810413884512,0.188560170317187,0,0,0.479143011565853,2.20445388513985e-76,0,0,0,1.00508616763504e-15,0,0,1.03372177631143
0,0,1,0,1,1,0,0,0,1,0,0,0,0,0,0.569735395640298,0,1.36513702103048e-11,0.297225572967575,0,0,0,5.1844955133256e-115,0,0,0.642898790617111
1,0,1,0,1,1,0,0,0,1,0,0,0,0.348158837230991,0,0.495168804368574,0,0.0191090037722788,0.153650497766391,0,0,0,1.31442546674267e-171,0,0,1.07767748108176
0,1,1,0,1,1,0,0,0,1,0,0,0,0,3.3731646008427e-32,0.569735395639842,0,1.46322388254976e-11,0.297225572966718,0,0,0,2.68991746974091e-114,0,0,0.642898790644182
1,1,1,0,1,1,0,0,0,1,0,0,0,0.348155032646023,2.65951847901432e-25,0.495161349122572,0,0.0191265533653945,0.153637626037706,0,0,0,1.36015919775039e-170,0,0,1.07771986930973
0,0,0,1,1,1,0,0,0,1,0,0,0,0,0,0,0.431315102954742,0.316354050797153,0.0466609532528207,0,0,0,0.12262888626525,0,0,1.14252980161571
1,0,0,1,1,1,0,0,0,1,0,0,0,0.31803773356373,0,0,0.364376435929507,0.327136202516613,4.73552155868976e-31,0,0,0,1.39377744276035e-10,0,0,1.09685749886947
0,1,0,1,1,1,0,0,0,1,0,0,0,0,3.26870052402547e-49,0,0.431315102954742,0.316354050797153,0.0466609532528207,0,0,0,0.12262888626525,0,0,1.14252980161571
1,1,0,1,1,1,0,0,0,1,0,0,0,0.318037733563693,5.62498219405693e-48,0,0.364376435929522,0.327136202516609,7.42867766266515e-31,0,0,0,1.3935476300359e-10,0,0,1.09685749886897
0,0,1,1,1,1,0,0,0,1,0,0,0,0,0,0.183333714161417,0.359652677465584,0.13427602406394,0.19087377886871,0,0,0,0.0162073080824929,0,0,1.38254083315329
1,0,1,1,1,1,0,0,0,1,0,0,0,0.311640183348236,0,0.043992758620936,0.356668397354483,0.284441205121084,1.04439740301215e-14,0,0,0,6.16019514109872e-27,0,0,1.22682335333288
0,1,1,1,1,1,0,0,0,1,0,0,0,0,2.1482372265161e-58,0.183333714210224,0.359652677514959,0.134276023873775,0.190873779049252,0,0,0,0.0162073078347197,0,0,1.38254083232642
1,1,1,1,1,1,0,0,0,1,0,0,0,0.311639268456923,3.38512180368806e-50,0.0439986676989928,0.356667551691085,0.284435189127324,1.16888157663414e-14,0,0,0,5.82980298931554e-27,0,0,1.2268346431914
0,0,0,0,0,0,1,0,0,1,0,0,0,0,0,0,0,0,0,0.34741518088368,0,0,0.00253484261061349,0,0,0.0429103539779029
1,0,0,0,0,0,1,0,0,1,0,0,0,0.269028295678878,0,0,0,0,0,0.281188172153536,0,0,5.92872971652689e-52,0,0,0.692902951959963
0,1,0,0,0,0,1,0,0,1,0,0,0,0,0.520984191115857,0,0,0,0,0.202982602815151,0,0,0.0524277405139891,0,0,0.800438347617539
1,1,0,0,0,0,1,0,0,1,0,0,0,0.269028295678878,0.505914116023143,0,0,0,0,0.104850507701819,0,0,8.64129172639142e-19,0,0,0.934002322099141
0,0,1,0,0,0,1,0,0,1,0,0,0,0,0,0.436699772348906,0,0,0,0.319582713105312,0,0,8.17291775583537e-133,0,0,0.681108153244336
1,0,1,0,0,0,1,0,0,1,0,0,0,0.269028295678878,0,0.39934624292425,0,0,0,0.25746300170132,0,0,1.09435503302331e-171,0,0,1.07771883105994
0,1,1,0,0,0,1,0,0,1,0,0,0,0,5.03235419146545e-14,0.436699772348882,0,0,0,0.319582713105294,0,0,2.65131916897272e-133,0,0,0.681108153246377
1,1,1,0,0,0,1,0,0,1,0,0,0,0.269028295678878,2.72224293697006e-13,0.399346242924117,0,0,0,0.257463001701227,0,0,2.12006046780067e-173,0,0,1.07771883106841
0,0,0,1,0,0,1,0,0,1,0,0,0,0,0,0,0.599505291274091,0,0,0.37257066239651,0,0,1.79008546602913e-06,0,0,0.665668736659101
1,0,0,1,0,0,1,0,0,1,0,0,0,0.269028295678878,0,0,0.541478805374551,0,0,0.305612987963595,0,0,1.40413594051224e-56,0,0,1.04853265862421
0,1,0,1,0,0,1,0,0,1,0,0,0,0,1.00603841808328e-108,0,0.59950528698896,0,0,0.372570678331277,0,0,1.81142847189375e-06,0,0,0.665669017453912
1,1,0,1,0,0,1,0,0,1,0,0,0,0.269028295678878,7.89122049653533e-97,0,0.541478805374551,0,0,0.305612987963595,0,0,1.66324619903708e-56,0,0,1.04853265862421
0,0,1,1,0,0,1,0,0,1,0,0,0,0,0,1.93112421474747e-56,0.599505331829075,0,0,0.372570511587911,0,0,1.58809250492991e-06,0,0,0.665666065754568
1,0,1,1,0,0,1,0,0,1,0,0,0,0.269028295678878,0,4.37135580807122e-49,0.541478805374551,0,0,0.305612987963595,0,0,5.13962177134824e-57,0,0,1.04853265862421
0,1,1,1,0,0,1,0,0,1,0,0,0,0,1.16438879588195e-108,2.27932327465735e-56,0.599505326552881,0,0,0.372570531208082,0,0,1.6143717650164e-06,0,0,0.665666414667248
1,1,1,1,0,0,1,0,0,1,0,0,0,0.269028295678878,7.84130577552421e-97,5.37373630142496e-49,0.541478805374551,0,0,0.305612987963595,0,0,5.87342216761028e-57,0,0,1.04853265862421
0,0,0,0,1,0,1,0,0,1,0,0,0,0,0,0,0,0.712258253990118,0,0.329153915815957,0,0,0.00879164052716895,0,0,0.667021021687641
1,0,0,0,1,0,1,0,0,1,0,0,0,0.36428083538901,0,0,0,0.635807216015361,0,0.237947705248012,0,0,3.64831737741348e-66,0,0,1.01916992762669
0,1,0,0,1,0,1,0,0,1,0,0,0,0,1.41816088424033e-32,0,0,0.71225825399041,0,0.329153916252097,0,0,0.00879164109550448,0,0,0.66702102411978
1,1,0,0,1,0,1,0,0,1,0,0,0,0.364280835389008,2.28995902836813e-29,0,0,0.635807216015361,0,0.237947705248012,0,0,6.14137194134216e-66,0,0,1.01916992762669
0,0,1,0,1,0,1,0,0,1,0,0,0,0,0,1.05244404376018e-30,0,0.712258253987112,0,0.329153911322878,0,0,0.00879163467222707,0,0,0.667020996631956
1,0,1,0,1,0,1,0,0,1,0,0,0,0.364280835389008,0,2.33936058290435e-27,0,0.635807216015362,0,0.237947705248012,0,0,8.38214596058005e-67,0,0,1.01916992762669
0,1,1,0,1,0,1,0,0,1,0,0,0,0,1.55447003511466e-32,1.20039896798109e-30,0,0.712258253987767,0,0.329153912302061,0,0,0.00879163594820302,0,0,0.667021002092378
1,1,1,0,1,0,1,0,0,1,0,0,0,0.364280835389008,1.64561011434262e-29,2.94330096262822e-27,0,0.635807216015362,0,0.237947705248012,0,0,1.26587310979732e-66,0,0,1.01916992762669
0,0,0,1,1,0,1,0,0,1,0,0,0,0,0,0,0.292382453605833,0.469829929279102,0,0.345863530513454,0,0,0.0030438861269062,0,0,1.09471984867402
1,0,0,1,1,0,1,0,0,1,0,0,0,0.335851588538069,0,0,0.236058144339668,0.44604303388734,0,0.261501353083417,0,0,6.10693061211449e-64,0,0,1.35479596427659
0,1,0,1,1,0,1,0,0,1,0,0,0,0,3.01341494758805e-94,0,0.292382398103395,0.469829975980945,0,0.345863617995372,0,0,0.00304400783318743,0,0,1.09472035887355
1,1,0,1,1,0,1,0,0,1,0,0,0,0.335851588538069,4.47303362735589e-80,0,0.236058144339668,0.44604303388734,0,0.261501353083417,0,0,7.06920289325215e-64,0,0,1.35479596427659
0,0,1,1,1,0,1,0,0,1,0,0,0,0,0,1.41818059601662e-71,0.292382828509636,0.469829613822718,0,0.345862939584136,0,0,0.00304306401483813,0,0,1.09471640221098
1,0,1,1,1,0,1,0,0,1,0,0,0,0.335851588538067,0,2.90391250383671e-61,0.236058144339674,0.446043033887334,0,0.261501353083419,0,0,3.96730222865891e-64,0,0,1.35479596427659
0,1,1,1,1,0,1,0,0,1,0,0,0,0,3.01038508264119e-94,1.68540795918741e-71,0.292382761811395,0.46982966994458,0,0.345863044716599,0,0,0.00304321027730319,0,0,1.09471701538906
1,1,1,1,1,0,1,0,0,1,0,0,0,0.335851588538067,4.00618957428501e-80,3.55556698918276e-61,0.236058144339674,0.446043033887334,0,0.261501353083419,0,0,4.52894473546282e-64,0,0,1.35479596427659
0,0,0,0,0,1,1,0,0,1,0,0,0,0,0,0,0,0,0.18510043252359,0.385212354931779,0,0,1.16572000386074e-08,0,0,0.630258998749212
1,0,0,0,0,1,1,0,0,1,0,0,0,0.316635212877441,0,0,0,0,0.0959080581123547,0.290365402929696,0,0,5.51526973252685e-65,0,0,0.996218496394465
0,1,0,0,0,1,1,0,0,1,0,0,0,0,0.393818275660713,0,0,0,0.217109758536444,0.275242478960991,0,0,0.0274368002711853,0,0,1.17095234009016
1,1,0,0,0,1,1,0,0,1,0,0,0,0.33362050657427,0.408427959036165,0,0,0,0.130126332068977,0.15128106010943,0,0,1.22189502922057e-42,0,0,1.27680699898152
0,0,1,0,0,1,1,0,0,1,0,0,0,0,0,0.346922611314121,0,0,0.190747265090754,0.365812338333052,0,0,2.14915652726562e-113,0,0,1.06197250315764
1,0,1,0,0,1,1,0,0,1,0,0,0,0.319080277746698,0,0.344938235859653,0,0,0.100833842795931,0.270343951045312,0,0,1.0146809392356e-171,0,0,1.30643250519031
0,1,1,0,0,1,1,0,0,1,0,0,0,0,2.10655954547795e-14,0.346922611314111,0,0,0.190747265090756,0.365812338333045,0,0,1.64472020300764e-113,0,0,1.06197250315837
1,1,1,0,0,1,1,0,0,1,0,0,0,0.319080277746711,2.3885367722392e-13,0.344938235859522,0,0,0.100833842795957,0.270343951045232,0,0,2.22823174387454e-170,0,0,1.306432505197
0,0,0,1,0,1,1,0,0,1,0,0,0,0,0,0,0.54042248994069,0,0.178421678657096,0.408157597982761,0,0,8.34253333586024e-13,0,0,1.01206835737815
1,0,0,1,0,1,1,0,0,1,0,0,0,0.313934362757649,0,0,0.501835452974002,0,0.0904669729616067,0.312481356334604,0,0,1.49936387719977e-68,0,0,1.25676088326329
0,1,0,1,0,1,1,0,0,1,0,0,0,0,8.20302804098508e-114,0,0.540422489940688,0,0.178421678657091,0.408157597982776,0,0,8.55025452952565e-13,0,0,1.01206835737864
1,1,0,1,0,1,1,0,0,1,0,0,0,0.313934362757649,1.66519562096636e-97,0,0.501835452974002,0,0.0904669729616067,0.312481356334604,0,0,1.71276936019591e-68,0,0,1.25676088326329
0,0,1,1,0,1,1,0,0,1,0,0,0,0,0,1.69579942245617e-66,0.540422489940708,0,0.178421678657131,0.408157597982659,0,0,6.91600265349247e-13,0,0,1.01206835737475
1,0,1,1,0,1,1,0,0,1,0,0,0,0.313934362757649,0,4.84914717946787e-53,0.501835452974002,0,0.0904669729616067,0.312481356334604,0,0,6.23584868129333e-69,0,0,1.25676088326329
0,1,1,1,0,1,1,0,0,1,0,0,0,0,8.94426763105961e-114,1.93491839722937e-66,0.540422489940705,0,0.178421678657125,0.408157597982677,0,0,7.16330471708794e-13,0,0,1.01206835737534
1,1,1,1,0,1,1,0,0,1,0,0,0,0.313934362757649,1.65213506226077e-97,5.78198813168756e-53,0.501835452974002,0,0.0904669729616067,0.312481356334604,0,0,7.06846163677313e-69,0,0,1.25676088326329
0,0,0,0,1,1,1,0,0,1,0,0,0,0,0,0,0,0.71225825399009,3.6146477673349e-132,0.329153915774156,0,0,0.00879164047269846,0,0,0.66702102145454
1,0,0,0,1,1,1,0,0,1,0,0,0,0.36428083538901,0,0,0,0.635807216015361,3.43842432190017e-149,0.237947705248012,0,0,3.19427231146668e-66,0,0,1.01916992762669
0,1,0,0,1,1,1,0,0,1,0,0,0,0,1.1101265735206e-32,0,0,0.712258253990318,1.40563061943987e-131,0.329153916114553,0,0,0.00879164091626986,0,0,0.667021023352763
1,1,0,0,1,1,1,0,0,1,0,0,0,0.364280835389008,1.93023776079144e-29,0,0,0.635807216015361,1.88779713616153e-148,0.237947705248012,0,0,4.84537453413648e-66,0,0,1.01916992762669
0,0,1,0,1,1,1,0,0,1,0,0,0,0,0,6.96475009478147e-31,0,0.712258253988139,2.15359037896493e-131,0.329153912857225,0,0,0.00879163667163913,0,0,0.667021005188256
1,0,1,0,1,1,1,0,0,1,0,0,0,0.364280835389008,0,1.90708835524226e-27,0,0.635807216015362,2.3921183543403e-148,0.237947705248012,0,0,8.93256760590247e-67,0,0,1.01916992762669
0,1,1,0,1,1,1,0,0,1,0,0,0,0,1.11203003111419e-32,7.23665548437755e-31,0,0.712258253988648,5.41132387565071e-131,0.329153913618472,0,0,0.00879163766362169,0,0,0.667021009433355
1,1,1,0,1,1,1,0,0,1,0,0,0,0.364280835389008,1.41165623154661e-29,2.25728029242665e-27,0,0.635807216015362,8.16669530665415e-148,0.237947705248012,0,0,1.27770324991649e-66,0,0,1.01916992762669
0,0,0,1,1,1,1,0,0,1,0,0,0,0,0,0,0.292382494966018,0.469829894477128,2.32011587027286e-65,0.345863465321975,0,0,0.00304379543141173,0,0,1.09471946847038
1,0,0,1,1,1,1,0,0,1,0,0,0,0.335851588538069,0,0,0.236058144339668,0.44604303388734,5.6303636113164e-94,0.261501353083417,0,0,5.07447826387107e-64,0,0,1.35479596427659
0,1,0,1,1,1,1,0,0,1,0,0,0,0,2.73692056876156e-94,0,0.292382452790539,0.46982992996512,3.00660622456727e-65,0.345863531798509,0,0,0.00304388791469538,0,0,1.09471985616857
1,1,0,1,1,1,1,0,0,1,0,0,0,0.335851588538069,4.41158050804848e-80,0,0.236058144339668,0.44604303388734,8.38689939277054e-94,0.261501353083417,0,0,5.66186422791743e-64,0,0,1.35479596427659
0,0,1,1,1,1,1,0,0,1,0,0,0,0,0,1.11026136270221e-71,0.29238282794803,0.469829614295269,4.41014364363156e-65,0.345862940469364,0,0,0.00304306524638574,0,0,1.09471640737404
1,0,1,1,1,1,1,0,0,1,0,0,0,0.335851588538067,0,2.60383645168518e-61,0.236058144339674,0.446043033887334,1.15965732497986e-93,0.261501353083419,0,0,3.27731740061699e-64,0,0,1.35479596427659
0,1,1,1,1,1,1,0,0,1,0,0,0,0,2.69283203336866e-94,1.25924371427037e-71,0.292382771527382,0.469829661769257,5.31619033188128e-65,0.345863029401911,0,0,0.00304318897119685,0,0,1.09471692606761
1,1,1,1,1,1,1,0,0,1,0,0,0,0.335851588538067,4.00125526066515e-80,3.09119950467163e-61,0.236058144339674,0.446043033887334,1.59726497743008e-93,0.261501353083419,0,0,3.63150853456728e-64,0,0,1.35479596427659
0,0,0,0,0,0,0,1,0,1,0,0,0,0,0,0,0,0,0,0,0.185161547666534,0,0.12262888626525,0,0,0.672364519133873
1,0,0,0,0,0,0,1,0,1,0,0,0,0.275453507685875,0,0,0,0,0,0,3.43608184793391e-10,0,0.00436126487914219,0,0,0.0803242959271644
0,1,0,0,0,0,0,1,0,1,0,0,0,0,0.596348101569753,0,0,0,0,0,0.185161547666534,0,0.12262888626525,0,0,0.870205299452282
1,1,0,0,0,0,0,1,0,1,0,0,0,0.275453507685861,0.570277538633564,0,0,0,0,0,3.43608158256654e-10,0,0.00436126487913278,0,0,0.660020206390744
0,0,1,0,0,0,0,1,0,1,0,0,0,0,0,0.618601749885805,0,0,0,0,0.185161547666534,0,3.97820748833302e-130,0,0,0.539720924479722
1,0,1,0,0,0,0,1,0,1,0,0,0,0.269028295678878,0,0.578778044659225,0,0,0,0,2.75455827607268e-07,0,5.12930555222767e-183,0,0,0.624839954472637
0,1,1,0,0,0,0,1,0,1,0,0,0,0,2.88034172860043e-30,0.618601749885805,0,0,0,0,0.185161547666534,0,5.18899956328793e-131,0,0,0.539720924479722
1,1,1,0,0,0,0,1,0,1,0,0,0,0.269028295678878,6.9125820725248e-25,0.578778046674412,0,0,0,0,2.66490975497436e-07,0,7.22866013871363e-182,0,0,0.624839802352661
0,0,0,1,0,0,0,1,0,1,0,0,0,0,0,0,0.617831517967207,0,0,0,0.185161547666534,0,0.12262888626525,0,0,0.859527448630509
1,0,0,1,0,0,0,1,0,1,0,0,0,0.275453507685859,0,0,0.591966127158615,0,0,0,3.43608156161982e-10,0,0.00436126487913202,0,0,0.653379437950436
0,1,0,1,0,0,0,1,0,1,0,0,0,0,4.95697948551085e-58,0,0.617831517967207,0,0,0,0.185161547666534,0,0.12262888626525,0,0,0.859527448630509
1,1,0,1,0,0,0,1,0,1,0,0,0,0.275453507685898,5.94022033668533e-56,0,0.591966127158603,0,0,0,3.43608225048126e-10,0,0.00436126487915744,0,0,0.653379437950598
0,0,1,1,0,0,0,1,0,1,0,0,0,0,0,0.24023693327258,0.42067857660749,0,0,0,0.185161547666534,0,2.81254239847773e-12,0,0,1.03741289402966
1,0,1,1,0,0,0,1,0,1,0,0,0,0.269028295678878,0,0.193929984953822,0.427886863394002,0,0,0,2.58324802237125e-07,0,4.07416672049482e-61,0,0,1.0457264962321
0,1,1,1,0,0,0,1,0,1,0,0,0,0,9.46229358434268e-64,0.240236933272503,0.420678576607567,0,0,0,0.185161547666534,0,2.7147954108986e-12,0,0,1.03741289402667
1,1,1,1,0,0,0,1,0,1,0,0,0,0.269028295678878,6.68401909513706e-59,0.193929986508594,0.427886863394133,0,0,0,2.51676475629955e-07,0,4.78158456143861e-61,0,0,1.04572639243216
0,0,0,0,1,0,0,1,0,1,0,0,0,0,0,0,0,0.68267359829061,0,0,0.127323545162775,0,0.12262888626525,0,0,0.766991358526313
1,0,0,0,1,0,0,1,0,1,0,0,0,0.362233577550044,0,0,0,0.622141844876495,0,0,4.30889557633284e-72,0,1.19640660121273e-20,0,0,0.657873552283874
0,1,0,0,1,0,0,1,0,1,0,0,0,0,0.224543214972035,0,0,0.506794895939393,0,0,0.142224477105096,0,0.12262888626525,0,0,1.21540292432497
1,1,0,0,1,0,0,1,0,1,0,0,0,0.340810413884512,0.188560170317187,0,0,0.479143011565853,0,0,3.69248284088639e-57,0,1.09389754498336e-15,0,0,1.03372177631143
0,0,1,0,1,0,0,1,0,1,0,0,0,0,0,0.618601718773866,0,4.40575381979393e-08,0,0,0.185161543681788,0,5.62191145543203e-129,0,0,0.539721872317033
1,0,1,0,1,0,0,1,0,1,0,0,0,0.269028305742414,0,0.578778054359358,0,6.31741208409311e-08,0,0,1.39360623124884e-08,0,1.24557054333173e-179,0,0,0.624836533730239
0,1,1,0,1,0,0,1,0,1,0,0,0,0,4.54128574654155e-30,0.618601717267093,0,4.6191277554762e-08,0,0,0.185161543488804,0,3.0169194431777e-128,0,0,0.539721915503541
1,1,1,0,1,0,0,1,0,1,0,0,0,0.269028306367053,1.28383102282005e-24,0.578778051552762,0,6.70953130717967e-08,0,0,1.28676486063064e-08,0,1.23040335913431e-178,0,0,0.624836585948424
0,0,0,1,1,0,0,1,0,1,0,0,0,0,0,0,0.384534044405543,0.36112574211682,0,0,0.154565972227517,0,0.12262888626525,0,0,1.27523733062773
1,0,0,1,1,0,0,1,0,1,0,0,0,0.318037733581664,0,0,0.364376435922187,0.32713620251888,0,0,1.07614271018349e-41,0,1.50577906770545e-10,0,0,1.0968574991104
0,1,0,1,1,0,0,1,0,1,0,0,0,0,2.35217512701247e-49,0,0.384534044405543,0.36112574211682,0,0,0.154565972227517,0,0.12262888626525,0,0,1.27523733062773
1,1,0,1,1,0,0,1,0,1,0,0,0,0.318037733586925,5.570915579454e-48,0,0.364376435920039,0.327136202519544,0,0,1.28970080093295e-41,0,1.53863471328582e-10,0,0,1.09685749918092
0,0,1,1,1,0,0,1,0,1,0,0,0,0,0,0.146985398315326,0.355558329079873,0.220369265576351,0,0,0.166491251694162,0,0.0373067836643439,0,0,1.43889534461505
1,0,1,1,1,0,0,1,0,1,0,0,0,0.311630393991989,0,0.0440559797662638,0.356659353086809,0.284376835136031,0,0,3.58652444106694e-35,0,4.92347290590808e-27,0,0,1.22694409681965
0,1,1,1,1,0,0,1,0,1,0,0,0,0,1.37895842720029e-56,0.146985398333926,0.355558329082131,0.220369265550359,0,0,0.166491251696596,0,0.0373067836457413,0,0,1.43889534458715
1,1,1,1,1,0,0,1,0,1,0,0,0,0.311628600291521,2.73615253247139e-50,0.0440675622932042,0.35665769694888,0.284365040949941,0,0,4.08548929376861e-35,0,4.38122087701831e-27,0,0,1.22696620668783
0,0,0,0,0,1,0,1,0,1,0,0,0,0,0,0,0,0,0.306606495780453,0,0.185161547666534,0,0.12262888626525,0,0,1.02997540410091
1,0,0,0,0,1,0,1,0,1,0,0,0,0.352095290900258,0,0,0,0,0.167345307651026,0,1.31982839705805e-39,0,2.64405831596044e-18,0,0,0.628490225420088
0,1,0,0,0,1,0,1,0,1,0,0,0,0,0.480373223209413,0,0,0,0.306606495780453,0,0.185161547666534,0,0.12262888626525,0,0,1.26366821525809
1,1,0,0,0,1,0,1,0,1,0,0,0,0.352095290900258,0.484698872731938,0,0,0,0.167345307651026,0,1.31982853511494e-39,0,2.6440583588743e-18,0,0,1.01766605699238
0,0,1,0,0,1,0,1,0,1,0,0,0,0,0,0.526082132321525,0,0,0.306606495780453,0,0.185161547666534,0,3.10166594466124e-101,0,0,1.01258229323584
1,0,1,0,0,1,0,1,0,1,0,0,0,0.352095290900259,0,0.503380196051602,0,0,0.167345307651027,0,3.04995797167538e-39,0,1.32614504296072e-178,0,0,1.01220330910497
0,1,1,0,0,1,0,1,0,1,0,0,0,0,2.5500363748414e-34,0.526082132321525,0,0,0.306606495780453,0,0.185161547666534,0,1.21522183176162e-101,0,0,1.01258229323584
1,1,1,0,0,1,0,1,0,1,0,0,0,0.352095290900259,5.65880811099732e-26,0.503380196051602,0,0,0.167345307651027,0,2.84533280608009e-39,0,1.36722567799834e-177,0,0,1.01220330910497
0,0,0,1,0,1,0,1,0,1,0,0,0,0,0,0,0.526796831464469,0,0.306606495780453,0,0.185161547666534,0,0.12262888626525,0,0,1.24471718266694
1,0,0,1,0,1,0,1,0,1,0,0,0,0.352095290900258,0,0,0.522778575534089,0,0.167345307651026,0,1.31982847164374e-39,0,2.64405835013027e-18,0,0,1.00638071302211
0,1,0,1,0,1,0,1,0,1,0,0,0,0,1.19570643913098e-58,0,0.526796831464469,0,0.306606495780453,0,0.185161547666534,0,0.12262888626525,0,0,1.24471718266694
1,1,0,1,0,1,0,1,0,1,0,0,0,0.352095290900258,1.2699744486442e-55,0,0.522778575534089,0,0.167345307651026,0,1.3198285385713e-39,0,2.64405780334901e-18,0,0,1.00638071302211
0,0,1,1,0,1,0,1,0,1,0,0,0,0,0,0.196314774146506,0.366646306663695,0,0.306606495780453,0,0.185161547666534,0,0.00867204443253308,0,0,1.38120367867754
1,0,1,1,0,1,0,1,0,1,0,0,0,0.352095290900259,0,0.144333752557032,0.399199767403796,0,0.167345307651027,0,2.70347993468004e-39,0,2.92332697684454e-65,0,0,1.29596175194926
0,1,1,1,0,1,0,1,0,1,0,0,0,0,1.27652834536075e-63,0.196314772608726,0.366646308230817,0,0.306606495780453,0,0.185161547666534,0,0.00867204187065637,0,0,1.38120366950715
1,1,1,1,0,1,0,1,0,1,0,0,0,0.352095290900259,9.95193667861714e-58,0.144333752557638,0.399199767403241,0,0.167345307651027,0,2.58383231689017e-39,0,3.46191533505088e-65,0,0,1.29596175194982
0,0,0,0,1,1,0,1,0,1,0,0,0,0,0,0,0,0.68267359829061,1.01048965484303e-86,0,0.127323545162775,0,0.12262888626525,0,0,0.766991358526313
1,0,0,0,1,1,0,1,0,1,0,0,0,0.362233577550044,0,0,0,0.622141844876495,4.66243226128714e-120,0,3.48840718106366e-72,0,1.12735374230009e-20,0,0,0.657873552283874
0,1,0,0,1,1,0,1,0,1,0,0,0,0,0.224543214972026,0,0,0.506794895939403,1.3618886388207e-36,0,0.142224477105093,0,0.12262888626525,0,0,1.21540292432496
1,1,0,0,1,1,0,1,0,1,0,0,0,0.340810413884512,0.188560170317187,0,0,0.479143011565853,1.78419080058673e-76,0,2.465446733601e-57,0,9.89063635056551e-16,0,0,1.03372177631143
0,0,1,0,1,1,0,1,0,1,0,0,0,0,0,0.516852161459067,0,0.0205735704603481,0.290216487996427,0,0.183417762436556,0,6.30905948066672e-97,0,0,1.09019698690526
1,0,1,0,1,1,0,1,0,1,0,0,0,0.3481585084824,0,0.495168160133321,0,0.0191105202788931,0.153649385510771,0,6.46195019147791e-38,0,1.99523941288144e-171,0,0,1.07768114463289
0,1,1,0,1,1,0,1,0,1,0,0,0,0,1.85054976963148e-33,0.516847671240849,0,0.0205835917394954,0.290208376371361,0,0.183416898870404,0,2.66497672758299e-96,0,0,1.09022485003186
1,1,1,0,1,1,0,1,0,1,0,0,0,0.348154721727694,2.74044742604873e-25,0.495160739907901,0,0.0191279874726892,0.153636574166058,0,6.00945896649086e-38,0,1.95036598486333e-170,0,0,1.07772333241304
0,0,0,1,1,1,0,1,0,1,0,0,0,0,0,0,0.37900518383282,0.360828832581911,0.0192673301592528,0,0.154591127227487,0,0.12262888626525,0,0,1.34567919130753
1,0,0,1,1,1,0,1,0,1,0,0,0,0.318037733562258,0,0,0.364376435930108,0.327136202516427,4.18312444129004e-31,0,7.31733359574146e-42,0,1.38458677348324e-10,0,0,1.09685749884966
0,1,0,1,1,1,0,1,0,1,0,0,0,0,2.11200082260141e-49,0,0.379005183728196,0.360828832586849,0.0192673304838375,0,0.154591127227031,0,0.12262888626525,0,0,1.34567919216687
1,1,0,1,1,1,0,1,0,1,0,0,0,0.318037733562327,5.67032015587301e-48,0,0.364376435930079,0.327136202516436,6.45854499359005e-31,0,8.08034832821321e-42,0,1.38501931695646e-10,0,0,1.09685749885059
0,0,1,1,1,1,0,1,0,1,0,0,0,0,0,0.123709105850193,0.327210720172656,0.24089043037138,0.114777990930495,0,0.164752641645018,0,0.0508182087892038,0,0,1.64978475134711
1,0,1,1,1,1,0,1,0,1,0,0,0,0.311640757272368,0,0.0439890517134068,0.356668927893733,0.284444979050742,9.09950197544852e-15,0,5.1358922665738e-36,0,8.35415583209252e-27,0,0,1.22681627047348
0,1,1,1,1,1,0,1,0,1,0,0,0,0,8.94942873136487e-56,0.123709105900333,0.32721072015341,0.240890430308284,0.114777990993057,0,0.164752641650895,0,0.0508182087482391,0,0,1.64978475137171
1,1,1,1,1,1,0,1,0,1,0,0,0,0.311639866577573,3.52510984770202e-50,0.0439948045850245,0.356668104543714,0.284439122149207,1.02346010164108e-14,0,4.89752565261689e-36,0,7.92427928686701e-27,0,0,1.22682726244443
0,0,0,0,0,0,1,1,0,1,0,0,0,0,0,0,0,0,0,0.347415188482477,9.76246249350422e-229,0,0.0025348527302184,0,0,0.04291049445761
1,0,0,0,0,0,1,1,0,1,0,0,0,0.269028295678878,0,0,0,0,0,0.281188172153536,7.5082458279698e-271,0,5.95494049611387e-52,0,0,0.692902951959963
0,1,0,0,0,0,1,1,0,1,0,0,0,0,0.520984191115857,0,0,0,0,0.202982602815151,7.72806100814157e-92,0,0.0524277405139891,0,0,0.800438347617539
1,1,0,0,0,0,1,1,0,1,0,0,0,0.269028295678878,0.505914116023143,0,0,0,0,0.104850507701819,5.45471370101534e-107,0,8.61689957259988e-19,0,0,0.934002322099141
0,0,1,0,0,0,1,1,0,1,0,0,0,0,0,0.436699772348906,0,0,0,0.319582713105312,8.33181516089814e-197,0,8.58336833078871e-133,0,0,0.681108153244336
1,0,1,0,0,0,1,1,0,1,0,0,0,0.269028295678878,0,0.39934624292425,0,0,0,0.25746300170132,6.12427893582245e-242,0,1.13729687196753e-171,0,0,1.07771883105994
0,1,1,0,0,0,1,1,0,1,0,0,0,0,5.02634496871027e-14,0.436699772348882,0,0,0,0.319582713105294,5.02218055763903e-199,0,2.71597344261782e-133,0,0,0.681108153246374
1,1,1,0,0,0,1,1,0,1,0,0,0,0.269028295678878,2.7198888606662e-13,0.399346242924117,0,0,0,0.257463001701227,3.35421198673599e-246,0,2.16158773841396e-173,0,0,1.07771883106841
0,0,0,1,0,0,1,1,0,1,0,0,0,0,0,0,0.599505291113518,0,0,0.372570662993618,5.05956761067546e-252,0,1.79088523178177e-06,0,0,0.665668747185754
1,0,0,1,0,0,1,1,0,1,0,0,0,0.269028295678878,0,0,0.541478805374551,0,0,0.305612987963595,1.12828506415991e-293,0,1.41134062376592e-56,0,0,1.04853265862421
0,1,0,1,0,0,1,1,0,1,0,0,0,0,1.01027269392212e-108,0,0.599505286865438,0,0,0.37257067879061,1.40819603851514e-251,0,1.81204370048275e-06,0,0,0.665669025544188
1,1,0,1,0,0,1,1,0,1,0,0,0,0.269028295678878,7.92605904705536e-97,0,0.541478805374551,0,0,0.305612987963595,4.12001014045181e-293,0,1.66970175668181e-56,0,0,1.04853265862421
0,0,1,1,0,0,1,1,0,1,0,0,0,0,0,1.94131575059459e-56,0.599505331213751,0,0,0.372570513876068,2.98784700214676e-251,0,1.59115726287583e-06,0,0,0.665666106468606
1,0,1,1,0,0,1,1,0,1,0,0,0,0.269028295678878,0,4.40198191897256e-49,0.541478805374551,0,0,0.305612987963595,3.2546966658588e-293,0,5.18968680018818e-57,0,0,1.04853265862421
0,1,1,1,0,0,1,1,0,1,0,0,0,0,1.1680900976843e-108,2.28569084498426e-56,0.599505325990534,0,0,0.372570533299239,6.83613755668279e-251,0,1.61717266200685e-06,0,0,0.665666451828991
1,1,1,1,0,0,1,1,0,1,0,0,0,0.269028295678878,7.8784434988699e-97,5.399533178096e-49,0.541478805374551,0,0,0.305612987963595,9.26400527182585e-293,0,5.92600347731325e-57,0,0,1.04853265862421
0,0,0,0,1,0,1,1,0,1,0,0,0,0,0,0,0,0.712258253990121,0,0.32915391581937,5.06413612089818e-244,0,0.00879164053161659,0,0,0.667021021706674
1,0,0,0,1,0,1,1,0,1,0,0,0,0.36428083538901,0,0,0,0.635807216015361,0,0.237947705248012,6.14412097113834e-297,0,3.66802258798648e-66,0,0,1.01916992762669
0,1,0,0,1,0,1,1,0,1,0,0,0,0,1.35674481613961e-32,0,0,0.7122582539904,0,0.32915391623731,3.55795960713805e-243,0,0.00879164107623561,0,0,0.667021024037321
1,1,0,0,1,0,1,1,0,1,0,0,0,0.364280835389008,2.22278300586755e-29,0,0,0.635807216015361,0,0.237947705248012,8.97939325989452e-296,0,6.07855499676731e-66,0,0,1.01916992762669
0,0,1,0,1,0,1,1,0,1,0,0,0,0,0,9.89008226677931e-31,0,0.712258253987353,0,0.329153911682421,7.02322663449912e-243,0,0.0087916351407489,0,0,0.667020998636952
1,0,1,0,1,0,1,1,0,1,0,0,0,0.364280835389008,0,2.27933437789385e-27,0,0.635807216015362,0,0.237947705248012,2.22009689966733e-296,0,8.81549899394682e-67,0,0,1.01916992762669
0,1,1,0,1,0,1,1,0,1,0,0,0,0,1.47307229213231e-32,1.11436136122771e-30,0,0.712258253987969,0,0.32915391260379,3.05372564423536e-242,0,0.00879163634138693,0,0,0.667021003774973
1,1,1,0,1,0,1,1,0,1,0,0,0,0.364280835389008,1.6078432793514e-29,2.8452802253935e-27,0,0.635807216015362,0,0.237947705248012,1.683697243146e-295,0,1.32073381512659e-66,0,0,1.01916992762669
0,0,0,1,1,0,1,1,0,1,0,0,0,0,0,0,0.292382446671479,0.469829935113925,0,0.345863541443282,6.42969478253076e-249,0,0.00304390133266567,0,0,1.09471991241767
1,0,0,1,1,0,1,1,0,1,0,0,0,0.335851588538069,0,0,0.236058144339668,0.44604303388734,0,0.261501353083417,4.1099818162096e-299,0,6.12601914686442e-64,0,0,1.35479596427659
0,1,0,1,1,0,1,1,0,1,0,0,0,0,3.05352912108573e-94,0,0.292382391571151,0.469829981477425,0,0.345863628291342,1.35778571241972e-248,0,0.00304402215710592,0,0,1.0947204189199
1,1,0,1,1,0,1,1,0,1,0,0,0,0.335851588538069,4.52868906051944e-80,0,0.236058144339668,0.44604303388734,0,0.261501353083417,1.06628595307708e-298,0,7.07465743274974e-64,0,0,1.35479596427659
0,0,1,1,1,0,1,1,0,1,0,0,0,0,0,1.40979526446461e-71,0.292382807151749,0.469829631793862,0,0.345862973249378,1.98021104597051e-248,0,0.00304311085063071,0,0,1.09471659856204
1,0,1,1,1,0,1,1,0,1,0,0,0,0.335851588538067,0,2.90995068064577e-61,0.236058144339674,0.446043033887334,0,0.261501353083419,8.38180397247759e-299,0,4.01238331856549e-64,0,0,1.35479596427659
0,1,1,1,1,0,1,1,0,1,0,0,0,0,3.05243191687827e-94,1.66741698485139e-71,0.292382740751223,0.46982968766525,0,0.345863077912346,3.74536642655357e-248,0,0.00304325645989982,0,0,1.09471720899956
1,1,1,1,1,0,1,1,0,1,0,0,0,0.335851588538067,4.06494421871463e-80,3.55002863254043e-61,0.236058144339674,0.446043033887334,0,0.261501353083419,1.92564932830211e-298,0,4.57262170119262e-64,0,0,1.35479596427659
0,0,0,0,0,1,1,1,0,1,0,0,0,0,0,0,0,0,0.185100432522523,0.385212354935124,8.03285713882785e-264,0,1.16618909102983e-08,0,0,0.630258998887336
1,0,0,0,0,1,1,1,0,1,0,0,0,0.316635212877441,0,0,0,0,0.0959080581123547,0.290365402929696,2.78098387476329e-298,0,5.52248626122042e-65,0,0,0.996218496394465
0,1,0,0,0,1,1,1,0,1,0,0,0,0,0.393818275660713,0,0,0,0.217109758536444,0.275242478960991,1.09659829651964e-160,0,0.0274368002711853,0,0,1.17095234009016
1,1,0,0,0,1,1,1,0,1,0,0,0,0.33362050657427,0.408427959036165,0,0,0,0.130126332068977,0.15128106010943,2.75834085035758e-175,0,1.21374720610467e-42,0,0,1.27680699898152
0,0,1,0,0,1,1,1,0,1,0,0,0,0,0,0.346922611314121,0,0,0.190747265090754,0.365812338333052,1.66713317589137e-238,0,2.25890444535371e-113,0,0,1.06197250315764
1,0,1,0,0,1,1,1,0,1,0,0,0,0.319080277746698,0,0.344938235859653,0,0,0.100833842795931,0.270343951045312,2.65540923159068e-280,0,1.05430699223646e-171,0,0,1.30643250519031
0,1,1,0,0,1,1,1,0,1,0,0,0,0,2.10532488409233e-14,0.346922611314111,0,0,0.190747265090756,0.365812338333045,4.78887459201875e-243,0,1.68447862335149e-113,0,0,1.06197250315837
1,1,1,0,0,1,1,1,0,1,0,0,0,0.319080277746711,2.38721020151565e-13,0.344938235859522,0,0,0.100833842795957,0.270343951045232,1.54855585759675e-278,0,2.27164343691833e-170,0,0,1.30643250519699
0,0,0,1,0,1,1,1,0,1,0,0,0,0,0,0,0.54042248994069,0,0.178421678657096,0.408157597982762,4.35557742648896e-285,0,8.3496198337314e-13,0,0,1.01206835737817
1,0,0,1,0,1,1,1,0,1,0,0,0,0.313934362757649,0,0,0.501835452974002,0,0.0904669729616067,0.312481356334604,6.53444306270591e-318,0,1.50232040226288e-68,0,0,1.25676088326329
0,1,0,1,0,1,1,1,0,1,0,0,0,0,8.22165347025184e-114,0,0.540422489940688,0,0.178421678657091,0.408157597982777,9.8598010356914e-285,0,8.55472520498804e-13,0,0,1.01206835737865
1,1,0,1,0,1,1,1,0,1,0,0,0,0.313934362757649,1.67145342416742e-97,0,0.501835452974002,0,0.0904669729616067,0.312481356334604,1.88231550674263e-317,0,1.71381275487292e-68,0,0,1.25676088326329
0,0,1,1,0,1,1,1,0,1,0,0,0,0,0,1.69932632850942e-66,0.540422489940708,0,0.17842167865713,0.408157597982661,1.39120386651224e-284,0,6.94414192182653e-13,0,0,1.01206835737482
1,0,1,1,0,1,1,1,0,1,0,0,0,0.313934362757649,0,4.87570020784731e-53,0.501835452974002,0,0.0904669729616067,0.312481356334604,1.33816494418552e-317,0,6.28820740998931e-69,0,0,1.25676088326329
0,1,1,1,0,1,1,1,0,1,0,0,0,0,8.95368853812177e-114,1.93384664788843e-66,0.540422489940705,0,0.178421678657124,0.408157597982679,2.62050569815491e-284,0,7.18823872428354e-13,0,0,1.0120683573754
1,1,1,1,0,1,1,1,0,1,0,0,0,0.313934362757649,1.6588170367699e-97,5.80047833614717e-53,0.501835452974002,0,0.0904669729616067,0.312481356334604,3.13884351393757e-317,0,7.11993789084021e-69,0,0,1.25676088326329
0,0,0,0,1,1,1,1,0,1,0,0,0,0,0,0,0,0.712258253990092,3.69794201175259e-132,0.329153915776661,3.27178805068431e-244,0,0.00879164047596281,0,0,0.667021021468509
1,0,0,0,1,1,1,1,0,1,0,0,0,0.36428083538901,0,0,0,0.635807216015361,3.50454519875815e-149,0.237947705248012,3.93787746037925e-297,0,3.20574807383312e-66,0,0,1.01916992762669
0,1,0,0,1,1,1,1,0,1,0,0,0,0,1.060114359714e-32,0,0,0.71225825399031,1.35356065743803e-131,0.329153916102016,1.44832128397443e-243,0,0.00879164089993262,0,0,0.667021023282849
1,1,0,0,1,1,1,1,0,1,0,0,0,0.364280835389008,1.87195202600326e-29,0,0,0.635807216015361,1.82327761585228e-148,0.237947705248012,3.56310172758593e-296,0,4.79955536695388e-66,0,0,1.01916992762669
0,0,1,0,1,1,1,1,0,1,0,0,0,0,0,6.56094060697402e-31,0,0.71225825398828,2.04560495522212e-131,0.329153913068969,2.26300300803241e-243,0,0.00879163694756294,0,0,0.667021006369047
1,0,1,0,1,1,1,1,0,1,0,0,0,0.364280835389008,0,1.85628598157681e-27,0,0.635807216015362,2.30981370132106e-148,0.237947705248012,1.02053719160426e-296,0,9.32185127732915e-67,0,0,1.01916992762669
0,1,1,0,1,1,1,1,0,1,0,0,0,0,1.0561373750694e-32,6.76819235076594e-31,0,0.712258253988756,4.94608365251832e-131,0.329153913779243,6.32712075857988e-243,0,0.00879163787312246,0,0,0.667021010329894
1,1,1,0,1,1,1,1,0,1,0,0,0,0.364280835389008,1.3775148768039e-29,2.18324222667234e-27,0,0.635807216015362,7.62070976467037e-148,0.237947705248012,5.25809377169682e-296,0,1.3221961013147e-66,0,0,1.01916992762669
0,0,0,1,1,1,1,1,0,1,0,0,0,0,0,0,0.292382487780627,0.469829900523176,2.21338961371923e-65,0.34586347664753,3.66172631872593e-249,0,0.00304381118771907,0,0,1.09471953452242
1,0,0,1,1,1,1,1,0,1,0,0,0,0.335851588538069,0,0,0.236058144339668,0.44604303388734,5.43102254564225e-94,0.261501353083417,2.41212353571175e-299,0,5.0855780127813e-64,0,0,1.35479596427659
0,1,0,1,1,1,1,1,0,1,0,0,0,0,2.77016032420125e-94,0,0.292382445730177,0.469829935905971,2.83570416455285e-65,0.345863542926947,6.55774097172407e-249,0,0.00304390339676479,0,0,1.09471992107052
1,1,0,1,1,1,1,1,0,1,0,0,0,0.335851588538069,4.46211535260306e-80,0,0.236058144339668,0.44604303388734,8.00878989970473e-94,0.261501353083417,5.35754588966567e-299,0,5.66402335841937e-64,0,0,1.35479596427659
0,0,1,1,1,1,1,1,0,1,0,0,0,0,0,1.10379507780205e-71,0.292382807449355,0.469829631543448,4.13549749169098e-65,0.345862972780279,8.51815002324174e-249,0,0.0030431101980107,0,0,1.09471659582604
1,0,1,1,1,1,1,1,0,1,0,0,0,0.335851588538069,0,2.60796179030723e-61,0.236058144339668,0.44604303388734,1.10308365908412e-93,0.261501353083417,3.93056463305013e-299,0,3.31271151562881e-64,0,0,1.35479596427659
0,1,1,1,1,1,1,1,0,1,0,0,0,0,2.72800445942095e-94,1.24730433717723e-71,0.292382751370581,0.469829678729797,4.93902779709379e-65,0.345863061173768,1.37164449612967e-248,0,0.00304323317285169,0,0,1.09471711137376
1,1,1,1,1,1,1,1,0,1,0,0,0,0.335851588538069,4.05547676674013e-80,3.08617213499584e-61,0.236058144339668,0.44604303388734,1.50708403193571e-93,0.261501353083417,7.76545485594176e-299,0,3.66588481275846e-64,0,0,1.35479596427659
0,0,0,0,0,0,0,0,1,1,0,0,0,0,0,0,0,0,0,0,0,0.15771803556895,0.12262888626525,0,0,0.685293672372239
1,0,0,0,0,0,0,0,1,1,0,0,0,0.416951067690223,0,0,0,0,0,0,0,0.19479489243204,1.87784328838365e-33,0,0,0.625676170285288
0,1,0,0,0,0,0,0,1,1,0,0,0,0,0.560324801798444,0,0,0,0,0,0,0.560808602707596,0.12262888626525,0,0,0.946791285424701
1,1,0,0,0,0,0,0,1,1,0,0,0,0.640897248548447,0.387453969778067,0,0,0,0,0,0,0.489702644752272,4.18721530926824e-86,0,0,1.07756420868573
0,0,1,0,0,0,0,0,1,1,0,0,0,0,0,0.535934623446375,0,0,0,0,0,0.663317991239175,1.92951126728333e-104,0,0,0.687495290621396
1,0,1,0,0,0,0,0,1,1,0,0,0,0.681564758125196,0,0.353974870123195,0,0,0,0,0,0.543256421806115,2.93509609347796e-204,0,0,1.06496250697098
0,1,1,0,0,0,0,0,1,1,0,0,0,0,1.37954807202105e-17,0.535934623446373,0,0,0,0,0,0.663317991239174,2.86223087391625e-104,0,0,0.687495290621397
1,1,1,0,0,0,0,0,1,1,0,0,0,0.68156475812803,1.35269071771362e-10,0.353974870022205,0,0,0,0,0,0.543256421809723,3.81474852220771e-207,0,0,1.06496250892357
0,0,0,1,0,0,0,0,1,1,0,0,0,0,0,0,0.529431524097282,0,0,0,0,0.890179979505979,0.12262888626525,0,0,0.885563110975294
1,0,0,1,0,0,0,0,1,1,0,0,0,0.810092396239883,0,0,0.353681770766745,0,0,0,0,0.712510466336691,2.22910548130571e-124,0,0,1.04486271452179
0,1,0,1,0,0,0,0,1,1,0,0,0,0,1.5066591313113e-50,0,0.529431524097282,0,0,0,0,0.890179979505979,0.12262888626525,0,0,0.885563110975294
1,1,0,1,0,0,0,0,1,1,0,0,0,0.810092396239882,5.35897395849316e-46,0,0.353681770766745,0,0,0,0,0.712510466336692,6.28262230225992e-126,0,0,1.04486271452179
0,0,1,1,0,0,0,0,1,1,0,0,0,0,0,0.0678955964066867,0.475367047114813,0,0,0,0,0.880789348731203,0.0832168392099015,0,0,0.977448840135225
1,0,1,1,0,0,0,0,1,1,0,0,0,0.810092396239882,0,4.28450694991009e-15,0.353681770766742,0,0,0,0,0.712510466336691,2.34863223767598e-127,0,0,1.04486271452186
0,1,1,1,0,0,0,0,1,1,0,0,0,0,1.70219338216861e-52,0.0678955977413119,0.475367046026895,0,0,0,0,0.880789348517372,0.0832168383111449,0,0,0.977448840805417
1,1,1,1,0,0,0,0,1,1,0,0,0,0.810092396239881,4.65417082054624e-46,4.42554932683782e-15,0.353681770766742,0,0,0,0,0.712510466336691,3.50075056677378e-127,0,0,1.04486271452186
0,0,0,0,1,0,0,0,1,1,0,0,0,0,0,0,0,0.649992703495818,0,0,0,0.504462443617788,0.12262888626525,0,0,0.935642403346919
1,0,0,0,1,0,0,0,1,1,0,0,0,0.719509517379292,0,0,0,0.515327634166497,0,0,0,0.491558381165937,1.58948816723842e-103,0,0,1.08332978985307
0,1,0,0,1,0,0,0,1,1,0,0,0,0,0.175890588235412,0,0,0.508853024686519,0,0,0,0.555703684373514,0.12262888626525,0,0,1.21453081085431
1,1,0,0,1,0,0,0,1,1,0,0,0,0.71950951740186,2.9522773853141e-10,0,0,0.515327633911397,0,0,0,0.491558381245121,9.42015478336583e-105,0,0,1.08332979367132
0,0,1,0,1,0,0,0,1,1,0,0,0,0,0,0.43476832845699,0,0.147087348331539,0,0,0,0.647655887190036,1.38992681570684e-71,0,0,0.959275460966017
1,0,1,0,1,0,0,0,1,1,0,0,0,0.719509542220877,0,6.59295705256538e-07,0,0.515326833817035,0,0,0,0.491558571213771,2.14294456175012e-107,0,0,1.08333535945301
0,1,1,0,1,0,0,0,1,1,0,0,0,0,2.97717092121371e-16,0.434768326903284,0,0.14708735050905,0,0,0,0.647655886902996,1.95928928517286e-70,0,0,0.959275463000486
1,1,1,0,1,0,0,0,1,1,0,0,0,0.719509536968174,1.40377883039853e-10,5.19603414075159e-07,0,0.515327003274703,0,0,0,0.491558530983906,9.32243099110307e-107,0,0,1.08333425290046
0,0,0,1,1,0,0,0,1,1,0,0,0,0,0,0,0.288420642632897,0.390159185572882,0,0,0,0.764878314899644,0.12262888626525,0,0,1.20727779227495
1,0,0,1,1,0,0,0,1,1,0,0,0,0.777977269266948,0,0,0.111768694679855,0.403304702078509,0,0,0,0.590653165531019,1.15661161226249e-118,0,0,1.22646445992118
0,1,0,1,1,0,0,0,1,1,0,0,0,0,2.34699759313575e-42,0,0.288420642632897,0.390159185572882,0,0,0,0.764878314899644,0.12262888626525,0,0,1.20727779227495
1,1,0,1,1,0,0,0,1,1,0,0,0,0.777977269266948,4.68882256950249e-38,0,0.111768694679855,0.403304702078509,0,0,0,0.590653165531019,1.34414176843874e-118,0,0,1.22646445992118
0,0,1,1,1,0,0,0,1,1,0,0,0,0,0,4.48885032018053e-09,0.288420642120525,0.39015918059464,0,0,0,0.76487831588605,0.122628883345793,0,0,1.20727784451582
1,0,1,1,1,0,0,0,1,1,0,0,0,0.777977269266948,0,3.20848629327526e-29,0.111768694679855,0.403304702078509,0,0,0,0.590653165531019,3.7712863217309e-119,0,0,1.22646445992118
0,1,1,1,1,0,0,0,1,1,0,0,0,0,1.04532619936724e-42,4.66777439754835e-09,0.288420642100102,0.39015918039621,0,0,0,0.764878315925368,0.122628883229424,0,0,1.20727784648163
1,1,1,1,1,0,0,0,1,1,0,0,0,0.777977269266948,4.07229589766646e-38,3.36304588077601e-29,0.111768694679855,0.403304702078509,0,0,0,0.590653165531019,4.75796967114733e-119,0,0,1.22646445992118
0,0,0,0,0,1,0,0,1,1,0,0,0,0,0,0,0,0,0.116643348700107,0,0,0.136341223977788,0.12262888626525,0,0,1.09646244559532
1,0,0,0,0,1,0,0,1,1,0,0,0,0.416951067690223,0,0,0,0,2.51239864858704e-43,0,0,0.19479489243204,1.67550942585243e-33,0,0,0.625676170285288
0,1,0,0,0,1,0,0,1,1,0,0,0,0,0.560324801798444,0,0,0,1.17072186291223e-161,0,0,0.560808602707596,0.12262888626525,0,0,0.946791285424701
1,1,0,0,0,1,0,0,1,1,0,0,0,0.640897248548447,0.387453969778067,0,0,0,3.25864960051107e-213,0,0,0.489702644752272,4.16233319914669e-86,0,0,1.07756420868573
0,0,1,0,0,1,0,0,1,1,0,0,0,0,0,0.535934623446375,0,0,6.49879553551758e-206,0,0,0.663317991239175,2.13090548102398e-104,0,0,0.687495290621396
1,0,1,0,0,1,0,0,1,1,0,0,0,0.681564758125196,0,0.353974870123194,0,0,9.73914635886055e-238,0,0,0.543256421806115,3.18996397307293e-204,0,0,1.06496250697098
0,1,1,0,0,1,0,0,1,1,0,0,0,0,1.36570363430605e-17,0.535934623446373,0,0,1.02128838610869e-210,0,0,0.663317991239174,2.86125670610636e-104,0,0,0.687495290621397
1,1,1,0,0,1,0,0,1,1,0,0,0,0.68156475812802,1.3478699282388e-10,0.353974870022565,0,0,2.44263960572413e-244,0,0,0.54325642180971,3.85967625238376e-207,0,0,1.06496250891691
0,0,0,1,0,1,0,0,1,1,0,0,0,0,0,0,0.529431524097282,0,8.22456258662548e-319,0,0,0.890179979505979,0.12262888626525,0,0,0.885563110975294
1,0,0,1,0,1,0,0,1,1,0,0,0,0.810092396239883,0,0,0.353681770766745,0,2.47032822920623e-323,0,0,0.712510466336691,2.24334348281549e-124,0,0,1.04486271452179
0,1,0,1,0,1,0,0,1,1,0,0,0,0,1.50382950641609e-50,0,0.529431524097282,0,2.0766122566918e-318,0,0,0.890179979505979,0.12262888626525,0,0,0.885563110975294
1,1,0,1,0,1,0,0,1,1,0,0,0,0.810092396239882,5.35387073464349e-46,0,0.353681770766745,0,2.47032822920623e-323,0,0,0.712510466336692,6.28552000652385e-126,0,0,1.04486271452179
0,0,1,1,0,1,0,0,1,1,0,0,0,0,0,0.0678955965296299,0.475367047014596,0,1.03167121085829e-313,0,0,0.880789348711505,0.0832168391271098,0,0,0.977448840196962
1,0,1,1,0,1,0,0,1,1,0,0,0,0.810092396239882,0,4.29970546057104e-15,0.353681770766742,0,2.47032822920623e-323,0,0,0.712510466336691,2.3776366108696e-127,0,0,1.04486271452186
0,1,1,1,0,1,0,0,1,1,0,0,0,0,1.69746195272593e-52,0.0678955978292013,0.475367045955252,0,1.8305932373067e-313,0,0,0.88078934850329,0.0832168382519589,0,0,0.977448840849552
1,1,1,1,0,1,0,0,1,1,0,0,0,0.810092396239881,4.65207641770076e-46,4.43615636030635e-15,0.353681770766742,0,2.47032822920623e-323,0,0,0.712510466336691,3.51892241902382e-127,0,0,1.04486271452186
0,0,0,0,1,1,0,0,1,1,0,0,0,0,0,0,0,0.649992703495818,2.62694703893791e-320,0,0,0.504462443617788,0.12262888626525,0,0,0.935642403346919
1,0,0,0,1,1,0,0,1,1,0,0,0,0.719509517379292,0,0,0,0.515327634166497,2.47032822920623e-323,0,0,0.491558381165937,1.57267892224936e-103,0,0,1.08332978985307
0,1,0,0,1,1,0,0,1,1,0,0,0,0,0.175890588235412,0,0,0.508853024686519,2.64797485079238e-304,0,0,0.555703684373514,0.12262888626525,0,0,1.21453081085431
1,1,0,0,1,1,0,0,1,1,0,0,0,0.719509517401673,2.92791541860363e-10,0,0,0.515327633913502,2.47032822920623e-323,0,0,0.491558381244468,9.35373155146889e-105,0,0,1.08332979364121
0,0,1,0,1,1,0,0,1,1,0,0,0,0,0,0.434768328406273,0,0.147087348402619,3.40770591052837e-247,0,0,0.647655887180666,1.51813513812345e-71,0,0,0.959275461032427
1,0,1,0,1,1,0,0,1,1,0,0,0,0.719509542020677,0,6.53982363087001e-07,0,0.515326840267149,2.47032822920623e-323,0,0,0.491558569682154,2.35822077300203e-107,0,0,1.08333531763222
0,1,1,0,1,1,0,0,1,1,0,0,0,0,2.96270018138011e-16,0.434768326876512,0,0.147087350546571,1.91158916202452e-247,0,0,0.64765588689805,2.02205276230516e-70,0,0,0.959275463035542
1,1,1,0,1,1,0,0,1,1,0,0,0,0.719509536853294,1.39603695801223e-10,5.16556059079774e-07,0,0.515327006974697,2.47032822920623e-323,0,0,0.491558530105272,9.74486684046296e-107,0,0,1.08333422848678
0,0,0,1,1,1,0,0,1,1,0,0,0,0,0,0,0.288420642632897,0.390159185572882,2.47032822920623e-323,0,0,0.764878314899644,0.12262888626525,0,0,1.20727779227495
1,0,0,1,1,1,0,0,1,1,0,0,0,0.777977269266948,0,0,0.111768694679855,0.403304702078509,1.97626258336499e-323,0,0,0.590653165531019,1.16188822884453e-118,0,0,1.22646445992118
0,1,0,1,1,1,0,0,1,1,0,0,0,0,2.34257509513637e-42,0,0.288420642632897,0.390159185572882,2.47032822920623e-323,0,0,0.764878314899644,0.12262888626525,0,0,1.20727779227495
1,1,0,1,1,1,0,0,1,1,0,0,0,0.777977269266948,4.68242645534929e-38,0,0.111768694679855,0.403304702078509,1.97626258336499e-323,0,0,0.590653165531019,1.34549816916007e-118,0,0,1.22646445992118
0,0,1,1,1,1,0,0,1,1,0,0,0,0,0,4.50192114400792e-09,0.288420642119033,0.390159180580145,2.47032822920623e-323,0,0,0.764878315888923,0.122628883337292,0,0,1.20727784465958
1,0,1,1,1,1,0,0,1,1,0,0,0,0.777977269266948,0,3.21596681584502e-29,0.111768694679855,0.403304702078509,1.97626258336499e-323,0,0,0.590653165531019,3.82839134459777e-119,0,0,1.22646445992118
0,1,1,1,1,1,0,0,1,1,0,0,0,0,1.04383193040739e-42,4.6772019377868e-09,0.288420642099026,0.390159180385754,2.47032822920623e-323,0,0,0.76487831592744,0.122628883223293,0,0,1.20727784658509
1,1,1,1,1,1,0,0,1,1,0,0,0,0.777977269266948,4.07478971092516e-38,3.36647627840704e-29,0.111768694679855,0.403304702078509,1.97626258336499e-323,0,0,0.590653165531019,4.80356917772329e-119,0,0,1.22646445992118
0,0,0,0,0,0,1,0,1,1,0,0,0,0,0,0,0,0,0,0.347415180882914,0,0.167930252620949,0.00253484260959306,0,0,0.659038361877944
1,0,0,0,0,0,1,0,1,1,0,0,0,0.418880527168264,0,0,0,0,0,0.245350582858336,0,0.197335737539027,1.70291423518465e-80,0,0,1.04588685886861
0,1,0,0,0,0,1,0,1,1,0,0,0,0,0.431714894030145,0,0,0,0,0.227724743951161,0,0.474984400753254,0.0438707182273598,0,0,1.17430535746352
1,1,0,0,0,0,1,0,1,1,0,0,0,0.619995116997151,0.350268050672631,0,0,0,0,0.0751666254709726,0,0.462177278564418,1.26746045016806e-95,0,0,1.21649104672568
0,0,1,0,0,0,1,0,1,1,0,0,0,0,0,0.342255473177365,0,0,0,0.325193651321926,0,0.486297951420365,1.70835294093827e-104,0,0,1.08157025577144
1,0,1,0,0,0,1,0,1,1,0,0,0,0.614895990392232,0,0.262868160149034,0,0,0,0.182855920721107,0,0.455462397515364,7.50917699017418e-199,0,0,1.2862152613493
0,1,1,0,0,0,1,0,1,1,0,0,0,0,4.50441297107142e-06,0.342253126948266,0,0,0,0.325192192147309,0,0.486299002766507,3.29824515022216e-103,0,0,1.08161785378195
1,1,1,0,0,0,1,0,1,1,0,0,0,0.614904969408741,5.16227216963803e-05,0.262840236787475,0,0,0,0.182836977583933,0,0.455474085102229,2.05919455320148e-196,0,0,1.2865339461961
0,0,0,1,0,0,1,0,1,1,0,0,0,0,0,0,0.482579416324922,0,0,0.367304805322204,0,0.835910620193172,1.29455205783275e-05,0,0,1.03799761429328
1,0,0,1,0,0,1,0,1,1,0,0,0,0.789044319253964,0,0,0.333530348683293,0,0,0.171869611935018,0,0.684792909150441,1.7638655798126e-151,0,0,1.24612492945393
0,1,0,1,0,0,1,0,1,1,0,0,0,0,1.91109091309967e-102,0,0.482579400030535,0,0,0.367304880672595,0,0.83591059257727,1.30466153563956e-05,0,0,1.03799828322763
1,1,0,1,0,0,1,0,1,1,0,0,0,0.789044319253965,2.28820599587511e-69,0,0.333530348683293,0,0,0.171869611935016,0,0.684792909150441,8.63292920371488e-154,0,0,1.24612492945393
0,0,1,1,0,0,1,0,1,1,0,0,0,0,0,5.77314080738188e-75,0.482579499450646,0,0,0.367304420922129,0,0.835910761075552,1.2429784539696e-05,0,0,1.0379941943485
1,0,1,1,0,0,1,0,1,1,0,0,0,0.789044319253964,0,1.45532978352686e-50,0.333530348683293,0,0,0.171869611935017,0,0.684792909150441,3.1448527809243e-154,0,0,1.24612492945393
0,1,1,1,0,0,1,0,1,1,0,0,0,0,2.11353593554433e-102,6.81168373949419e-75,0.482579476462445,0,0,0.36730452722705,0,0.835910722114894,1.25724102660487e-05,0,0,1.0379951413752
1,1,1,1,0,0,1,0,1,1,0,0,0,0.789044319253964,2.23939737649504e-69,1.80046756798127e-50,0.333530348683293,0,0,0.171869611935017,0,0.684792909150441,4.27366806495884e-154,0,0,1.24612492945393
0,0,0,0,1,0,1,0,1,1,0,0,0,0,0,0,0,0.672991912387676,0,0.330158717996486,0,0.526439735217021,0.00844413697214253,0,0,1.08750199850929
1,0,0,0,1,0,1,0,1,1,0,0,0,0.725201214065993,0,0,0,0.522942247997361,0,0.155264608775061,0,0.497551351688233,8.44882370964069e-134,0,0,1.27811423012313
0,1,0,0,1,0,1,0,1,1,0,0,0,0,2.24490633219166e-49,0,0,0.672991912389475,0,0.330158718331841,0,0.52643973519622,0.00844413740978047,0,0,1.08750199977911
1,1,0,0,1,0,1,0,1,1,0,0,0,0.725201214065991,8.92821618836418e-44,0,0,0.522942247997358,0,0.155264608775061,0,0.497551351688232,1.32844820736109e-135,0,0,1.27811423012313
0,0,1,0,1,0,1,0,1,1,0,0,0,0,0,9.51631174215597e-59,0,0.672991912379886,0,0.330158716543958,0,0.526439735307116,0.0084441350765932,0,0,1.08750199300926
1,0,1,0,1,0,1,0,1,1,0,0,0,0.725201214065991,0,2.19599473540053e-52,0,0.522942247997359,0,0.155264608775062,0,0.497551351688232,4.9119123706142e-136,0,0,1.27811423012313
0,1,1,0,1,0,1,0,1,1,0,0,0,0,2.32086739258218e-49,9.82323634954323e-59,0,0.67299191238335,0,0.330158717189886,0,0.526439735267051,0.00844413591952943,0,0,1.08750199545508
1,1,1,0,1,0,1,0,1,1,0,0,0,0.725201214065991,7.73100149349979e-44,2.51257960679433e-52,0,0.522942247997359,0,0.155264608775061,0,0.497551351688232,6.51333927376598e-136,0,0,1.27811423012313
0,0,0,1,1,0,1,0,1,1,0,0,0,0,0,0,0.158321321993316,0.531011477567108,0,0.339471630651381,0,0.670008340227865,0.00522484401285818,0,0,1.29028603214863
1,0,0,1,1,0,1,0,1,1,0,0,0,0.754208561399601,0,0,0.0556355403462105,0.467051221025457,0,0.15263560245337,0,0.546776674598603,2.22340996486781e-142,0,0,1.36232849817714
0,1,0,1,1,0,1,0,1,1,0,0,0,0,1.2635714684487e-87,0,0.158321318028389,0.53101148124046,0,0.339471637603863,0,0.670008336206437,0.00522485358988631,0,0,1.29028605678864
1,1,0,1,1,0,1,0,1,1,0,0,0,0.754208561399601,8.32041301457183e-58,0,0.0556355403462107,0.467051221025457,0,0.15263560245337,0,0.546776674598603,2.68424096494209e-142,0,0,1.36232849817714
0,0,1,1,1,0,1,0,1,1,0,0,0,0,0,1.02011184750673e-88,0.158321337914755,0.531011462816513,0,0.339471602733161,0,0.670008356376195,0.00522480555556663,0,0,1.29028593320464
1,0,1,1,1,0,1,0,1,1,0,0,0,0.754208561399611,0,2.11930778941985e-63,0.0556355403462305,0.467051221025436,0,0.152635602453369,0,0.54677667459862,1.54443049279345e-142,0,0,1.36232849817716
0,1,1,1,1,0,1,0,1,1,0,0,0,0,1.26910560291197e-87,1.18665966748806e-88,0.158321332711661,0.531011467636977,0,0.339471611856789,0,0.670008351098952,0.00522481812334553,0,0,1.29028596553939
1,1,1,1,1,0,1,0,1,1,0,0,0,0.75420856139961,7.87835126383215e-58,2.5407968704881e-63,0.0556355403462293,0.467051221025437,0,0.152635602453369,0,0.546776674598619,1.86464543767509e-142,0,0,1.36232849817716
0,0,0,0,0,1,1,0,1,1,0,0,0,0,0,0,0,0,7.96113507599226e-12,0.347413706672132,0,0.167930350534142,0.00253287933262433,0,0,0.659021520449747
1,0,0,0,0,1,1,0,1,1,0,0,0,0.418880527168263,0,0,0,0,2.09695625003479e-70,0.245350582858336,0,0.197335737539027,1.45434373279247e-80,0,0,1.04588685886861
0,1,0,0,0,1,1,0,1,1,0,0,0,0,0.431714894030145,0,0,0,1.75381770609079e-144,0.227724743951161,0,0.474984400753254,0.0438707182273598,0,0,1.17430535746352
1,1,0,0,0,1,1,0,1,1,0,0,0,0.619995116997151,0.350268050672631,0,0,0,5.82275297559131e-205,0.0751666254709726,0,0.462177278564418,1.18786644267562e-95,0,0,1.21649104672568
0,0,1,0,0,1,1,0,1,1,0,0,0,0,0,0.342255473177365,0,0,1.80640531167371e-157,0.325193651321926,0,0.486297951420365,1.95982754718397e-104,0,0,1.08157025577144
1,0,1,0,0,1,1,0,1,1,0,0,0,0.614895990392232,0,0.262868160149034,0,0,1.86126026628715e-212,0.182855920721107,0,0.455462397515364,8.35244044934318e-199,0,0,1.2862152613493
0,1,1,0,0,1,1,0,1,1,0,0,0,0,4.51835323426843e-06,0.342253119687139,0,0,5.2123670336801e-161,0.325192187631446,0,0.486299006020203,3.52248860779774e-103,0,0,1.08161798898682
1,1,1,0,0,1,1,0,1,1,0,0,0,0.61490498729528,5.17255586996736e-05,0.262840181160484,0,0,1.42567114956355e-213,0.18283693984621,0,0.455474108383954,2.18139317417107e-196,0,0,1.28653451313239
0,0,0,1,0,1,1,0,1,1,0,0,0,0,0,0,0.482579418320528,0,2.47032822920623e-323,0.36730479609389,0,0.835910623575346,1.29331392929067e-05,0,0,1.03799753233539
1,0,0,1,0,1,1,0,1,1,0,0,0,0.789044319253964,0,0,0.333530348683293,0,2.47032822920623e-323,0.171869611935018,0,0.684792909150441,1.72349639526901e-151,0,0,1.24612492945393
0,1,0,1,0,1,1,0,1,1,0,0,0,0,1.83190600888362e-102,0,0.482579402446567,0,2.47032822920623e-323,0.367304869500101,0,0.835910596671987,1.30316256463994e-05,0,0,1.0379981840716
1,1,0,1,0,1,1,0,1,1,0,0,0,0.789044319253965,2.21345555006905e-69,0,0.333530348683293,0,2.47032822920623e-323,0.171869611935016,0,0.684792909150441,8.35295244228241e-154,0,0,1.24612492945393
0,0,1,1,0,1,1,0,1,1,0,0,0,0,0,5.49418747953045e-75,0.482579497010521,0,2.47032822920623e-323,0.367304432206068,0,0.835910756939999,1.24449238253787e-05,0,0,1.03799429491836
1,0,1,1,0,1,1,0,1,1,0,0,0,0.789044319253964,0,1.40953527991588e-50,0.333530348683293,0,2.47032822920623e-323,0.171869611935017,0,0.684792909150441,3.1704154554093e-154,0,0,1.24612492945393
0,1,1,1,0,1,1,0,1,1,0,0,0,0,2.02409032755543e-102,6.45253751493054e-75,0.482579475260289,0,2.47032822920623e-323,0.367304532786206,0,0.835910720077469,1.25798687942008e-05,0,0,1.03799519087289
1,1,1,1,0,1,1,0,1,1,0,0,0,0.789044319253964,2.1752705083869e-69,1.73346314785732e-50,0.333530348683293,0,2.47032822920623e-323,0.171869611935017,0,0.684792909150441,4.25908830433472e-154,0,0,1.24612492945393
0,0,0,0,1,1,1,0,1,1,0,0,0,0,0,0,0,0.672991912387575,2.47032822920623e-323,0.330158717977507,0,0.526439735218198,0.00844413694737457,0,0,1.08750199843742
1,0,0,0,1,1,1,0,1,1,0,0,0,0.725201214065993,0,0,0,0.522942247997361,1.97626258336499e-323,0.155264608775061,0,0.497551351688233,8.1159291081789e-134,0,0,1.27811423012313
0,1,0,0,1,1,1,0,1,1,0,0,0,0,2.07786472680062e-49,0,0,0.672991912389268,2.47032822920623e-323,0.330158718293202,0,0.526439735198617,0.00844413735935608,0,0,1.08750199963281
1,1,0,0,1,1,1,0,1,1,0,0,0,0.725201214065991,8.34950225008576e-44,0,0,0.522942247997359,1.97626258336499e-323,0.155264608775061,0,0.497551351688232,1.26280716118013e-135,0,0,1.27811423012313
0,0,1,0,1,1,1,0,1,1,0,0,0,0,0,8.5380558523095e-59,0,0.672991912380564,2.47032822920623e-323,0.330158716670304,0,0.526439735299279,0.0084441352414753,0,0,1.08750199348767
1,0,1,0,1,1,1,0,1,1,0,0,0,0.725201214065991,0,2.04429260389604e-52,0,0.522942247997359,1.97626258336499e-323,0.155264608775062,0,0.497551351688232,4.96513071310034e-136,0,0,1.27811423012313
0,1,1,0,1,1,1,0,1,1,0,0,0,0,2.15034855491592e-49,8.86382299145205e-59,0,0.672991912383633,2.47032822920623e-323,0.330158717242521,0,0.526439735263786,0.00844413598821861,0,0,1.08750199565438
1,1,1,0,1,1,1,0,1,1,0,0,0,0.725201214065991,7.30746153563702e-44,2.33138571957581e-52,0,0.522942247997359,1.97626258336499e-323,0.155264608775061,0,0.497551351688232,6.4601932822132e-136,0,0,1.27811423012313
0,0,0,1,1,1,1,0,1,1,0,0,0,0,0,0,0.158321322289126,0.531011477293051,1.97626258336499e-323,0.33947163013268,0,0.670008340527891,0.0052248432983475,0,0,1.29028603031032
1,0,0,1,1,1,1,0,1,1,0,0,0,0.754208561399599,0,0,0.0556355403462058,0.467051221025462,1.97626258336499e-323,0.15263560245337,0,0.546776674598599,2.19472740089518e-142,0,0,1.36232849817714
0,1,0,1,1,1,1,0,1,1,0,0,0,0,1.22955753321054e-87,0,0.158321318438126,0.531011480860855,1.97626258336499e-323,0.339471636885392,0,0.670008336622012,0.00522485260019426,0,0,1.29028605424234
1,1,0,1,1,1,1,0,1,1,0,0,0,0.754208561399599,8.13378225568758e-58,0,0.0556355403462056,0.467051221025463,1.97626258336499e-323,0.15263560245337,0,0.546776674598599,2.63170954051012e-142,0,0,1.36232849817714
0,0,1,1,1,1,1,0,1,1,0,0,0,0,0,9.81189471920045e-89,0.158321337498334,0.531011463202311,1.97626258336499e-323,0.339471603463357,0,0.670008355953839,0.00522480656140966,0,0,1.2902859357925
1,0,1,1,1,1,1,0,1,1,0,0,0,0.754208561399608,0,2.05856236014582e-63,0.0556355403462248,0.467051221025442,1.97626258336499e-323,0.152635602453369,0,0.546776674598615,1.54626269353612e-142,0,0,1.36232849817715
0,1,1,1,1,1,1,0,1,1,0,0,0,0,1.23661947739672e-87,1.13548258405528e-88,0.158321332519174,0.531011467815309,1.97626258336499e-323,0.339471612194315,0,0.670008350903722,0.00522481858828678,0,0,1.29028596673561
1,1,1,1,1,1,1,0,1,1,0,0,0,0.754208561399608,7.72811982511323e-58,2.45454593560364e-63,0.0556355403462235,0.467051221025443,1.97626258336499e-323,0.152635602453369,0,0.546776674598614,1.85386271946656e-142,0,0,1.36232849817715
0,0,0,0,0,0,0,1,1,1,0,0,0,0,0,0,0,0,0,0,0.130713157049698,0.167118162679248,0.12262888626525,0,0,1.0893090601413
1,0,0,0,0,0,0,1,1,1,0,0,0,0.416951067690223,0,0,0,0,0,0,1.95829447812479e-99,0.19479489243204,1.86428972392771e-33,0,0,0.625676170285288
0,1,0,0,0,0,0,1,1,1,0,0,0,0,0.559635601730123,0,0,0,0,0,0.00266435383372242,0.560504371933795,0.12262888626525,0,0,0.960172990044066
1,1,0,0,0,0,0,1,1,1,0,0,0,0.640897248548447,0.387453969778067,0,0,0,0,0,7.84734215563524e-239,0.489702644752272,4.2685419510649e-86,0,0,1.07756420868573
0,0,1,0,0,0,0,1,1,1,0,0,0,0,0,0.535934623446373,0,0,0,0,4.34023309152696e-19,0.663317991239174,1.82352747151404e-105,0,0,0.687495290621396
1,0,1,0,0,0,0,1,1,1,0,0,0,0.681564758125196,0,0.353974870123194,0,0,0,0,1.34384301607919e-256,0.543256421806115,3.1769433179174e-204,0,0,1.06496250697098
0,1,1,0,0,0,0,1,1,1,0,0,0,0,1.34838399436828e-17,0.535934623446373,0,0,0,0,4.26776895533236e-19,0.663317991239174,3.30489624747299e-104,0,0,0.687495290621397
1,1,1,0,0,0,0,1,1,1,0,0,0,0.681564758128024,1.34996901280067e-10,0.353974870022408,0,0,0,0,3.33371933458729e-264,0.543256421809716,3.95825278374931e-207,0,0,1.06496250891981
0,0,0,1,0,0,0,1,1,1,0,0,0,0,0,0,0.529431524097282,0,0,0,7.80833854511924e-59,0.890179979505979,0.12262888626525,0,0,0.885563110975294
1,0,0,1,0,0,0,1,1,1,0,0,0,0.810092396239883,0,0,0.353681770766745,0,0,0,2.47032822920623e-323,0.712510466336691,2.2803478083391e-124,0,0,1.04486271452179
0,1,0,1,0,0,0,1,1,1,0,0,0,0,1.47005542471993e-50,0,0.529431524097282,0,0,0,1.05090247831035e-58,0.890179979505979,0.12262888626525,0,0,0.885563110975294
1,1,0,1,0,0,0,1,1,1,0,0,0,0.810092396239882,5.32485776627213e-46,0,0.353681770766745,0,0,0,2.47032822920623e-323,0.712510466336692,6.3943162364486e-126,0,0,1.04486271452179
0,0,1,1,0,0,0,1,1,1,0,0,0,0,0,0.0678955963501587,0.475367047160891,0,0,0,5.94515790372198e-57,0.88078934874026,0.0832168392479684,0,0,0.977448840106839
1,0,1,1,0,0,0,1,1,1,0,0,0,0.810092396239882,0,4.27889921828946e-15,0.353681770766742,0,0,0,2.47032822920623e-323,0.712510466336691,2.45452312433822e-127,0,0,1.04486271452186
0,1,1,1,0,0,0,1,1,1,0,0,0,0,1.67258297531659e-52,0.0678955976261472,0.475367046120771,0,0,0,7.2287516289546e-57,0.880789348535823,0.0832168383886986,0,0,0.977448840747587
1,1,1,1,0,0,0,1,1,1,0,0,0,0.810092396239881,4.62752959675185e-46,4.41665877645045e-15,0.353681770766742,0,0,0,2.47032822920623e-323,0.712510466336691,3.62778015569792e-127,0,0,1.04486271452186
0,0,0,0,1,0,0,1,1,1,0,0,0,0,0,0,0,0.649992703495818,0,0,7.12299455808647e-21,0.504462443617788,0.12262888626525,0,0,0.935642403346919
1,0,0,0,1,0,0,1,1,1,0,0,0,0.719509517379292,0,0,0,0.515327634166497,0,0,9.89888140109755e-285,0.491558381165937,1.58534509924933e-103,0,0,1.08332978985307
0,1,0,0,1,0,0,1,1,1,0,0,0,0,0.175890588235401,0,0,0.50885302468653,0,0,2.10806169941994e-23,0.555703684373512,0.12262888626525,0,0,1.2145308108543
1,1,0,0,1,0,0,1,1,1,0,0,0,0.719509517401478,2.90224802423609e-10,0,0,0.51532763391572,0,0,6.90029115580548e-294,0.491558381243779,9.46148121157577e-105,0,0,1.08332979360949
0,0,1,0,1,0,0,1,1,1,0,0,0,0,0,0.434768327550095,0,0.147087349602547,0,0,3.50178882766722e-23,0.647655887022491,4.30901367538725e-71,0,0,0.959275462153527
1,0,1,0,1,0,0,1,1,1,0,0,0,0.719509541730146,0,6.4627162299183e-07,0,0.515326849627575,0,0,1.27531288380015e-293,0.491558567459466,2.68287044812726e-107,0,0,1.08333525689722
0,1,1,0,1,0,0,1,1,1,0,0,0,0,3.07731539953731e-16,0.434768326083143,0,0.147087351658473,0,0,3.27290648554496e-23,0.64765588675148,4.74485485778474e-70,0,0,0.959275464074398
1,1,1,0,1,0,0,1,1,1,0,0,0,0.719509536582449,1.39807889950262e-10,5.09367385721048e-07,0,0.515327015701185,0,0,8.70047178812755e-294,0.491558528033129,1.07922000196395e-106,0,0,1.08333417087981
0,0,0,1,1,0,0,1,1,1,0,0,0,0,0,0,0.288420642632897,0.390159185572882,0,0,1.14884052466441e-54,0.764878314899644,0.12262888626525,0,0,1.20727779227495
1,0,0,1,1,0,0,1,1,1,0,0,0,0.777977269266948,0,0,0.111768694679855,0.403304702078509,0,0,2.47032822920623e-323,0.590653165531019,1.19031104765915e-118,0,0,1.22646445992118
0,1,0,1,1,0,0,1,1,1,0,0,0,0,2.35620788297195e-42,0,0.288420642632897,0.390159185572882,0,0,1.41382112690869e-54,0.764878314899644,0.12262888626525,0,0,1.20727779227495
1,1,0,1,1,0,0,1,1,1,0,0,0,0.777977269266948,4.69297939159341e-38,0,0.111768694679855,0.403304702078509,0,0,2.47032822920623e-323,0.590653165531019,1.37634599768072e-118,0,0,1.22646445992118
0,0,1,1,1,0,0,1,1,1,0,0,0,0,0,4.40425252499824e-09,0.288420642130181,0.390159180688461,0,0,1.51634738773271e-54,0.76487831586746,0.122628883400813,0,0,1.20727784358479
1,0,1,1,1,0,0,1,1,1,0,0,0,0.777977269266948,0,3.17278423467291e-29,0.111768694679855,0.403304702078509,0,0,2.47032822920623e-323,0.590653165531019,4.00635901537903e-119,0,0,1.22646445992118
0,1,1,1,1,0,0,1,1,1,0,0,0,0,1.08599738157738e-42,4.57060928715236e-09,0.288420642111193,0.390159180503968,0,0,1.78161844117452e-54,0.764878315904017,0.122628883292618,0,0,1.20727784541465
1,1,1,1,1,0,0,1,1,1,0,0,0,0.777977269266948,4.08827458343654e-38,3.32211830584769e-29,0.111768694679855,0.403304702078509,0,0,2.47032822920623e-323,0.590653165531019,5.00721275074615e-119,0,0,1.22646445992118
0,0,0,0,0,1,0,1,1,1,0,0,0,0,0,0,0,0,0.108574320465947,0,0.13704767018638,0.147675674391219,0.12262888626525,0,0,1.3796910377645
1,0,0,0,0,1,0,1,1,1,0,0,0,0.416951067690223,0,0,0,0,2.45518226406106e-43,0,1.56302396686536e-99,0.19479489243204,1.66622383250161e-33,0,0,0.625676170285288
0,1,0,0,0,1,0,1,1,1,0,0,0,0,0.55963548496721,0,0,0,4.04904492395785e-161,0,0.00266480210967502,0.560504320045722,0.12262888626525,0,0,0.960174878798583
1,1,0,0,0,1,0,1,1,1,0,0,0,0.640897248548447,0.387453969778067,0,0,0,3.5785693878867e-213,0,8.40575496957683e-239,0.489702644752272,4.24245059828911e-86,0,0,1.07756420868573
0,0,1,0,0,1,0,1,1,1,0,0,0,0,0,0.535934623446373,0,0,2.40026566977451e-210,0,4.45439263242028e-19,0.663317991239174,2.04808425231997e-105,0,0,0.687495290621396
1,0,1,0,0,1,0,1,1,1,0,0,0,0.681564758125196,0,0.353974870123194,0,0,1.06605980876057e-237,0,1.38915876721364e-256,0.543256421806114,3.44864344960463e-204,0,0,1.06496250697098
0,1,1,0,0,1,0,1,1,1,0,0,0,0,1.33243550114976e-17,0.535934623446373,0,0,1.60721697165942e-210,0,4.36212564454932e-19,0.663317991239174,3.32500142103877e-104,0,0,0.687495290621397
1,1,1,0,0,1,0,1,1,1,0,0,0,0.681564758128014,1.34508418709704e-10,0.353974870022773,0,0,2.67035921554555e-244,0,3.45482254546259e-264,0.543256421809703,4.00561730850032e-207,0,0,1.06496250891307
0,0,0,1,0,1,0,1,1,1,0,0,0,0,0,0,0.529431524097282,0,1.25572218612657e-318,0,8.29091570743424e-59,0.890179979505979,0.12262888626525,0,0,0.885563110975294
1,0,0,1,0,1,0,1,1,1,0,0,0,0.810092396239883,0,0,0.353681770766745,0,2.47032822920623e-323,0,2.47032822920623e-323,0.712510466336691,2.29578310437695e-124,0,0,1.04486271452179
0,1,0,1,0,1,0,1,1,1,0,0,0,0,1.4652927085236e-50,0,0.529431524097282,0,3.02587046335951e-318,0,1.09843796464887e-58,0.890179979505979,0.12262888626525,0,0,0.885563110975294
1,1,0,1,0,1,0,1,1,1,0,0,0,0.810092396239882,5.31980551793906e-46,0,0.353681770766745,0,2.47032822920623e-323,0,2.47032822920623e-323,0.712510466336692,6.39814715663351e-126,0,0,1.04486271452179
0,0,1,1,0,1,0,1,1,1,0,0,0,0,0,0.0678955964760148,0.4753670470583,0,1.57100171166185e-313,0,6.23904622383464e-57,0.880789348720095,0.083216839163215,0,0,0.977448840170038
1,0,1,1,0,1,0,1,1,1,0,0,0,0.810092396239882,0,4.29421026575453e-15,0.353681770766742,0,2.47032822920623e-323,0,2.47032822920623e-323,0.712510466336691,2.48526102278183e-127,0,0,1.04486271452186
0,1,1,1,0,1,0,1,1,1,0,0,0,0,1.66653920449921e-52,0.0678955977143125,0.475367046048904,0,2.72100655126505e-313,0,7.51708324430528e-57,0.880789348521698,0.0832168383293268,0,0,0.97744884079186
1,1,1,1,0,1,0,1,1,1,0,0,0,0.810092396239881,4.62545979672599e-46,4.42738199879697e-15,0.353681770766742,0,2.47032822920623e-323,0,2.47032822920623e-323,0.712510466336691,3.6472337413379e-127,0,0,1.04486271452186
0,0,0,0,1,1,0,1,1,1,0,0,0,0,0,0,0,0.649992703495818,2.92536268902602e-320,0,7.23318316616102e-21,0.504462443617788,0.12262888626525,0,0,0.935642403346919
1,0,0,0,1,1,0,1,1,1,0,0,0,0.719509517379292,0,0,0,0.515327634166497,2.47032822920623e-323,0,1.01253939955006e-284,0.491558381165937,1.56818036339988e-103,0,0,1.08332978985307
0,1,0,0,1,1,0,1,1,1,0,0,0,0,0.175890588235401,0,0,0.50885302468653,2.0529300097784e-304,0,2.14294389806442e-23,0.555703684373512,0.12262888626525,0,0,1.2145308108543
1,1,0,0,1,1,0,1,1,1,0,0,0,0.719509517401288,2.87740193184097e-10,0,0,0.515327633917867,2.47032822920623e-323,0,7.1283407341037e-294,0.491558381243113,9.3947639353631e-105,0,0,1.08332979357876
0,0,1,0,1,1,0,1,1,1,0,0,0,0,0,0.434768327478825,0,0.147087349702431,1.58791047328152e-247,0,3.54612284393964e-23,0.647655887009325,4.84799841331436e-71,0,0,0.959275462246849
1,0,1,0,1,1,0,1,1,1,0,0,0,0.719509541531043,0,6.40987372919106e-07,0,0.515326856042373,2.47032822920623e-323,0,1.28553448332786e-293,0.491558565936236,2.94171088567692e-107,0,0,1.08333521524416
0,1,1,0,1,1,0,1,1,1,0,0,0,0,3.06401873879637e-16,0.434768326037918,0,0.147087351721856,9.49941813891643e-248,0,3.31501012843131e-23,0.647655886743125,5.01540496590872e-70,0,0,0.959275464133618
1,1,1,0,1,1,0,1,1,1,0,0,0,0.719509536469346,1.38995419214423e-10,5.06367271562855e-07,0,0.515327019343865,2.47032822920623e-323,0,8.82224071456455e-294,0.491558527168102,1.12658137192383e-106,0,0,1.08333414680936
0,0,0,1,1,1,0,1,1,1,0,0,0,0,0,0,0.288420642632897,0.390159185572882,2.47032822920623e-323,0,1.1951903393673e-54,0.764878314899644,0.12262888626525,0,0,1.20727779227495
1,0,0,1,1,1,0,1,1,1,0,0,0,0.777977269266948,0,0,0.111768694679855,0.403304702078509,1.97626258336499e-323,0,2.47032822920623e-323,0.590653165531019,1.19572280748524e-118,0,0,1.22646445992118
0,1,0,1,1,1,0,1,1,1,0,0,0,0,2.35153519532756e-42,0,0.288420642632897,0.390159185572882,2.47032822920623e-323,0,1.4604151873929e-54,0.764878314899644,0.12262888626525,0,0,1.20727779227495
1,1,0,1,1,1,0,1,1,1,0,0,0,0.777977269266948,4.68617874620044e-38,0,0.111768694679855,0.403304702078509,1.97626258336499e-323,0,2.47032822920623e-323,0.590653165531019,1.3778089860823e-118,0,0,1.22646445992118
0,0,1,1,1,1,0,1,1,1,0,0,0,0,0,4.41473756338515e-09,0.288420642128985,0.390159180676833,2.47032822920623e-323,0,1.57121651496098e-54,0.764878315869764,0.122628883393994,0,0,1.20727784370024
1,0,1,1,1,1,0,1,1,1,0,0,0,0.777977269266948,0,3.1803347759286e-29,0.111768694679855,0.403304702078509,1.97626258336499e-323,0,2.47032822920623e-323,0.590653165531019,4.06629432410968e-119,0,0,1.22646445992118
0,1,1,1,1,1,0,1,1,1,0,0,0,0,1.08559244135265e-42,4.57732559541616e-09,0.288420642110426,0.390159180496519,2.47032822920623e-323,0,1.8363515270847e-54,0.764878315905492,0.12262888328825,0,0,1.20727784548844
1,1,1,1,1,1,0,1,1,1,0,0,0,0.777977269266948,4.09043507027534e-38,3.32568496239561e-29,0.111768694679855,0.403304702078509,1.97626258336499e-323,0,2.47032822920623e-323,0.590653165531019,5.05502023851189e-119,0,0,1.22646445992118
0,0,0,0,0,0,1,1,1,1,0,0,0,0,0,0,0,0,0,0.347415187315118,1.23024570178629e-258,0.167930252193733,0.00253485117560216,0,0,0.659038435353897
1,0,0,0,0,0,1,1,1,1,0,0,0,0.418880527168264,0,0,0,0,0,0.245350582858336,2.47032822920623e-323,0.197335737539027,1.70588964289666e-80,0,0,1.04588685886861
0,1,0,0,0,0,1,1,1,1,0,0,0,0,0.431714894030145,0,0,0,0,0.227724743951161,5.64266177468612e-200,0.474984400753254,0.0438707182273598,0,0,1.17430535746352
1,1,0,0,0,0,1,1,1,1,0,0,0,0.619995116997151,0.350268050672631,0,0,0,0,0.0751666254709726,9.52841547194599e-298,0.462177278564418,1.2773178795724e-95,0,0,1.21649104672568
0,0,1,0,0,0,1,1,1,1,0,0,0,0,0,0.342255473177365,0,0,0,0.325193651321926,7.76043803472208e-284,0.486297951420365,1.76439189801144e-104,0,0,1.08157025577144
1,0,1,0,0,0,1,1,1,1,0,0,0,0.614895990392232,0,0.262868160149034,0,0,0,0.182855920721107,1.97626258336499e-323,0.455462397515364,7.78375513576748e-199,0,0,1.2862152613493
0,1,1,0,0,0,1,1,1,1,0,0,0,0,4.50098736970011e-06,0.342253128732575,0,0,0,0.325192193257012,7.49306830679629e-290,0.486299001966963,3.31269463072653e-103,0,0,1.08161782055175
1,1,1,0,0,0,1,1,1,1,0,0,0,0.6149049643282,5.1593511596614e-05,0.262840252587915,0,0,0,0.182836988303056,1.97626258336499e-323,0.455474078489225,2.09262322369119e-196,0,0,1.28653378513735
0,0,0,1,0,0,1,1,1,1,0,0,0,0,0,0,0.482579415845509,0,0,0.367304807539165,1.97626258336499e-323,0.835910619380657,1.29484949914202e-05,0,0,1.03799763398135
1,0,0,1,0,0,1,1,1,1,0,0,0,0.789044319253964,0,0,0.333530348683293,0,0,0.171869611935018,1.48219693752374e-323,0.684792909150441,1.79316323587336e-151,0,0,1.24612492945393
0,1,0,1,0,0,1,1,1,1,0,0,0,0,1.91549140314428e-102,0,0.48257939970881,0,0,0.36730488216035,1.97626258336499e-323,0.835910592032008,1.30486114210589e-05,0,0,1.0379982964307
1,1,0,1,0,0,1,1,1,1,0,0,0,0.789044319253965,2.28858665301974e-69,0,0.333530348683293,0,0,0.171869611935016,1.48219693752374e-323,0.684792909150441,8.75474712308637e-154,0,0,1.24612492945393
0,0,1,1,0,0,1,1,1,1,0,0,0,0,0,5.8112075084312e-75,0.482579498171937,0,0,0.367304426835298,1.97626258336499e-323,0.835910758908381,1.24377180424058e-05,0,0,1.03799424705191
1,0,1,1,0,0,1,1,1,1,0,0,0,0.789044319253964,0,1.46344574707981e-50,0.333530348683293,0,0,0.171869611935017,1.48219693752374e-323,0.684792909150441,3.21046359849544e-154,0,0,1.24612492945393
0,1,1,1,0,0,1,1,1,1,0,0,0,0,2.11639211161027e-102,6.84198361532273e-75,0.482579475530191,0,0,0.367304531538094,1.97626258336499e-323,0.8359107205349,1.25781942459623e-05,0,0,1.03799517976017
1,1,1,1,0,0,1,1,1,1,0,0,0,0.789044319253964,2.24017815469866e-69,1.80669938794872e-50,0.333530348683293,0,0,0.171869611935017,1.48219693752374e-323,0.684792909150441,4.35117510069162e-154,0,0,1.24612492945393
0,0,0,0,1,0,1,1,1,1,0,0,0,0,0,0,0,0.6729919123877,0,0.330158718000824,2.47032822920623e-323,0.526439735216752,0.00844413697780287,0,0,1.08750199852571
1,0,0,0,1,0,1,1,1,1,0,0,0,0.725201214065993,0,0,0,0.522942247997361,0,0.155264608775061,1.97626258336499e-323,0.497551351688233,8.49295179375522e-134,0,0,1.27811423012313
0,1,0,0,1,0,1,1,1,1,0,0,0,0,2.15897581080936e-49,0,0,0.672991912389431,0,0.330158718323699,2.47032822920623e-323,0.526439735196725,0.00844413739915451,0,0,1.08750199974828
1,1,0,0,1,0,1,1,1,1,0,0,0,0.725201214065991,8.69127110160887e-44,0,0,0.522942247997359,0,0.155264608775061,1.97626258336499e-323,0.497551351688232,1.32799494609143e-135,0,0,1.27811423012313
0,0,1,0,1,0,1,1,1,1,0,0,0,0,0,9.07661251277994e-59,0,0.672991912380342,0,0.330158716628889,2.47032822920623e-323,0.526439735301848,0.00844413518742886,0,0,1.08750199333085
1,0,1,0,1,0,1,1,1,1,0,0,0,0.725201214065991,0,2.14371677890241e-52,0,0.522942247997359,0,0.155264608775062,1.97626258336499e-323,0.497551351688232,5.04309697767684e-136,0,0,1.27811423012313
0,1,1,0,1,0,1,1,1,1,0,0,0,0,2.2263598323452e-49,9.34653934217279e-59,0,0.6729919123836,0,0.330158717236318,2.47032822920623e-323,0.526439735264171,0.00844413598012302,0,0,1.08750199563089
1,1,1,0,1,0,1,1,1,1,0,0,0,0.725201214065991,7.54742529377522e-44,2.44382454245844e-52,0,0.522942247997358,0,0.155264608775061,1.97626258336499e-323,0.497551351688232,6.63353567115229e-136,0,0,1.27811423012313
0,0,0,1,1,0,1,1,1,1,0,0,0,0,0,0,0.15832132155437,0.531011477973775,0,0.339471631421073,2.47032822920623e-323,0.670008339782664,0.00522484507310586,0,0,1.29028603487646
1,0,0,1,1,0,1,1,1,1,0,0,0,0.754208561399599,0,0,0.0556355403462059,0.467051221025462,0,0.15263560245337,1.97626258336499e-323,0.546776674598599,2.26984543765365e-142,0,0,1.36232849817714
0,1,0,1,1,0,1,1,1,1,0,0,0,0,1.27342701553864e-87,0,0.158321317638124,0.531011481602026,0,0.339471638288192,2.47032822920623e-323,0.67000833581061,0.00522485453254785,0,0,1.29028605921394
1,1,0,1,1,0,1,1,1,1,0,0,0,0.754208561399599,8.35513474442851e-58,0,0.0556355403462055,0.467051221025463,0,0.15263560245337,1.97626258336499e-323,0.546776674598599,2.73280625364098e-142,0,0,1.36232849817714
0,0,1,1,1,0,1,1,1,1,0,0,0,0,0,1.02067847440978e-88,0.15832133699513,0.531011463668509,0,0.339471604345724,2.47032822920623e-323,0.670008355443465,0.00522480777686913,0,0,1.29028593891967
1,0,1,1,1,0,1,1,1,1,0,0,0,0.754208561399609,0,2.1234433486258e-63,0.0556355403462254,0.467051221025441,0,0.152635602453369,1.97626258336499e-323,0.546776674598616,1.58681757932316e-142,0,0,1.36232849817715
0,1,1,1,1,0,1,1,1,1,0,0,0,0,1.27898962548921e-87,1.18359449625207e-88,0.15832133189979,0.531011468389144,0,0.339471613280404,2.47032822920623e-323,0.670008350275512,0.00522482008437204,0,0,1.29028597058478
1,1,1,1,1,0,1,1,1,1,0,0,0,0.754208561399608,7.91748688330452e-58,2.53849453774852e-63,0.0556355403462238,0.467051221025443,0,0.152635602453369,1.97626258336499e-323,0.546776674598614,1.91044135407802e-142,0,0,1.36232849817715
0,0,0,0,0,1,1,1,1,1,0,0,0,0,0,0,0,0,7.94549263178808e-12,0.347413718619724,4.67395003602567e-259,0.167930349740606,0.00253289524388786,0,0,0.659021656955121
1,0,0,0,0,1,1,1,1,1,0,0,0,0.418880527168263,0,0,0,0,2.08081476635471e-70,0.245350582858336,2.47032822920623e-323,0.197335737539027,1.45760778577196e-80,0,0,1.04588685886861
0,1,0,0,0,1,1,1,1,1,0,0,0,0,0.431714894030145,0,0,0,1.8652762356652e-144,0.227724743951161,3.43025991273434e-200,0.474984400753254,0.0438707182273598,0,0,1.17430535746352
1,1,0,0,0,1,1,1,1,1,0,0,0,0.619995116997151,0.350268050672631,0,0,0,6.11421709014749e-205,0.0751666254709726,6.52810206918107e-298,0.462177278564418,1.19629784095039e-95,0,0,1.21649104672568
0,0,1,0,0,1,1,1,1,1,0,0,0,0,0,0.342255473177365,0,0,1.90217611160357e-157,0.325193651321926,5.45080129762927e-284,0.486297951420365,2.02557193184622e-104,0,0,1.08157025577144
1,0,1,0,0,1,1,1,1,1,0,0,0,0.614895990392232,0,0.262868160149034,0,0,1.93208603265193e-212,0.182855920721107,1.97626258336499e-323,0.455462397515364,8.65689099905721e-199,0,0,1.2862152613493
0,1,1,0,0,1,1,1,1,1,0,0,0,0,4.51523030463501e-06,0.342253121313794,0,0,5.57376063546065e-161,0.3251921886431,5.43086271653097e-290,0.486299005291303,3.54246517228441e-103,0,0,1.08161795870116
1,1,1,0,0,1,1,1,1,1,0,0,0,0.614904982463577,5.1697779267581e-05,0.262840196187043,0,0,1.49470943171288e-213,0.182836950040328,1.97626258336499e-323,0.455474102094846,2.21755434984381e-196,0,0,1.28653435999881
0,0,0,1,0,1,1,1,1,1,0,0,0,0,0,0,0.482579417891277,0,2.47032822920623e-323,0.367304798078885,1.97626258336499e-323,0.835910622847846,1.29358024868921e-05,0,0,1.03799754996499
1,0,0,1,0,1,1,1,1,1,0,0,0,0.789044319253964,0,0,0.333530348683293,0,2.47032822920623e-323,0.171869611935018,1.48219693752374e-323,0.684792909150441,1.75063101530296e-151,0,0,1.24612492945393
0,1,0,1,0,1,1,1,1,1,0,0,0,0,1.83455940554926e-102,0,0.482579402177385,0,2.47032822920623e-323,0.367304870744881,1.97626258336499e-323,0.835910596215776,1.30332957200524e-05,0,0,1.03799819511955
1,1,0,1,0,1,1,1,1,1,0,0,0,0.789044319253965,2.21320884661449e-69,0,0.333530348683293,0,2.47032822920623e-323,0.171869611935016,1.48219693752374e-323,0.684792909150441,8.46727725182968e-154,0,0,1.24612492945393
0,0,1,1,0,1,1,1,1,1,0,0,0,0,0,5.52535930217744e-75,0.482579495764159,0,2.47032822920623e-323,0.36730443796965,1.97626258336499e-323,0.835910754827652,1.24526566313017e-05,0,0,1.03799434628297
1,0,1,1,0,1,1,1,1,1,0,0,0,0.789044319253964,0,1.41677481430204e-50,0.333530348683293,0,2.47032822920623e-323,0.171869611935017,1.48219693752374e-323,0.684792909150441,3.23548943344758e-154,0,0,1.24612492945393
0,1,1,1,0,1,1,1,1,1,0,0,0,0,2.0255498223116e-102,6.47555238009105e-75,0.482579474353278,0,2.47032822920623e-323,0.367304536980518,1.97626258336499e-323,0.835910718540257,1.25854961577847e-05,0,0,1.03799522821653
1,1,1,1,0,1,1,1,1,1,0,0,0,0.789044319253964,2.17545307919525e-69,1.73877100840781e-50,0.333530348683293,0,2.47032822920623e-323,0.171869611935017,1.48219693752374e-323,0.684792909150441,4.33492385167875e-154,0,0,1.24612492945393
0,0,0,0,1,1,1,1,1,1,0,0,0,0,0,0,0,0.672991912387597,2.47032822920623e-323,0.33015871798167,2.47032822920623e-323,0.52643973521794,0.0084441369528075,0,0,1.08750199845319
1,0,0,0,1,1,1,1,1,1,0,0,0,0.725201214065993,0,0,0,0.522942247997361,1.97626258336499e-323,0.155264608775061,1.97626258336499e-323,0.497551351688233,8.15818751484302e-134,0,0,1.27811423012313
0,1,0,0,1,1,1,1,1,1,0,0,0,0,1.99777204304145e-49,0,0,0.672991912389227,2.47032822920623e-323,0.330158718285524,2.47032822920623e-323,0.526439735199093,0.00844413734933694,0,0,1.08750199960373
1,1,0,0,1,1,1,1,1,1,0,0,0,0.725201214065991,8.12809698719015e-44,0,0,0.522942247997358,1.97626258336499e-323,0.155264608775061,1.97626258336499e-323,0.497551351688232,1.26251252968275e-135,0,0,1.27811423012313
0,0,1,0,1,1,1,1,1,1,0,0,0,0,0,8.15183642450343e-59,0,0.672991912380966,2.47032822920623e-323,0.330158716745331,2.47032822920623e-323,0.526439735294625,0.00844413533938591,0,0,1.08750199377177
1,0,1,0,1,1,1,1,1,1,0,0,0,0.725201214065991,0,1.99574959372895e-52,0,0.522942247997359,1.97626258336499e-323,0.155264608775062,1.97626258336499e-323,0.497551351688232,5.08932893813874e-136,0,0,1.27811423012313
0,1,1,0,1,1,1,1,1,1,0,0,0,0,2.0626754933772e-49,8.43889614956092e-59,0,0.672991912383858,2.47032822920623e-323,0.330158717284487,2.47032822920623e-323,0.526439735261183,0.00844413604298431,0,0,1.08750199581329
1,1,1,0,1,1,1,1,1,1,0,0,0,0.725201214065991,7.13310654628716e-44,2.26804866312022e-52,0,0.522942247997359,1.97626258336499e-323,0.155264608775061,1.97626258336499e-323,0.497551351688232,6.57285833682886e-136,0,0,1.27811423012313
0,0,0,1,1,1,1,1,1,1,0,0,0,0,0,0,0.15832132185605,0.53101147769428,1.97626258336499e-323,0.339471630892078,2.47032822920623e-323,0.670008340088643,0.00522484434441685,0,0,1.29028603300167
1,0,0,1,1,1,1,1,1,1,0,0,0,0.754208561399597,0,0,0.0556355403462011,0.467051221025468,1.97626258336499e-323,0.15263560245337,1.97626258336499e-323,0.546776674598595,2.23977358000815e-142,0,0,1.36232849817713
0,1,0,1,1,1,1,1,1,1,0,0,0,0,1.23885821871684e-87,0,0.158321318054131,0.531011481216611,1.97626258336499e-323,0.339471637558725,2.47032822920623e-323,0.670008336232545,0.00522485352770898,0,0,1.29028605662867
1,1,0,1,1,1,1,1,1,1,0,0,0,0.754208561399596,8.1659929105917e-58,0,0.0556355403462004,0.467051221025468,1.97626258336499e-323,0.15263560245337,1.97626258336499e-323,0.546776674598594,2.67852853744502e-142,0,0,1.36232849817713
0,0,1,1,1,1,1,1,1,1,0,0,0,0,0,9.81411268159687e-89,0.158321336604727,0.531011464030202,1.97626258336499e-323,0.339471605030296,2.47032822920623e-323,0.670008355047498,0.00522480871986535,0,0,1.29028594134584
1,0,1,1,1,1,1,1,1,1,0,0,0,0.754208561399606,0,2.06211587753448e-63,0.0556355403462197,0.467051221025447,1.97626258336499e-323,0.15263560245337,1.97626258336499e-323,0.546776674598611,1.5877663078642e-142,0,0,1.36232849817715
0,1,1,1,1,1,1,1,1,1,0,0,0,0,1.2458574523304e-87,1.13234049854818e-88,0.158321331728855,0.531011468547508,1.97626258336499e-323,0.339471613580139,2.47032822920623e-323,0.670008350102141,0.00522482049725627,0,0,1.29028597164706
1,1,1,1,1,1,1,1,1,1,0,0,0,0.754208561399605,7.76473009517412e-58,2.45195985933459e-63,0.0556355403462179,0.467051221025449,1.97626258336499e-323,0.15263560245337,1.97626258336499e-323,0.546776674598609,1.89849934057783e-142,0,0,1.36232849817715
0,0,0,0,0,0,0,0,0,0,1,0,0,0,0,0,0,0,0,0,0,0,0,0.21113465613562,0,0
1,0,0,0,0,0,0,0,0,0,1,0,0,0.398310815226057,0,0,0,0,0,0,0,0,0,0.122625404476353,0,0.545712598684759
0,1,0,0,0,0,0,0,0,0,1,0,0,0,0.63973893428224,0,0,0,0,0,0,0,0,0.0825336971829101,0,0.35534959304628
1,1,0,0,0,0,0,0,0,0,1,0,0,0.3024614200752,0.558213745013713,0,0,0,0,0,0,0,0,0.0317115602044795,0,0.778771695705205
0,0,1,0,0,0,0,0,0,0,1,0,0,0,0,0.659424285871842,0,0,0,0,0,0,0,1.68142814502548e-106,0,6.19963603520368e-104
1,0,1,0,0,0,0,0,0,0,1,0,0,0.269028295678878,0,0.578778106578229,0,0,0,0,0,0,0,8.70694759348898e-109,0,0.624834960844144
0,1,1,0,0,0,0,0,0,0,1,0,0,0,1.7143447073556e-28,0.659424285871842,0,0,0,0,0,0,0,3.95367615801125e-107,0,1.65128844448776e-26
1,1,1,0,0,0,0,0,0,0,1,0,0,0.269028295678878,6.99861136589023e-25,0.578778106578229,0,0,0,0,0,0,0,2.09204147176309e-109,0,0.624834960844144
0,0,0,1,0,0,0,0,0,0,1,0,0,0,0,0,0.663448432530669,0,0,0,0,0,0,6.86528670284835e-130,0,3.07331377801027e-127
1,0,0,1,0,0,0,0,0,0,1,0,0,0.269028295678878,0,0,0.593930103058899,0,0,0,0,0,0,3.54124225384598e-133,0,0.620494653233071
0,1,0,1,0,0,0,0,0,0,1,0,0,0,4.72598534626278e-59,0,0.663448432530667,0,0,0,0,0,0,2.43223130433668e-131,0,9.53741216146413e-57
1,1,0,1,0,0,0,0,0,0,1,0,0,0.269028295678878,2.62134713080938e-56,0,0.593930103058899,0,0,0,0,0,0,1.08947342536131e-134,0,0.620494653233071
0,0,1,1,0,0,0,0,0,0,1,0,0,0,0,0.272741820378685,0.429926415036968,0,0,0,0,0,0,9.2690618718619e-136,0,0.667914103422614
1,0,1,1,0,0,0,0,0,0,1,0,0,0.269028295678878,0,0.193930045363787,0.427886863400536,0,0,0,0,0,0,5.99600943645653e-138,0,1.04572217680647
0,1,1,1,0,0,0,0,0,0,1,0,0,0,7.4781304692679e-63,0.272741820378685,0.429926415036968,0,0,0,0,0,0,1.76180535167695e-135,0,0.667914103422614
1,1,1,1,0,0,0,0,0,0,1,0,0,0.269028295678878,4.97105741483887e-59,0.193930045363787,0.427886863400536,0,0,0,0,0,0,1.15363138528248e-137,0,1.04572217680647
0,0,0,0,1,0,0,0,0,0,1,0,0,0,0,0,0,0.693193876004246,0,0,0,0,0,1.17928134563362e-97,0,3.79066773067917e-95
1,0,0,0,1,0,0,0,0,0,1,0,0,0.362233577550044,0,0,0,0.622141844876497,0,0,0,0,0,6.69297733430602e-114,0,0.657873552283874
0,1,0,0,1,0,0,0,0,0,1,0,0,0,0.308367146866044,0,0,0.452464634476259,0,0,0,0,0,2.15378878911332e-60,0,0.675103217033051
1,1,0,0,1,0,0,0,0,0,1,0,0,0.34081041388451,0.188560170317187,0,0,0.479143011565854,0,0,0,0,0,8.76074105480857e-91,0,1.03372177631139
0,0,1,0,1,0,0,0,0,0,1,0,0,0,0,0.659424285871842,0,7.27920613865e-19,0,0,0,0,0,2.95356876997165e-108,0,4.56426140025739e-17
1,0,1,0,1,0,0,0,0,0,1,0,0,0.269028306895034,0,0.578778051869951,0,7.04097242700974e-08,0,0,0,0,0,3.67412349243701e-111,0,0.624836368629275
0,1,1,0,1,0,0,0,0,0,1,0,0,0,2.59074349645956e-28,0.659424285871842,0,8.2348447484757e-19,0,0,0,0,0,1.05927034981543e-107,0,5.148068756546e-17
1,1,1,0,1,0,0,0,0,0,1,0,0,0.26902830768526,1.48768603269826e-24,0.578778048015518,0,7.53703915196616e-08,0,0,0,0,0,1.30630098987729e-110,0,0.624836461761153
0,0,0,1,1,0,0,0,0,0,1,0,0,0,0,0,0.455610365981246,0.313484039386861,0,0,0,0,0,3.9371969510893e-148,0,0.675973680755316
1,0,0,1,1,0,0,0,0,0,1,0,0,0.318037733340556,0,0,0.364376436020597,0.327136202488417,0,0,0,0,0,8.02873109727093e-153,0,1.0968574957277
0,1,0,1,1,0,0,0,0,0,1,0,0,0,1.34095287805819e-51,0,0.455610365981246,0.313484039386861,0,0,0,0,0,9.4400068927104e-148,0,0.675973680755316
1,1,0,1,1,0,0,0,0,0,1,0,0,0.318037733340556,4.19612310304131e-48,0,0.364376436020597,0.327136202488417,0,0,0,0,0,1.81899454709937e-152,0,1.0968574957277
0,0,1,1,1,0,0,0,0,0,1,0,0,0,0,0.226770524391936,0.406333486111406,0.0949535282152999,0,0,0,0,0,2.12281287434935e-140,0,0.954471597675909
1,0,1,1,1,0,0,0,0,0,1,0,0,0.311639542707129,0,0.0439968963906643,0.356667805180573,0.284436992494765,0,0,0,0,0,1.22777875668553e-150,0,1.22683125903135
0,1,1,1,1,0,0,0,0,0,1,0,0,0,1.15731303252822e-59,0.226770545465634,0.406333491041888,0.0949534937976524,0,0,0,0,0,4.11254825867802e-140,0,0.954471550122855
1,1,1,1,1,0,0,0,0,0,1,0,0,0.311638589094363,2.86494911699648e-50,0.0440030554733232,0.356666923788688,0.284430721901243,0,0,0,0,0,2.37349562854398e-150,0,1.22684302587264
0,0,0,0,0,1,0,0,0,0,1,0,0,0,0,0,0,0,0.297225572979494,0,0,0,0,1.53676458775463e-51,0,5.98670814420633e-49
1,0,0,0,0,1,0,0,0,0,1,0,0,0.352095290900258,0,0,0,0,0.167345307651026,0,0,0,0,8.90646065172702e-24,0,0.628490225420088
0,1,0,0,0,1,0,0,0,0,1,0,0,0,0.538479603407673,0,0,0,0.297225572979494,0,0,0,0,3.54833221138129e-99,0,0.650879220144667
1,1,0,0,0,1,0,0,0,0,1,0,0,0.352095290900257,0.48469887273194,0,0,0,0.167345307651026,0,0,0,0,1.84790902376238e-67,0,1.01766605699238
0,0,1,0,0,1,0,0,0,0,1,0,0,0,0,0.569735395646641,0,0,0.297225572979494,0,0,0,0,4.58916736120568e-220,0,0.642898790224057
1,0,1,0,0,1,0,0,0,0,1,0,0,0.352095290900256,0,0.503380196051605,0,0,0.167345307651026,0,0,0,0,4.41288910412057e-177,0,1.01220330910497
0,1,1,0,0,1,0,0,0,0,1,0,0,0,2.11012626720213e-32,0.569735395646641,0,0,0.297225572979494,0,0,0,0,8.19235343664533e-225,0,0.642898790224057
1,1,1,0,0,1,0,0,0,0,1,0,0,0.352095290900256,5.58042330051665e-26,0.503380196051603,0,0,0.167345307651026,0,0,0,0,1.73316609288674e-176,0,1.01220330910497
0,0,0,1,0,1,0,0,0,0,1,0,0,0,0,0,0.575199040462471,0,0.297225572979494,0,0,0,0,1.80133785914833e-240,0,0.64149150877762
1,0,0,1,0,1,0,0,0,0,1,0,0,0.352095290900256,0,0,0.522778575534092,0,0.167345307651026,0,0,0,0,9.07267500679152e-197,0,1.00638071302211
0,1,0,1,0,1,0,0,0,0,1,0,0,0,1.49968086729777e-59,0,0.575199040462471,0,0.297225572979494,0,0,0,0,2.19092623366126e-246,0,0.64149150877762
1,1,0,1,0,1,0,0,0,0,1,0,0,0.352095290900256,9.62278321385577e-56,0,0.522778575534089,0,0.167345307651026,0,0,0,0,1.36026357695987e-200,0,1.00638071302211
0,0,1,1,0,1,0,0,0,0,1,0,0,0,0,0.227873733543474,0.380093156381291,0,0.297225572979494,0,0,0,0,2.98629513588364e-250,0,1.07727895444481
1,0,1,1,0,1,0,0,0,0,1,0,0,0.352095290900256,0,0.144333752555708,0.39919976740501,0,0.167345307651026,0,0,0,0,3.3079972228386e-203,0,1.29596175194803
0,1,1,1,0,1,0,0,0,0,1,0,0,0,8.91840813957382e-63,0.227873733543474,0.380093156381291,0,0.297225572979494,0,0,0,0,5.88947307114761e-250,0,1.07727895444481
1,1,1,1,0,1,0,0,0,0,1,0,0,0.352095290900256,8.24569787218113e-58,0.144333752556175,0.399199767404582,0,0.167345307651026,0,0,0,0,6.52008655044887e-203,0,1.29596175194846
0,0,0,0,1,1,0,0,0,0,1,0,0,0,0,0,0,0.693193876004243,3.03595191380625e-92,0,0,0,0,5.76284892610461e-99,0,9.21308744387783e-90
1,0,0,0,1,1,0,0,0,0,1,0,0,0.362233577550044,0,0,0,0.622141844876495,1.10614032055993e-118,0,0,0,0,4.03009319533089e-114,0,0.657873552283874
0,1,0,0,1,1,0,0,0,0,1,0,0,0,0.308367146866044,0,0,0.452464634476259,2.45538624817374e-24,0,0,0,0,6.04694691980998e-61,0,0.675103217033051
1,1,0,0,1,1,0,0,0,0,1,0,0,0.34081041388451,0.188560170317187,0,0,0.479143011565854,9.79591303150434e-77,0,0,0,0,4.8042848230505e-91,0,1.03372177631139
0,0,1,0,1,1,0,0,0,0,1,0,0,0,0,0.569735395639566,0,1.52272365275208e-11,0.297225572966199,0,0,0,0,3.4086523983826e-222,0,0.642898790660565
1,0,1,0,1,1,0,0,0,0,1,0,0,0.348159294603324,0,0.495169700674631,0,0.0191068939058275,0.153652045203874,0,0,0,0,5.29639766090965e-168,0,1.07767238389023
0,1,1,0,1,1,0,0,0,0,1,0,0,0,3.88716081057335e-32,0.56973539563899,0,1.64652729051356e-11,0.297225572965118,0,0,0,0,9.254218339678e-222,0,0.642898790694571
1,1,1,0,1,1,0,0,0,0,1,0,0,0.348155121587849,2.90587703015903e-25,0.495161523396751,0,0.019126143119981,0.153637926938784,0,0,0,0,2.0186134166786e-167,0,1.07771887862217
0,0,0,1,1,1,0,0,0,0,1,0,0,0,0,0,0.441415898971841,0.312701987842657,0.0495535280850555,0,0,0,0,2.03187820835918e-167,0,0.868181332590572
1,0,0,1,1,1,0,0,0,0,1,0,0,0.318037733340556,0,0,0.364376436020597,0.327136202488417,4.9836184595356e-31,0,0,0,0,2.70434883748265e-153,0,1.0968574957277
0,1,0,1,1,1,0,0,0,0,1,0,0,0,1.08804537702939e-51,0,0.441415898971841,0.312701987842657,0.0495535280850555,0,0,0,0,2.65394851973693e-167,0,0.868181332590572
1,1,0,1,1,1,0,0,0,0,1,0,0,0.318037733340555,4.50452869589981e-48,0,0.364376436020598,0.327136202488417,7.24749178120936e-31,0,0,0,0,5.16413049264884e-153,0,1.0968574957277
0,0,1,1,1,1,0,0,0,0,1,0,0,0,0,0.17675446294317,0.363873962755268,0.140213796402845,0.186170834133625,0,0,0,0,5.01535593736928e-213,0,1.31356765883827
1,0,1,1,1,1,0,0,0,0,1,0,0,0.311644411200887,0,0.0439654503379391,0.356672306382271,0.284469006267051,5.49541907090336e-15,0,0,0,0,8.14515730004014e-152,0,1.22677116658644
0,1,1,1,1,1,0,0,0,0,1,0,0,0,1.83220395284097e-58,0.176754464040078,0.363873962476145,0.140213794727402,0.18617083560684,0,0,0,0,6.60643501536671e-213,0,1.31356765873146
1,1,1,1,1,1,0,0,0,0,1,0,0,0.311643657464269,3.32314983231727e-50,0.0439703190108714,0.356671609354367,0.2844640498729,6.15939994662498e-15,0,0,0,0,1.21246322435739e-151,0,1.22678047213521
0,0,0,0,0,0,1,0,0,0,1,0,0,0,0,0,0,0,0,0.35689141855611,0,0,0,0.0368828163493632,0,0.310936001182662
1,0,0,0,0,0,1,0,0,0,1,0,0,0.280780865459249,0,0,0,0,0,0.281812255833927,0,0,0,0.0111473971351367,0,0.775487947732581
0,1,0,0,0,0,1,0,0,0,1,0,0,0,0.545114510127897,0,0,0,0,0.162387712504838,0,0,0,0.0222695725945408,0,0.658790565508012
1,1,0,0,0,0,1,0,0,0,1,0,0,0.269356163842268,0.505721877756844,0,0,0,0,0.10493525562915,0,0,0,0.000308453084843824,0,0.937104380044727
0,0,1,0,0,0,1,0,0,0,1,0,0,0,0,0.436699772348906,0,0,0,0.319582713105312,0,0,0,8.17752572639711e-109,0,0.681108153244336
1,0,1,0,0,0,1,0,0,0,1,0,0,0.269028295678878,0,0.39934624292425,0,0,0,0.25746300170132,0,0,0,1.17025040134833e-110,0,1.07771883105994
0,1,1,0,0,0,1,0,0,0,1,0,0,0,4.849292894219e-14,0.436699772348883,0,0,0,0.319582713105295,0,0,0,2.90470282810682e-109,0,0.681108153246305
1,1,1,0,0,0,1,0,0,0,1,0,0,0.269028295678878,2.67593871889085e-13,0.399346242924119,0,0,0,0.257463001701229,0,0,0,4.00761243099912e-111,0,1.07771883106827
0,0,0,1,0,0,1,0,0,0,1,0,0,0,0,0,0.599505650674255,0,0,0.372569325919158,0,0,0,4.31268414489354e-188,0,0.665643333264532
1,0,0,1,0,0,1,0,0,0,1,0,0,0.269028295678878,0,0,0.541478805374551,0,0,0.305612987963595,0,0,0,5.66073303963465e-181,0,1.04853265862421
0,1,0,1,0,0,1,0,0,0,1,0,0,0,2.08172071390357e-107,0,0.599505650674255,0,0,0.372569325919157,0,0,0,6.64584337871578e-188,0,0.665643333264532
1,1,0,1,0,0,1,0,0,0,1,0,0,0.269028295678878,5.73604079081075e-96,0,0.541478805374551,0,0,0.305612987963595,0,0,0,1.10706949951995e-180,0,1.04853265862421
0,0,1,1,0,0,1,0,0,0,1,0,0,0,0,2.78041438864381e-56,0.599505650674255,0,0,0.372569325919157,0,0,0,5.57013803639987e-192,0,0.665643333264532
1,0,1,1,0,0,1,0,0,0,1,0,0,0.269028295678878,0,4.03009949428867e-49,0.541478805374551,0,0,0.305612987963595,0,0,0,1.85260499301287e-184,0,1.04853265862421
0,1,1,1,0,0,1,0,0,0,1,0,0,0,1.27354673391401e-108,3.31925773350569e-56,0.599505650674255,0,0,0.372569325919157,0,0,0,1.00194272070003e-191,0,0.665643333264532
1,1,1,1,0,0,1,0,0,0,1,0,0,0.269028295678878,6.27585907183857e-97,4.86247981210683e-49,0.541478805374551,0,0,0.305612987963595,0,0,0,3.44126058856216e-184,0,1.04853265862421
0,0,0,0,1,0,1,0,0,0,1,0,0,0,0,0,0,0.712265629350723,0,0.322606043145422,0,0,0,1.18908994330382e-171,0,0.620482088770635
1,0,0,0,1,0,1,0,0,0,1,0,0,0.364280835389009,0,0,0,0.635807216015364,0,0.237947705248012,0,0,0,1.6522768616692e-168,0,1.01916992762669
0,1,0,0,1,0,1,0,0,0,1,0,0,0,5.00966398693531e-31,0,0,0.712265629350721,0,0.322606043145421,0,0,0,2.56068182515655e-174,0,0.620482088770635
1,1,0,0,1,0,1,0,0,0,1,0,0,0.364280835389008,1.81112152785214e-29,0,0,0.635807216015361,0,0.237947705248012,0,0,0,4.76253057748965e-171,0,1.01916992762669
0,0,1,0,1,0,1,0,0,0,1,0,0,0,0,6.10855407971536e-29,0,0.712265629350721,0,0.322606043145421,0,0,0,8.92547778157788e-175,0,0.620482088770635
1,0,1,0,1,0,1,0,0,0,1,0,0,0.364280835389008,0,1.83882344218458e-27,0,0.635807216015362,0,0.237947705248012,0,0,0,1.69873818448115e-171,0,1.01916992762669
0,1,1,0,1,0,1,0,0,0,1,0,0,0,3.68248398730637e-31,7.38663311638441e-29,0,0.712265629350721,0,0.322606043145421,0,0,0,2.56923383287532e-174,0,0.620482088770635
1,1,1,0,1,0,1,0,0,0,1,0,0,0.364280835389008,1.35470232707133e-29,2.22330566243424e-27,0,0.635807216015362,0,0.237947705248012,0,0,0,4.72743433550906e-171,0,1.01916992762669
0,0,0,1,1,0,1,0,0,0,1,0,0,0,0,0,0.293678802008271,0.468757436571418,0,0.343689391033624,0,0,0,6.71267413777495e-212,0,1.07911121943511
1,0,0,1,1,0,1,0,0,0,1,0,0,0.335851588538069,0,0,0.236058144339668,0.44604303388734,0,0.261501353083417,0,0,0,1.31972384302182e-201,0,1.35479596427659
0,1,0,1,1,0,1,0,0,0,1,0,0,0,7.01045113148639e-94,0,0.293678802008271,0.468757436571418,0,0.343689391033624,0,0,0,1.22710542581815e-211,0,1.07911121943511
1,1,0,1,1,0,1,0,0,0,1,0,0,0.335851588538069,4.13640286750304e-80,0,0.236058144339668,0.44604303388734,0,0.261501353083417,0,0,0,2.42828414778494e-201,0,1.35479596427659
0,0,1,1,1,0,1,0,0,0,1,0,0,0,0,7.02811515820877e-71,0.293678802008271,0.468757436571418,0,0.343689391033624,0,0,0,8.16069325215439e-212,0,1.07911121943511
1,0,1,1,1,0,1,0,0,0,1,0,0,0.335851588538067,0,2.69567188421134e-61,0.236058144339674,0.446043033887334,0,0.261501353083419,0,0,0,1.56423586341691e-201,0,1.35479596427659
0,1,1,1,1,0,1,0,0,0,1,0,0,0,6.47395198983567e-94,8.44018967266064e-71,0.293678802008277,0.468757436571411,0,0.343689391033626,0,0,0,1.39245939749558e-211,0,1.07911121943512
1,1,1,1,1,0,1,0,0,0,1,0,0,0.335851588538067,3.74566003309826e-80,3.24043305208713e-61,0.236058144339674,0.446043033887334,0,0.261501353083419,0,0,0,2.69134767039848e-201,0,1.35479596427659
0,0,0,0,0,1,1,0,0,0,1,0,0,0,0,0,0,0,0.185100435175948,0.385212346618897,0,0,0,6.3139627887612e-82,0,0.630258635054926
1,0,0,0,0,1,1,0,0,0,1,0,0,0.316635212877441,0,0,0,0,0.0959080581123547,0.290365402929696,0,0,0,1.76958631559683e-49,0,0.996218496394465
0,1,0,0,0,1,1,0,0,0,1,0,0,0,0.406871875366824,0,0,0,0.223954666324565,0.251726405374789,0,0,0,3.54294225263553e-108,0,1.06278020644889
1,1,0,0,0,1,1,0,0,0,1,0,0,0.333620506574271,0.408427959036164,0,0,0,0.130126332068979,0.15128106010943,0,0,0,5.17750124850217e-74,0,1.27680699898152
0,0,1,0,0,1,1,0,0,0,1,0,0,0,0,0.346922611314121,0,0,0.190747265090754,0.365812338333052,0,0,0,3.54603613925967e-186,0,1.06197250315764
1,0,1,0,0,1,1,0,0,0,1,0,0,0.319080277746698,0,0.344938235859653,0,0,0.100833842795931,0.270343951045312,0,0,0,1.00299228435354e-152,0,1.30643250519031
0,1,1,0,0,1,1,0,0,0,1,0,0,0,1.99881623541854e-14,0.346922611314111,0,0,0.190747265090756,0.365812338333045,0,0,0,1.22052079570911e-185,0,1.06197250315833
1,1,1,0,0,1,1,0,0,0,1,0,0,0.31908027774671,2.32842569892929e-13,0.344938235859525,0,0,0.100833842795956,0.270343951045234,0,0,0,3.87898334611933e-152,0,1.30643250519683
0,0,0,1,0,1,1,0,0,0,1,0,0,0,0,0,0.540422489940794,0,0.178421678657303,0.408157597982166,0,0,0,2.69964342481702e-267,0,1.01206835735761
1,0,0,1,0,1,1,0,0,0,1,0,0,0.313934362757649,0,0,0.501835452974002,0,0.0904669729616067,0.312481356334604,0,0,0,1.09845608076092e-221,0,1.25676088326329
0,1,0,1,0,1,1,0,0,0,1,0,0,0,1.01602266664817e-113,0,0.540422489940794,0,0.178421678657303,0.408157597982166,0,0,0,4.64940829628874e-267,0,1.01206835735761
1,1,0,1,0,1,1,0,0,0,1,0,0,0.313934362757649,1.44989696702523e-97,0,0.501835452974002,0,0.0904669729616067,0.312481356334604,0,0,0,1.99660125541914e-221,0,1.25676088326329
0,0,1,1,0,1,1,0,0,0,1,0,0,0,0,2.31338776431254e-66,0.540422489940794,0,0.178421678657303,0.408157597982166,0,0,0,2.81221729653859e-267,0,1.01206835735761
1,0,1,1,0,1,1,0,0,0,1,0,0,0.313934362757649,0,4.7025529534412e-53,0.501835452974002,0,0.0904669729616067,0.312481356334604,0,0,0,1.12548190628802e-221,0,1.25676088326329
0,1,1,1,0,1,1,0,0,0,1,0,0,0,1.03008135369647e-113,2.71992211474033e-66,0.540422489940794,0,0.178421678657303,0.408157597982166,0,0,0,4.41446827117035e-267,0,1.01206835735761
1,1,1,1,0,1,1,0,0,0,1,0,0,0.313934362757649,1.46059766665563e-97,5.59649960940291e-53,0.501835452974002,0,0.0904669729616067,0.312481356334604,0,0,0,1.84900799224427e-221,0,1.25676088326329
0,0,0,0,1,1,1,0,0,0,1,0,0,0,0,0,0,0.712265629350721,1.23602029435927e-129,0.322606043145422,0,0,0,5.07907954794305e-172,0,0.620482088770635
1,0,0,0,1,1,1,0,0,0,1,0,0,0.364280835389009,0,0,0,0.635807216015361,6.47589676133984e-147,0.237947705248012,0,0,0,9.23998904134754e-169,0,1.01916992762669
0,1,0,0,1,1,1,0,0,0,1,0,0,0,4.74178219025729e-31,0,0,0.712265629350721,8.93917690979882e-131,0.322606043145421,0,0,0,8.68622819193994e-175,0,0.620482088770635
1,1,0,0,1,1,1,0,0,0,1,0,0,0.364280835389008,1.77022466544593e-29,0,0,0.635807216015361,1.43974426704338e-148,0.237947705248012,0,0,0,2.22549319426386e-171,0,1.01916992762669
0,0,1,0,1,1,1,0,0,0,1,0,0,0,0,5.49628110812325e-29,0,0.712265629350721,1.15766925467274e-130,0.322606043145421,0,0,0,2.72227769144504e-175,0,0.620482088770635
1,0,1,0,1,1,1,0,0,0,1,0,0,0.364280835389008,0,1.7406098616838e-27,0,0.635807216015362,1.8044477627267e-148,0.237947705248012,0,0,0,7.41371629463045e-172,0,1.01916992762669
0,1,1,0,1,1,1,0,0,0,1,0,0,0,3.33500860231571e-31,6.36302216372045e-29,0,0.712265629350721,3.40814940718588e-130,0.322606043145421,0,0,0,5.65716776545364e-175,0,0.620482088770635
1,1,1,0,1,1,1,0,0,0,1,0,0,0.364280835389008,1.29332327773665e-29,2.05777873873397e-27,0,0.635807216015362,5.86434903782496e-148,0.237947705248012,0,0,0,1.71318434401481e-171,0,1.01916992762669
0,0,0,1,1,1,1,0,0,0,1,0,0,0,0,0,0.293678802008271,0.468757436571418,1.65082260303545e-64,0.343689391033624,0,0,0,1.83456966045376e-212,0,1.07911121943511
1,0,0,1,1,1,1,0,0,0,1,0,0,0.335851588538069,0,0,0.236058144339668,0.44604303388734,5.32073788504954e-94,0.261501353083417,0,0,0,5.65973944733346e-202,0,1.35479596427659
0,1,0,1,1,1,1,0,0,0,1,0,0,0,6.66493009920587e-94,0,0.293678802008271,0.468757436571418,2.19565942363518e-64,0.343689391033624,0,0,0,2.68388401850703e-212,0,1.07911121943511
1,1,0,1,1,1,1,0,0,0,1,0,0,0.335851588538069,4.18960334578289e-80,0,0.236058144339668,0.44604303388734,7.80711576057985e-94,0.261501353083417,0,0,0,9.15111515024191e-202,0,1.35479596427659
0,0,1,1,1,1,1,0,0,0,1,0,0,0,0,6.09179999842938e-71,0.293678802008271,0.468757436571418,2.80662452545831e-64,0.343689391033624,0,0,0,1.61180289928426e-212,0,1.07911121943511
1,0,1,1,1,1,1,0,0,0,1,0,0,0.335851588538069,0,2.57476891046568e-61,0.236058144339668,0.44604303388734,1.03629469260979e-93,0.261501353083417,0,0,0,5.58570019374537e-202,0,1.35479596427659
0,1,1,1,1,1,1,0,0,0,1,0,0,0,6.09225067393163e-94,7.10571209928609e-71,0.293678802008271,0.468757436571418,3.49261416623162e-64,0.343689391033624,0,0,0,2.21580659023529e-212,0,1.07911121943511
1,1,1,1,1,1,1,0,0,0,1,0,0,0.335851588538069,3.81660932289477e-80,3.04802957265906e-61,0.236058144339668,0.44604303388734,1.41854024876929e-93,0.261501353083417,0,0,0,8.45635331940566e-202,0,1.35479596427659
0,0,0,0,0,0,0,1,0,0,1,0,0,0,0,0,0,0,0,0,0.356073662210462,0,0,0.21113465613562,0,0.660134357494783
1,0,0,0,0,0,0,1,0,0,1,0,0,0.398310815226057,0,0,0,0,0,0,0.000240402799581429,0,0,0.122625404476353,0,0.549465294724045
0,1,0,0,0,0,0,1,0,0,1,0,0,0,0.56469549134127,0,0,0,0,0,0.264183489701114,0,0,0.0976190049673259,0,0.896666700621158
1,1,0,0,0,0,0,1,0,0,1,0,0,0.302461553480813,0.558213134884763,0,0,0,0,0,1.96357448483257e-06,0,0,0.0317116830693755,0,0.778801455571538
0,0,1,0,0,0,0,1,0,0,1,0,0,0,0,0.618601749885805,0,0,0,0,0.185161547666534,0,0,3.6685811378836e-95,0,0.539720924479722
1,0,1,0,0,0,0,1,0,0,1,0,0,0.269028295678878,0,0.578778039052459,0,0,0,0,3.00398333383299e-07,0,0,7.31422931990748e-110,0,0.62484037593167
0,1,1,0,0,0,0,1,0,0,1,0,0,0,2.79930830773785e-30,0.618601749885805,0,0,0,0,0.185161547666534,0,0,1.14159663589613e-94,0,0.539720924479722
1,1,1,0,0,0,0,1,0,0,1,0,0,0.269028295678878,6.80984985556996e-25,0.578778039174536,0,0,0,0,2.99855256058557e-07,0,0,2.89562250316306e-109,0,0.624840366781955
0,0,0,1,0,0,0,1,0,0,1,0,0,0,0,0,0.626369853641969,0,0,0,0.185161547666534,0,0,1.38479540707511e-117,0,0.537047291658973
1,0,0,1,0,0,0,1,0,0,1,0,0,0.269028295678878,0,0,0.593930041382706,0,0,0,3.02059027509125e-07,0,0,6.83004614044728e-135,0,0.620500006959663
0,1,0,1,0,0,0,1,0,0,1,0,0,0,1.37827519944411e-60,0,0.626369853641969,0,0,0,0.185161547666534,0,0,1.00033303189573e-118,0,0.537047291658973
1,1,0,1,0,0,0,1,0,0,1,0,0,0.269028295678878,2.47218090304663e-56,0,0.593930041489497,0,0,0,3.01536018947018e-07,0,0,1.5348741951997e-134,0,0.620499998295346
0,0,1,1,0,0,0,1,0,0,1,0,0,0,0,0.240236933270376,0.4206785766097,0,0,0,0.185161547666534,0,0,1.33035029673889e-122,0,1.03741289394046
1,0,1,1,0,0,0,1,0,0,1,0,0,0.269028295678878,0,0.193929974350916,0.427886863393159,0,0,0,3.03663467061958e-07,0,0,9.1443960277524e-138,0,1.04572719921566
0,1,1,1,0,0,0,1,0,0,1,0,0,0,6.17532573223004e-64,0.240236933270376,0.4206785766097,0,0,0,0.185161547666534,0,0,2.33060210689495e-122,0,1.03741289394046
1,1,1,1,0,0,0,1,0,0,1,0,0,0.269028295678878,4.75446897474923e-59,0.193929974449936,0.427886863393166,0,0,0,3.03240056510805e-07,0,0,1.69053446696016e-137,0,1.04572719268767
0,0,0,0,1,0,0,1,0,0,1,0,0,0,0,0,0,0.688194252964562,0,0,0.126855819972209,0,0,2.94024948703466e-97,0,0.432371717089079
1,0,0,0,1,0,0,1,0,0,1,0,0,0.362233577550042,0,0,0,0.622141844876495,0,0,1.66719092375363e-71,0,0,2.86703948457225e-115,0,0.657873552283873
0,1,0,0,1,0,0,1,0,0,1,0,0,0,0.222995812829697,0,0,0.513527589377662,0,0,0.141654064625522,0,0,1.75173385972728e-69,0,0.956107792524667
1,1,0,0,1,0,0,1,0,0,1,0,0,0.34081041388451,0.188560170317187,0,0,0.479143011565854,0,0,9.92475556859673e-57,0,0,6.95096803117241e-91,0,1.03372177631139
0,0,1,0,1,0,0,1,0,0,1,0,0,0,0,0.618601712534139,0,5.28936022036908e-08,0,0,0.185161542882618,0,0,2.59858421899684e-96,0,0.539722050384115
1,0,1,0,1,0,0,1,0,0,1,0,0,0.269028307517474,0,0.578778047113376,0,7.43171070871689e-08,0,0,7.65409182101715e-09,0,0,3.63528758750736e-111,0,0.624836613127216
0,1,1,0,1,0,0,1,0,0,1,0,0,0,5.71421299182642e-30,0.618601710206276,0,5.61900842381008e-08,0,0,0.185161542584471,0,0,6.95845871692113e-96,0,0.539722116327191
1,1,1,0,1,0,0,1,0,0,1,0,0,0.269028308327739,1.57172707525741e-24,0.578778043301593,0,7.94035676661078e-08,0,0,7.02954334323209e-09,0,0,1.21049917641179e-110,0,0.62483669504644
0,0,0,1,1,0,0,1,0,0,1,0,0,0,0,0,0.395347314264763,0.357604326804912,0,0,0.154864316308989,0,0,7.99024124356519e-140,0,1.03068123540543
1,0,0,1,1,0,0,1,0,0,1,0,0,0.318037733340556,0,0,0.364376436020597,0.327136202488417,0,0,5.302509899956e-41,0,0,9.29455341189535e-153,0,1.0968574957277
0,1,0,1,1,0,0,1,0,0,1,0,0,0,7.38652964550992e-52,0,0.395347314264763,0.357604326804912,0,0,0.154864316308989,0,0,1.65925136794739e-139,0,1.03068123540543
1,1,0,1,1,0,0,1,0,0,1,0,0,0.318037733340556,4.23466351974563e-48,0,0.364376436020597,0.327136202488417,0,0,5.95942927708665e-41,0,0,1.99541085064939e-152,0,1.0968574957277
0,0,1,1,1,0,0,1,0,0,1,0,0,0,0,0.12968964358193,0.363142881790578,0.235572433011793,0,0,0.165203197913275,0,0,1.23774282613132e-134,0,1.30960238268604
1,0,1,1,1,0,0,1,0,0,1,0,0,0.311643501257822,0,0.0439713279979958,0.356671464907509,0.284463022698273,0,0,2.29247985067773e-35,0,0,1.29768632732365e-150,0,1.22678240054707
0,1,1,1,1,0,0,1,0,0,1,0,0,0,1.1543310762885e-56,0.129689649241452,0.363142881014479,0.235572426655818,0,0,0.165203198485658,0,0,2.17096594830584e-134,0,1.30960238704558
1,1,1,1,1,0,0,1,0,0,1,0,0,0.311642731935015,3.19070995933123e-50,0.043976297248731,0.356670753536715,0.284457963833743,0,0,2.46288668330088e-35,0,0,2.39734225472744e-150,0,1.22679189757373
0,0,0,0,0,1,0,1,0,0,1,0,0,0,0,0,0,0,0.306606495780453,0,0.185161547666534,0,0,4.05925361955837e-56,0,0.66233583754463
1,0,0,0,0,1,0,1,0,0,1,0,0,0.352095290900258,0,0,0,0,0.167345307651026,0,5.17160345086958e-39,0,0,8.47990691760939e-24,0,0.628490225420088
0,1,0,0,0,1,0,1,0,0,1,0,0,0,0.483765192675532,0,0,0,0.306606495780453,0,0.185161547666534,0,0,8.49813272164185e-99,0,1.02699820741508
1,1,0,0,0,1,0,1,0,0,1,0,0,0.352095290900259,0.484698872731937,0,0,0,0.167345307651027,0,4.78523500029099e-39,0,0,1.87076751786549e-67,0,1.01766605699238
0,0,1,0,0,1,0,1,0,0,1,0,0,0,0,0.526082132321525,0,0,0.306606495780453,0,0.185161547666534,0,0,1.20074218930783e-211,0,1.01258229323584
1,0,1,0,0,1,0,1,0,0,1,0,0,0.352095290900259,0,0.503380196051602,0,0,0.167345307651027,0,4.6500542175338e-39,0,0,5.19891228635253e-177,0,1.01220330910497
0,1,1,0,0,1,0,1,0,0,1,0,0,0,2.56957311303945e-34,0.526082132321525,0,0,0.306606495780453,0,0.185161547666534,0,0,4.86604441954592e-216,0,1.01258229323584
1,1,1,0,0,1,0,1,0,0,1,0,0,0.352095290900259,5.55094922179906e-26,0.503380196051602,0,0,0.167345307651027,0,4.65893488159616e-39,0,0,1.94584473335693e-176,0,1.01220330910497
0,0,0,1,0,1,0,1,0,0,1,0,0,0,0,0,0.535335167139231,0,0.306606495780453,0,0.185161547666534,0,0,6.77668152576098e-232,0,1.00936790174468
1,0,0,1,0,1,0,1,0,0,1,0,0,0.352095290900259,0,0,0.522778575534089,0,0.167345307651027,0,4.63546105492633e-39,0,0,6.30163949269162e-201,0,1.00638071302211
0,1,0,1,0,1,0,1,0,0,1,0,0,0,4.36373225110755e-61,0,0.535335167139231,0,0.306606495780453,0,0.185161547666534,0,0,2.18471366278515e-237,0,1.00936790174468
1,1,0,1,0,1,0,1,0,0,1,0,0,0.352095290900259,9.43453438512554e-56,0,0.522778575534089,0,0.167345307651027,0,4.643704471793e-39,0,0,1.52767410032295e-200,0,1.00638071302211
0,0,1,1,0,1,0,1,0,0,1,0,0,0,0,0.193952736594425,0.369272499210017,0,0.306606495780453,0,0.185161547666534,0,0,1.07491567186099e-240,0,1.3433375390525
1,0,1,1,0,1,0,1,0,0,1,0,0,0.352095290900259,0,0.144333752555407,0.399199767405285,0,0.167345307651027,0,4.63080180674491e-39,0,0,3.91597867672705e-203,0,1.29596175194774
0,1,1,1,0,1,0,1,0,0,1,0,0,0,7.59199969618754e-64,0.193952736594431,0.369272499210011,0,0.306606495780453,0,0.185161547666534,0,0,1.97497018799334e-240,0,1.3433375390525
1,1,1,1,0,1,0,1,0,0,1,0,0,0.352095290900259,8.12375305394075e-58,0.144333752555846,0.399199767404883,0,0.167345307651027,0,4.6362080285546e-39,0,0,7.49933908139606e-203,0,1.29596175194815
0,0,0,0,1,1,0,1,0,0,1,0,0,0,0,0,0,0.688194252964562,1.80790463421759e-88,0,0.126855819972209,0,0,1.3448899960151e-97,0,0.432371717089079
1,0,0,0,1,1,0,1,0,0,1,0,0,0.362233577550042,0,0,0,0.622141844876495,3.68291690195524e-120,0,1.40156264108689e-71,0,0,1.68996140020737e-115,0,0.657873552283873
0,1,0,0,1,1,0,1,0,0,1,0,0,0,0.222995812829697,0,0,0.513527589377662,6.02257213503708e-39,0,0.141654064625522,0,0,5.9231523036067e-70,0,0.956107792524667
1,1,0,0,1,1,0,1,0,0,1,0,0,0.34081041388451,0.188560170317187,0,0,0.479143011565854,7.07376735798089e-77,0,8.54841098517432e-57,0,0,3.92692443652621e-91,0,1.03372177631139
0,0,1,0,1,1,0,1,0,0,1,0,0,0,0,0.516846920640424,0,0.0205852669330763,0.290207020389351,0,0.183416754512143,0,0,6.444316514564e-206,0,1.0902295072533
1,0,1,0,1,1,0,1,0,0,1,0,0,0.348159562460388,0,0.495170225596841,0,0.0191056582643194,0.153652951455184,0,1.4784140788867e-37,0,0,1.03258210790757e-167,0,1.07766939860991
0,1,1,0,1,1,0,1,0,0,1,0,0,0,2.26438157978333e-33,0.516842248919167,0,0.0205956933146649,0.290198580691324,0,0.183415856019359,0,0,1.85208066094277e-205,0,1.09025849064203
1,1,1,0,1,1,0,1,0,0,1,0,0,0.348155339761289,3.03574879959352e-25,0.495161950891884,0,0.0191251367877138,0.153638665047893,0,1.45024590022022e-37,0,0,3.74800473345552e-167,0,1.07771644842553
0,0,0,1,1,1,0,1,0,0,1,0,0,0,0,0,0.389003773490677,0.357263667472811,0.0221063804481359,0,0.154893177913357,0,0,5.30692869719279e-149,0,1.12041715977137
1,0,0,1,1,1,0,1,0,0,1,0,0,0.318037733340556,0,0,0.364376436020597,0.327136202488417,4.06733958772633e-31,0,3.77088103383989e-41,0,0,3.12893611466373e-153,0,1.0968574957277
0,1,0,1,1,1,0,1,0,0,1,0,0,0,7.00954205087126e-52,0,0.389003773475091,0.357263667473786,0.0221063804956588,0,0.154893177913265,0,0,6.79090713347968e-149,0,1.12041715990987
1,1,0,1,1,1,0,1,0,0,1,0,0,0.318037733340556,4.54729286062808e-48,0,0.364376436020597,0.327136202488417,5.78719466878623e-31,0,4.03226066807055e-41,0,0,5.78737943079858e-153,0,1.0968574957277
0,0,1,1,1,1,0,1,0,0,1,0,0,0,0,0.103744616552863,0.340657832989245,0.258432009467881,0.100809123780061,0,0.163266471747892,0,0,1.24390307074861e-175,0,1.49577099927925
1,0,1,1,1,1,0,1,0,0,1,0,0,0.311645969747671,0,0.0439553828350009,0.356673747849287,0.28447925495581,3.87672317679181e-15,0,8.92440394003171e-36,0,0,1.18613609395624e-151,0,1.22675192252219
0,1,1,1,1,1,0,1,0,0,1,0,0,0,4.88815671523655e-56,0.10374462802699,0.340657827546045,0.258431996950063,0.100809135466485,0,0.163266472876028,0,0,1.62240741660143e-175,0,1.49577102242544
1,1,1,1,1,1,0,1,0,0,1,0,0,0.311645227450743,3.53762901826575e-50,0.0439601777779588,0.356673061284222,0.284474373752303,4.38701311132366e-15,0,8.90536057098121e-36,0,0,1.81291163076828e-151,0,1.22676108839621
0,0,0,0,0,0,1,1,0,0,1,0,0,0,0,0,0,0,0,0.35689141855611,1.0808988941312e-218,0,0,0.0368828163493632,0,0.310936001182662
1,0,0,0,0,0,1,1,0,0,1,0,0,0.28078086546776,0,0,0,0,0,0.281812255834248,3.38655641358253e-270,0,0,0.0111473971427463,0,0.775487947773626
0,1,0,0,0,0,1,1,0,0,1,0,0,0,0.545114510127897,0,0,0,0,0.162387712504839,5.28099021438507e-44,0,0,0.0222695725945414,0,0.658790565508015
1,1,0,0,0,0,1,1,0,0,1,0,0,0.26935624264375,0.505721831495338,0,0,0,0,0.104935276035173,2.10403691882825e-106,0,0,0.000308527098329499,0,0.937105040012078
0,0,1,0,0,0,1,1,0,0,1,0,0,0,0,0.436699772348906,0,0,0,0.319582713105312,4.56183117154066e-196,0,0,8.84437448017175e-109,0,0.681108153244336
1,0,1,0,0,0,1,1,0,0,1,0,0,0.269028295678878,0,0.39934624292425,0,0,0,0.25746300170132,1.89712873003259e-241,0,0,1.22985323176184e-110,0,1.07771883105994
0,1,1,0,0,0,1,1,0,0,1,0,0,0,4.8301465725845e-14,0.436699772348883,0,0,0,0.319582713105295,3.26793400529894e-198,0,0,3.09995073530858e-109,0,0.681108153246297
1,1,1,0,0,0,1,1,0,0,1,0,0,0.269028295678878,2.67169251243508e-13,0.399346242924119,0,0,0,0.257463001701229,1.18610333612548e-245,0,0,4.15469440904671e-111,0,1.07771883106826
0,0,0,1,0,0,1,1,0,0,1,0,0,0,0,0,0.599505650674255,0,0,0.372569325919158,3.50169674196242e-243,0,0,4.76799763831478e-188,0,0.665643333264532
1,0,0,1,0,0,1,1,0,0,1,0,0,0.269028295678878,0,0,0.541478805374551,0,0,0.305612987963595,6.63981944179321e-284,0,0,6.05377499402743e-181,0,1.04853265862421
0,1,0,1,0,0,1,1,0,0,1,0,0,0,2.07632028374717e-107,0,0.599505650674255,0,0,0.372569325919157,7.26070120103221e-243,0,0,7.33399618506934e-188,0,0.665643333264532
1,1,0,1,0,0,1,1,0,0,1,0,0,0.269028295678878,5.73590104631263e-96,0,0.541478805374551,0,0,0.305612987963595,1.99643197824137e-283,0,0,1.17361857573562e-180,0,1.04853265862421
0,0,1,1,0,0,1,1,0,0,1,0,0,0,0,2.79988929311459e-56,0.599505650674255,0,0,0.372569325919157,1.10121907988929e-249,0,0,6.19076945558762e-192,0,0.665643333264532
1,0,1,1,0,0,1,1,0,0,1,0,0,0.269028295678878,0,4.05315518514199e-49,0.541478805374551,0,0,0.305612987963595,1.44577098226854e-292,0,0,1.98639371528713e-184,0,1.04853265862421
0,1,1,1,0,0,1,1,0,0,1,0,0,0,1.27178012762203e-108,3.3286924412065e-56,0.599505650674255,0,0,0.372569325919157,2.90947905224126e-249,0,0,1.11242289718927e-191,0,0.665643333264532
1,1,1,1,0,0,1,1,0,0,1,0,0,0.269028295678878,6.27986691182455e-97,4.87437060475371e-49,0.541478805374551,0,0,0.305612987963595,4.14968762354046e-292,0,0,3.6661288055108e-184,0,1.04853265862421
0,0,0,0,1,0,1,1,0,0,1,0,0,0,0,0,0,0.712265629350723,0,0.322606043145422,4.61033841163462e-230,0,0,1.23238329199856e-171,0,0.620482088770635
1,0,0,0,1,0,1,1,0,0,1,0,0,0.364280835389009,0,0,0,0.635807216015364,0,0.237947705248012,6.61700211595084e-287,0,0,1.69163535070507e-168,0,1.01916992762669
0,1,0,0,1,0,1,1,0,0,1,0,0,0,4.61458729682383e-31,0,0,0.712265629350721,0,0.322606043145421,4.89051129265387e-235,0,0,2.41987152011541e-174,0,0.620482088770635
1,1,0,0,1,0,1,1,0,0,1,0,0,0.364280835389008,1.72611098171694e-29,0,0,0.635807216015361,0,0.237947705248012,4.35410063943752e-295,0,0,4.59954517024281e-171,0,1.01916992762669
0,0,1,0,1,0,1,1,0,0,1,0,0,0,0,5.74615579069194e-29,0,0.712265629350721,0,0.322606043145421,8.52804659029263e-236,0,0,9.14932418190179e-175,0,0.620482088770635
1,0,1,0,1,0,1,1,0,0,1,0,0,0.364280835389008,0,1.7676839908374e-27,0,0.635807216015362,0,0.237947705248012,8.11277407985264e-296,0,0,1.72664983514805e-171,0,1.01916992762669
0,1,1,0,1,0,1,1,0,0,1,0,0,0,3.45428626680283e-31,6.79208052089895e-29,0,0.712265629350721,0,0.322606043145421,4.74990875261307e-235,0,0,2.47652624445097e-174,0,0.620482088770635
1,1,1,0,1,0,1,1,0,0,1,0,0,0.364280835389008,1.30418873691063e-29,2.11290970764644e-27,0,0.635807216015362,0,0.237947705248012,5.03240296380921e-295,0,0,4.61734373699116e-171,0,1.01916992762669
0,0,0,1,1,0,1,1,0,0,1,0,0,0,0,0,0.293678802008271,0.468757436571418,0,0.343689391033624,1.68878193010377e-244,0,0,7.38292531912102e-212,0,1.07911121943511
1,0,0,1,1,0,1,1,0,0,1,0,0,0.335851588538069,0,0,0.236058144339668,0.44604303388734,0,0.261501353083417,3.02275648625872e-298,0,0,1.40823245420559e-201,0,1.35479596427659
0,1,0,1,1,0,1,1,0,0,1,0,0,0,7.15692458886866e-94,0,0.293678802008271,0.468757436571418,0,0.343689391033624,4.00244588342101e-244,0,0,1.33582035076318e-211,0,1.07911121943511
1,1,0,1,1,0,1,1,0,0,1,0,0,0.335851588538069,4.20238736147028e-80,0,0.236058144339668,0.44604303388734,0,0.261501353083417,7.76333313331822e-298,0,0,2.55907966291864e-201,0,1.35479596427659
0,0,1,1,1,0,1,1,0,0,1,0,0,0,0,7.00974673529913e-71,0.293678802008271,0.468757436571418,0,0.343689391033624,2.05810961631949e-244,0,0,8.97762650683153e-212,0,1.07911121943511
1,0,1,1,1,0,1,1,0,0,1,0,0,0.335851588538069,0,2.69674650517523e-61,0.236058144339668,0.44604303388734,0,0.261501353083417,3.95894518572783e-298,0,0,1.66385961904356e-201,0,1.35479596427659
0,1,1,1,1,0,1,1,0,0,1,0,0,0,6.63159728360758e-94,8.3574633924265e-71,0.293678802008271,0.468757436571418,0,0.343689391033624,4.39657163237288e-244,0,0,1.51846754901455e-211,0,1.07911121943511
1,1,1,1,1,0,1,1,0,0,1,0,0,0.335851588538069,3.81549537290518e-80,3.22565462217979e-61,0.236058144339668,0.44604303388734,0,0.261501353083417,9.07444992682779e-298,0,0,2.82839990473389e-201,0,1.35479596427659
0,0,0,0,0,1,1,1,0,0,1,0,0,0,0,0,0,0,0.185100435175948,0.385212346618897,5.37448019446591e-262,0,0,6.16123385579607e-82,0,0.630258635054926
1,0,0,0,0,1,1,1,0,0,1,0,0,0.316635212877441,0,0,0,0,0.0959080581123547,0.290365402929696,1.58768976430299e-297,0,0,1.74656879803607e-49,0,0.996218496394465
0,1,0,0,0,1,1,1,0,0,1,0,0,0,0.406871875366824,0,0,0,0.223954666324565,0.251726405374789,2.3818694141422e-137,0,0,3.54564952162604e-108,0,1.06278020644889
1,1,0,0,0,1,1,1,0,0,1,0,0,0.333620506574271,0.408427959036164,0,0,0,0.130126332068979,0.15128106010943,2.00899948149703e-174,0,0,5.18970775682078e-74,0,1.27680699898152
0,0,1,0,0,1,1,1,0,0,1,0,0,0,0,0.346922611314121,0,0,0.190747265090754,0.365812338333052,6.83570838066245e-244,0,0,3.7298141704179e-186,0,1.06197250315764
1,0,1,0,0,1,1,1,0,0,1,0,0,0.319080277746698,0,0.344938235859653,0,0,0.100833842795931,0.270343951045312,8.62353523488635e-280,0,0,1.04090525318371e-152,0,1.30643250519031
0,1,1,0,0,1,1,1,0,0,1,0,0,0,1.99344483026121e-14,0.346922611314111,0,0,0.190747265090756,0.365812338333045,3.04994537242879e-242,0,0,1.26877845777902e-185,0,1.06197250315833
1,1,1,0,0,1,1,1,0,0,1,0,0,0.31908027774671,2.32553379679132e-13,0.344938235859525,0,0,0.100833842795956,0.270343951045234,5.10204185002841e-278,0,0,3.98430401850446e-152,0,1.30643250519683
0,0,0,1,0,1,1,1,0,0,1,0,0,0,0,0,0.540422489940794,0,0.178421678657303,0.408157597982166,1.54818090285182e-283,0,0,2.87913996580628e-267,0,1.01206835735761
1,0,0,1,0,1,1,1,0,0,1,0,0,0.313934362757649,0,0,0.501835452974002,0,0.0904669729616067,0.312481356334604,3.36936861549934e-317,0,0,1.15395849824707e-221,0,1.25676088326329
0,1,0,1,0,1,1,1,0,0,1,0,0,0,1.01896421744359e-113,0,0.540422489940794,0,0.178421678657303,0.408157597982166,4.10735715720807e-283,0,0,4.9264173587973e-267,0,1.01206835735761
1,1,0,1,0,1,1,1,0,0,1,0,0,0.313934362757649,1.4549472827173e-97,0,0.501835452974002,0,0.0904669729616067,0.312481356334604,9.87174237119934e-317,0,0,2.08058645663605e-221,0,1.25676088326329
0,0,1,1,0,1,1,1,0,0,1,0,0,0,0,2.33009631917475e-66,0.540422489940794,0,0.178421678657303,0.408157597982166,2.11447456268789e-283,0,0,3.00425890963349e-267,0,1.01206835735761
1,0,1,1,0,1,1,1,0,0,1,0,0,0.313934362757649,0,4.73274154262219e-53,0.501835452974002,0,0.0904669729616067,0.312481356334604,4.77711875337643e-317,0,0,1.18337956597138e-221,0,1.25676088326329
0,1,1,1,0,1,1,1,0,0,1,0,0,0,1.03351440701778e-113,2.73029766007183e-66,0.540422489940794,0,0.178421678657303,0.408157597982166,4.70119628116825e-283,0,0,4.69761200609933e-267,0,1.01206835735761
1,1,1,1,0,1,1,1,0,0,1,0,0,0.313934362757649,1.4661485158173e-97,5.61685459562697e-53,0.501835452974002,0,0.0904669729616067,0.312481356334604,1.15838038445164e-316,0,0,1.93322463410072e-221,0,1.25676088326329
0,0,0,0,1,1,1,1,0,0,1,0,0,0,0,0,0,0.712265629350721,1.28194058220924e-129,0.322606043145422,2.33002484053618e-230,0,0,5.15100415249818e-172,0,0.620482088770635
1,0,0,0,1,1,1,1,0,0,1,0,0,0.364280835389009,0,0,0,0.635807216015361,6.64895544809553e-147,0.237947705248012,3.99123456822148e-287,0,0,9.36779956847411e-169,0,1.01916992762669
0,1,0,0,1,1,1,1,0,0,1,0,0,0,4.41886847810978e-31,0,0,0.712265629350721,8.40069051047015e-131,0.322606043145421,2.22193574495377e-235,0,0,8.21895948302286e-175,0,0.620482088770635
1,1,0,0,1,1,1,1,0,0,1,0,0,0.364280835389008,1.69550446271895e-29,0,0,0.635807216015361,1.3807871480743e-148,0.237947705248012,2.13620235356054e-295,0,0,2.14933038427049e-171,0,1.01916992762669
0,0,1,0,1,1,1,1,0,0,1,0,0,0,0,5.21301394523709e-29,0,0.712265629350721,1.09306062327017e-130,0.322606043145421,4.08294472295988e-236,0,0,2.77100780160221e-175,0,0.620482088770635
1,0,1,0,1,1,1,1,0,0,1,0,0,0.364280835389008,0,1.68070085318307e-27,0,0.635807216015362,1.73389875269828e-148,0.237947705248012,4.10534288086424e-296,0,0,7.50617324671425e-172,0,1.01916992762669
0,1,1,0,1,1,1,1,0,0,1,0,0,0,3.15940595447766e-31,5.94292489176357e-29,0,0.712265629350721,3.02085007449764e-130,0.322606043145421,1.7448515669769e-235,0,0,5.54231109923111e-175,0,0.620482088770635
1,1,1,0,1,1,1,1,0,0,1,0,0,0.364280835389008,1.2504359580439e-29,1.96958234470727e-27,0,0.635807216015362,5.38914257389833e-148,0.237947705248012,2.0697076940773e-295,0,0,1.6834864508613e-171,0,1.01916992762669
0,0,0,1,1,1,1,1,0,0,1,0,0,0,0,0,0.293678802008271,0.468757436571418,1.54756663031982e-64,0.343689391033624,8.27429271726129e-245,0,0,1.99239979742792e-212,0,1.07911121943511
1,0,0,1,1,1,1,1,0,0,1,0,0,0.335851588538069,0,0,0.236058144339668,0.44604303388734,5.0615153613802e-94,0.261501353083417,1.56216037422636e-298,0,0,5.98724777686819e-202,0,1.35479596427659
0,1,0,1,1,1,1,1,0,0,1,0,0,0,6.79634143353511e-94,0,0.293678802008271,0.468757436571418,2.02216307272672e-64,0.343689391033624,1.68588931712012e-244,0,0,2.90395454879572e-212,0,1.07911121943511
1,1,0,1,1,1,1,1,0,0,1,0,0,0.335851588538069,4.25179966553593e-80,0,0.236058144339668,0.44604303388734,7.32636798866073e-94,0.261501353083417,3.53425226449537e-298,0,0,9.59260764555548e-202,0,1.35479596427659
0,0,1,1,1,1,1,1,0,0,1,0,0,0,0,6.09782650119459e-71,0.293678802008271,0.468757436571418,2.59121472246798e-64,0.343689391033624,8.72257121507119e-245,0,0,1.76269687632924e-212,0,1.07911121943511
1,0,1,1,1,1,1,1,0,0,1,0,0,0.335851588538069,0,2.57948877786493e-61,0.236058144339668,0.44604303388734,9.71124646556515e-94,0.261501353083417,1.82039237323517e-298,0,0,5.92519287038307e-202,0,1.35479596427659
0,1,1,1,1,1,1,1,0,0,1,0,0,0,6.23234548702727e-94,7.07758804424323e-71,0.293678802008271,0.468757436571418,3.17836785278386e-64,0.343689391033624,1.61041813390574e-244,0,0,2.42071800059386e-212,0,1.07911121943511
1,1,1,1,1,1,1,1,0,0,1,0,0,0.335851588538069,3.88277781766765e-80,3.04140423119473e-61,0.236058144339668,0.44604303388734,1.31464739074385e-93,0.261501353083417,3.70472778844697e-298,0,0,8.9144257820653e-202,0,1.35479596427659
0,0,0,0,0,0,0,0,1,0,1,0,0,0,0,0,0,0,0,0,0,0.1030465506962,0,0.195938714205753,0,0.64407447225199
1,0,0,0,0,0,0,0,1,0,1,0,0,0.484026785354388,0,0,0,0,0,0,0,0.175188401933831,0,0.0777438608001099,0,0.854896507102079
0,1,0,0,0,0,0,0,1,0,1,0,0,0,0.561221638224912,0,0,0,0,0,0,0.563628329179102,0,0.0152008794968951,0,0.754714153042884
1,1,0,0,0,0,0,0,1,0,1,0,0,0.640897248548447,0.387453969778067,0,0,0,0,0,0,0.489702644752272,0,1.30590859599525e-38,0,1.07756420868573
0,0,1,0,0,0,0,0,1,0,1,0,0,0,0,0.535934623446373,0,0,0,0,0,0.663317991239174,0,9.41687023847021e-113,0,0.687495290621396
1,0,1,0,0,0,0,0,1,0,1,0,0,0.681564758125195,0,0.353974870123193,0,0,0,0,0,0.543256421806113,0,2.01067932197564e-117,0,1.06496250697098
0,1,1,0,0,0,0,0,1,0,1,0,0,0,1.36110377342074e-17,0.535934623446373,0,0,0,0,0,0.663317991239174,0,2.44234025780831e-113,0,0.687495290621397
1,1,1,0,0,0,0,0,1,0,1,0,0,0.681564758127985,1.33140425749675e-10,0.353974870023794,0,0,0,0,0,0.543256421809666,0,6.00902658066372e-118,0,1.06496250889418
0,0,0,1,0,0,0,0,1,0,1,0,0,0,0,0,0.53575603994673,0,0,0,0,0.90588543457615,0,2.96954690329539e-146,0,0.65981706811642
1,0,0,1,0,0,0,0,1,0,1,0,0,0.810092396239883,0,0,0.353681770766745,0,0,0,0,0.712510466336691,0,1.36521040305896e-152,0,1.04486271452179
0,1,0,1,0,0,0,0,1,0,1,0,0,0,6.1351458465733e-53,0,0.535756039946728,0,0,0,0,0.905885434576147,0,3.43772554724676e-148,0,0.65981706811642
1,1,0,1,0,0,0,0,1,0,1,0,0,0.810092396239882,3.91988019231215e-46,0,0.353681770766745,0,0,0,0,0.712510466336692,0,8.96937878435505e-155,0,1.04486271452179
0,0,1,1,0,0,0,0,1,0,1,0,0,0,0,0.0410193420824321,0.501864537140553,0,0,0,0,0.897162168609321,0,4.55371150523229e-149,0,0.763523967161554
1,0,1,1,0,0,0,0,1,0,1,0,0,0.810092396239882,0,3.75436359987013e-15,0.353681770766742,0,0,0,0,0.712510466336691,0,4.15827548436421e-155,0,1.04486271452185
0,1,1,1,0,0,0,0,1,0,1,0,0,0,1.09213895309246e-53,0.0410195442003134,0.501864367736512,0,0,0,0,0.897162122134947,0,9.32850048644955e-149,0,0.763524334621569
1,1,1,1,0,0,0,0,1,0,1,0,0,0.810092396239882,3.6408271933318e-46,3.8385263199715e-15,0.353681770766742,0,0,0,0,0.712510466336691,0,8.29838514484742e-155,0,1.04486271452185
0,0,0,0,1,0,0,0,1,0,1,0,0,0,0,0,0,0.654784114446456,0,0,0,0.513974030419344,0,1.35783448758441e-120,0,0.685872001001721
1,0,0,0,1,0,0,0,1,0,1,0,0,0.719509517379295,0,0,0,0.515327634166499,0,0,0,0.491558381165939,0,1.18306810136817e-151,0,1.08332978985307
0,1,0,0,1,0,0,0,1,0,1,0,0,0,0.17197533205186,0,0,0.516786150073083,0,0,0,0.564074661056391,0,7.27690430490698e-103,0,0.997148178307634
1,1,0,0,1,0,0,0,1,0,1,0,0,0.719509517398059,2.45502807808265e-10,0,0,0.515327633954363,0,0,0,0.491558381231784,0,1.25904447654194e-153,0,1.08332979305444
0,0,1,0,1,0,0,0,1,0,1,0,0,0,0,0.434768326904766,0,0.147087350506973,0,0,0,0.64765588690327,0,1.10271665362996e-123,0,0.959275462998537
1,0,1,0,1,0,0,0,1,0,1,0,0,0.719509538060457,0,5.48877504958947e-07,0,0.515326967858823,0,0,0,0.491558539384768,0,4.49706894702278e-154,0,1.083334484938
0,1,1,0,1,0,0,0,1,0,1,0,0,0,3.55858066622938e-16,0.434768325144917,0,0.147087352973393,0,0,0,0.647655886578147,0,4.85269484737019e-123,0,0.959275465302937
1,1,1,0,1,0,0,0,1,0,1,0,0,0.719509533369253,1.35381779529229e-10,4.24097912128962e-07,0,0.515327119217572,0,0,0,0.491558503452269,0,1.12242617374699e-153,0,1.08333348274565
0,0,0,1,1,0,0,0,1,0,1,0,0,0,0,0,0.296007405232136,0.388115804125127,0,0,0,0.781240012617164,0,1.41233340912838e-166,0,1.01030952424186
1,0,0,1,1,0,0,0,1,0,1,0,0,0.777977269266948,0,0,0.111768694679855,0.403304702078509,0,0,0,0.590653165531019,0,9.82879091483669e-174,0,1.22646445992118
0,1,0,1,1,0,0,0,1,0,1,0,0,0,1.06548117107702e-44,0,0.296007405232136,0.388115804125127,0,0,0,0.781240012617164,0,3.28238582446264e-166,0,1.01030952424186
1,1,0,1,1,0,0,0,1,0,1,0,0,0.777977269266948,3.95540856470489e-38,0,0.111768694679855,0.403304702078509,0,0,0,0.590653165531019,0,1.87884842195154e-173,0,1.22646445992118
0,0,1,1,1,0,0,0,1,0,1,0,0,0,0,2.72375289025324e-12,0.296007405231854,0.388115804121904,0,0,0,0.781240012617595,0,2.46122240333975e-166,0,1.01030952429112
1,0,1,1,1,0,0,0,1,0,1,0,0,0.777977269266948,0,2.53477142384881e-29,0.111768694679855,0.403304702078509,0,0,0,0.590653165531019,0,1.24345435098083e-173,0,1.22646445992118
0,1,1,1,1,0,0,0,1,0,1,0,0,0,7.2062073978343e-45,2.79689046069545e-12,0.296007405231847,0.388115804121817,0,0,0,0.781240012617606,0,4.91267724110544e-166,0,1.0103095242924
1,1,1,1,1,0,0,0,1,0,1,0,0,0.777977269266948,3.58383642971997e-38,2.62509528710794e-29,0.111768694679855,0.403304702078509,0,0,0,0.590653165531019,0,2.1654995199796e-173,0,1.22646445992118
0,0,0,0,0,1,0,0,1,0,1,0,0,0,0,0,0,0,0.132064942042457,0,0,0.124697780552645,0,0.0501483045345741,0,1.02480467429503
1,0,0,0,0,1,0,0,1,0,1,0,0,0.484026785354386,0,0,0,0,1.06802094639166e-42,0,0,0.175188401933832,0,0.0777438608001085,0,0.854896507102079
0,1,0,0,0,1,0,0,1,0,1,0,0,0,0.561221638290801,0,0,0,1.33102810886551e-162,0,0,0.563628329489816,0,0.0152008786702278,0,0.754714150443112
1,1,0,0,0,1,0,0,1,0,1,0,0,0.640897248548447,0.387453969778067,0,0,0,5.51071858852841e-213,0,0,0.489702644752272,0,1.03118637125108e-38,0,1.07756420868573
0,0,1,0,0,1,0,0,1,0,1,0,0,0,0,0.535934623446373,0,0,8.61266071245891e-206,0,0,0.663317991239174,0,5.34574134279351e-113,0,0.687495290621396
1,0,1,0,0,1,0,0,1,0,1,0,0,0.681564758125195,0,0.353974870123193,0,0,9.79647377610522e-238,0,0,0.543256421806113,0,1.3672327343301e-117,0,1.06496250697098
0,1,1,0,0,1,0,0,1,0,1,0,0,0,1.36040597878701e-17,0.535934623446373,0,0,1.29343295244065e-210,0,0,0.663317991239174,0,1.60191701296189e-113,0,0.687495290621397
1,1,1,0,0,1,0,0,1,0,1,0,0,0.681564758127979,1.32843249600371e-10,0.353974870024016,0,0,3.22664813564576e-244,0,0,0.543256421809658,0,4.34062187802742e-118,0,1.06496250889007
0,0,0,1,0,1,0,0,1,0,1,0,0,0,0,0,0.53575603994673,0,4.01977987253274e-315,0,0,0.90588543457615,0,2.13878301982491e-146,0,0.65981706811642
1,0,0,1,0,1,0,0,1,0,1,0,0,0.810092396239884,0,0,0.353681770766745,0,2.47032822920623e-323,0,0,0.712510466336692,0,1.05145568522994e-152,0,1.04486271452179
0,1,0,1,0,1,0,0,1,0,1,0,0,0,6.67930209521198e-53,0,0.535756039946728,0,2.96439387504748e-323,0,0,0.905885434576147,0,2.71475559295885e-148,0,0.65981706811642
1,1,0,1,0,1,0,0,1,0,1,0,0,0.810092396239882,4.15024704981163e-46,0,0.353681770766745,0,2.47032822920623e-323,0,0,0.712510466336692,0,7.26364758805925e-155,0,1.04486271452179
0,0,1,1,0,1,0,0,1,0,1,0,0,0,0,0.0410196540734946,0.501864275646871,0,5.33590897508546e-321,0,0,0.897162096871024,0,3.25610948190459e-149,0,0.763524534375985
1,0,1,1,0,1,0,0,1,0,1,0,0,0.810092396239882,0,3.87163210157093e-15,0.353681770766742,0,2.47032822920623e-323,0,0,0.712510466336691,0,3.21730772623122e-155,0,1.04486271452185
0,1,1,1,0,1,0,0,1,0,1,0,0,0,1.15461575739394e-53,0.0410198703347022,0.501864094388633,0,9.99988867182683e-321,0,0,0.897162047144516,0,7.16688074789207e-149,0,0.763524927548024
1,1,1,1,0,1,0,0,1,0,1,0,0,0.810092396239882,3.79584606657453e-46,3.95811742036844e-15,0.353681770766742,0,2.47032822920623e-323,0,0,0.712510466336691,0,6.65076378836409e-155,0,1.04486271452186
0,0,0,0,1,1,0,0,1,0,1,0,0,0,0,0,0,0.654784114446456,1.71503014085991e-315,0,0,0.513974030419344,0,1.14804411556992e-120,0,0.685872001001721
1,0,0,0,1,1,0,0,1,0,1,0,0,0.719509517379295,0,0,0,0.515327634166499,2.47032822920623e-323,0,0,0.491558381165939,0,1.0220215929262e-151,0,1.08332978985307
0,1,0,0,1,1,0,0,1,0,1,0,0,0,0.17197533205187,0,0,0.516786150073072,3.27032465429224e-311,0,0,0.564074661056393,0,7.04502860162836e-103,0,0.997148178307643
1,1,0,0,1,1,0,0,1,0,1,0,0,0.719509517398713,2.54055007308057e-10,0,0,0.515327633946973,2.47032822920623e-323,0,0,0.491558381234078,0,1.15437830164497e-153,0,1.08332979316092
0,0,1,0,1,1,0,0,1,0,1,0,0,0,0,0.434768327145941,0,0.147087350168967,3.64237505480142e-248,0,0,0.647655886947826,0,9.0308619832907e-124,0,0.959275462682736
1,0,1,0,1,1,0,0,1,0,1,0,0,0.719509538805428,0,5.68649139954644e-07,0,0.515326943857118,2.47032822920623e-323,0,0,0.491558545084114,0,3.78475843931384e-154,0,1.08333464240768
0,1,1,0,1,1,0,0,1,0,1,0,0,0,3.44257359986751e-16,0.434768325416575,0,0.147087352592666,1.69224627516303e-248,0,0,0.647655886628335,0,4.14067947258272e-123,0,0.959275464947221
1,1,1,0,1,1,0,0,1,0,1,0,0,0.719509534029106,1.35684757353527e-10,4.41609807250633e-07,0,0.515327097958812,2.47032822920623e-323,0,0,0.491558508500308,0,9.78110755028397e-154,0,1.08333362481178
0,0,0,1,1,1,0,0,1,0,1,0,0,0,0,0,0.296007405232136,0.388115804125127,2.47032822920623e-323,0,0,0.781240012617164,0,1.13973906849392e-166,0,1.01030952424186
1,0,0,1,1,1,0,0,1,0,1,0,0,0.777977269266948,0,0,0.111768694679855,0.403304702078509,1.97626258336499e-323,0,0,0.590653165531019,0,8.12065769554943e-174,0,1.22646445992118
0,1,0,1,1,1,0,0,1,0,1,0,0,0,1.0928407323429e-44,0,0.296007405232136,0.388115804125127,2.47032822920623e-323,0,0,0.781240012617164,0,2.76215873712026e-166,0,1.01030952424186
1,1,0,1,1,1,0,0,1,0,1,0,0,0.777977269266948,4.02924141847602e-38,0,0.111768694679855,0.403304702078509,1.97626258336499e-323,0,0,0.590653165531019,0,1.58930829374012e-173,0,1.22646445992118
0,0,1,1,1,1,0,0,1,0,1,0,0,0,0,2.82146081063764e-12,0.296007405231844,0.388115804121788,2.47032822920623e-323,0,0,0.78124001261761,0,2.01995073629548e-166,0,1.01030952429282
1,0,1,1,1,1,0,0,1,0,1,0,0,0.777977269266948,0,2.64287489893759e-29,0.111768694679855,0.403304702078509,1.97626258336499e-323,0,0,0.590653165531019,0,1.03112035230271e-173,0,1.22646445992118
0,1,1,1,1,1,0,0,1,0,1,0,0,0,7.2607850886667e-45,2.90081063203817e-12,0.296007405231836,0.388115804121694,2.47032822920623e-323,0,0,0.781240012617623,0,4.14861319923478e-166,0,1.0103095242942
1,1,1,1,1,1,0,0,1,0,1,0,0,0.777977269266948,3.63378281345903e-38,2.73705177587471e-29,0.111768694679855,0.403304702078509,1.97626258336499e-323,0,0,0.590653165531019,0,1.82831784727197e-173,0,1.22646445992118
0,0,0,0,0,0,1,0,1,0,1,0,0,0,0,0,0,0,0,0.350450516467223,0,0.163078016978485,0,0.0159789915099879,0,0.741515301220943
1,0,0,0,0,0,1,0,1,0,1,0,0,0.418880527168264,0,0,0,0,0,0.245350582858336,0,0.197335737539027,0,2.86193028615e-16,0,1.04588685886862
0,1,0,0,0,0,1,0,1,0,1,0,0,0,0.45591559524274,0,0,0,0,0.186616506065774,0,0.494480083994745,0,2.96675967569385e-22,0,1.02514687665451
1,1,0,0,0,0,1,0,1,0,1,0,0,0.619995116997151,0.350268050672631,0,0,0,0,0.0751666254709726,0,0.462177278564418,0,6.62805864574597e-48,0,1.21649104672568
0,0,1,0,0,0,1,0,1,0,1,0,0,0,0,0.342255473177365,0,0,0,0.325193651321926,0,0.486297951420365,0,1.83885484730655e-113,0,1.08157025577144
1,0,1,0,0,0,1,0,1,0,1,0,0,0.614895990392232,0,0.262868160149034,0,0,0,0.182855920721107,0,0.455462397515364,0,7.49917191310549e-119,0,1.2862152613493
0,1,1,0,0,0,1,0,1,0,1,0,0,0,4.40357311157089e-06,0.342253179473172,0,0,0,0.325192224813765,0,0.486298979230202,0,1.62510693938083e-113,0,1.08161687462788
1,1,1,0,0,0,1,0,1,0,1,0,0,0.614904888569156,5.11579420818188e-05,0.262840488197809,0,0,0,0.18283714814236,0,0.455473979878666,0,2.02779540683454e-117,0,1.28653138219462
0,0,0,1,0,0,1,0,1,0,1,0,0,0,0,0,0.482581502736361,0,0,0.367295156831126,0,0.835914156274976,0,3.23876300677392e-202,0,1.03790424516878
1,0,0,1,0,0,1,0,1,0,1,0,0,0.789044319253964,0,0,0.333530348683293,0,0,0.171869611935018,0,0.684792909150441,0,8.03628508788421e-179,0,1.24612492945393
0,1,0,1,0,0,1,0,1,0,1,0,0,0,3.14646620765619e-101,0,0.482581502736361,0,0,0.367295156831125,0,0.835914156274976,0,4.52874357264479e-202,0,1.03790424516878
1,1,0,1,0,0,1,0,1,0,1,0,0,0.789044319253965,1.88908728459729e-69,0,0.333530348683293,0,0,0.171869611935016,0,0.684792909150441,0,5.69518678354021e-182,0,1.24612492945393
0,0,1,1,0,0,1,0,1,0,1,0,0,0,0,9.4827772601349e-75,0.482581502736361,0,0,0.367295156831125,0,0.835914156274976,0,9.6544810000175e-207,0,1.03790424516878
1,0,1,1,0,0,1,0,1,0,1,0,0,0.789044319253964,0,1.33265856355113e-50,0.333530348683293,0,0,0.171869611935017,0,0.684792909150441,0,3.10207689439125e-182,0,1.24612492945393
0,1,1,1,0,0,1,0,1,0,1,0,0,0,2.6638285988087e-102,1.15028464876904e-74,0.482581502736361,0,0,0.367295156831125,0,0.835914156274976,0,1.73899012613138e-206,0,1.03790424516878
1,1,1,1,0,0,1,0,1,0,1,0,0,0.789044319253964,1.89449020471744e-69,1.62539457648622e-50,0.333530348683293,0,0,0.171869611935017,0,0.684792909150441,0,5.77664509038611e-182,0,1.24612492945393
0,0,0,0,1,0,1,0,1,0,1,0,0,0,0,0,0,0.672968782474368,0,0.323870632593137,0,0.526844804721963,0,4.20224782478886e-195,0,1.05728470435082
1,0,0,0,1,0,1,0,1,0,1,0,0,0.72520121406599,0,0,0,0.522942247997359,0,0.155264608775061,0,0.497551351688231,0,1.1131558769351e-187,0,1.27811423012313
0,1,0,0,1,0,1,0,1,0,1,0,0,0,7.08190510993746e-48,0,0,0.672968782474366,0,0.323870632593137,0,0.526844804721961,0,6.10085286590982e-199,0,1.05728470435082
1,1,0,0,1,0,1,0,1,0,1,0,0,0.725201214065991,6.78303712890175e-44,0,0,0.522942247997359,0,0.155264608775061,0,0.497551351688232,0,3.6982701244125e-191,0,1.27811423012313
0,0,1,0,1,0,1,0,1,0,1,0,0,0,0,6.15350639853473e-57,0,0.672968782474366,0,0.323870632593137,0,0.526844804721961,0,2.94673794583581e-199,0,1.05728470435082
1,0,1,0,1,0,1,0,1,0,1,0,0,0.725201214065991,0,1.660640672575e-52,0,0.522942247997359,0,0.155264608775062,0,0.497551351688232,0,1.95504485748978e-191,0,1.27811423012313
0,1,1,0,1,0,1,0,1,0,1,0,0,0,6.11048862137082e-48,6.89945370717398e-57,0,0.672968782474366,0,0.323870632593137,0,0.526844804721961,0,6.28431142118742e-199,0,1.05728470435082
1,1,1,0,1,0,1,0,1,0,1,0,0,0.725201214065991,6.06754156852421e-44,1.86437357416781e-52,0,0.522942247997359,0,0.155264608775061,0,0.497551351688232,0,3.84696861592351e-191,0,1.27811423012313
0,0,0,1,1,0,1,0,1,0,1,0,0,0,0,0,0.160163857866946,0.529344894883802,0,0.335717120260958,0,0.671928021908426,0,1.93276397511643e-226,0,1.27353194387727
1,0,0,1,1,0,1,0,1,0,1,0,0,0.754208561399583,0,0,0.0556355403461751,0.467051221025496,0,0.152635602453371,0,0.546776674598572,0,6.40783632955852e-201,0,1.36232849817711
0,1,0,1,1,0,1,0,1,0,1,0,0,0,4.2919385708535e-87,0,0.160163857866946,0.529344894883802,0,0.335717120260958,0,0.671928021908426,0,3.37314038274259e-226,0,1.27353194387727
1,1,0,1,1,0,1,0,1,0,1,0,0,0.754208561399581,7.76399030067587e-58,0,0.0556355403461716,0.4670512210255,0,0.152635602453372,0,0.54677667459857,0,1.09908845350256e-200,0,1.36232849817711
0,0,1,1,1,0,1,0,1,0,1,0,0,0,0,8.79345163034574e-88,0.160163857866946,0.529344894883802,0,0.335717120260958,0,0.671928021908426,0,2.26980569125491e-226,0,1.27353194387727
1,0,1,1,1,0,1,0,1,0,1,0,0,0.754208561399593,0,1.94101345036698e-63,0.0556355403461937,0.467051221025476,0,0.152635602453371,0,0.546776674598588,0,7.35773828738029e-201,0,1.36232849817713
0,1,1,1,1,0,1,0,1,0,1,0,0,0,4.08436033934543e-87,1.04560177633587e-87,0.160163857866946,0.529344894883802,0,0.335717120260958,0,0.671928021908426,0,3.71793228279163e-226,0,1.27353194387727
1,1,1,1,1,0,1,0,1,0,1,0,0,0.754208561399591,7.39615779252894e-58,2.294358847631e-63,0.0556355403461898,0.46705122102548,0,0.152635602453371,0,0.546776674598585,0,1.1898609600085e-200,0,1.36232849817712
0,0,0,0,0,1,1,0,1,0,1,0,0,0,0,0,0,0,5.03126260881549e-10,0.350450513861578,0,0.163078019656643,0,0.0159789829893903,0,0.741515280630937
1,0,0,0,0,1,1,0,1,0,1,0,0,0.418880527168264,0,0,0,0,3.01577941559727e-70,0.245350582858336,0,0.197335737539027,0,1.95554725142634e-16,0,1.04588685886861
0,1,0,0,0,1,1,0,1,0,1,0,0,0,0.45591559524274,0,0,0,2.63227453806482e-149,0.186616506065774,0,0.494480083994745,0,2.01216695696581e-22,0,1.02514687665451
1,1,0,0,0,1,1,0,1,0,1,0,0,0.619995116997151,0.350268050672631,0,0,0,8.02320779065759e-205,0.0751666254709726,0,0.462177278564418,0,4.66414470059809e-48,0,1.21649104672568
0,0,1,0,0,1,1,0,1,0,1,0,0,0,0,0.342255473177365,0,0,1.82966598285671e-157,0.325193651321926,0,0.486297951420365,0,9.71328435739503e-114,0,1.08157025577144
1,0,1,0,0,1,1,0,1,0,1,0,0,0.614895990392232,0,0.262868160149034,0,0,2.15013220206597e-212,0.182855920721107,0,0.455462397515364,0,4.98745103346624e-119,0,1.2862152613493
0,1,1,0,0,1,1,0,1,0,1,0,0,0,4.41639172111713e-06,0.342253172796286,0,0,4.9839185219852e-161,0.325192220661255,0,0.486298982222102,0,1.00468877151743e-113,0,1.08161699920655
1,1,1,0,0,1,1,0,1,0,1,0,0,0.614904903514548,5.12438691951668e-05,0.262840441717799,0,0,1.72933431919789e-213,0.182837116610018,0,0.4554739993321,0,1.44730949267957e-117,0,1.28653185642901
0,0,0,1,0,1,1,0,1,0,1,0,0,0,0,0,0.482581502736361,0,7.49991650387012e-320,0.367295156831126,0,0.835914156274976,0,2.19893677050024e-202,0,1.03790424516878
1,0,0,1,0,1,1,0,1,0,1,0,0,0.789044319253964,0,0,0.333530348683293,0,2.47032822920623e-323,0.171869611935018,0,0.684792909150441,0,5.79078948643201e-179,0,1.24612492945393
0,1,0,1,0,1,1,0,1,0,1,0,0,0,3.26931141330142e-101,0,0.482581502736361,0,4.34036669871535e-320,0.367295156831125,0,0.835914156274976,0,3.17082635288886e-202,0,1.03790424516878
1,1,0,1,0,1,1,0,1,0,1,0,0,0.789044319253965,1.92822220662508e-69,0,0.333530348683293,0,2.47032822920623e-323,0.171869611935016,0,0.684792909150441,0,4.27230056712268e-182,0,1.24612492945393
0,0,1,1,0,1,1,0,1,0,1,0,0,0,0,9.60365857075523e-75,0.482581502736361,0,2.47032822920623e-323,0.367295156831125,0,0.835914156274976,0,6.66860556128729e-207,0,1.03790424516878
1,0,1,1,0,1,1,0,1,0,1,0,0,0.789044319253964,0,1.34041671675846e-50,0.333530348683293,0,2.47032822920623e-323,0.171869611935017,0,0.684792909150441,0,2.30583812681647e-182,0,1.24612492945393
0,1,1,1,0,1,1,0,1,0,1,0,0,0,2.73634772570367e-102,1.16540519123861e-74,0.482581502736361,0,2.47032822920623e-323,0.367295156831125,0,0.835914156274976,0,1.24003124091217e-206,0,1.03790424516878
1,1,1,1,0,1,1,0,1,0,1,0,0,0.789044319253964,1.92059081224295e-69,1.6324023340091e-50,0.333530348683293,0,2.47032822920623e-323,0.171869611935017,0,0.684792909150441,0,4.38418307301275e-182,0,1.24612492945393
0,0,0,0,1,1,1,0,1,0,1,0,0,0,0,0,0,0.672968782474368,2.47032822920623e-323,0.323870632593137,0,0.526844804721963,0,3.23355345191115e-195,0,1.05728470435082
1,0,0,0,1,1,1,0,1,0,1,0,0,0.725201214065993,0,0,0,0.522942247997361,1.97626258336499e-323,0.155264608775061,0,0.497551351688233,0,1.10562856726437e-187,0,1.27811423012313
0,1,0,0,1,1,1,0,1,0,1,0,0,0,7.35642531013709e-48,0,0,0.672968782474366,2.47032822920623e-323,0.323870632593137,0,0.526844804721961,0,4.81961438047677e-199,0,1.05728470435082
1,1,0,0,1,1,1,0,1,0,1,0,0,0.725201214065991,6.94941372177459e-44,0,0,0.522942247997359,1.97626258336499e-323,0.155264608775061,0,0.497551351688232,0,2.99162884215356e-191,0,1.27811423012313
0,0,1,0,1,1,1,0,1,0,1,0,0,0,0,6.36019345591118e-57,0,0.672968782474366,2.47032822920623e-323,0.323870632593137,0,0.526844804721961,0,2.22298392477577e-199,0,1.05728470435082
1,0,1,0,1,1,1,0,1,0,1,0,0,0.725201214065991,0,1.70052614957273e-52,0,0.522942247997359,1.97626258336499e-323,0.155264608775062,0,0.497551351688232,0,1.54177617141912e-191,0,1.27811423012313
0,1,1,0,1,1,1,0,1,0,1,0,0,0,6.26549194067892e-48,7.17574486771367e-57,0,0.672968782474366,2.47032822920623e-323,0.323870632593137,0,0.526844804721961,0,4.87654950171262e-199,0,1.05728470435082
1,1,1,0,1,1,1,0,1,0,1,0,0,0.725201214065991,6.1597258568373e-44,1.91204435979255e-52,0,0.522942247997359,1.97626258336499e-323,0.155264608775061,0,0.497551351688232,0,3.0807476491803e-191,0,1.27811423012313
0,0,0,1,1,1,1,0,1,0,1,0,0,0,0,0,0.160163857866946,0.529344894883802,1.97626258336499e-323,0.335717120260958,0,0.671928021908426,0,1.48927170317711e-226,0,1.27353194387727
1,0,0,1,1,1,1,0,1,0,1,0,0,0.754208561399586,0,0,0.0556355403461807,0.46705122102549,1.97626258336499e-323,0.152635602453371,0,0.546776674598577,0,5.10195949467597e-201,0,1.36232849817711
0,1,0,1,1,1,1,0,1,0,1,0,0,0,4.29569908616346e-87,0,0.160163857866946,0.529344894883802,1.97626258336499e-323,0.335717120260958,0,0.671928021908426,0,2.62839772502042e-226,0,1.27353194387727
1,1,0,1,1,1,1,0,1,0,1,0,0,0.754208561399585,7.73410599330572e-58,0,0.0556355403461778,0.467051221025493,1.97626258336499e-323,0.152635602453371,0,0.546776674598575,0,8.81611361617938e-201,0,1.36232849817711
0,0,1,1,1,1,1,0,1,0,1,0,0,0,0,8.88041358604896e-88,0.160163857866946,0.529344894883802,1.97626258336499e-323,0.335717120260958,0,0.671928021908426,0,1.75171944062381e-226,0,1.27353194387727
1,0,1,1,1,1,1,0,1,0,1,0,0,0.754208561399595,0,1.95077658790012e-63,0.055635540346198,0.467051221025471,1.97626258336499e-323,0.15263560245337,0,0.546776674598592,0,5.87368842594184e-201,0,1.36232849817713
0,1,1,1,1,1,1,0,1,0,1,0,0,0,4.08413027198464e-87,1.05553251211328e-87,0.160163857866946,0.529344894883802,1.97626258336499e-323,0.335717120260958,0,0.671928021908426,0,2.90057041813319e-226,0,1.27353194387727
1,1,1,1,1,1,1,0,1,0,1,0,0,0.754208561399593,7.36721639987153e-58,2.30277938674176e-63,0.0556355403461945,0.467051221025475,1.97626258336499e-323,0.152635602453371,0,0.546776674598589,0,9.56770968624658e-201,0,1.36232849817713
0,0,0,0,0,0,0,1,1,0,1,0,0,0,0,0,0,0,0,0,0.300123551957536,0.125679432573028,0,0.192601116232971,0,1.03800326413179
1,0,0,0,0,0,0,1,1,0,1,0,0,0.484026785354388,0,0,0,0,0,0,4.11110497197284e-87,0.175188401933831,0,0.0777438608001099,0,0.854896507102079
0,1,0,0,0,0,0,1,1,0,1,0,0,0,0.557131562794896,0,0,0,0,0,0.0154726366617022,0.561438507263097,0,0.0163460290773674,0,0.819637736131375
1,1,0,0,0,0,0,1,1,0,1,0,0,0.640897248548447,0.387453969778067,0,0,0,0,0,5.56439524626329e-238,0.489702644752272,0,1.34677758713684e-38,0,1.07756420868573
0,0,1,0,0,0,0,1,1,0,1,0,0,0,0,0.535934623446373,0,0,0,0,5.1112478488716e-19,0.663317991239174,0,6.76951626123071e-114,0,0.687495290621396
1,0,1,0,0,0,0,1,1,0,1,0,0,0.681564758125195,0,0.353974870123193,0,0,0,0,2.80484582295939e-256,0.543256421806113,0,2.19992749232273e-117,0,1.06496250697098
0,1,1,0,0,0,0,1,1,0,1,0,0,0,1.3126698008781e-17,0.535934623446373,0,0,0,0,5.26336991784236e-19,0.663317991239174,0,3.53360427279532e-113,0,0.687495290621397
1,1,1,0,0,0,0,1,1,0,1,0,0,0.681564758127976,1.32690983519556e-10,0.35397487002413,0,0,0,0,1.00952596326313e-263,0.543256421809654,0,6.32203230964731e-118,0,1.06496250888797
0,0,0,1,0,0,0,1,1,0,1,0,0,0,0,0,0.535756039946728,0,0,0,1.69785490116078e-61,0.905885434576147,0,1.83067357733242e-148,0,0.65981706811642
1,0,0,1,0,0,0,1,1,0,1,0,0,0.810092396239883,0,0,0.353681770766745,0,0,0,2.47032822920623e-323,0.712510466336691,0,1.48220068167367e-152,0,1.04486271452179
0,1,0,1,0,0,0,1,1,0,1,0,0,0,5.78844614537369e-53,0,0.535756039946728,0,0,0,2.18372783932473e-61,0.905885434576147,0,4.37988045733781e-148,0,0.65981706811642
1,1,0,1,0,0,0,1,1,0,1,0,0,0.810092396239882,3.85754536386885e-46,0,0.353681770766745,0,0,0,2.47032822920623e-323,0.712510466336692,0,9.45595873182823e-155,0,1.04486271452179
0,0,1,1,0,0,0,1,1,0,1,0,0,0,0,0.0410191294406391,0.50186471536513,0,0,0,1.45042637703491e-59,0.897162217503494,0,6.20247810900489e-149,0,0.763523580567781
1,0,1,1,0,0,0,1,1,0,1,0,0,0.810092396239882,0,3.73094735750286e-15,0.353681770766742,0,0,0,2.47032822920623e-323,0.712510466336691,0,4.48992841784162e-155,0,1.04486271452185
0,1,1,1,0,0,0,1,1,0,1,0,0,0,1.0444506986713e-53,0.0410193027982525,0.501864570066379,0,0,0,1.71990760878775e-59,0.897162177642203,0,1.21903678770314e-148,0,0.763523895740945
1,1,1,1,0,0,0,1,1,0,1,0,0,0.810092396239882,3.5907634063998e-46,3.8122773218554e-15,0.353681770766742,0,0,0,2.47032822920623e-323,0.712510466336691,0,8.77812749017805e-155,0,1.04486271452185
0,0,0,0,1,0,0,1,1,0,1,0,0,0,0,0,0,0.654784114446454,0,0,1.0118978723262e-22,0.513974030419343,0,3.94200706949968e-122,0,0.685872001001721
1,0,0,0,1,0,0,1,1,0,1,0,0,0.719509517379295,0,0,0,0.515327634166499,0,0,2.35276105083331e-284,0.491558381165939,0,1.19468257771001e-151,0,1.08332978985307
0,1,0,0,1,0,0,1,1,0,1,0,0,0,0.17197533205186,0,0,0.516786150073083,0,0,3.52474260367762e-25,0.564074661056391,0,5.01435481977353e-103,0,0.997148178307634
1,1,0,0,1,0,0,1,1,0,1,0,0,0.719509517397438,2.3738101273051e-10,0,0,0.515327633961381,0,0,1.29716531054704e-293,0.491558381229606,0,1.1782229941612e-153,0,1.08332979295316
0,0,1,0,1,0,0,1,1,0,1,0,0,0,0,0.434768325930234,0,0.147087351872775,0,0,3.34376142540169e-23,0.647655886723231,0,1.12879663586032e-123,0,0.959275464274613
1,0,1,0,1,0,0,1,1,0,1,0,0,0.719509537291782,0,5.28476792489339e-07,0,0.515326992624195,0,0,1.90146628354148e-293,0.491558533504084,0,4.4978848185347e-154,0,1.08333432202537
0,1,1,0,1,0,0,1,1,0,1,0,0,0,3.75979361841182e-16,0.434768324247863,0,0.147087354230611,0,0,3.11344765634706e-23,0.647655886412421,0,4.44711582706426e-123,0,0.959275466477563
1,1,1,0,1,0,0,1,1,0,1,0,0,0.719509532821168,1.33692097622104e-10,4.09555148095688e-07,0,0.515327136873166,0,0,1.39461222947325e-293,0.491558499259736,0,1.07732635580616e-153,0,1.08333336443064
0,0,0,1,1,0,0,1,1,0,1,0,0,0,0,0,0.296007405232136,0.388115804125127,0,0,2.37217550230932e-57,0.781240012617164,0,1.79322374035046e-166,0,1.01030952424186
1,0,0,1,1,0,0,1,1,0,1,0,0,0.777977269266948,0,0,0.111768694679855,0.403304702078509,0,0,2.47032822920623e-323,0.590653165531019,0,1.05142265687451e-173,0,1.22646445992118
0,1,0,1,1,0,0,1,1,0,1,0,0,0,1.06244233580284e-44,0,0.296007405232136,0.388115804125127,0,0,2.83097215136906e-57,0.781240012617164,0,3.88200542413315e-166,0,1.01030952424186
1,1,0,1,1,0,0,1,1,0,1,0,0,0.777977269266948,3.95041824831701e-38,0,0.111768694679855,0.403304702078509,0,0,2.47032822920623e-323,0.590653165531019,0,1.951676283174e-173,0,1.22646445992118
0,0,1,1,1,0,0,1,1,0,1,0,0,0,0,2.58306591049715e-12,0.296007405231869,0.38811580412207,0,0,3.19907949319045e-57,0.781240012617573,0,3.00757883506751e-166,0,1.01030952428867
1,0,1,1,1,0,0,1,1,0,1,0,0,0.777977269266948,0,2.4865440572966e-29,0.111768694679855,0.403304702078509,0,0,2.47032822920623e-323,0.590653165531019,0,1.31464419743115e-173,0,1.22646445992118
0,1,1,1,1,0,0,1,1,0,1,0,0,0,7.40578990741872e-45,2.64347679317174e-12,0.296007405231863,0.388115804121999,0,0,3.6880781391125e-57,0.781240012617582,0,5.68797413881667e-166,0,1.01030952428973
1,1,1,1,1,0,0,1,1,0,1,0,0,0.777977269266948,3.59177178151022e-38,2.5731348620895e-29,0.111768694679855,0.403304702078509,0,0,2.47032822920623e-323,0.590653165531019,0,2.24259550618006e-173,0,1.22646445992118
0,0,0,0,0,1,0,1,1,0,1,0,0,0,0,0,0,0,0.124543190723701,0,0.186007518082479,0.137491812977702,0,0.0563832466112942,0,1.31247003766253
1,0,0,0,0,1,0,1,1,0,1,0,0,0.484026785354386,0,0,0,0,1.02807751450944e-42,0,1.8792338794671e-87,0.175188401933832,0,0.0777438608001085,0,0.854896507102079
0,1,0,0,0,1,0,1,1,0,1,0,0,0,0.557131567986727,0,0,0,8.56832823044299e-161,0,0.015472618967952,0.561438511713898,0,0.0163460228828087,0,0.819637663150889
1,1,0,0,0,1,0,1,1,0,1,0,0,0.640897248548447,0.387453969778067,0,0,0,6.36132383018128e-213,0,4.39598238598882e-238,0.489702644752272,0,1.06185959076013e-38,0,1.07756420868573
0,0,1,0,0,1,0,1,1,0,1,0,0,0,0,0.535934623446373,0,0,3.40480358002743e-210,0,4.91483547699127e-19,0.663317991239174,0,3.65652624270285e-114,0,0.687495290621396
1,0,1,0,0,1,0,1,1,0,1,0,0,0.681564758125195,0,0.353974870123193,0,0,1.11114171161494e-237,0,2.58312685852968e-256,0.543256421806113,0,1.48858307670986e-117,0,1.06496250697098
0,1,1,0,0,1,0,1,1,0,1,0,0,0,1.31635972056219e-17,0.535934623446373,0,0,2.39245488761528e-210,0,5.01257252766095e-19,0.663317991239174,0,2.24960881727387e-113,0,0.687495290621397
1,1,1,0,0,1,0,1,1,0,1,0,0,0.68156475812797,1.32415611654638e-10,0.353974870024335,0,0,3.66315847028174e-244,0,9.36776692723225e-264,0.543256421809647,0,4.56603708029102e-118,0,1.06496250888416
0,0,0,1,0,1,0,1,1,0,1,0,0,0,0,0,0.535756039946728,0,2.96439387504748e-323,0,1.64951255836186e-61,0.905885434576147,0,1.29768840753958e-148,0,0.65981706811642
1,0,0,1,0,1,0,1,1,0,1,0,0,0.810092396239883,0,0,0.353681770766745,0,2.47032822920623e-323,0,2.47032822920623e-323,0.712510466336691,0,1.13847180916064e-152,0,1.04486271452179
0,1,0,1,0,1,0,1,1,0,1,0,0,0,6.36539877335267e-53,0,0.535756039946728,0,2.96439387504748e-323,0,2.12544326929695e-61,0.905885434576147,0,3.4292482012782e-148,0,0.65981706811642
1,1,0,1,0,1,0,1,1,0,1,0,0,0.810092396239882,4.09514643389142e-46,0,0.353681770766745,0,2.47032822920623e-323,0,2.47032822920623e-323,0.712510466336692,0,7.64938606141063e-155,0,1.04486271452179
0,0,1,1,0,1,0,1,1,0,1,0,0,0,0,0.0410194867347263,0.501864415900995,0,9.37242530160845e-321,0,1.47182600613841e-59,0.897162135348414,0,4.46445107446804e-149,0,0.763524230146445
1,0,1,1,0,1,0,1,1,0,1,0,0,0.810092396239882,0,3.85338033291995e-15,0.353681770766742,0,2.47032822920623e-323,0,2.47032822920623e-323,0.712510466336691,0,3.46681908003103e-155,0,1.04486271452185
0,1,1,1,0,1,0,1,1,0,1,0,0,0,1.11135465803206e-53,0.0410196754711303,0.501864257712552,0,1.4817028718779e-320,0,1.74118413221565e-59,0.897162091950912,0,9.30158516659461e-149,0,0.76352457327783
1,1,1,1,0,1,0,1,1,0,1,0,0,0.810092396239882,3.75126059079039e-46,3.9366173592689e-15,0.353681770766742,0,2.47032822920623e-323,0,2.47032822920623e-323,0.712510466336691,0,7.02774833704808e-155,0,1.04486271452186
0,0,0,0,1,1,0,1,1,0,1,0,0,0,0,0,0,0.654784114446454,2.96439387504748e-323,0,1.0109150227675e-22,0.513974030419343,0,3.32651386798607e-122,0,0.685872001001721
1,0,0,0,1,1,0,1,1,0,1,0,0,0.719509517379295,0,0,0,0.515327634166499,2.47032822920623e-323,0,2.6056090379479e-284,0.491558381165939,0,1.0323030083693e-151,0,1.08332978985307
0,1,0,0,1,1,0,1,1,0,1,0,0,0,0.17197533205186,0,0,0.516786150073083,2.52074823576567e-311,0,3.49440543507095e-25,0.564074661056391,0,4.89840227400429e-103,0,0.997148178307634
1,1,0,0,1,1,0,1,1,0,1,0,0,0.719509517398126,2.46384798743807e-10,0,0,0.515327633953601,2.47032822920623e-323,0,1.4486983667643e-293,0.491558381232021,0,1.08836072766901e-153,0,1.08332979306543
0,0,1,0,1,1,0,1,1,0,1,0,0,0,0,0.434768326175929,0,0.147087351528435,1.3442625978169e-248,0,3.37609761559136e-23,0.647655886768621,0,9.29372849798651e-124,0,0.959275463952895
1,0,1,0,1,1,0,1,1,0,1,0,0,0.719509538085641,0,5.49545902588302e-07,0,0.515326967047425,2.47032822920623e-323,0,2.01064886719201e-293,0.491558539577439,0,3.78942070770542e-154,0,1.08333449026805
0,1,1,0,1,1,0,1,1,0,1,0,0,0,3.62574315893183e-16,0.434768324526321,0,0.147087353840353,6.74266482847752e-249,0,3.13882740368955e-23,0.647655886463865,0,3.81948524426769e-123,0,0.959275466112942
1,1,1,0,1,1,0,1,1,0,1,0,0,0.719509533505861,1.34207817781221e-10,4.27725870904644e-07,0,0.515327114814439,2.47032822920623e-323,0,1.48472960906266e-293,0.491558504497745,0,9.43444811346459e-154,0,1.08333351219565
0,0,0,1,1,1,0,1,1,0,1,0,0,0,0,0,0.296007405232136,0.388115804125127,2.47032822920623e-323,0,2.31982147318061e-57,0.781240012617164,0,1.44503031332244e-166,0,1.01030952424186
1,0,0,1,1,1,0,1,1,0,1,0,0,0.777977269266948,0,0,0.111768694679855,0.403304702078509,1.97626258336499e-323,0,2.47032822920623e-323,0.590653165531019,0,8.67718683542974e-174,0,1.22646445992118
0,1,0,1,1,1,0,1,1,0,1,0,0,0,1.09121808057354e-44,0,0.296007405232136,0.388115804125127,2.47032822920623e-323,0,2.7685730784589e-57,0.781240012617164,0,3.258567675961e-166,0,1.01030952424186
1,1,0,1,1,1,0,1,1,0,1,0,0,0.777977269266948,4.02589964412306e-38,0,0.111768694679855,0.403304702078509,1.97626258336499e-323,0,2.47032822920623e-323,0.590653165531019,0,1.65024440190152e-173,0,1.22646445992118
0,0,1,1,1,1,0,1,1,0,1,0,0,0,0,2.6850746824846e-12,0.296007405231858,0.388115804121949,2.47032822920623e-323,0,3.1842670095486e-57,0.781240012617589,0,2.46480716624255e-166,0,1.01030952429045
1,0,1,1,1,1,0,1,1,0,1,0,0,0.777977269266948,0,2.5965047952867e-29,0.111768694679855,0.403304702078509,1.97626258336499e-323,0,2.47032822920623e-323,0.590653165531019,0,1.08940379472527e-173,0,1.22646445992118
0,1,1,1,1,1,0,1,1,0,1,0,0,0,7.46934301513889e-45,2.75148908877156e-12,0.296007405231852,0.388115804121871,2.47032822920623e-323,0,3.66604942169033e-57,0.781240012617599,0,4.80089653363766e-166,0,1.01030952429161
1,1,1,1,1,1,0,1,1,0,1,0,0,0.777977269266948,3.64310088912824e-38,2.68664385965665e-29,0.111768694679855,0.403304702078509,1.97626258336499e-323,0,2.47032822920623e-323,0.590653165531019,0,1.89277378560729e-173,0,1.22646445992118
0,0,0,0,0,0,1,1,1,0,1,0,0,0,0,0,0,0,0,0.350450516467337,1.27684449954843e-250,0.163078016978369,0,0.0159789915103438,0,0.741515301222632
1,0,0,0,0,0,1,1,1,0,1,0,0,0.418880527168264,0,0,0,0,0,0.245350582858336,2.47032822920623e-323,0.197335737539027,0,2.86778607915374e-16,0,1.04588685886862
0,1,0,0,0,0,1,1,1,0,1,0,0,0,0.45591559524274,0,0,0,0,0.186616506065774,1.40494703403137e-163,0.494480083994745,0,3.00421493977939e-22,0,1.02514687665451
1,1,0,0,0,0,1,1,1,0,1,0,0,0.619995116997151,0.350268050672631,0,0,0,0,0.0751666254709726,6.9294720434523e-297,0.462177278564418,0,6.72679157146695e-48,0,1.21649104672568
0,0,1,0,0,0,1,1,1,0,1,0,0,0,0,0.342255473177365,0,0,0,0.325193651321926,6.44169001572029e-283,0.486297951420365,0,1.95771643565308e-113,0,1.08157025577144
1,0,1,0,0,0,1,1,1,0,1,0,0,0.614895990392232,0,0.262868160149034,0,0,0,0.182855920721107,1.97626258336499e-323,0.455462397515364,0,7.82130576206717e-119,0,1.2862152613493
0,1,1,0,0,0,1,1,1,0,1,0,0,0,4.3954870826018e-06,0.342253183684977,0,0,0,0.325192227433185,6.82941751518479e-289,0.4862989773429,0,1.69290257105934e-113,0,1.08161679602653
1,1,1,0,0,0,1,1,1,0,1,0,0,0.614904880717549,5.11128000189474e-05,0.262840512616218,0,0,0,0.182837164707967,1.97626258336499e-323,0.455473969658745,0,2.08029053275095e-117,0,1.28653113301604
0,0,0,1,0,0,1,1,1,0,1,0,0,0,0,0,0.482581502736361,0,0,0.367295156831126,1.97626258336499e-323,0.835914156274976,0,3.49575897611685e-202,0,1.03790424516878
1,0,0,1,0,0,1,1,1,0,1,0,0,0.789044319253964,0,0,0.333530348683293,0,0,0.171869611935018,1.48219693752374e-323,0.684792909150441,0,8.45220554684219e-179,0,1.24612492945393
0,1,0,1,0,0,1,1,1,0,1,0,0,0,3.13618798950515e-101,0,0.482581502736361,0,0,0.367295156831125,1.97626258336499e-323,0.835914156274976,0,4.83684958915691e-202,0,1.03790424516878
1,1,0,1,0,0,1,1,1,0,1,0,0,0.789044319253965,1.88222682399554e-69,0,0.333530348683293,0,0,0.171869611935016,1.48219693752374e-323,0.684792909150441,0,5.92798298401308e-182,0,1.24612492945393
0,0,1,1,0,0,1,1,1,0,1,0,0,0,0,9.5601782885663e-75,0.482581502736361,0,0,0.367295156831125,1.97626258336499e-323,0.835914156274976,0,1.04133627324593e-206,0,1.03790424516878
1,0,1,1,0,0,1,1,1,0,1,0,0,0.789044319253964,0,1.3384306316282e-50,0.333530348683293,0,0,0.171869611935017,1.48219693752374e-323,0.684792909150441,0,3.25922826861876e-182,0,1.24612492945393
0,1,1,1,0,0,1,1,1,0,1,0,0,0,2.65809570888745e-102,1.15548791209829e-74,0.482581502736361,0,0,0.367295156831125,1.97626258336499e-323,0.835914156274976,0,1.8607851998573e-206,0,1.03790424516878
1,1,1,1,0,0,1,1,1,0,1,0,0,0.789044319253964,1.88889610806739e-69,1.62796131506378e-50,0.333530348683293,0,0,0.171869611935017,1.48219693752374e-323,0.684792909150441,0,6.01938965220023e-182,0,1.24612492945393
0,0,0,0,1,0,1,1,1,0,1,0,0,0,0,0,0,0.672968782474368,0,0.323870632593137,1.56805467732674e-317,0.526844804721963,0,4.32393853061554e-195,0,1.05728470435082
1,0,0,0,1,0,1,1,1,0,1,0,0,0.72520121406599,0,0,0,0.522942247997359,0,0.155264608775061,1.97626258336499e-323,0.497551351688231,0,1.13016622277512e-187,0,1.27811423012313
0,1,0,0,1,0,1,1,1,0,1,0,0,0,6.65218190829411e-48,0,0,0.672968782474366,0,0.323870632593137,2.47032822920623e-323,0.526844804721961,0,5.97420228356499e-199,0,1.05728470435082
1,1,0,0,1,0,1,1,1,0,1,0,0,0.725201214065991,6.5274471368399e-44,0,0,0.522942247997358,0,0.155264608775061,1.97626258336499e-323,0.497551351688232,0,3.66348114293688e-191,0,1.27811423012313
0,0,1,0,1,0,1,1,1,0,1,0,0,0,0,5.84243240236765e-57,0,0.672968782474366,0,0.323870632593137,2.47032822920623e-323,0.526844804721961,0,3.01045209433773e-199,0,1.05728470435082
1,0,1,0,1,0,1,1,1,0,1,0,0,0.725201214065991,0,1.60553332345168e-52,0,0.522942247997359,0,0.155264608775062,1.97626258336499e-323,0.497551351688232,0,1.98519952310131e-191,0,1.27811423012313
0,1,1,0,1,0,1,1,1,0,1,0,0,0,5.79183593237652e-48,6.4892509108211e-57,0,0.672968782474366,0,0.323870632593137,2.47032822920623e-323,0.526844804721961,0,6.20782519636097e-199,0,1.05728470435082
1,1,1,0,1,0,1,1,1,0,1,0,0,0.725201214065991,5.86564859494076e-44,1.79489610663678e-52,0,0.522942247997359,0,0.155264608775061,1.97626258336499e-323,0.497551351688232,0,3.82593292585631e-191,0,1.27811423012313
0,0,0,1,1,0,1,1,1,0,1,0,0,0,0,0,0.160163857866946,0.529344894883802,0,0.335717120260958,2.47032822920623e-323,0.671928021908426,0,2.07841910017791e-226,0,1.27353194387727
1,0,0,1,1,0,1,1,1,0,1,0,0,0.754208561399579,0,0,0.0556355403461682,0.467051221025503,0,0.152635602453372,1.97626258336499e-323,0.546776674598567,0,6.71543353886101e-201,0,1.3623284981771
0,1,0,1,1,0,1,1,1,0,1,0,0,0,4.33838432542012e-87,0,0.160163857866946,0.529344894883802,0,0.335717120260958,2.47032822920623e-323,0.671928021908426,0,3.57953104077005e-226,0,1.27353194387727
1,1,0,1,1,0,1,1,1,0,1,0,0,0.754208561399577,7.79689480626358e-58,0,0.0556355403461642,0.467051221025508,0,0.152635602453372,1.97626258336499e-323,0.546776674598563,0,1.13833345680045e-200,0,1.3623284981771
0,0,1,1,1,0,1,1,1,0,1,0,0,0,0,8.82864976066818e-88,0.160163857866946,0.529344894883802,0,0.335717120260958,2.47032822920623e-323,0.671928021908426,0,2.42952320149444e-226,0,1.27353194387727
1,0,1,1,1,0,1,1,1,0,1,0,0,0.754208561399589,0,1.94242182493814e-63,0.0556355403461864,0.467051221025484,0,0.152635602453371,1.97626258336499e-323,0.546776674598582,0,7.68569142588273e-201,0,1.36232849817712
0,1,1,1,1,0,1,1,1,0,1,0,0,0,4.13338698886166e-87,1.04489818455221e-87,0.160163857866946,0.529344894883802,0,0.335717120260958,2.47032822920623e-323,0.671928021908426,0,3.93815991384035e-226,0,1.27353194387727
1,1,1,1,1,0,1,1,1,0,1,0,0,0.754208561399587,7.4345074582383e-58,2.28806804382557e-63,0.0556355403461819,0.467051221025488,0,0.152635602453371,1.97626258336499e-323,0.546776674598578,0,1.23096240663309e-200,0,1.36232849817711
0,0,0,0,0,1,1,1,1,0,1,0,0,0,0,0,0,0,5.04296201258363e-10,0.350450513873268,3.48099641312409e-252,0.163078019644743,0,0.0159789830251045,0,0.741515280844234
1,0,0,0,0,1,1,1,1,0,1,0,0,0.418880527168264,0,0,0,0,2.98848034489875e-70,0.245350582858336,2.47032822920623e-323,0.197335737539027,0,1.96752356666095e-16,0,1.04588685886861
0,1,0,0,0,1,1,1,1,0,1,0,0,0,0.45591559524274,0,0,0,2.91945832107544e-149,0.186616506065774,5.06482950964129e-164,0.494480083994745,0,2.01992678498964e-22,0,1.02514687665451
1,1,0,0,0,1,1,1,1,0,1,0,0,0.619995116997151,0.350268050672631,0,0,0,8.59038186726943e-205,0.0751666254709726,4.14809920813179e-297,0.462177278564418,0,4.7267847846624e-48,0,1.21649104672568
0,0,1,0,0,1,1,1,1,0,1,0,0,0,0,0.342255473177365,0,0,1.96290110862951e-157,0.325193651321926,4.13493799351051e-283,0.486297951420365,0,1.02175783485154e-113,0,1.08157025577144
1,0,1,0,0,1,1,1,1,0,1,0,0,0.614895990392232,0,0.262868160149034,0,0,2.26098309075098e-212,0.182855920721107,1.97626258336499e-323,0.455462397515364,0,5.18884324385704e-119,0,1.2862152613493
0,1,1,0,0,1,1,1,1,0,1,0,0,0,4.40940562386327e-06,0.342253176435165,0,0,5.49414383206346e-161,0.325192222924359,4.28255127689672e-289,0.486298980591527,0,1.03585710559056e-113,0,1.08161693131562
1,1,1,0,0,1,1,1,1,0,1,0,0,0.614904896211927,5.12018834696136e-05,0.262840464428872,0,0,1.8431130085035e-213,0.182837132017359,1.97626258336499e-323,0.455473989826759,0,1.48173110309975e-117,0,1.28653162472038
0,0,0,1,0,1,1,1,1,0,1,0,0,0,0,0,0.482581502736361,0,8.3309349201751e-320,0.367295156831126,1.97626258336499e-323,0.835914156274976,0,2.3556717712219e-202,0,1.03790424516878
1,0,0,1,0,1,1,1,1,0,1,0,0,0.789044319253964,0,0,0.333530348683293,0,2.47032822920623e-323,0.171869611935018,1.48219693752374e-323,0.684792909150441,0,6.07392475505253e-179,0,1.24612492945393
0,1,0,1,0,1,1,1,1,0,1,0,0,0,3.26738338507083e-101,0,0.482581502736361,0,4.82998575374403e-320,0.367295156831125,1.97626258336499e-323,0.835914156274976,0,3.36728142515714e-202,0,1.03790424516878
1,1,0,1,0,1,1,1,1,0,1,0,0,0.789044319253965,1.92338330690401e-69,0,0.333530348683293,0,2.47032822920623e-323,0.171869611935016,1.48219693752374e-323,0.684792909150441,0,4.43749825083199e-182,0,1.24612492945393
0,0,1,1,0,1,1,1,1,0,1,0,0,0,0,9.69203043573847e-75,0.482581502736361,0,2.47032822920623e-323,0.367295156831125,1.97626258336499e-323,0.835914156274976,0,7.14366012146934e-207,0,1.03790424516878
1,0,1,1,0,1,1,1,1,0,1,0,0,0.789044319253964,0,1.34692909913876e-50,0.333530348683293,0,2.47032822920623e-323,0.171869611935017,1.48219693752374e-323,0.684792909150441,0,2.41611579902678e-182,0,1.24612492945393
0,1,1,1,0,1,1,1,1,0,1,0,0,0,2.73588722327935e-102,1.17216790985149e-74,0.482581502736361,0,2.47032822920623e-323,0.367295156831125,1.97626258336499e-323,0.835914156274976,0,1.31896696746138e-206,0,1.03790424516878
1,1,1,1,0,1,1,1,1,0,1,0,0,0.789044319253964,1.91667982161561e-69,1.63602626275303e-50,0.333530348683293,0,2.47032822920623e-323,0.171869611935017,1.48219693752374e-323,0.684792909150441,0,4.55887377733297e-182,0,1.24612492945393
0,0,0,0,1,1,1,1,1,0,1,0,0,0,0,0,0,0.672968782474368,2.47032822920623e-323,0.323870632593137,1.31968935935928e-317,0.526844804721963,0,3.32275601192405e-195,0,1.05728470435082
1,0,0,0,1,1,1,1,1,0,1,0,0,0.72520121406599,0,0,0,0.522942247997359,1.97626258336499e-323,0.155264608775061,1.97626258336499e-323,0.497551351688231,0,1.09199611524475e-187,0,1.27811423012313
0,1,0,0,1,1,1,1,1,0,1,0,0,0,6.94410397204956e-48,0,0,0.672968782474366,2.47032822920623e-323,0.323870632593137,2.47032822920623e-323,0.526844804721961,0,4.72438354686357e-199,0,1.05728470435082
1,1,0,0,1,1,1,1,1,0,1,0,0,0.725201214065991,6.70166570057488e-44,0,0,0.522942247997359,1.97626258336499e-323,0.155264608775061,1.97626258336499e-323,0.497551351688232,0,2.96533331721918e-191,0,1.27811423012313
0,0,1,0,1,1,1,1,1,0,1,0,0,0,0,6.06534669697071e-57,0,0.672968782474366,2.47032822920623e-323,0.323870632593137,2.47032822920623e-323,0.526844804721961,0,2.27130352120744e-199,0,1.05728470435082
1,0,1,0,1,1,1,1,1,0,1,0,0,0.725201214065991,0,1.64775704607906e-52,0,0.522942247997359,1.97626258336499e-323,0.155264608775062,1.97626258336499e-323,0.497551351688232,0,1.56577204369925e-191,0,1.27811423012313
0,1,1,0,1,1,1,1,1,0,1,0,0,0,5.96275443313918e-48,6.78236339349355e-57,0,0.672968782474366,2.47032822920623e-323,0.323870632593137,2.47032822920623e-323,0.526844804721961,0,4.82410583294694e-199,0,1.05728470435082
1,1,1,0,1,1,1,1,1,0,1,0,0,0.725201214065991,5.96555071361717e-44,1.84498970436404e-52,0,0.522942247997359,1.97626258336499e-323,0.155264608775061,1.97626258336499e-323,0.497551351688232,0,3.0664788718868e-191,0,1.27811423012313
0,0,0,1,1,1,1,1,1,0,1,0,0,0,0,0,0.160163857866946,0.529344894883802,1.97626258336499e-323,0.335717120260958,2.47032822920623e-323,0.671928021908426,0,1.59616521744293e-226,0,1.27353194387727
1,0,0,1,1,1,1,1,1,0,1,0,0,0.754208561399583,0,0,0.0556355403461742,0.467051221025497,1.97626258336499e-323,0.152635602453371,1.97626258336499e-323,0.546776674598572,0,5.33889814997229e-201,0,1.36232849817711
0,1,0,1,1,1,1,1,1,0,1,0,0,0,4.34183120518559e-87,0,0.160163857866946,0.529344894883802,1.97626258336499e-323,0.335717120260958,2.47032822920623e-323,0.671928021908426,0,2.78161840097367e-226,0,1.27353194387727
1,1,0,1,1,1,1,1,1,0,1,0,0,0.754208561399581,7.7669191763058e-58,0,0.0556355403461707,0.467051221025501,1.97626258336499e-323,0.152635602453372,1.97626258336499e-323,0.546776674598569,0,9.12020591601515e-201,0,1.3623284981771
0,0,1,1,1,1,1,1,1,0,1,0,0,0,0,8.92206014419514e-88,0.160163857866946,0.529344894883802,1.97626258336499e-323,0.335717120260958,2.47032822920623e-323,0.671928021908426,0,1.86962025834712e-226,0,1.27353194387727
1,0,1,1,1,1,1,1,1,0,1,0,0,0.754208561399592,0,1.95296655444287e-63,0.0556355403461911,0.467051221025478,1.97626258336499e-323,0.152635602453371,1.97626258336499e-323,0.546776674598586,0,6.12665511534065e-201,0,1.36232849817712
0,1,1,1,1,1,1,1,1,0,1,0,0,0,4.13268844381719e-87,1.05576000620534e-87,0.160163857866946,0.529344894883802,1.97626258336499e-323,0.335717120260958,2.47032822920623e-323,0.671928021908426,0,3.06481438213396e-226,0,1.27353194387727
1,1,1,1,1,1,1,1,1,0,1,0,0,0.75420856139959,7.40519149925249e-58,2.29767393749085e-63,0.0556355403461871,0.467051221025483,1.97626258336499e-323,0.152635602453371,1.97626258336499e-323,0.546776674598583,0,9.88841514916511e-201,0,1.36232849817712
0,0,0,0,0,0,0,0,0,1,1,0,0,0,0,0,0,0,0,0,0,0,0.12262888626525,0.191338276499656,0,0.669006242689451
1,0,0,0,0,0,0,0,0,1,1,0,0,0.398310815226056,0,0,0,0,0,0,0,0,4.28731165485558e-29,0.122625404476352,0,0.545712598684757
0,1,0,0,0,0,0,0,0,1,1,0,0,0,0.639005557655177,0,0,0,0,0,0,0,0.12262888626525,0.0628847416483431,0,0.677236274540604
1,1,0,0,0,0,0,0,0,1,1,0,0,0.302461796940363,0.558213645581559,0,0,0,0,0,0,0,3.69866924200689e-07,0.0317113889038756,0,0.778777549963751
0,0,1,0,0,0,0,0,0,1,1,0,0,0,0,0.659424285871842,0,0,0,0,0,0,7.9842857989212e-143,1.53060890610388e-106,0,5.64572797127916e-104
1,0,1,0,0,0,0,0,0,1,1,0,0,0.269028295678878,0,0.578778106578229,0,0,0,0,0,0,8.17461645096354e-180,8.36623124066167e-109,0,0.624834960844144
0,1,1,0,0,0,0,0,0,1,1,0,0,0,1.69180392144765e-28,0.659424285871842,0,0,0,0,0,0,5.40614670927591e-144,3.46066904012145e-107,0,1.62991631181964e-26
1,1,1,0,0,0,0,0,0,1,1,0,0,0.269028295678878,7.15773373244771e-25,0.578778106578229,0,0,0,0,0,0,4.22315542927509e-182,2.01540791843868e-109,0,0.624834960844144
0,0,0,1,0,0,0,0,0,1,1,0,0,0,0,0,0.654910096855906,0,0,0,0,0,0.12262888626525,8.80572771327487e-138,0,0.435859875401439
1,0,0,1,0,0,0,0,0,1,1,0,0,0.275453481494043,0,0,0.59196613533304,0,0,0,0,0,0.0043612477505467,1.91992063915519e-135,0,0.653379320545531
0,1,0,1,0,0,0,0,0,1,1,0,0,0,1.1070132642039e-56,0,0.654910096855906,0,0,0,0,0,0.12262888626525,2.31272266020195e-137,0,0.435859875401439
1,1,0,1,0,0,0,0,0,1,1,0,0,0.27545347596254,4.42223764153617e-56,0,0.591966137044425,0,0,0,0,0,0.00436124413312486,4.79392878572555e-135,0,0.653379297586476
0,0,1,1,0,0,0,0,0,1,1,0,0,0,0,0.272741820378685,0.429926415036968,0,0,0,0,0,3.7961700932402e-22,7.76089462947836e-136,0,0.667914103422614
1,0,1,1,0,0,0,0,0,1,1,0,0,0.269028295678878,0,0.193930045363787,0.427886863400536,0,0,0,0,0,6.21310671019389e-61,5.68005810871831e-138,0,1.04572217680647
0,1,1,1,0,0,0,0,0,1,1,0,0,0,8.27179374689158e-63,0.272741820378685,0.429926415036968,0,0,0,0,0,3.92999975101957e-22,1.47857499779373e-135,0,0.667914103422614
1,1,1,1,0,0,0,0,0,1,1,0,0,0.269028295678878,5.4663441762803e-59,0.193930045363788,0.427886863400535,0,0,0,0,0,7.61008822773373e-61,1.10535991611792e-137,0,1.04572217680647
0,0,0,0,1,0,0,0,0,1,1,0,0,0,0,0,0,0.687691655247155,0,0,0,0,0.12262888626525,4.40812352999431e-106,0,0.425015738022656
1,0,0,0,1,0,0,0,0,1,1,0,0,0.362233577550044,0,0,0,0.622141844876495,0,0,0,0,1.05154269527442e-20,2.22401683357036e-115,0,0.657873552283874
0,1,0,0,1,0,0,0,0,1,1,0,0,0,0.310258322231264,0,0,0.445486052777699,0,0,0,0,0.12262888626525,1.57369986658411e-67,0,0.986782704463802
1,1,0,0,1,0,0,0,0,1,1,0,0,0.340810413884511,0.188560170317187,0,0,0.479143011565853,0,0,0,0,8.92697272724174e-16,6.10164862405713e-91,0,1.03372177631142
0,0,1,0,1,0,0,0,0,1,1,0,0,0,0,0.659424285871842,0,6.99216353515824e-19,0,0,0,0,1.10966260730022e-142,2.55087771072987e-108,0,4.38854378618366e-17
1,0,1,0,1,0,0,0,0,1,1,0,0,0.269028307037059,0,0.578778051177204,0,7.1301292423214e-08,0,0,0,0,6.44035145115489e-179,3.2635575167412e-111,0,0.624836385397206
0,1,1,0,1,0,0,0,0,1,1,0,0,0,2.48200923588898e-28,0.659424285871842,0,7.82087448894181e-19,0,0,0,0,6.95984618869978e-142,8.75846087563872e-108,0,4.89538970266906e-17
1,1,1,0,1,0,0,0,0,1,1,0,0,0.269028307850059,1.56765451997413e-24,0.578778047211683,0,7.64049258507674e-08,0,0,0,0,2.03440675902901e-177,1.74839637465372e-110,0,0.624836481134161
0,0,0,1,1,0,0,0,0,1,1,0,0,0,0,0,0.444681000140462,0.317090451855879,0,0,0,0,0.12262888626525,2.15298837460624e-154,0,0.987417283648151
1,0,0,1,1,0,0,0,0,1,1,0,0,0.318037733565725,0,0,0.364376435928693,0.327136202516866,0,0,0,0,1.40623777892901e-10,6.64091610772763e-153,0,1.09685749889631
0,1,0,1,1,0,0,0,0,1,1,0,0,0,3.68683044624107e-49,0,0.444681000140462,0.317090451855879,0,0,0,0,0.12262888626525,5.60597046190291e-154,0,0.987417283648151
1,1,0,1,1,0,0,0,0,1,1,0,0,0.318037733568368,4.93525284793762e-48,0,0.364376435927614,0.3271362025172,0,0,0,0,1.42274643423665e-10,1.52250854723686e-152,0,1.09685749893187
0,0,1,1,1,0,0,0,0,1,1,0,0,0,0,0.226771391609437,0.406333628228339,0.0949521850279252,0,0,0,0,1.42824364963523e-07,1.70249394236612e-140,0,0.954472819204173
1,0,1,1,1,0,0,0,0,1,1,0,0,0.311639661461581,0,0.0439961293843303,0.356667914947651,0.284437773380578,0,0,0,0,2.36259558120077e-26,1.10872530246121e-150,0,1.2268297936082
0,1,1,1,1,0,0,0,0,1,1,0,0,0,1.16486568534596e-59,0.226771380126897,0.406333630175117,0.0949521982045405,0,0,0,0,1.31937892769651e-07,3.38408248269779e-140,0,0.954472617212903
1,1,1,1,1,0,0,0,0,1,1,0,0,0.31163859184586,3.19129231593357e-50,0.0440030377024602,0.356666926331672,0.284430739993997,0,0,0,0,2.35391417938071e-26,2.2031930872315e-150,0,1.22684299192306
0,0,0,0,0,1,0,0,0,1,1,0,0,0,0,0,0,0,0.297225572979494,0,0,0,0.12262888626525,1.66971315986043e-60,0,0.603998942315641
1,0,0,0,0,1,0,0,0,1,1,0,0,0.352095290900258,0,0,0,0,0.167345307651026,0,0,0,2.00305938012375e-18,1.01951751892003e-23,0,0.628490225420088
0,1,0,0,0,1,0,0,0,1,1,0,0,0,0.535087633941554,0,0,0,0.297225572979494,0,0,0,0.12262888626525,6.66859653410472e-109,0,0.951405839768285
1,1,0,0,0,1,0,0,0,1,1,0,0,0.352095290900258,0.484698872731938,0,0,0,0.167345307651026,0,0,0,2.38608032469646e-18,2.26921607895401e-67,0,1.01766605699238
0,0,1,0,0,1,0,0,0,1,1,0,0,0,0,0.569735395646641,0,0,0.297225572979494,0,0,0,6.86450657739238e-115,3.84211377616936e-220,0,0.642898790224057
1,0,1,0,0,1,0,0,0,1,1,0,0,0.352095290900256,0,0.503380196051605,0,0,0.167345307651026,0,0,0,1.02419691220964e-178,5.26975945954268e-177,0,1.01220330910497
0,1,1,0,0,1,0,0,0,1,1,0,0,0,2.06926391266887e-32,0.569735395646641,0,0,0.297225572979494,0,0,0,1.64329801187484e-115,6.38433872756644e-225,0,0.642898790224057
1,1,1,0,0,1,0,0,0,1,1,0,0,0.352095290900256,5.71022978656462e-26,0.503380196051603,0,0,0.167345307651026,0,0,0,1.11814856832834e-177,2.11129741816669e-176,0,1.01220330910497
0,0,0,1,0,1,0,0,0,1,1,0,0,0,0,0,0.566660704787709,0,0.297225572979494,0,0,0,0.12262888626525,6.56239582528619e-253,0,0.939091331962881
1,0,0,1,0,1,0,0,0,1,1,0,0,0.352095290900258,0,0,0.522778575534089,0,0.167345307651026,0,0,0,2.55323190965492e-18,8.26213700394169e-201,0,1.00638071302211
0,1,0,1,0,1,0,0,0,1,1,0,0,0,3.42770836801387e-57,0,0.566660704787709,0,0.297225572979494,0,0,0,0.12262888626525,1.85042436455335e-252,0,0.939091331962881
1,1,0,1,0,1,0,0,0,1,1,0,0,0.352095290900258,1.08612801484981e-55,0,0.522778575534089,0,0.167345307651026,0,0,0,2.54801895053573e-18,2.1302619422085e-200,0,1.00638071302211
0,0,1,1,0,1,0,0,0,1,1,0,0,0,0,0.227873744270203,0.380093145162468,0,0.297225572979494,0,0,0,2.33192024409083e-08,2.26677526819914e-250,0,1.07727940879869
1,0,1,1,0,1,0,0,0,1,1,0,0,0.352095290900257,0,0.14433375255591,0.399199767404824,0,0.167345307651026,0,0,0,3.92028482186837e-65,4.18883665222906e-203,0,1.29596175194821
0,1,1,1,0,1,0,0,0,1,1,0,0,0,9.92735717730866e-63,0.227873743849505,0.380093145602465,0,0.297225572979494,0,0,0,2.2404637163506e-08,4.41108033779932e-250,0,1.07727939196948
1,1,1,1,0,1,0,0,0,1,1,0,0,0.352095290900257,8.85651443419128e-58,0.144333752556405,0.399199767404371,0,0.167345307651026,0,0,0,4.67233045465084e-65,8.41661613330501e-203,0,1.29596175194868
0,0,0,0,1,1,0,0,0,1,1,0,0,0,0,0,0,0.687691655247155,1.20131549273159e-90,0,0,0,0.12262888626525,1.95221556951173e-106,0,0.425015738022656
1,0,0,0,1,1,0,0,0,1,1,0,0,0.362233577550044,0,0,0,0.622141844876495,2.84504940480334e-120,0,0,0,1.04488647660881e-20,1.35515299937941e-115,0,0.657873552283874
0,1,0,0,1,1,0,0,0,1,1,0,0,0,0.310258322231265,0,0,0.445486052777699,2.49603437036938e-22,0,0,0,0.12262888626525,3.31762357888466e-68,0,0.986782704463802
1,1,0,0,1,1,0,0,0,1,1,0,0,0.340810413884511,0.188560170317187,0,0,0.479143011565853,6.27943152867398e-77,0,0,0,8.91605710813489e-16,3.4227353128184e-91,0,1.03372177631142
0,0,1,0,1,1,0,0,0,1,1,0,0,0,0,0.569735395639685,0,1.49706297113296e-11,0.297225572966423,0,0,0,9.16168894939156e-115,2.11419301350795e-222,0,0.642898790653503
1,0,1,0,1,1,0,0,0,1,1,0,0,0.348159955699095,0,0.495170996239467,0,0.0191038442130011,0.153654281921599,0,0,0,3.3895218487157e-171,6.80583634078918e-168,0,1.07766501575223
0,1,1,0,1,1,0,0,0,1,1,0,0,0,3.70345243154896e-32,0.569735395639159,0,1.61023034569341e-11,0.297225572965435,0,0,0,4.4984605402892e-114,5.18250285718862e-222,0,0.642898790684613
1,1,1,0,1,1,0,0,0,1,1,0,0,0.348155595481498,3.01167881900132e-25,0.495162451961279,0,0.0191239572620779,0.153639530185622,0,0,0,3.37709101186952e-170,2.67039337100574e-167,0,1.07771359991211
0,0,0,1,1,1,0,0,0,1,1,0,0,0,0,0,0.431315102954742,0.316354050797153,0.0466609532528207,0,0,0,0.12262888626525,1.20213914629932e-172,0,1.14252980161571
1,0,0,1,1,1,0,0,0,1,1,0,0,0.318037733555881,0,0,0.364376435932711,0.327136202515622,2.7308128240554e-31,0,0,0,1.34475973146656e-10,2.59582998633871e-153,0,1.09685749876374
0,1,0,1,1,1,0,0,0,1,1,0,0,0,3.01775075411826e-49,0,0.431315102954742,0.316354050797153,0.0466609532528207,0,0,0,0.12262888626525,1.59362032463743e-172,0,1.14252980161571
1,1,0,1,1,1,0,0,0,1,1,0,0,0.318037733556172,5.20769341255233e-48,0,0.364376435932592,0.327136202515658,4.14345915491612e-31,0,0,0,1.34657581204109e-10,5.15856878827362e-153,0,1.09685749876766
0,0,1,1,1,1,0,0,0,1,1,0,0,0,0,0.183333714119148,0.359652677365132,0.134276024338509,0.190873778602473,0,0,0,0.0162073085130313,1.29969639035399e-215,0,1.38254083458362
1,0,1,1,1,1,0,0,0,1,1,0,0,0.311643794879402,0,0.0439694313999526,0.356671736426593,0.284464953481153,5.23628434189549e-15,0,0,0,1.99325977337296e-26,1.03930273231842e-151,0,1.22677877567999
0,1,1,1,1,1,0,0,0,1,1,0,0,0,2.25910877748673e-58,0.183333714157834,0.35965267739189,0.13427602421135,0.190873778722004,0,0,0,0.0162073083629694,1.6610138770714e-215,0,1.38254083408145
1,1,1,1,1,1,0,0,0,1,1,0,0,0.311643010739418,3.6154457472444e-50,0.043974496390168,0.356671011332322,0.284459797176173,5.95954937648883e-15,0,0,0,1.93465437867119e-26,1.59774281294195e-151,0,1.22678845592082
0,0,0,0,0,0,1,0,0,1,1,0,0,0,0,0,0,0,0,0.357115117776772,0,0,0.000372620633104155,0.0367059520446726,0,0.31712496891192
1,0,0,0,0,0,1,0,0,1,1,0,0,0.280780865129666,0,0,0,0,0,0.281812255821507,0,0,2.58517130789459e-55,0.0111473968404595,0,0.775487946143139
0,1,0,0,0,0,1,0,0,1,1,0,0,0,0.520825787756024,0,0,0,0,0.203137337199241,0,0,0.0523727987287316,0.000452883272004505,0,0.804951944967763
1,1,0,0,0,0,1,0,0,1,1,0,0,0.269350132351724,0.505725418543981,0,0,0,0,0.104933693799273,0,0,1.28023194240191e-19,0.000302787895633997,0,0.937053803815442
0,0,1,0,0,0,1,0,0,1,1,0,0,0,0,0.436699772348906,0,0,0,0.319582713105312,0,0,8.70638741668967e-133,7.69904131565618e-109,0,0.681108153244336
1,0,1,0,0,0,1,0,0,1,1,0,0,0.269028295678878,0,0.39934624292425,0,0,0,0.25746300170132,0,0,8.53182905602721e-172,1.1443520134413e-110,0,1.07771883105994
0,1,1,0,0,0,1,0,0,1,1,0,0,0,5.09608687432432e-14,0.436699772348882,0,0,0,0.319582713105294,0,0,2.84584530606287e-133,2.83024765742442e-109,0,0.681108153246402
1,1,1,0,0,0,1,0,0,1,1,0,0,0.269028295678878,2.76881111073344e-13,0.399346242924115,0,0,0,0.257463001701226,0,0,1.69720235151451e-173,4.03530825108948e-111,0,1.07771883106855
0,0,0,1,0,0,1,0,0,1,1,0,0,0,0,0,0.599505292242855,0,0,0.372570658794045,0,0,1.78526032914284e-06,1.70429619020433e-192,0,0.66566867314202
1,0,0,1,0,0,1,0,0,1,1,0,0,0.269028295678878,0,0,0.541478805374551,0,0,0.305612987963595,0,0,1.17836718721946e-56,1.36888171195095e-184,0,1.04853265862421
0,1,0,1,0,0,1,0,0,1,1,0,0,0,7.17104045561387e-109,0,0.599505288776409,0,0,0.372570671684437,0,0,1.80252570394975e-06,3.08026659653338e-192,0,0.665668900358127
1,1,0,1,0,0,1,0,0,1,1,0,0,0.269028295678878,6.09851356635573e-97,0,0.541478805374551,0,0,0.305612987963595,0,0,1.35071263198801e-56,2.74007845362542e-184,0,1.04853265862421
0,0,1,1,0,0,1,0,0,1,1,0,0,0,0,1.49099804656112e-56,0.599505324718572,0,0,0.372570538029182,0,0,1.62350794726469e-06,2.54051721550752e-192,0,0.665666535865897
1,0,1,1,0,0,1,0,0,1,1,0,0,0.269028295678878,0,3.65762710156862e-49,0.541478805374551,0,0,0.305612987963595,0,0,4.87477249742646e-57,1.62523355133379e-184,0,1.04853265862421
0,1,1,1,0,0,1,0,0,1,1,0,0,0,8.44329752906737e-109,1.69953238282611e-56,0.599505320046861,0,0,0.372570555401507,0,0,1.64677643854765e-06,4.20199596603712e-192,0,0.665666844302536
1,1,1,1,0,0,1,0,0,1,1,0,0,0.269028295678878,6.24856306482208e-97,4.35761324882477e-49,0.541478805374551,0,0,0.305612987963595,0,0,5.49595681848159e-57,2.92879090995182e-184,0,1.04853265862421
0,0,0,0,1,0,1,0,0,1,1,0,0,0,0,0,0,0.712258253990107,0,0.329153915798504,0,0,0.008791640504426,1.60419586406781e-177,0,0.667021021590315
1,0,0,0,1,0,1,0,0,1,1,0,0,0.36428083538901,0,0,0,0.635807216015361,0,0.237947705248012,0,0,3.02212889187817e-66,9.76169996465737e-172,0,1.01916992762669
0,1,0,0,1,0,1,0,0,1,1,0,0,0,8.79798475763421e-33,0,0,0.712258253990299,0,0.329153916086501,0,0,0.00879164087971576,3.99612851156246e-177,0,0.667021023196333
1,1,0,0,1,0,1,0,0,1,1,0,0,0.364280835389008,1.49947803920475e-29,0,0,0.635807216015361,0,0.237947705248012,0,0,4.3481443768976e-66,2.95142538033941e-171,0,1.01916992762669
0,0,1,0,1,0,1,0,0,1,1,0,0,0,0,5.39813484900458e-31,0,0.712258253988664,0,0.329153913643447,0,0,0.00879163769616607,3.36563928689571e-177,0,0.667021009572626
1,0,1,0,1,0,1,0,0,1,1,0,0,0.364280835389008,0,1.51067091411661e-27,0,0.635807216015362,0,0.237947705248012,0,0,1.09717421990743e-66,1.31965982739429e-171,0,1.01916992762669
0,1,1,0,1,0,1,0,0,1,1,0,0,0,9.70969807732292e-33,5.76936856607874e-31,0,0.712258253989032,0,0.329153914193544,0,0,0.00879163841299894,7.21518116254496e-177,0,0.667021012640246
1,1,1,0,1,0,1,0,0,1,1,0,0,0.364280835389008,1.22655531373073e-29,1.77417861494023e-27,0,0.635807216015362,0,0.237947705248012,0,0,1.53611940285235e-66,3.30954644315478e-171,0,1.01916992762669
0,0,0,1,1,0,1,0,0,1,1,0,0,0,0,0,0.292382436263209,0.469829943871832,0,0.345863557848631,0,0,0.00304392415605905,5.13948486945448e-213,0,1.09472000809486
1,0,0,1,1,0,1,0,0,1,1,0,0,0.335851588538069,0,0,0.236058144339668,0.44604303388734,0,0.261501353083417,0,0,5.24525458560026e-64,1.07810730171287e-201,0,1.35479596427659
0,1,0,1,1,0,1,0,0,1,1,0,0,0,2.58428630609858e-94,0,0.292382390013806,0.469829982787836,0,0.345863630745992,0,0,0.00304402557205447,8.43505789588705e-213,0,1.09472043323547
1,1,0,1,1,0,1,0,0,1,1,0,0,0.335851588538069,4.13170628580391e-80,0,0.236058144339668,0.44604303388734,0,0.261501353083417,0,0,5.89389137795049e-64,1.88431717490318e-201,0,1.35479596427659
0,0,1,1,1,0,1,0,0,1,1,0,0,0,0,1.0434335535824e-71,0.292382710432114,0.469829713176687,0,0.345863125702214,0,0,0.00304332294611733,7.40736702014142e-213,0,1.09471748772739
1,0,1,1,1,0,1,0,0,1,1,0,0,0.335851588538069,0,2.34704115578228e-61,0.236058144339668,0.44604303388734,0,0.261501353083417,0,0,3.67663546798691e-64,1.30762226378324e-201,0,1.35479596427659
0,1,1,1,1,0,1,0,0,1,1,0,0,0,2.60732514795025e-94,1.19437725059227e-71,0.292382652488136,0.469829761932602,0,0.345863217034805,0,0,0.00304345000979192,1.15671923703468e-212,0,1.09471802040806
1,1,1,1,1,0,1,0,0,1,1,0,0,0.335851588538069,3.78875319156506e-80,2.77419078410127e-61,0.236058144339668,0.44604303388734,0,0.261501353083417,0,0,4.11617327080663e-64,2.15985267019352e-201,0,1.35479596427659
0,0,0,0,0,1,1,0,0,1,1,0,0,0,0,0,0,0,0.18510043253634,0.385212354891817,0,0,1.16011614259888e-08,3.28807486137368e-82,0,0.63025899709888
1,0,0,0,0,1,1,0,0,1,1,0,0,0.316635212877441,0,0,0,0,0.0959080581123547,0.290365402929696,0,0,4.44588238623704e-65,1.90600650840253e-49,0,0.996218496394465
0,1,0,0,0,1,1,0,0,1,1,0,0,0,0.393818275660713,0,0,0,0.217109758536444,0.275242478960991,0,0,0.0274368002711853,5.59046234738753e-111,0,1.17095234009016
1,1,0,0,0,1,1,0,0,1,1,0,0,0.33362050657427,0.408427959036165,0,0,0,0.130126332068977,0.15128106010943,0,0,1.03032234296564e-42,5.82276219197587e-74,0,1.27680699898152
0,0,1,0,0,1,1,0,0,1,1,0,0,0,0,0.346922611314121,0,0,0.190747265090754,0.365812338333052,0,0,2.24667504204465e-113,1.39659635817038e-182,0,1.06197250315764
1,0,1,0,0,1,1,0,0,1,1,0,0,0.319080277746698,0,0.344938235859653,0,0,0.100833842795931,0.270343951045312,0,0,9.17318586495676e-172,1.23374460741736e-152,0,1.30643250519031
0,1,1,0,0,1,1,0,0,1,1,0,0,0,2.11866422993295e-14,0.34692261131411,0,0,0.190747265090756,0.365812338333045,0,0,1.68692833889565e-113,1.32286779605924e-185,0,1.06197250315837
1,1,1,0,0,1,1,0,0,1,1,0,0,0.319080277746711,2.40225970476262e-13,0.344938235859521,0,0,0.100833842795957,0.270343951045232,0,0,2.01472814878866e-170,4.94374308750187e-152,0,1.30643250519703
0,0,0,1,0,1,1,0,0,1,1,0,0,0,0,0,0.540422489940691,0,0.178421678657097,0.408157597982759,0,0,8.31375275889097e-13,1.91112203383593e-267,0,1.01206835737808
1,0,0,1,0,1,1,0,0,1,1,0,0,0.313934362757649,0,0,0.501835452974002,0,0.0904669729616067,0.312481356334604,0,0,1.37318555787571e-68,1.3589127001896e-221,0,1.25676088326329
0,1,0,1,0,1,1,0,0,1,1,0,0,0,6.78227904962789e-114,0,0.540422489940688,0,0.178421678657092,0.408157597982772,0,0,8.49881790782233e-13,3.04482514496581e-267,0,1.01206835737852
1,1,0,1,0,1,1,0,0,1,1,0,0,0.313934362757649,1.42843470184453e-97,0,0.501835452974002,0,0.0904669729616067,0.312481356334604,0,0,1.55114622178122e-68,2.40154765515262e-221,0,1.25676088326329
0,0,1,1,0,1,1,0,0,1,1,0,0,0,0,1.4593445609085e-66,0.540422489940706,0,0.178421678657128,0.408157597982668,0,0,7.04401748113903e-13,2.168147201436e-267,0,1.01206835737506
1,0,1,1,0,1,1,0,0,1,1,0,0,0.313934362757649,0,4.35897252047212e-53,0.501835452974002,0,0.0904669729616067,0.312481356334604,0,0,6.10843035584383e-69,1.33621440172147e-221,0,1.25676088326329
0,1,1,1,0,1,1,0,0,1,1,0,0,0,7.50504609037753e-114,1.64569580087845e-66,0.540422489940704,0,0.178421678657122,0.408157597982685,0,0,7.26772056967466e-13,3.21804903379689e-267,0,1.01206835737559
1,1,1,1,0,1,1,0,0,1,1,0,0,0.313934362757649,1.44317009183747e-97,5.12713274765208e-53,0.501835452974002,0,0.0904669729616067,0.312481356334604,0,0,6.87385600772558e-69,2.16684535385521e-221,0,1.25676088326329
0,0,0,0,1,1,1,0,0,1,1,0,0,0,0,0,0,0.712258253990087,2.66907385216812e-132,0.329153915769933,0,0,0.00879164046719475,7.38944315778822e-178,0,0.667021021430987
1,0,0,0,1,1,1,0,0,1,1,0,0,0.36428083538901,0,0,0,0.635807216015361,2.4141541390314e-149,0.237947705248012,0,0,2.84713170046062e-66,5.60475731790236e-172,0,1.01916992762669
0,1,0,0,1,1,1,0,0,1,1,0,0,0,8.2947378352967e-33,0,0,0.712258253990264,8.12343226964233e-132,0.329153916033914,0,0,0.00879164081118862,1.43051482265546e-177,0,0.667021022903077
1,1,0,0,1,1,1,0,0,1,1,0,0,0.364280835389008,1.46387815115122e-29,0,0,0.635807216015361,9.60430174303542e-149,0.237947705248012,0,0,3.9814701963138e-66,1.46164541673691e-171,0,1.01916992762669
0,0,1,0,1,1,1,0,0,1,1,0,0,0,0,4.68772112278802e-31,0,0.712258253988815,1.17739302516481e-131,0.329153913868666,0,0,0.00879163798964995,1.05507395963035e-177,0,0.667021010828563
1,0,1,0,1,1,1,0,0,1,1,0,0,0.364280835389008,0,1.43108985131737e-27,0,0.635807216015362,1.21454235757301e-148,0.237947705248012,0,0,1.05640611321965e-66,6.14689614483268e-172,0,1.01916992762669
0,1,1,0,1,1,1,0,0,1,1,0,0,0,8.55638993877942e-33,4.84410268666932e-31,0,0.712258253989147,2.66691876942167e-131,0.329153914364246,0,0,0.00879163863544042,1.73468925055707e-177,0,0.667021013592164
1,1,1,0,1,1,1,0,0,1,1,0,0,0.364280835389008,1.17074238598124e-29,1.64934159666963e-27,0,0.635807216015362,3.52543922278646e-148,0.237947705248012,0,0,1.43638622410796e-66,1.31967465759721e-171,0,1.01916992762669
0,0,0,1,1,1,1,0,0,1,1,0,0,0,0,0,0.292382473614188,0.469829912443335,1.56336091859461e-65,0.345863498976534,0,0,0.00304384225221092,1.59967654587101e-213,0,1.09471966474769
1,0,0,1,1,1,1,0,0,1,1,0,0,0.335851588538069,0,0,0.236058144339668,0.44604303388734,3.4472433174914e-94,0.261501353083417,0,0,4.66281781385058e-64,5.08835326006199e-202,0,1.35479596427659
0,1,0,1,1,1,1,0,0,1,1,0,0,0,2.49253471297944e-94,0,0.292382435566695,0.469829944457905,1.97710513926503e-65,0.345863558946465,0,0,0.00304392568338328,2.19223858160992e-213,0,1.0947200144975
1,1,0,1,1,1,1,0,0,1,1,0,0,0.335851588538069,4.1750157152493e-80,0,0.236058144339668,0.44604303388734,4.91378795481686e-94,0.261501353083417,0,0,5.14491710474996e-64,8.00107415984868e-202,0,1.35479596427659
0,0,1,1,1,1,1,0,0,1,1,0,0,0,0,9.21906768037686e-72,0.292382743267059,0.469829685548348,2.9058939263027e-65,0.345863073946804,0,0,0.00304325094295778,1.70677736014241e-213,0,1.09471718587102
1,0,1,1,1,1,1,0,0,1,1,0,0,0.335851588538069,0,2.26334894524971e-61,0.236058144339668,0.44604303388734,6.88488547476629e-94,0.261501353083417,0,0,3.19571609469639e-64,5.24782689410687e-202,0,1.35479596427659
0,1,1,1,1,1,1,0,0,1,1,0,0,0,2.47655035960446e-94,1.03191842788654e-71,0.292382693721817,0.469829727237258,3.4570083437421e-65,0.345863152041413,0,0,0.00304335958972852,2.22761262418961e-213,0,1.09471764134652
1,1,1,1,1,1,1,0,0,1,1,0,0,0.335851588538069,3.8479183337364e-80,2.64102089409317e-61,0.236058144339668,0.44604303388734,9.21349136326858e-94,0.261501353083417,0,0,3.51514854680333e-64,7.81186472808288e-202,0,1.35479596427659
0,0,0,0,0,0,0,1,0,1,1,0,0,0,0,0,0,0,0,0,0.340048623186438,0,0.12262888626525,0.191338276499656,0,1.0135152938075
1,0,0,0,0,0,0,1,0,1,1,0,0,0.398310815226056,0,0,0,0,0,0,0.0002203389083265,0,4.28742309338201e-29,0.122625404476352,0,0.549189066540169
0,1,0,0,0,0,0,1,0,1,1,0,0,0,0.568699221817528,0,0,0,0,0,0.247506942935689,0,0.12262888626525,0.0770177914357801,0,1.11960294287038
1,1,0,0,0,0,0,1,0,1,1,0,0,0.302461852192679,0.558213353348456,0,0,0,0,0,9.48285225996625e-07,0,3.60865241874738e-07,0.0317114524071201,0,0.778792563079165
0,0,1,0,0,0,0,1,0,1,1,0,0,0,0,0.618601749885805,0,0,0,0,0.185161547666534,0,7.65061487794249e-132,3.2944523663879e-95,0,0.539720924479722
1,0,1,0,0,0,0,1,0,1,1,0,0,0.269028295678878,0,0.578778045832952,0,0,0,0,2.70234331858981e-07,0,4.01003863150134e-183,6.42745346647083e-110,0,0.624839865914336
0,1,1,0,0,0,0,1,0,1,1,0,0,0,2.75905871773431e-30,0.618601749885805,0,0,0,0,0.185161547666534,0,5.73970530318945e-131,9.89294246985879e-95,0,0.539720924479722
1,1,1,0,0,0,0,1,0,1,1,0,0,0.269028295678878,7.0160266680764e-25,0.578778047338563,0,0,0,0,2.63536405538626e-07,0,5.37545774506191e-182,2.57492952780104e-109,0,0.624839752140717
0,0,0,1,0,0,0,1,0,1,1,0,0,0,0,0,0.617831517967207,0,0,0,0.185161547666534,0,0.12262888626525,4.17752967107892e-125,0,0.859527448630509
1,0,0,1,0,0,0,1,0,1,1,0,0,0.275453479542353,0,0,0.591966135851964,0,0,0,4.11101892569642e-10,0,0.004361246474205,2.33547023385519e-135,0,0.65337932276109
0,1,0,1,0,0,0,1,0,1,1,0,0,0,3.26002900905055e-58,0,0.617831517967207,0,0,0,0.185161547666534,0,0.12262888626525,9.50708621623895e-125,0,0.859527448630509
1,1,0,1,0,0,0,1,0,1,1,0,0,0.275453473871618,4.28530992256826e-56,0,0.591966137604662,0,0,0,4.19640325326846e-10,0,0.00436124276573057,5.58184890703568e-135,0,0.653379299428509
0,0,1,1,0,0,0,1,0,1,1,0,0,0,0,0.240236933274322,0.420678576605743,0,0,0,0.185161547666534,0,5.03096058777569e-12,1.06046629841798e-122,0,1.03741289409656
1,0,1,1,0,0,0,1,0,1,1,0,0,0.269028295678878,0,0.193929985626122,0.427886863394068,0,0,0,2.5544995301659e-07,0,8.11274899303232e-61,7.68968852290517e-138,0,1.0457264513711
0,1,1,1,0,0,0,1,0,1,1,0,0,0,6.98168048106742e-64,0.24023693327438,0.420678576605685,0,0,0,0.185161547666534,0,5.10465882566433e-12,1.86360599687312e-122,0,1.03741289409876
1,1,1,1,0,0,0,1,0,1,1,0,0,0.269028295678878,5.30385608715505e-59,0.193929986834372,0.42788686339417,0,0,0,2.50283375721852e-07,0,9.82131136526143e-61,1.44344884715168e-137,0,1.04572637065695
0,0,0,0,1,0,0,1,0,1,1,0,0,0,0,0,0,0.68267359829061,0,0,0.127323545162775,0,0.12262888626525,1.11428947718011e-104,0,0.766991358526313
1,0,0,0,1,0,0,1,0,1,1,0,0,0.362233577550044,0,0,0,0.622141844876495,0,0,4.39821395928672e-72,0,1.05147167824701e-20,2.25966683166092e-115,0,0.657873552283874
0,1,0,0,1,0,0,1,0,1,1,0,0,0,0.224543214972026,0,0,0.506794895939403,0,0,0.142224477105093,0,0.12262888626525,1.18048871573545e-76,0,1.21540292432496
1,1,0,0,1,0,0,1,0,1,1,0,0,0.340810413884511,0.188560170317187,0,0,0.479143011565853,0,0,2.40556667223996e-57,0,8.72651574648279e-16,5.18962175294108e-91,0,1.03372177631142
0,0,1,0,1,0,0,1,0,1,1,0,0,0,0,0.618601713297506,0,5.18126005815239e-08,0,0,0.185161542980388,0,6.25029599648609e-128,2.22089308832472e-96,0,0.539722028704774
1,0,1,0,1,0,0,1,0,1,1,0,0,0.269028307497548,0,0.578778047974152,0,7.41920205531852e-08,0,0,4.25717820811581e-09,0,1.30000099002262e-178,3.21119740881754e-111,0,0.624836537789241
0,1,1,0,1,0,0,1,0,1,1,0,0,0,5.37015619088449e-30,0.618601711194894,0,5.47901038210283e-08,0,0,0.185161542711091,0,3.12827580528211e-127,5.73602362530522e-96,0,0.539722088352118
1,1,1,0,1,0,0,1,0,1,1,0,0,0.26902830829775,1.60439580894763e-24,0.578778044178343,0,7.92153108723232e-08,0,0,3.77991270417288e-09,0,1.18966609037557e-177,1.07897012572904e-110,0,0.624836621325177
0,0,0,1,1,0,0,1,0,1,1,0,0,0,0,0,0.384534044405543,0.36112574211682,0,0,0.154565972227517,0,0.12262888626525,4.22220789689592e-146,0,1.27523733062773
1,0,0,1,1,0,0,1,0,1,1,0,0,0.318037733562987,0,0,0.36437643592981,0.327136202516519,0,0,9.42209930863381e-42,0,1.38914154046239e-10,7.34093414039335e-153,0,1.09685749885947
0,1,0,1,1,0,0,1,0,1,1,0,0,0,2.03401321561279e-49,0,0.384534044405543,0.36112574211682,0,0,0.154565972227517,0,0.12262888626525,9.40396571323158e-146,0,1.27523733062773
1,1,0,1,1,0,0,1,0,1,1,0,0,0.318037733565309,4.96779456900127e-48,0,0.364376435928862,0.327136202516813,0,0,1.08138896981195e-41,0,1.40364207717493e-10,1.613386065143e-152,0,1.09685749889072
0,0,1,1,1,0,0,1,0,1,1,0,0,0,0,0.14698539824153,0.355558329070916,0.220369265679469,0,0,0.166491251684506,0,0.0373067837381453,6.47673777485843e-136,0,1.43889534472572
1,0,1,1,1,0,0,1,0,1,1,0,0,0.311642473343703,0,0.043977967536766,0.356670514438025,0.284456263409157,0,0,1.11791431070487e-35,0,3.79714687806388e-26,1.14801639054787e-150,0,1.22679508961661
0,1,1,1,1,0,0,1,0,1,1,0,0,0,1.62420351678069e-56,0.14698539825529,0.355558329072586,0.220369265660242,0,0,0.166491251686306,0,0.0373067837243847,1.16965267241504e-135,0,1.43889534470508
1,1,1,1,1,0,0,1,0,1,1,0,0,0.311641503867236,3.45818784449916e-50,0.0439842294767822,0.356669618100291,0.284449888418858,0,0,1.18548118920719e-35,0,3.8152707580142e-26,2.19636372363245e-150,0,1.22680705600442
0,0,0,0,0,1,0,1,0,1,1,0,0,0,0,0,0,0,0.306606495780453,0,0.185161547666534,0,0.12262888626525,4.36143357087531e-65,0,1.02997540410091
1,0,0,0,0,1,0,1,0,1,1,0,0,0.352095290900258,0,0,0,0,0.167345307651026,0,1.93946132446709e-39,0,2.00762268549514e-18,9.86862560952421e-24,0,0.628490225420088
0,1,0,0,0,1,0,1,0,1,1,0,0,0,0.480373223209413,0,0,0,0.306606495780453,0,0.185161547666534,0,0.12262888626525,1.6747433540261e-108,0,1.26366821525809
1,1,0,0,0,1,0,1,0,1,1,0,0,0.352095290900258,0.484698872731938,0,0,0,0.167345307651026,0,1.6721446913391e-39,0,2.37303204436364e-18,2.28689361061852e-67,0,1.01766605699238
0,0,1,0,0,1,0,1,0,1,1,0,0,0,0,0.526082132321525,0,0,0.306606495780453,0,0.185161547666534,0,3.34362509105757e-101,9.78575480498728e-212,0,1.01258229323584
1,0,1,0,0,1,0,1,0,1,1,0,0,0.352095290900259,0,0.503380196051602,0,0,0.167345307651027,0,3.20154150712091e-39,0,1.1992420796949e-178,5.99789447489152e-177,0,1.01220330910497
0,1,1,0,0,1,0,1,0,1,1,0,0,0,2.51132658032043e-34,0.526082132321525,0,0,0.306606495780453,0,0.185161547666534,0,1.24347050749837e-101,3.69482684773041e-216,0,1.01258229323584
1,1,1,0,0,1,0,1,0,1,1,0,0,0.352095290900259,5.69385977243838e-26,0.503380196051602,0,0,0.167345307651027,0,3.02447776387891e-39,0,1.22495829506967e-177,2.30851259640836e-176,0,1.01220330910497
0,0,0,1,0,1,0,1,0,1,1,0,0,0,0,0,0.526796831464469,0,0.306606495780453,0,0.185161547666534,0,0.12262888626525,7.38739995322885e-244,0,1.24471718266694
1,0,0,1,0,1,0,1,0,1,1,0,0,0.352095290900258,0,0,0.522778575534089,0,0.167345307651026,0,1.49778814306084e-39,0,2.53892975558931e-18,9.21417884624781e-201,0,1.00638071302211
0,1,0,1,0,1,0,1,0,1,1,0,0,0,9.99365997377696e-59,0,0.526796831464469,0,0.306606495780453,0,0.185161547666534,0,0.12262888626525,1.82844930929233e-243,0,1.24471718266694
1,1,0,1,0,1,0,1,0,1,1,0,0,0.352095290900258,1.07154570098486e-55,0,0.522778575534089,0,0.167345307651026,0,1.50130354029862e-39,0,2.53403467420865e-18,2.29219309919991e-200,0,1.00638071302211
0,0,1,1,0,1,0,1,0,1,1,0,0,0,0,0.196314777453001,0.366646303294166,0,0.306606495780453,0,0.185161547666534,0,0.00867204993991299,2.97874205862202e-241,0,1.38120369839192
1,0,1,1,0,1,0,1,0,1,1,0,0,0.352095290900259,0,0.144333752555696,0.39919976740502,0,0.167345307651027,0,2.80996443442636e-39,0,4.4087638615835e-65,4.76925496809036e-203,0,1.29596175194801
0,1,1,1,0,1,0,1,0,1,1,0,0,0,1.12260725038831e-63,0.19631477642786,0.366646304338852,0,0.306606495780453,0,0.185161547666534,0,0.00867204823235861,5.43413837434658e-241,0,1.38120369227953
1,1,1,1,0,1,0,1,0,1,1,0,0,0.352095290900259,8.76795174931468e-58,0.144333752556169,0.399199767404587,0,0.167345307651027,0,2.7080889183657e-39,0,5.21774339055099e-65,9.34432338048446e-203,0,1.29596175194846
0,0,0,0,1,1,0,1,0,1,1,0,0,0,0,0,0,0.68267359829061,7.34234629242169e-87,0,0.127323545162775,0,0.12262888626525,4.58838647263469e-105,0,0.766991358526313
1,0,0,0,1,1,0,1,0,1,1,0,0,0.362233577550044,0,0,0,0.622141844876495,2.97252136478364e-120,0,3.67556006064811e-72,0,1.04431370634518e-20,1.35781205252314e-115,0,0.657873552283874
0,1,0,0,1,1,0,1,0,1,1,0,0,0,0.224543214972026,0,0,0.506794895939403,5.58181940534272e-37,0,0.142224477105093,0,0.12262888626525,3.12716065128228e-77,0,1.21540292432496
1,1,0,0,1,1,0,1,0,1,1,0,0,0.340810413884511,0.188560170317187,0,0,0.479143011565853,4.96823495215683e-77,0,2.02342044485818e-57,0,8.74246173277003e-16,2.95942218212942e-91,0,1.03372177631142
0,0,1,0,1,1,0,1,0,1,1,0,0,0,0,0.516847736440705,0,0.0205834462261749,0.290208494156642,0,0.183416911409862,0,1.34670304205588e-96,3.52322931533826e-206,0,1.09022444548241
1,0,1,0,1,1,0,1,0,1,1,0,0,0.34816037027789,0,0.495171808714211,0,0.0191019316964981,0.153655684597466,0,8.52965747290159e-38,0,5.42125794052881e-171,1.15228686615348e-167,0,1.07766039479945
0,1,1,0,1,1,0,1,0,1,1,0,0,0,2.11840102187057e-33,0.516843318170647,0,0.02059330694959,0.290200512361955,0,0.183416061665585,0,5.21975576482298e-96,8.86594763518724e-206,0,1.09025185746414
1,1,1,0,1,1,0,1,0,1,1,0,0,0.34815594325406,3.11837652349457e-25,0.495163133409149,0,0.0191223531258999,0.153640706754746,0,7.99637767537889e-38,0,4.95681280635246e-170,4.27381220686865e-167,0,1.0777097258555
0,0,0,1,1,1,0,1,0,1,1,0,0,0,0,0,0.379005184096893,0.360828832569447,0.0192673293399959,0,0.154591127228639,0,0.12262888626525,2.63209210478497e-154,0,1.34567918913854
1,0,0,1,1,1,0,1,0,1,1,0,0,0.318037733553923,0,0,0.36437643593351,0.327136202515374,2.35874895132863e-31,0,7.16173184839116e-42,0,1.33253146788012e-10,2.86557233600539e-153,0,1.09685749873734
0,1,0,1,1,1,0,1,0,1,1,0,0,0,1.94497699758106e-49,0,0.379005183957027,0.360828832576049,0.0192673297739161,0,0.154591127228029,0,0.12262888626525,3.42207027491257e-154,0,1.34567919028735
1,1,0,1,1,1,0,1,0,1,1,0,0,0.318037733554251,5.24480992442568e-48,0,0.364376435933376,0.327136202515416,3.5125794333722e-31,0,7.87012707597369e-42,0,1.33458202231156e-10,5.5362036565464e-153,0,1.09685749874177
0,0,1,1,1,1,0,1,0,1,1,0,0,0,0,0.123709105751667,0.327210720210477,0.240890430495364,0.11477799080756,0,0.164752641633468,0,0.0508182088697008,2.2159389350688e-182,0,1.64978475129878
1,0,1,1,1,1,0,1,0,1,1,0,0,0.31164492907188,0,0.04396210516491,0.356672785323262,0.28447241167417,3.9432979484895e-15,0,4.56188021176784e-36,0,2.83790039797813e-26,1.39368438918967e-151,0,1.22676477256661
0,1,1,1,1,1,0,1,0,1,1,0,0,0,9.50037240296494e-56,0.123709105795486,0.327210720193656,0.240890430440222,0.114777990862235,0,0.164752641638605,0,0.0508182088338999,2.86370944064559e-182,0,1.64978475132028
1,1,1,1,1,1,0,1,0,1,1,0,0,0.311644139612973,3.79795695253989e-50,0.0439672046372964,0.356672055221207,0.284467220367097,4.54100345840131e-15,0,4.45103603364579e-36,0,2.75789237941435e-26,2.13537789390796e-151,0,1.22677451966855
0,0,0,0,0,0,1,1,0,1,1,0,0,0,0,0,0,0,0,0.357115136157115,1.07191639309525e-221,0,0.000372651329648701,0.0367059372541496,0,0.317125399162179
1,0,0,0,0,0,1,1,0,1,1,0,0,0.280780865136934,0,0,0,0,0,0.281812255821781,5.58044999781252e-271,0,2.58785958121616e-55,0.0111473968469577,0,0.775487946178189
0,1,0,0,0,0,1,1,0,1,1,0,0,0,0.520825687693967,0,0,0,0,0.20313743482089,3.63460459502079e-92,0,0.0523727637843648,0.000453168992247881,0,0.804954422544204
1,1,0,0,0,0,1,1,0,1,1,0,0,0.269350253120973,0.505725347647994,0,0,0,0,0.104933725070937,1.69965531227988e-107,0,1.26429121113945e-19,0.000302901333745957,0,0.937054817719688
0,0,1,0,0,0,1,1,0,1,1,0,0,0,0,0.436699772348906,0,0,0,0.319582713105312,9.95633918380726e-197,0,9.26317800241098e-133,8.1525699423135e-109,0,0.681108153244336
1,0,1,0,0,0,1,1,0,1,1,0,0,0.269028295678878,0,0.39934624292425,0,0,0,0.25746300170132,5.2442642411345e-242,0,8.88602485019725e-172,1.19091225904189e-110,0,1.07771883105994
0,1,1,0,0,0,1,1,0,1,1,0,0,0,5.08998987592903e-14,0.436699772348882,0,0,0,0.319582713105294,6.10439341037595e-199,0,2.93869107000995e-133,2.95721134194525e-109,0,0.681108153246399
1,1,1,0,0,0,1,1,0,1,1,0,0,0.269028295678878,2.76684990896427e-13,0.399346242924115,0,0,0,0.257463001701226,3.10602803146614e-246,0,1.72960756563798e-173,4.1506805947412e-111,0,1.07771883106855
0,0,0,1,0,0,1,1,0,1,1,0,0,0,0,0,0.59950529207824,0,0,0.372570659406186,6.4181883998752e-252,0,1.78608023024445e-06,1.83189460700591e-192,0,0.66566868393597
1,0,0,1,0,0,1,1,0,1,1,0,0,0.269028295678878,0,0,0.541478805374551,0,0,0.305612987963595,1.33099948518613e-293,0,1.18078151470316e-56,1.44436741358815e-184,0,1.04853265862421
0,1,0,1,0,0,1,1,0,1,1,0,0,0,7.15811253453779e-109,0,0.599505288663124,0,0,0.372570672105701,1.58271573826659e-251,0,1.80308994356267e-06,3.31856954668939e-192,0,0.665668907780764
1,1,0,1,0,0,1,1,0,1,1,0,0,0.269028295678878,6.10017596166771e-97,0,0.541478805374551,0,0,0.305612987963595,4.08985755428565e-293,0,1.35114132755393e-56,2.8658955669864e-184,0,1.04853265862421
0,0,1,1,0,0,1,1,0,1,1,0,0,0,0,1.48885724538128e-56,0.59950532391615,0,0,0.372570541013089,2.90779072977722e-251,0,1.62750459205468e-06,2.73276233852753e-192,0,0.665666588867889
1,0,1,1,0,0,1,1,0,1,1,0,0,0.269028295678878,0,3.6712395694202e-49,0.541478805374551,0,0,0.305612987963595,3.20746723741789e-293,0,4.92088089905844e-57,1.71734256480991e-184,0,1.04853265862421
0,1,1,1,0,0,1,1,0,1,1,0,0,0,8.40075472071806e-109,1.69126965483166e-56,0.599505319307153,0,0,0.372570558152201,5.92710578243571e-251,0,1.65046071734232e-06,4.49937484627352e-192,0,0.665666893108534
1,1,1,1,0,0,1,1,0,1,1,0,0,0.269028295678878,6.25236972036876e-97,4.3620428479984e-49,0.541478805374551,0,0,0.305612987963595,8.1604766641938e-293,0,5.54161696779042e-57,3.0747155971145e-184,0,1.04853265862421
0,0,0,0,1,0,1,1,0,1,1,0,0,0,0,0,0,0.712258253990109,0,0.329153915802497,6.32954027338492e-244,0,0.00879164050962913,1.63812520846362e-177,0,0.667021021612581
1,0,0,0,1,0,1,1,0,1,1,0,0,0.36428083538901,0,0,0,0.635807216015361,0,0.237947705248012,6.83806377022471e-297,0,3.03794658138004e-66,9.9348833400506e-172,0,1.01916992762669
0,1,0,0,1,0,1,1,0,1,1,0,0,0,8.25953828013996e-33,0,0,0.712258253990291,0,0.329153916073668,2.51138054735985e-243,0,0.00879164086299269,3.88188656852982e-177,0,0.667021023124768
1,1,0,0,1,0,1,1,0,1,1,0,0,0.364280835389008,1.44191411854688e-29,0,0,0.635807216015361,0,0.237947705248012,4.74968907977886e-296,0,4.31047607210813e-66,2.88100025402195e-171,0,1.01916992762669
0,0,1,0,1,0,1,1,0,1,1,0,0,0,0,4.98828247418592e-31,0,0.712258253988798,0,0.329153913842746,3.84648875294758e-243,0,0.00879163795587341,3.32055331582701e-177,0,0.667021010684019
1,0,1,0,1,0,1,1,0,1,1,0,0,0.364280835389008,0,1.45719350063264e-27,0,0.635807216015362,0,0.237947705248012,1.76395644237126e-296,0,1.14844654715982e-66,1.33321154256748e-171,0,1.01916992762669
0,1,1,0,1,0,1,1,0,1,1,0,0,0,9.03598898073837e-33,5.26389574877439e-31,0,0.71225825398914,0,0.329153914354276,1.15708570776121e-242,0,0.00879163862244926,6.84646446798542e-177,0,0.667021013536569
1,1,1,0,1,0,1,1,0,1,1,0,0,0.364280835389008,1.1861395458474e-29,1.69737935789326e-27,0,0.635807216015362,0,0.237947705248012,8.55992804808819e-296,0,1.59205755891545e-66,3.24058646477593e-171,0,1.01916992762669
0,0,0,1,1,0,1,1,0,1,1,0,0,0,0,0,0.292382427906447,0.469829950903525,0,0.345863571020413,7.70816512730147e-249,0,0.00304394248085875,5.48181863606869e-213,0,1.09472008491352
1,0,0,1,1,0,1,1,0,1,1,0,0,0.335851588538069,0,0,0.236058144339668,0.44604303388734,0,0.261501353083417,4.61078187391054e-299,0,5.25362286282239e-64,1.13474687141465e-201,0,1.35479596427659
0,1,0,1,1,0,1,1,0,1,1,0,0,0,2.61778643461119e-94,0,0.29238238208257,0.469829989461484,0,0.345863643247011,1.45193897076426e-248,0,0.00304404296367056,8.92561223130876e-213,0,1.09472050614162
1,1,0,1,1,0,1,1,0,1,1,0,0,0.335851588538069,4.18314311690421e-80,0,0.236058144339668,0.44604303388734,0,0.261501353083417,1.03947877671367e-298,0,5.88823979826771e-64,1.96206487115405e-201,0,1.35479596427659
0,0,1,1,1,0,1,1,0,1,1,0,0,0,0,1.03067062787052e-71,0.29238268818054,0.469829731899864,0,0.345863160775705,1.93048276848101e-248,0,0.00304337174104713,7.85685405581423e-213,0,1.09471769228777
1,0,1,1,1,0,1,1,0,1,1,0,0,0.335851588538069,0,2.34473550263541e-61,0.236058144339668,0.44604303388734,0,0.261501353083417,8.17502409982406e-299,0,3.71574976078873e-64,1.3743198581143e-201,0,1.35479596427659
0,1,1,1,1,0,1,1,0,1,1,0,0,0,2.64108694744018e-94,1.1732071994987e-71,0.292382630708452,0.469829780258744,0,0.34586325136429,3.31706045992386e-248,0,0.00304349776962241,1.21248755466505e-212,0,1.09471822062712
1,1,1,1,1,0,1,1,0,1,1,0,0,0.335851588538069,3.84508177684133e-80,2.7605496995637e-61,0.236058144339668,0.44604303388734,0,0.261501353083417,1.68007991576823e-298,0,4.15149632066194e-64,2.2500611437978e-201,0,1.35479596427659
0,0,0,0,0,1,1,1,0,1,1,0,0,0,0,0,0,0,0.185100432534937,0.385212354896214,1.08352314284748e-263,0,1.16073272558213e-08,3.21537581935776e-82,0,0.630258997280486
1,0,0,0,0,1,1,1,0,1,1,0,0,0.316635212877441,0,0,0,0,0.0959080581123547,0.290365402929696,3.65770645488129e-298,0,4.45655863330054e-65,1.88562395578775e-49,0,0.996218496394465
0,1,0,0,0,1,1,1,0,1,1,0,0,0,0.393818275660713,0,0,0,0.217109758536444,0.275242478960991,1.25125695991763e-160,0,0.0274368002711853,5.59622755873018e-111,0,1.17095234009016
1,1,0,0,0,1,1,1,0,1,1,0,0,0.33362050657427,0.408427959036165,0,0,0,0.130126332068977,0.15128106010943,3.12078398412612e-175,0,1.0220171799457e-42,5.83373325030641e-74,0,1.27680699898152
0,0,1,0,0,1,1,1,0,1,1,0,0,0,0,0.346922611314124,0,0,0.190747265090753,0.365812338333051,1.97014177948424e-238,0,2.38146006774684e-113,1.46272806693406e-182,0,1.06197250315764
1,0,1,0,0,1,1,1,0,1,1,0,0,0.319080277746698,0,0.344938235859653,0,0,0.100833842795931,0.270343951045312,2.94379747645756e-280,0,9.56826761510137e-172,1.27493967803983e-152,0,1.30643250519031
0,1,1,0,0,1,1,1,0,1,1,0,0,0,2.11728998211412e-14,0.34692261131411,0,0,0.190747265090756,0.365812338333045,5.26047771193978e-243,0,1.73485345374667e-113,1.36344639746045e-185,0,1.06197250315837
1,1,1,0,0,1,1,1,0,1,1,0,0,0.319080277746711,2.40086050647698e-13,0.344938235859521,0,0,0.100833842795957,0.270343951045232,1.7086785383488e-278,0,2.05761676549664e-170,5.06169343465115e-152,0,1.30643250519703
0,0,0,1,0,1,1,1,0,1,1,0,0,0,0,0,0.540422489940691,0,0.178421678657096,0.40815759798276,5.09705182894939e-285,0,8.32151720336345e-13,2.00586584230636e-267,0,1.0120683573781
1,0,0,1,0,1,1,1,0,1,1,0,0,0.313934362757649,0,0,0.501835452974002,0,0.0904669729616067,0.312481356334604,7.64453939972077e-318,0,1.37490539922338e-68,1.41563372536784e-221,0,1.25676088326329
0,1,0,1,0,1,1,1,0,1,1,0,0,0,6.78605309492575e-114,0,0.540422489940688,0,0.178421678657092,0.408157597982773,1.06333151721763e-284,0,8.50377098834969e-13,3.17414050224922e-267,0,1.01206835737853
1,1,0,1,0,1,1,1,0,1,1,0,0,0.313934362757649,1.43232903909671e-97,0,0.501835452974002,0,0.0904669729616067,0.312481356334604,2.01117425003142e-317,0,1.55084230233014e-68,2.48288978988678e-221,0,1.25676088326329
0,0,1,1,0,1,1,1,0,1,1,0,0,0,0,1.45959289861632e-66,0.540422489940706,0,0.178421678657127,0.408157597982671,1.45516252137413e-284,0,7.07527058194079e-13,2.27689231747932e-267,0,1.01206835737513
1,0,1,1,0,1,1,1,0,1,1,0,0,0.313934362757649,0,4.37876329100841e-53,0.501835452974002,0,0.0904669729616067,0.312481356334604,1.43730810920519e-317,0,6.16178493885489e-69,1.39458062495914e-221,0,1.25676088326329
0,1,1,1,0,1,1,1,0,1,1,0,0,0,7.49836510736559e-114,1.64141448673295e-66,0.540422489940703,0,0.178421678657122,0.408157597982687,2.60759534363047e-284,0,7.29547162002464e-13,3.36314504685953e-267,0,1.01206835737566
1,1,1,1,0,1,1,1,0,1,1,0,0,0.313934362757649,1.44742181676569e-97,5.13820005038369e-53,0.501835452974002,0,0.0904669729616067,0.312481356334604,3.1906364155911e-317,0,6.92537841873599e-69,2.24886556583035e-221,0,1.25676088326329
0,0,0,0,1,1,1,1,0,1,1,0,0,0,0,0,0,0.712258253990089,2.7403489911758e-132,0.329153915772969,4.01639479603972e-244,0,0.00879164047115174,7.42844213229557e-178,0,0.667021021447921
1,0,0,0,1,1,1,1,0,1,1,0,0,0.36428083538901,0,0,0,0.635807216015361,2.46462010914721e-149,0.237947705248012,4.50999743593641e-297,0,2.85905771024555e-66,5.66091499488164e-172,0,1.01916992762669
0,1,0,0,1,1,1,1,0,1,1,0,0,0,7.83211161432718e-33,0,0,0.712258253990256,7.86965744961277e-132,0.329153916022517,1.32426128567687e-243,0,0.00879164079633843,1.38515044936364e-177,0,0.667021022839527
1,1,0,0,1,1,1,1,0,1,1,0,0,0.364280835389008,1.41165427616237e-29,0,0,0.635807216015361,9.32805925958157e-149,0.237947705248012,2.67775890624363e-296,0,3.94958934362177e-66,1.42511643229885e-171,0,1.01916992762669
0,0,1,0,1,1,1,1,0,1,1,0,0,0,0,4.37345423039234e-31,0,0.712258253988918,1.12555895581271e-131,0.329153914021826,1.83957474637609e-243,0,0.00879163818923296,1.04151762066354e-177,0,0.66702101168266
1,0,1,0,1,1,1,1,0,1,1,0,0,0.364280835389008,0,1.38490674119907e-27,0,0.635807216015362,1.17689338530845e-148,0.237947705248012,9.8101014150606e-297,0,1.09959765477592e-66,6.19205253199143e-172,0,1.01916992762669
0,1,1,0,1,1,1,1,0,1,1,0,0,0,8.03727996720323e-33,4.48327005982144e-31,0,0.712258253989226,2.44473612032856e-131,0.329153914482431,4.47768976017496e-243,0,0.00879163878944839,1.66430387199751e-177,0,0.667021014251226
1,1,1,0,1,1,1,1,0,1,1,0,0,0.364280835389008,1.135363457761e-29,1.5856928749776e-27,0,0.635807216015362,3.29898325223043e-148,0.237947705248012,4.02567691588813e-296,0,1.48175162565292e-66,1.29721273497429e-171,0,1.01916992762669
0,0,0,1,1,1,1,1,0,1,1,0,0,0,0,0,0.292382465475163,0.469829919291809,1.47632588007779e-65,0.345863511805171,4.47354737915472e-249,0,0.00304386009962845,1.68968819465303e-213,0,1.09471973956561
1,0,0,1,1,1,1,1,0,1,1,0,0,0.335851588538069,0,0,0.236058144339668,0.44604303388734,3.30273207495775e-94,0.261501353083417,2.79486232444438e-299,0,4.67108314056259e-64,5.32120601187349e-202,0,1.35479596427659
0,1,0,1,1,1,1,1,0,1,1,0,0,0,2.52300889835545e-94,0,0.292382427616157,0.469829951147786,1.8436946875707e-65,0.345863571477963,7.49225661049141e-249,0,0.00304394311741102,2.29782462338082e-213,0,1.09472008758199
1,1,0,1,1,1,1,1,0,1,1,0,0,0.335851588538069,4.22468158290006e-80,0,0.236058144339668,0.44604303388734,4.65930939253706e-94,0.261501353083417,5.72808405298844e-299,0,5.14412175712634e-64,8.30051728531586e-202,0,1.35479596427659
0,0,1,1,1,1,1,1,0,1,1,0,0,0,0,9.13777131921914e-72,0.292382722476429,0.469829703042225,2.69313740139685e-65,0.345863106717631,9.26390080312245e-249,0,0.00304329653438831,1.80404109012259e-213,0,1.0947173770026
1,0,1,1,1,1,1,1,0,1,1,0,0,0.335851588538069,0,2.26375733301406e-61,0.236058144339668,0.44604303388734,6.49889053089515e-94,0.261501353083417,4.32369197641574e-299,0,3.22993092380426e-64,5.49574832722013e-202,0,1.35479596427659
0,1,1,1,1,1,1,1,0,1,1,0,0,0,2.50928011406955e-94,1.01885689538655e-71,0.292382673327404,0.469829744397768,3.17092832780504e-65,0.345863184187548,1.42832210295125e-248,0,0.00304340431205718,2.35022960219272e-213,0,1.09471782883305
1,1,1,1,1,1,1,1,0,1,1,0,0,0.335851588538069,3.90173127609096e-80,2.63269768302759e-61,0.236058144339668,0.44604303388734,8.62297842391084e-94,0.261501353083417,8.07941427176673e-299,0,3.54737268806079e-64,8.12827196287243e-202,0,1.35479596427659
0,0,0,0,0,0,0,0,1,1,1,0,0,0,0,0,0,0,0,0,0,0.102281918366196,0.12262888626525,0.17625509242928,0,1.07208459585442
1,0,0,0,0,0,0,0,1,1,1,0,0,0.484026785354386,0,0,0,0,0,0,0,0.175188401933832,2.61755293852092e-49,0.0777438608001085,0,0.854896507102079
0,1,0,0,0,0,0,0,1,1,1,0,0,0,0.560319485623914,0,0,0,0,0,0,0.560783339408752,0.12262888626525,6.79160289448431e-05,0,0.947333837457603
1,1,0,0,0,0,0,0,1,1,1,0,0,0.640897248548447,0.387453969778067,0,0,0,0,0,0,0.489702644752272,2.73461036872099e-86,1.19780390029065e-38,0,1.07756420868573
0,0,1,0,0,0,0,0,1,1,1,0,0,0,0,0.535934623446375,0,0,0,0,0,0.663317991239175,1.94118780449046e-104,8.23545449984984e-113,0,0.687495290621396
1,0,1,0,0,0,0,0,1,1,1,0,0,0.681564758125195,0,0.353974870123193,0,0,0,0,0,0.543256421806113,2.04923875259553e-204,1.94077297434188e-117,0,1.06496250697098
0,1,1,0,0,0,0,0,1,1,1,0,0,0,1.3409615972437e-17,0.535934623446373,0,0,0,0,0,0.663317991239174,2.62031432386208e-104,2.01434207502578e-113,0,0.687495290621397
1,1,1,0,0,0,0,0,1,1,1,0,0,0.681564758128012,1.34418023274596e-10,0.353974870022841,0,0,0,0,0,0.5432564218097,3.0130163998898e-207,5.80260516055362e-118,0,1.06496250891182
0,0,0,1,0,0,0,0,1,1,1,0,0,0,0,0,0.529431524097282,0,0,0,0,0.890179979505979,0.12262888626525,2.25155645902896e-154,0,0.885563110975294
1,0,0,1,0,0,0,0,1,1,1,0,0,0.810092396239883,0,0,0.353681770766745,0,0,0,0,0.712510466336691,1.76561922475764e-124,1.27057938689332e-152,0,1.04486271452179
0,1,0,1,0,0,0,0,1,1,1,0,0,0,1.11156030393101e-50,0,0.529431524097282,0,0,0,0,0.890179979505979,0.12262888626525,6.28154885342037e-154,0,0.885563110975294
1,1,0,1,0,0,0,0,1,1,1,0,0,0.810092396239882,4.23413115162501e-46,0,0.353681770766745,0,0,0,0,0.712510466336692,4.73490509284761e-126,8.88441572857424e-155,0,1.04486271452179
0,0,1,1,0,0,0,0,1,1,1,0,0,0,0,0.0678955945355769,0.475367048640045,0,0,0,0,0.880789349030989,0.0832168404699348,4.37925717403001e-153,0,0.977448839195631
1,0,1,1,0,0,0,0,1,1,1,0,0,0.810092396239882,0,3.82693128197167e-15,0.353681770766742,0,0,0,0,0.712510466336691,2.64560220056287e-127,4.05705933077061e-155,0,1.04486271452185
0,1,1,1,0,0,0,0,1,1,1,0,0,0,1.38231432771221e-52,0.0678955955135362,0.475367047842863,0,0,0,0,0.880789348874302,0.0832168398113625,9.13092259598122e-153,0,0.977448839686722
1,1,1,1,0,0,0,0,1,1,1,0,0,0.810092396239882,3.86036424757107e-46,3.91798387218467e-15,0.353681770766742,0,0,0,0,0.712510466336691,3.75258389861386e-127,8.15670223029455e-155,0,1.04486271452186
0,0,0,0,1,0,0,0,1,1,1,0,0,0,0,0,0,0.649992703495818,0,0,0,0.504462443617788,0.12262888626525,3.73512336300343e-129,0,0.935642403346919
1,0,0,0,1,0,0,0,1,1,1,0,0,0.719509517379292,0,0,0,0.515327634166497,0,0,0,0.491558381165937,1.12886014677157e-103,9.89503717074456e-152,0,1.08332978985307
0,1,0,0,1,0,0,0,1,1,1,0,0,0,0.175890588235401,0,0,0.50885302468653,0,0,0,0.555703684373512,0.12262888626525,2.11040209097755e-109,0,1.2145308108543
1,1,0,0,1,0,0,0,1,1,1,0,0,0.71950951739799,2.44596645183803e-10,0,0,0.515327633955147,0,0,0,0.491558381231542,7.00341525294757e-105,1.12606655125924e-153,0,1.08332979304315
0,0,1,0,1,0,0,0,1,1,1,0,0,0,0,0.434768327171222,0,0.147087350133535,0,0,0,0.647655886952497,9.23184571179628e-71,9.04096117623442e-124,0,0.959275462649632
1,0,1,0,1,0,0,0,1,1,1,0,0,0.71950953784737,0,5.43222159639637e-07,0,0.51532697472411,0,0,0,0.491558537754565,7.91048019826044e-107,4.16450374281554e-154,0,1.08333443982119
0,1,1,0,1,0,0,0,1,1,1,0,0,0,3.32989603318e-16,0.434768325557147,0,0.147087352395655,0,0,0,0.647655886654305,1.0396765021587e-69,3.61806239798653e-123,0,0.959275464763152
1,1,1,0,1,0,0,0,1,1,1,0,0,0.719509533200249,1.36189596849158e-10,4.19610897244423e-07,0,0.515327124663869,0,0,0,0.491558502159064,2.23476477549881e-106,1.02895672842419e-153,0,1.08333344628912
0,0,0,1,1,0,0,0,1,1,1,0,0,0,0,0,0.288420642632897,0.390159185572882,0,0,0,0.764878314899644,0.12262888626525,1.84331068664549e-172,0,1.20727779227495
1,0,0,1,1,0,0,0,1,1,1,0,0,0.777977269266948,0,0,0.111768694679855,0.403304702078509,0,0,0,0.590653165531019,1.0512643794252e-118,9.41493818378765e-174,0,1.22646445992118
0,1,0,1,1,0,0,0,1,1,1,0,0,0,2.06754762313525e-42,0,0.288420642632897,0.390159185572882,0,0,0,0.764878314899644,0.12262888626525,4.5926777789453e-172,0,1.20727779227495
1,1,0,1,1,0,0,0,1,1,1,0,0,0.777977269266948,4.22638247258764e-38,0,0.111768694679855,0.403304702078509,0,0,0,0.590653165531019,1.18639933486327e-118,1.79805401248047e-173,0,1.22646445992118
0,0,1,1,1,0,0,0,1,1,1,0,0,0,0,4.07111357902173e-09,0.288420642168207,0.39015918105792,0,0,0,0.764878315794255,0.12262888361748,5.63199568025006e-172,0,1.20727783990816
1,0,1,1,1,0,0,0,1,1,1,0,0,0.777977269266948,0,2.59651270276566e-29,0.111768694679855,0.403304702078509,0,0,0,0.590653165531019,4.29204389728057e-119,1.19599256904007e-173,0,1.22646445992118
0,1,1,1,1,0,0,0,1,1,1,0,0,0,1.04598371516744e-42,4.19247841817926e-09,0.288420642154354,0.390159180923324,0,0,0,0.764878315820924,0.122628883538547,1.15282408210214e-171,0,1.20727784124953
1,1,1,1,1,0,0,0,1,1,1,0,0,0.777977269266948,3.79219768707583e-38,2.6912884979028e-29,0.111768694679855,0.403304702078509,0,0,0,0.590653165531019,5.18117551259666e-119,2.08116688944526e-173,0,1.22646445992118
0,0,0,0,0,1,0,0,1,1,1,0,0,0,0,0,0,0,0.132897011145129,0,0,0.124069560802085,0.12262888626525,0.0295461369769357,0,1.27801455791242
1,0,0,0,0,1,0,0,1,1,1,0,0,0.484026785354386,0,0,0,0,7.55244699658878e-43,0,0,0.175188401933832,3.72960961634649e-49,0.0777438608001085,0,0.854896507102079
0,1,0,0,0,1,0,0,1,1,1,0,0,0,0.560319719263038,0,0,0,5.01609479347749e-161,0,0,0.560784449647945,0.12262888626525,6.49315291211909e-05,0,0.947312342235842
1,1,0,0,0,1,0,0,1,1,1,0,0,0.640897248548447,0.387453969778067,0,0,0,4.7365859056118e-213,0,0,0.489702644752272,3.09130426435737e-86,9.3397911493558e-39,0,1.07756420868573
0,0,1,0,0,1,0,0,1,1,1,0,0,0,0,0.535934623446375,0,0,8.31851169829213e-206,0,0,0.663317991239175,2.16167959741047e-104,4.40283898245406e-113,0,0.687495290621396
1,0,1,0,0,1,0,0,1,1,1,0,0,0.681564758125195,0,0.353974870123193,0,0,9.31478230208696e-238,0,0,0.543256421806113,2.38421451265764e-204,1.33215675604201e-117,0,1.06496250697098
0,1,1,0,0,1,0,0,1,1,1,0,0,0,1.33831034649633e-17,0.535934623446373,0,0,1.37424303313537e-210,0,0,0.663317991239174,2.69872331912445e-104,1.25372886093825e-113,0,0.687495290621397
1,1,1,0,0,1,0,0,1,1,1,0,0,0.681564758128006,1.34132259680542e-10,0.353974870023054,0,0,3.03418509902942e-244,0,0,0.543256421809693,3.25775041500312e-207,4.19654923946952e-118,0,1.06496250890787
0,0,0,1,0,1,0,0,1,1,1,0,0,0,0,0,0.529431524097282,0,7.90707600260789e-319,0,0,0.890179979505979,0.12262888626525,1.542949032304e-154,0,0.885563110975294
1,0,0,1,0,1,0,0,1,1,1,0,0,0.810092396239883,0,0,0.353681770766745,0,2.47032822920623e-323,0,0,0.712510466336691,1.8837731202134e-124,9.70837537300117e-153,0,1.04486271452179
0,1,0,1,0,1,0,0,1,1,1,0,0,0,1.20349991654603e-50,0,0.529431524097282,0,1.78119558507395e-318,0,0,0.890179979505979,0.12262888626525,4.7632083474705e-154,0,0.885563110975294
1,1,0,1,0,1,0,0,1,1,1,0,0,0.810092396239882,4.45729337699263e-46,0,0.353681770766745,0,2.47032822920623e-323,0,0,0.712510466336692,5.06047188096795e-126,7.14266636110607e-155,0,1.04486271452179
0,0,1,1,0,1,0,0,1,1,1,0,0,0,0,0.0678955951784726,0.47536704811599,0,9.16491887016457e-314,0,0,0.880789348927985,0.0832168400369992,3.14962117792839e-153,0,0.977448839518467
1,0,1,1,0,1,0,0,1,1,1,0,0,0.810092396239882,0,3.93734240148591e-15,0.353681770766742,0,2.47032822920623e-323,0,0,0.712510466336691,2.62658189409669e-127,3.13676933140292e-155,0,1.04486271452186
0,1,1,1,0,1,0,0,1,1,1,0,0,0,1.45049249953667e-52,0.0678955961906693,0.475367047290899,0,1.59005487138209e-313,0,0,0.880789348765813,0.0832168393553709,6.92659620114451e-153,0,0.97744884002675
1,1,1,1,0,1,0,0,1,1,1,0,0,0.810092396239882,4.01073905584778e-46,4.02998806176332e-15,0.353681770766742,0,2.47032822920623e-323,0,0,0.712510466336691,3.73763273571082e-127,6.51262963514267e-155,0,1.04486271452186
0,0,0,0,1,1,0,0,1,1,1,0,0,0,0,0,0,0.649992703495818,1.20057951939423e-320,0,0,0.504462443617788,0.12262888626525,3.03814561633679e-129,0,0.935642403346919
1,0,0,0,1,1,0,0,1,1,1,0,0,0.719509517379292,0,0,0,0.515327634166497,2.47032822920623e-323,0,0,0.491558381165937,1.20132427525385e-103,8.41123685126449e-152,0,1.08332978985307
0,1,0,0,1,1,0,0,1,1,1,0,0,0,0.175890588235412,0,0,0.508853024686519,7.81608250119909e-305,0,0,0.555703684373514,0.12262888626525,1.96000845868115e-109,0,1.21453081085431
1,1,0,0,1,1,0,0,1,1,1,0,0,0.719509517398571,2.52196170365184e-10,0,0,0.51532763394858,2.47032822920623e-323,0,0,0.49155838123358,7.39384615586563e-105,1.01098237136314e-153,0,1.08332979313779
0,0,1,0,1,1,0,0,1,1,1,0,0,0,0,0.434768327400103,0,0.147087349812761,6.27603493454675e-248,0,0,0.647655886994781,6.5823449995241e-71,7.243986138311e-124,0,0.959275462349931
1,0,1,0,1,1,0,0,1,1,1,0,0,0.719509538522685,0,5.61145082569362e-07,0,0.515326952966642,2.47032822920623e-323,0,0,0.491558542921004,6.79205018365011e-107,3.47184046699898e-154,0,1.08333458268983
0,1,1,0,1,1,0,0,1,1,1,0,0,0,3.23171379869146e-16,0.434768325810444,0,0.14708735204066,3.3549838368126e-248,0,0,0.6476558867011,7.54087770093974e-70,3.02642832253944e-123,0,0.959275464431478
1,1,1,0,1,1,0,0,1,1,1,0,0,0.719509533795729,1.36462417459302e-10,4.35414398868724e-07,0,0.515327105479032,2.47032822920623e-323,0,0,0.491558506714636,2.00217633775804e-106,8.8599491517284e-154,0,1.08333357460937
0,0,0,1,1,1,0,0,1,1,1,0,0,0,0,0,0.288420642632897,0.390159185572882,2.47032822920623e-323,0,0,0.764878314899644,0.12262888626525,1.45612021764931e-172,0,1.20727779227495
1,0,0,1,1,1,0,0,1,1,1,0,0,0.777977269266948,0,0,0.111768694679855,0.403304702078509,1.97626258336499e-323,0,0,0.590653165531019,1.07611375415698e-118,7.74884764922792e-174,0,1.22646445992118
0,1,0,1,1,1,0,0,1,1,1,0,0,0,2.11643735150347e-42,0,0.288420642632897,0.390159185572882,2.47032822920623e-323,0,0,0.764878314899644,0.12262888626525,3.78196120263858e-172,0,1.20727779227495
1,1,0,1,1,1,0,0,1,1,1,0,0,0.777977269266948,4.29740164834756e-38,0,0.111768694679855,0.403304702078509,1.97626258336499e-323,0,0,0.590653165531019,1.21573344127096e-118,1.51140361502407e-173,0,1.22646445992118
0,0,1,1,1,1,0,0,1,1,1,0,0,0,0,4.16676534039839e-09,0.288420642157289,0.39015918095184,2.47032822920623e-323,0,0,0.764878315815274,0.12262888355527,4.60450655626649e-172,0,1.20727784096553
1,0,1,1,1,1,0,0,1,1,1,0,0,0.777977269266948,0,2.69920233746951e-29,0.111768694679855,0.403304702078509,1.97626258336499e-323,0,0,0.590653165531019,4.28114773762957e-119,9.88626222579811e-174,0,1.22646445992118
0,1,1,1,1,1,0,0,1,1,1,0,0,0,1.04541540726918e-42,4.29374898881871e-09,0.288420642142795,0.390159180811012,2.47032822920623e-323,0,0,0.764878315843178,0.122628883472682,9.67520567232719e-172,0,1.20727784236708
1,1,1,1,1,1,0,0,1,1,1,0,0,0.777977269266948,3.84099438732917e-38,2.79713198897194e-29,0.111768694679855,0.403304702078509,1.97626258336499e-323,0,0,0.590653165531019,5.1782219705979e-119,1.74854242242199e-173,0,1.22646445992118
0,0,0,0,0,0,1,0,1,1,1,0,0,0,0,0,0,0,0,0.351292191617006,0,0.163219207233636,0.00140921441726463,0.0153026294762864,0,0.753986938781481
1,0,0,0,0,0,1,0,1,1,1,0,0,0.418880527168264,0,0,0,0,0,0.245350582858336,0,0.197335737539027,7.87616985807125e-81,2.59838510666804e-16,0,1.04588685886862
0,1,0,0,0,0,1,0,1,1,1,0,0,0,0.431714894030148,0,0,0,0,0.227724743951159,0,0.474984400753256,0.0438707182273592,5.7486040946036e-31,0,1.17430535746352
1,1,0,0,0,0,1,0,1,1,1,0,0,0.619995116997151,0.350268050672631,0,0,0,0,0.0751666254709726,0,0.462177278564418,8.50089800626304e-96,5.56780855707641e-48,0,1.21649104672568
0,0,1,0,0,0,1,0,1,1,1,0,0,0,0,0.342255473177365,0,0,0,0.325193651321926,0,0.486297951420365,1.74660015481057e-104,1.67453061006249e-113,0,1.08157025577144
1,0,1,0,0,0,1,0,1,1,1,0,0,0.614895990392232,0,0.262868160149034,0,0,0,0.182855920721107,0,0.455462397515364,6.6567951533668e-199,7.36600927985073e-119,0,1.2862152613493
0,1,1,0,0,0,1,0,1,1,1,0,0,0,4.50475104795752e-06,0.342253126772171,0,0,0,0.325192192037791,0,0.486299002845415,3.24153520781621e-103,1.57126625449978e-113,0,1.08161785706136
1,1,1,0,0,0,1,0,1,1,1,0,0,0.614904982816616,5.16998090355401e-05,0.262840195089093,0,0,0,0.182836949295471,0,0.455474102554374,1.75672802207056e-196,2.05359641670583e-117,0,1.2865343711882
0,0,0,1,0,0,1,0,1,1,1,0,0,0,0,0,0.482579419792421,0,0,0.367304789287395,0,0.835910626069925,1.29240072718175e-05,2.77443084844229e-207,0,1.03799747188149
1,0,0,1,0,0,1,0,1,1,1,0,0,0.789044319253964,0,0,0.333530348683293,0,0,0.171869611935018,0,0.684792909150441,1.43592447302898e-151,6.92742781745873e-179,0,1.24612492945393
0,1,0,1,0,0,1,0,1,1,1,0,0,0,1.41980342791512e-102,0,0.482579406182498,0,0,0.36730485222398,0,0.835910603003682,1.30084469294353e-05,4.98376700458548e-207,0,1.03799803072565
1,1,0,1,0,0,1,0,1,1,1,0,0,0.789044319253965,1.82959406593379e-69,0,0.333530348683293,0,0,0.171869611935016,0,0.684792909150441,6.68364584313627e-154,4.87920430335778e-182,0,1.24612492945393
0,0,1,1,0,0,1,0,1,1,1,0,0,0,0,4.55021807287092e-75,0.482579489586497,0,0,0.367304466537171,0,0.835910744357683,1.24909847170367e-05,3.89793589200527e-207,0,1.03799460083248
1,0,1,1,0,0,1,0,1,1,1,0,0,0.789044319253964,0,1.22687574926367e-50,0.333530348683293,0,0,0.171869611935017,0,0.684792909150441,2.79571900928761e-154,2.79492568403759e-182,0,1.24612492945393
0,1,1,1,0,0,1,0,1,1,1,0,0,0,1.61010324996357e-102,5.23156618854188e-75,0.482579470187594,0,0,0.367304556243989,0,0.835910711480209,1.26113412931002e-05,6.38513922256313e-207,0,1.03799539970776
1,1,1,1,0,0,1,0,1,1,1,0,0,0.789044319253964,1.84409870892792e-69,1.48117280219225e-50,0.333530348683293,0,0,0.171869611935017,0,0.684792909150441,3.67128520496798e-154,5.06977288259159e-182,0,1.24612492945393
0,0,0,0,1,0,1,0,1,1,1,0,0,0,0,0,0,0.672991912387544,0,0.330158717971829,0,0.52643973521855,0.00844413693996452,7.2457536545015e-202,0,1.08750199841592
1,0,0,0,1,0,1,0,1,1,1,0,0,0.725201214065993,0,0,0,0.522942247997361,0,0.155264608775061,0,0.497551351688233,6.5504977297728e-134,8.67560354487845e-188,0,1.27811423012313
0,1,0,0,1,0,1,0,1,1,1,0,0,0,1.39359817285357e-49,0,0,0.672991912388783,0,0.33015871820283,0,0.526439735204222,0.0084441372414214,1.40369540307095e-201,0,1.08750199929061
1,1,0,0,1,0,1,0,1,1,1,0,0,0.725201214065991,5.84241112000925e-44,0,0,0.522942247997359,0,0.155264608775061,0,0.497551351688232,9.54412632864789e-136,2.73114937510004e-191,0,1.27811423012313
0,0,1,0,1,0,1,0,1,1,1,0,0,0,0,5.29177235233033e-59,0,0.672991912382808,0,0.330158717088735,0,0.526439735273325,0.00844413578752759,1.16715657049794e-201,0,1.08750199507207
1,0,1,0,1,0,1,0,1,1,1,0,0,0.725201214065991,0,1.39252687451299e-52,0,0.522942247997359,0,0.155264608775062,0,0.497551351688232,4.60172941911793e-136,1.61017225602674e-191,0,1.27811423012313
0,1,1,0,1,0,1,0,1,1,1,0,0,0,1.49399661955586e-49,5.34946477499375e-59,0,0.672991912384943,0,0.330158717486813,0,0.526439735248634,0.00844413630701881,2.00464596038015e-201,0,1.0875019965794
1,1,1,0,1,0,1,0,1,1,1,0,0,0.725201214065991,5.43309616274487e-44,1.54183182530217e-52,0,0.522942247997359,0,0.155264608775061,0,0.497551351688232,5.69877915127277e-136,2.99917958188163e-191,0,1.27811423012313
0,0,0,1,1,0,1,0,1,1,1,0,0,0,0,0,0.158321320468084,0.531011478980177,0,0.33947163332587,0,0.670008338680898,0.00522484769696023,7.83393409731454e-228,0,1.29028604162718
1,0,0,1,1,0,1,0,1,1,1,0,0,0.754208561399572,0,0,0.0556355403461533,0.46705122102552,0,0.152635602453372,0,0.546776674598554,2.04253521502321e-142,5.5404254200162e-201,0,1.36232849817709
0,1,0,1,1,0,1,0,1,1,1,0,0,0,1.09370350902884e-87,0,0.158321317111578,0.53101148208985,0,0.339471639211487,0,0.67000833527656,0.00522485580438477,1.23437298463257e-227,0,1.29028606248616
1,1,0,1,1,0,1,0,1,1,1,0,0,0.75420856139957,7.51287026173244e-58,0,0.0556355403461484,0.467051221025525,0,0.152635602453373,0,0.54677667459855,2.39463161299528e-142,9.17469687547108e-201,0,1.36232849817708
0,0,1,1,1,0,1,0,1,1,1,0,0,0,0,7.92933787537628e-89,0.158321333011819,0.531011467358892,0,0.339471611330462,0,0.670008351403388,0.00522481739833063,1.03133594923176e-227,0,1.29028596367405
1,0,1,1,1,0,1,0,1,1,1,0,0,0.754208561399583,0,1.74959397262685e-63,0.055635540346174,0.467051221025497,0,0.152635602453371,0,0.546776674598572,1.49833446071198e-142,6.4398231598586e-201,0,1.36232849817711
0,1,1,1,1,0,1,0,1,1,1,0,0,0,1.11046588262174e-87,9.00334941699931e-89,0.158321328663966,0.531011471387009,0,0.339471618954416,0,0.670008346993576,0.00522482790031269,1.55437741698577e-227,0,1.29028599069385
1,1,1,1,1,0,1,0,1,1,1,0,0,0.75420856139958,7.22071780215378e-58,2.04585376295736e-63,0.0556355403461688,0.467051221025503,0,0.152635602453372,0,0.546776674598567,1.76373561345104e-142,1.01309741282444e-200,0,1.3623284981771
0,0,0,0,0,1,1,0,1,1,1,0,0,0,0,0,0,0,2.18680261929268e-10,0.351307855832059,0,0.163222600612041,0.00143640408029454,0.0152874995361018,0,0.754164598801641
1,0,0,0,0,1,1,0,1,1,1,0,0,0.418880527168264,0,0,0,0,2.16766269419577e-70,0.245350582858336,0,0.197335737539027,9.12799332514239e-81,1.77757075641356e-16,0,1.04588685886861
0,1,0,0,0,1,1,0,1,1,1,0,0,0,0.431714894030148,0,0,0,2.70301619915198e-144,0.227724743951159,0,0.474984400753256,0.0438707182273592,3.12496476949497e-31,0,1.17430535746352
1,1,0,0,0,1,1,0,1,1,1,0,0,0.619995116997151,0.350268050672631,0,0,0,8.00122629482318e-205,0.0751666254709726,0,0.462177278564418,9.05103524348201e-96,3.86591282370316e-48,0,1.21649104672568
0,0,1,0,0,1,1,0,1,1,1,0,0,0,0,0.342255473177365,0,0,2.37032356474024e-157,0.325193651321926,0,0.486297951420365,2.01888659567325e-104,8.32305866873447e-114,0,1.08157025577144
1,0,1,0,0,1,1,0,1,1,1,0,0,0.614895990392232,0,0.262868160149034,0,0,2.28867021472689e-212,0.182855920721107,0,0.455462397515364,7.71695697943766e-199,4.95164200909994e-119,0,1.2862152613493
0,1,1,0,0,1,1,0,1,1,1,0,0,0,4.51963592682413e-06,0.342253119019018,0,0,7.13717487893438e-161,0.325192187215926,0,0.486299006319588,3.50961840897611e-103,9.1827070090628e-114,0,1.08161800142563
1,1,1,0,0,1,1,0,1,1,1,0,0,0.614904997233009,5.17826947607362e-05,0.262840150254222,0,0,1.79190402673084e-213,0.182836918879194,0,0.455474121319238,1.95066825165865e-196,1.46719838625488e-117,0,1.2865348280629
0,0,0,1,0,1,1,0,1,1,1,0,0,0,0,0,0.482579420860563,0,2.47032822920623e-323,0.367304784347966,0,0.835910627880224,1.29173802225458e-05,1.81975874802533e-207,0,1.03799742800809
1,0,0,1,0,1,1,0,1,1,1,0,0,0.789044319253964,0,0,0.333530348683293,0,2.47032822920623e-323,0.171869611935018,0,0.684792909150441,1.47319844602797e-151,5.03918585124736e-179,0,1.24612492945393
0,1,0,1,0,1,1,0,1,1,1,0,0,0,1.46496910806724e-102,0,0.482579407052662,0,2.47032822920623e-323,0.367304848200066,0,0.835910604478446,1.30030481965942e-05,3.41168036126283e-207,0,1.03799799500515
1,1,0,1,0,1,1,0,1,1,1,0,0,0.789044319253965,1.85805682773946e-69,0,0.333530348683293,0,2.47032822920623e-323,0.171869611935016,0,0.684792909150441,6.85769307065635e-154,3.64733773798115e-182,0,1.24612492945393
0,0,1,1,0,1,1,0,1,1,1,0,0,0,0,4.57392941786054e-75,0.482579489489771,0,2.47032822920623e-323,0.367304466984465,0,0.83591074419375,1.24915848363703e-05,2.62554064869486e-207,0,1.03799460481751
1,0,1,1,0,1,1,0,1,1,1,0,0,0.789044319253964,0,1.23099880596059e-50,0.333530348683293,0,2.47032822920623e-323,0.171869611935017,0,0.684792909150441,2.89379396824112e-154,2.07991564482844e-182,0,1.24612492945393
0,1,1,1,0,1,1,0,1,1,1,0,0,0,1.6406280238279e-102,5.26028583802772e-75,0.482579470439097,0,2.47032822920623e-323,0.367304555080957,0,0.835910711906459,1.26097808929255e-05,4.42215233228995e-207,0,1.03799538935487
1,1,1,1,0,1,1,0,1,1,1,0,0,0.789044319253964,1.86297929519287e-69,1.48332471080589e-50,0.333530348683293,0,2.47032822920623e-323,0.171869611935017,0,0.684792909150441,3.78024361448681e-154,3.83970034807327e-182,0,1.24612492945393
0,0,0,0,1,1,1,0,1,1,1,0,0,0,0,0,0,0.672991912387484,2.47032822920623e-323,0.330158717960551,0,0.52643973521925,0.00844413692524768,5.40251892618497e-202,0,1.08750199837322
1,0,0,0,1,1,1,0,1,1,1,0,0,0.725201214065993,0,0,0,0.522942247997361,1.97626258336499e-323,0.155264608775061,0,0.497551351688233,6.63108860857025e-134,6.76473507581808e-188,0,1.27811423012313
0,1,0,0,1,1,1,0,1,1,1,0,0,0,1.43379692901399e-49,0,0,0.672991912388746,2.47032822920623e-323,0.330158718195937,0,0.52643973520465,0.00844413723242617,1.06588338154655e-201,0,1.08750199926451
1,1,0,0,1,1,1,0,1,1,1,0,0,0.725201214065991,5.9418456424299e-44,0,0,0.522942247997358,1.97626258336499e-323,0.155264608775061,0,0.497551351688232,9.72225197915156e-136,2.18138323163611e-191,0,1.27811423012313
0,0,1,0,1,1,1,0,1,1,1,0,0,0,0,5.40306419429255e-59,0,0.672991912382733,2.47032822920623e-323,0.330158717074734,0,0.526439735274193,0.00844413576925636,8.57841700462787e-202,0,1.08750199501906
1,0,1,0,1,1,1,0,1,1,1,0,0,0.725201214065991,0,1.41613679555615e-52,0,0.522942247997359,1.97626258336499e-323,0.155264608775062,0,0.497551351688232,4.7018865168614e-136,1.26358911229392e-191,0,1.27811423012313
0,1,1,0,1,1,1,0,1,1,1,0,0,0,1.51980157568352e-49,5.50030173620438e-59,0,0.672991912384844,2.47032822920623e-323,0.330158717468363,0,0.526439735249778,0.00844413628294258,1.50600436181588e-201,0,1.08750199650954
1,1,1,0,1,1,1,0,1,1,1,0,0,0.725201214065991,5.48579822066842e-44,1.5695679928031e-52,0,0.522942247997358,1.97626258336499e-323,0.155264608775061,0,0.497551351688232,5.79699295997457e-136,2.38099431099627e-191,0,1.27811423012313
0,0,0,1,1,1,1,0,1,1,1,0,0,0,0,0,0.158321321011317,0.531011478476893,1.97626258336499e-323,0.339471632373314,0,0.670008339231872,0.00522484638481634,5.97540468459448e-228,0,1.29028603825126
1,0,0,1,1,1,1,0,1,1,1,0,0,0.754208561399575,0,0,0.0556355403461583,0.467051221025514,1.97626258336499e-323,0.152635602453372,0,0.546776674598558,2.04954970164288e-142,4.40961934787369e-201,0,1.36232849817709
0,1,0,1,1,1,1,0,1,1,1,0,0,0,1.09442167358647e-87,0,0.158321317655745,0.531011481585701,1.97626258336499e-323,0.339471638257293,0,0.670008335828482,0.00522485448998437,9.55504009835005e-228,0,1.29028605910444
1,1,0,1,1,1,1,0,1,1,1,0,0,0.754208561399572,7.47591151078396e-58,0,0.055635540346154,0.467051221025519,1.97626258336499e-323,0.152635602453372,0,0.546776674598555,2.3983664541915e-142,7.33927397086039e-201,0,1.36232849817709
0,0,1,1,1,1,1,0,1,1,1,0,0,0,0,7.98788430079373e-89,0.158321333493538,0.531011466912599,1.97626258336499e-323,0.339471610485768,0,0.670008351891971,0.00522481623476738,7.88373850143686e-228,0,1.29028596068041
1,0,1,1,1,1,1,0,1,1,1,0,0,0.754208561399584,0,1.75511667076708e-63,0.0556355403461777,0.467051221025493,1.97626258336499e-323,0.152635602453371,0,0.546776674598575,1.50913628701603e-142,5.13775404108172e-201,0,1.36232849817711
0,1,1,1,1,1,1,0,1,1,1,0,0,0,1.10902173985551e-87,9.06390011281245e-89,0.15832132919801,0.531011470892238,1.97626258336499e-323,0.339471618017972,0,0.67000834753523,0.00522482661036237,1.19622785976998e-227,0,1.29028598737503
1,1,1,1,1,1,1,0,1,1,1,0,0,0.754208561399582,7.18621810832025e-58,2.04892013851397e-63,0.0556355403461729,0.467051221025498,1.97626258336499e-323,0.152635602453372,0,0.546776674598571,1.77166598823694e-142,8.12877282416739e-201,0,1.36232849817711
0,0,0,0,0,0,0,1,1,1,1,0,0,0,0,0,0,0,0,0,0.284948373092564,0.123770411445576,0.12262888626525,0.173086253775405,0,1.32086749200886
1,0,0,0,0,0,0,1,1,1,1,0,0,0.484026785354386,0,0,0,0,0,0,1.27500538560571e-87,0.175188401933832,2.59352561125686e-49,0.0777438608001085,0,0.854896507102079
0,1,0,0,0,0,0,1,1,1,1,0,0,0,0.559547068991598,0,0,0,0,0,0.00297672852036357,0.560433696787915,0.12262888626525,9.30832073512814e-05,0,0.962193134830235
1,1,0,0,0,0,0,1,1,1,1,0,0,0.640897248548447,0.387453969778067,0,0,0,0,0,2.17809593627652e-238,0.489702644752272,2.78039488492831e-86,1.22964235431767e-38,0,1.07756420868573
0,0,1,0,0,0,0,1,1,1,1,0,0,0,0,0.535934623446373,0,0,0,0,5.0604550215537e-19,0.663317991239174,2.08558585322511e-105,5.91279756974974e-114,0,0.687495290621396
1,0,1,0,0,0,0,1,1,1,1,0,0,0.681564758125195,0,0.353974870123193,0,0,0,0,1.62047976202968e-256,0.543256421806113,2.23775752750621e-204,2.09224034573226e-117,0,1.06496250697098
0,1,1,0,0,0,0,1,1,1,1,0,0,0,1.29253579947123e-17,0.535934623446373,0,0,0,0,5.18272232597752e-19,0.663317991239174,3.21941138922078e-104,2.88128208216315e-113,0,0.687495290621397
1,1,1,0,0,0,0,1,1,1,1,0,0,0.681564758128004,1.34059676232445e-10,0.353974870023108,0,0,0,0,5.66497504065781e-264,0.543256421809691,3.136905602295e-207,6.07463624622172e-118,0,1.06496250890687
0,0,0,1,0,0,0,1,1,1,1,0,0,0,0,0,0.529431524097282,0,0,0,9.94209084783254e-59,0.890179979505979,0.12262888626525,3.11239499203013e-154,0,0.885563110975294
1,0,0,1,0,0,0,1,1,1,1,0,0,0.810092396239883,0,0,0.353681770766745,0,0,0,2.47032822920623e-323,0.712510466336691,1.80274211418271e-124,1.36412367362731e-152,0,1.04486271452179
0,1,0,1,0,0,0,1,1,1,1,0,0,0,1.05193738684147e-50,0,0.529431524097282,0,0,0,1.28598439853737e-58,0.890179979505979,0.12262888626525,8.08818054907313e-154,0,0.885563110975294
1,1,0,1,0,0,0,1,1,1,1,0,0,0.810092396239882,4.1797801696365e-46,0,0.353681770766745,0,0,0,2.47032822920623e-323,0.712510466336692,4.80653741153568e-126,9.29983463262971e-155,0,1.04486271452179
0,0,1,1,0,0,0,1,1,1,1,0,0,0,0,0.0678955942388738,0.475367048881902,0,0,0,6.76871666439229e-57,0.880789349078526,0.0832168406697391,5.91573215909199e-153,0,0.977448839046639
1,0,1,1,0,0,0,1,1,1,1,0,0,0.810092396239882,0,3.80776455486505e-15,0.353681770766742,0,0,0,2.47032822920623e-323,0.712510466336691,2.78908347385172e-127,4.34004042539776e-155,0,1.04486271452185
0,1,1,1,0,0,0,1,1,1,1,0,0,0,1.33175768370191e-52,0.0678955951297315,0.475367048155721,0,0,0,8.10822917490605e-57,0.880789348935795,0.0832168400698222,1.18000919330069e-152,0,0.977448839493991
1,1,1,1,0,0,0,1,1,1,1,0,0,0.810092396239882,3.81707355275396e-46,3.8960895399227e-15,0.353681770766742,0,0,0,2.47032822920623e-323,0.712510466336691,3.91497531949954e-127,8.57113545127929e-155,0,1.04486271452185
0,0,0,0,1,0,0,1,1,1,1,0,0,0,0,0,0,0.649992703495818,0,0,7.46063996018487e-21,0.504462443617788,0.12262888626525,3.94620946326734e-129,0,0.935642403346919
1,0,0,0,1,0,0,1,1,1,1,0,0,0.719509517379292,0,0,0,0.515327634166497,0,0,7.68729477418024e-285,0.491558381165937,1.12382676152654e-103,9.98946417646645e-152,0,1.08332978985307
0,1,0,0,1,0,0,1,1,1,1,0,0,0,0.175890588235401,0,0,0.50885302468653,0,0,2.29425706984914e-23,0.555703684373512,0.12262888626525,1.44589213441883e-109,0,1.2145308108543
1,1,0,0,1,0,0,1,1,1,1,0,0,0.719509517397464,2.37721226946559e-10,0,0,0.515327633961087,0,0,6.09472349304568e-294,0.491558381229697,7.03137503223575e-105,1.0710489317054e-153,0,1.0833297929574
0,0,1,0,1,0,0,1,1,1,1,0,0,0,0,0.434768326210287,0,0.147087351480283,0,0,3.47471113123756e-23,0.647655886774969,3.38878778962664e-70,8.87723689358262e-124,0,0.959275463907906
1,0,1,0,1,0,0,1,1,1,1,0,0,0.719509537177642,0,5.25447499849909e-07,0,0.515326996301594,0,0,1.02551448131103e-293,0.491558532630864,1.00480435702918e-106,4.16115802111365e-154,0,1.08333429779607
0,1,1,0,1,0,0,1,1,1,1,0,0,0,3.48316676026876e-16,0.434768324680979,0,0.1470873536236,0,0,3.29157772428713e-23,0.647655886492437,2.82830143572051e-69,3.1778540384511e-123,0,0.959275465910429
1,1,1,0,1,0,0,1,1,1,1,0,0,0.719509532722984,1.34694028655286e-10,4.06947295977935e-07,0,0.515327140038092,0,0,7.51419744532937e-294,0.491558498508268,2.60813619066942e-106,9.93990677585223e-154,0,1.08333334319943
0,0,0,1,1,0,0,1,1,1,1,0,0,0,0,0,0.288420642632897,0.390159185572882,0,0,1.47229208209189e-54,0.764878314899644,0.12262888626525,2.36353583355769e-172,0,1.20727779227495
1,0,0,1,1,0,0,1,1,1,1,0,0,0.777977269266948,0,0,0.111768694679855,0.403304702078509,0,0,2.47032822920623e-323,0.590653165531019,1.08468450361886e-118,9.98615935967697e-174,0,1.22646445992118
0,1,0,1,1,0,0,1,1,1,1,0,0,0,2.06479932846393e-42,0,0.288420642632897,0.390159185572882,0,0,1.76501575019003e-54,0.764878314899644,0.12262888626525,5.45357192963092e-172,0,1.20727779227495
1,1,0,1,1,0,0,1,1,1,1,0,0,0.777977269266948,4.22297738376018e-38,0,0.111768694679855,0.403304702078509,0,0,2.47032822920623e-323,0.590653165531019,1.21766073544985e-118,1.85869290904083e-173,0,1.22646445992118
0,0,1,1,1,0,0,1,1,1,1,0,0,0,0,3.94176660061702e-09,0.288420642182972,0.390159181201369,0,0,1.81494726476396e-54,0.764878315765831,0.122628883701604,6.68580476889736e-172,0,1.20727783847603
1,0,1,1,1,0,0,1,1,1,1,0,0,0.777977269266948,0,2.55383242265381e-29,0.111768694679855,0.403304702078509,0,0,2.47032822920623e-323,0.590653165531019,4.57983844842731e-119,1.25643130344857e-173,0,1.22646445992118
0,1,1,1,1,0,0,1,1,1,1,0,0,0,1.09151737122386e-42,4.04795663731404e-09,0.28842064217085,0.390159181083602,0,0,2.10444689552547e-54,0.764878315789166,0.122628883632541,1.28545129246433e-171,0,1.20727783965196
1,1,1,1,1,0,0,1,1,1,1,0,0,0.777977269266948,3.80173566890117e-38,2.64496660570565e-29,0.111768694679855,0.403304702078509,0,0,2.47032822920623e-323,0.590653165531019,5.47435410976588e-119,2.14642641085036e-173,0,1.22646445992118
0,0,0,0,0,1,0,1,1,1,1,0,0,0,0,0,0,0,0.126044540480077,0,0.169456687295782,0.135725188350127,0.12262888626525,0.0352262978687844,0,1.52169610377402
1,0,0,0,0,1,0,1,1,1,1,0,0,0.484026785354386,0,0,0,0,7.33848366832782e-43,0,5.99343196323565e-88,0.175188401933832,3.68648305609941e-49,0.0777438608001085,0,0.854896507102079
0,1,0,0,0,1,0,1,1,1,1,0,0,0,0.559551039973401,0,0,0,3.74880834674152e-160,0,0.00296273487495162,0.56043687861635,0.12262888626525,8.88758102781094e-05,0,0.962106248837521
1,1,0,0,0,1,0,1,1,1,1,0,0,0.640897248548447,0.387453969778067,0,0,0,5.31469717542173e-213,0,1.74488657104438e-238,0.489702644752272,3.14848009658194e-86,9.58070025169557e-39,0,1.07756420868573
0,0,1,0,0,1,0,1,1,1,1,0,0,0,0,0.535934623446373,0,0,3.52372602304052e-210,0,4.88080247936113e-19,0.663317991239174,2.25732798323014e-105,3.02900468519787e-114,0,0.687495290621396
1,0,1,0,0,1,0,1,1,1,1,0,0,0.681564758125195,0,0.353974870123193,0,0,1.03554723226809e-237,0,1.48992746882697e-256,0.543256421806113,2.60120173277411e-204,1.43178228200203e-117,0,1.06496250697098
0,1,1,0,0,1,0,1,1,1,1,0,0,0,1.29373003476146e-17,0.535934623446373,0,0,2.52090131860503e-210,0,4.95169078758827e-19,0.663317991239174,3.26820954039918e-104,1.7370086874137e-113,0,0.687495290621397
1,1,1,0,0,1,0,1,1,1,1,0,0,0.681564758127999,1.33788865346754e-10,0.35397487002331,0,0,3.37715539620789e-244,0,5.11535673096745e-264,0.543256421809684,3.3936772063686e-207,4.38309874836448e-118,0,1.06496250890313
0,0,0,1,0,1,0,1,1,1,1,0,0,0,0,0,0.529431524097282,0,1.34597809830885e-318,0,9.74444100904104e-59,0.890179979505979,0.12262888626525,2.10597677872056e-154,0,0.885563110975294
1,0,0,1,0,1,0,1,1,1,1,0,0,0.810092396239883,0,0,0.353681770766745,0,2.47032822920623e-323,0,2.47032822920623e-323,0.712510466336691,1.92662012529613e-124,1.04014788705251e-152,0,1.04486271452179
0,1,0,1,0,1,0,1,1,1,1,0,0,0,1.14956578098784e-50,0,0.529431524097282,0,2.88494811919621e-318,0,1.26199908459863e-58,0.890179979505979,0.12262888626525,6.06918639977984e-154,0,0.885563110975294
1,1,0,1,0,1,0,1,1,1,1,0,0,0.810092396239882,4.40921395563368e-46,0,0.353681770766745,0,2.47032822920623e-323,0,2.47032822920623e-323,0.712510466336692,5.14573627689862e-126,7.46927125889175e-155,0,1.04486271452179
0,0,1,1,0,1,0,1,1,1,1,0,0,0,0,0.0678955949731691,0.475367048283342,0,1.43623036631233e-313,0,6.8101533873313e-57,0.880789348960878,0.0832168401752537,4.20606893172003e-153,0,0.977448839415372
1,0,1,1,0,1,0,1,1,1,1,0,0,0.810092396239882,0,3.92244019072739e-15,0.353681770766742,0,2.47032822920623e-323,0,2.47032822920623e-323,0.712510466336691,2.76470716505625e-127,3.34916088512151e-155,0,1.04486271452186
0,1,1,1,0,1,0,1,1,1,1,0,0,0,1.40494556576589e-52,0.0678955959004292,0.475367047527488,0,2.41438825558939e-313,0,8.13530111314028e-57,0.880789348812315,0.0832168395508229,8.88049780514645e-153,0,0.977448839881003
1,1,1,1,0,1,0,1,1,1,1,0,0,0.810092396239882,3.97225548180352e-46,4.01203320165169e-15,0.353681770766742,0,2.47032822920623e-323,0,2.47032822920623e-323,0.712510466336691,3.8955882413256e-127,6.83599911626412e-155,0,1.04486271452186
0,0,0,0,1,1,0,1,1,1,1,0,0,0,0,0,0,0.649992703495818,1.34188229410483e-320,0,7.46354815785816e-21,0.504462443617788,0.12262888626525,3.2099117858394e-129,0,0.935642403346919
1,0,0,0,1,1,0,1,1,1,1,0,0,0.719509517379292,0,0,0,0.515327634166497,2.47032822920623e-323,0,8.27758585220164e-285,0.491558381165937,1.19649661976538e-103,8.48815189386783e-152,0,1.08332978985307
0,1,0,0,1,1,0,1,1,1,1,0,0,0,0.175890588235401,0,0,0.50885302468653,5.95085006162592e-305,0,2.27980608822726e-23,0.555703684373512,0.12262888626525,1.35138323505602e-109,0,1.2145308108543
1,1,0,0,1,1,0,1,1,1,1,0,0,0.719509517398071,2.45660817852358e-10,0,0,0.515327633954227,2.47032822920623e-323,0,6.44034767321123e-294,0.491558381231827,7.4245868345863e-105,9.61906350304931e-154,0,1.08332979305641
0,0,1,0,1,1,0,1,1,1,1,0,0,0,0,0.434768326437243,0,0.147087351162205,2.47506488034627e-248,0,3.50444637944667e-23,0.647655886816898,2.39726122269937e-70,7.17390137658307e-124,0,0.959275463610724
1,0,1,0,1,1,0,1,1,1,1,0,0,0.719509537892363,0,5.44416286002687e-07,0,0.515326973274504,2.47032822920623e-323,0,1.07550157095775e-293,0.491558538098782,8.5787038908975e-107,3.4758148320024e-154,0,1.08333444935043
0,1,1,0,1,1,0,1,1,1,1,0,0,0,3.37285357003755e-16,0.434768324933844,0,0.147087353269211,1.43297170500674e-248,0,3.31245675292318e-23,0.647655886539153,2.04996610642222e-69,2.6809002243194e-123,0,0.959275465579321
1,1,1,0,1,1,0,1,1,1,1,0,0,0.719509533338566,1.35136574367927e-10,4.23283963320144e-07,0,0.515327120205874,2.47032822920623e-323,0,7.83523462618378e-294,0.491558503217575,2.3310911591977e-106,8.57677745110935e-154,0,1.08333347612944
0,0,0,1,1,1,0,1,1,1,1,0,0,0,0,0,0.288420642632897,0.390159185572882,2.47032822920623e-323,0,1.44670454669343e-54,0.764878314899644,0.12262888626525,1.86370018376949e-172,0,1.20727779227495
1,0,0,1,1,1,0,1,1,1,1,0,0,0.777977269266948,0,0,0.111768694679855,0.403304702078509,1.97626258336499e-323,0,2.47032822920623e-323,0.590653165531019,1.11010139737522e-118,8.21046979857128e-174,0,1.22646445992118
0,1,0,1,1,1,0,1,1,1,1,0,0,0,2.11630542482889e-42,0,0.288420642632897,0.390159185572882,2.47032822920623e-323,0,1.73456775002992e-54,0.764878314899644,0.12262888626525,4.47891204861787e-172,0,1.20727779227495
1,1,0,1,1,1,0,1,1,1,1,0,0,0.777977269266948,4.29539336851303e-38,0,0.111768694679855,0.403304702078509,1.97626258336499e-323,0,2.47032822920623e-323,0.590653165531019,1.24754740034643e-118,1.56108662482488e-173,0,1.22646445992118
0,0,1,1,1,1,0,1,1,1,1,0,0,0,0,4.04465727984757e-09,0.288420642171227,0.390159181087261,2.47032822920623e-323,0,1.80396444147681e-54,0.764878315788441,0.122628883634686,5.46408275304273e-172,0,1.20727783961545
1,0,1,1,1,1,0,1,1,1,1,0,0,0.777977269266948,0,2.65817063339946e-29,0.111768694679855,0.403304702078509,1.97626258336499e-323,0,2.47032822920623e-323,0.590653165531019,4.5645102141315e-119,1.0377220104255e-173,0,1.22646445992118
0,1,1,1,1,1,0,1,1,1,1,0,0,0,1.09166351724601e-42,4.1565834860011e-09,0.288420642158452,0.390159180963132,2.47032822920623e-323,0,2.08973955823946e-54,0.764878315813036,0.122628883561892,1.09435376503623e-171,0,1.20727784085304
1,1,1,1,1,1,0,1,1,1,1,0,0,0.777977269266948,3.8516938539802e-38,2.75221508340124e-29,0.111768694679855,0.403304702078509,1.97626258336499e-323,0,2.47032822920623e-323,0.590653165531019,5.46823389697473e-119,1.80238005868692e-173,0,1.22646445992118
0,0,0,0,0,0,1,1,1,1,1,0,0,0,0,0,0,0,0,0.351292207307818,1.94974570204404e-254,0.163219210603339,0.00140924161396505,0.0153026144185174,0,0.753987117358148
1,0,0,0,0,0,1,1,1,1,1,0,0,0.418880527168264,0,0,0,0,0,0.245350582858336,2.47032822920623e-323,0.197335737539027,7.87314277554678e-81,2.60303358284865e-16,0,1.04588685886862
0,1,0,0,0,0,1,1,1,1,1,0,0,0,0.431714894030148,0,0,0,0,0.227724743951159,1.27501771814596e-199,0.474984400753256,0.0438707182273592,5.83776249948355e-31,0,1.17430535746352
1,1,0,0,0,0,1,1,1,1,1,0,0,0.619995116997151,0.350268050672631,0,0,0,0,0.0751666254709726,1.18891666884786e-297,0.462177278564418,8.54423911136177e-96,5.64124189335638e-48,0,1.21649104672568
0,0,1,0,0,0,1,1,1,1,1,0,0,0,0,0.342255473177365,0,0,0,0.325193651321926,1.20398509693896e-283,0.486297951420365,1.81943618017568e-104,1.7595807700601e-113,0,1.08157025577144
1,0,1,0,0,0,1,1,1,1,1,0,0,0.614895990392232,0,0.262868160149034,0,0,0,0.182855920721107,1.97626258336499e-323,0.455462397515364,6.92533704600365e-199,7.63820701271489e-119,0,1.2862152613493
0,1,1,0,0,0,1,1,1,1,1,0,0,0,4.50037284293578e-06,0.342253129052666,0,0,0,0.325192193456084,1.12881968043819e-289,0.48629900182353,3.25949216555537e-103,1.62186985093687e-113,0,1.08161781459027
1,1,1,0,0,0,1,1,1,1,1,0,0,0.614904977128385,5.16671050719763e-05,0.262840212779448,0,0,0,0.182836961296727,1.97626258336499e-323,0.455474095150379,1.78748125352389e-196,2.10094450943083e-117,0,1.28653419089645
0,0,0,1,0,0,1,1,1,1,1,0,0,0,0,0,0.48257941930479,0,0,0.367304791542355,1.97626258336499e-323,0.835910625243483,1.29270326674633e-05,2.95205086970594e-207,0,1.03799749191001
1,0,0,1,0,0,1,1,1,1,1,0,0,0.789044319253964,0,0,0.333530348683293,0,0,0.171869611935018,1.48219693752374e-323,0.684792909150441,1.45790228902291e-151,7.23556932728674e-179,0,1.24612492945393
0,1,0,1,0,0,1,1,1,1,1,0,0,0,1.41683104141604e-102,0,0.482579405897621,0,0,0.367304853541339,1.97626258336499e-323,0.835910602520871,1.30102143799867e-05,5.3060836443167e-207,0,1.03799804241963
1,1,0,1,0,0,1,1,1,1,1,0,0,0.789044319253965,1.82423701872074e-69,0,0.333530348683293,0,0,0.171869611935016,1.48219693752374e-323,0.684792909150441,6.76699339322257e-154,5.05319730254256e-182,0,1.24612492945393
0,0,1,1,0,0,1,1,1,1,1,0,0,0,0,4.56041844114083e-75,0.482579488017849,0,0,0.367304473791109,1.97626258336499e-323,0.835910741699121,1.25007170813799e-05,4.13441097402558e-207,0,1.03799466545721
1,0,1,1,0,0,1,1,1,1,1,0,0,0.789044319253964,0,1.23088629519426e-50,0.333530348683293,0,0,0.171869611935017,1.48219693752374e-323,0.684792909150441,2.85448949843554e-154,2.91806248042841e-182,0,1.24612492945393
0,1,1,1,0,0,1,1,1,1,1,0,0,0,1.60331290129781e-102,5.22977868000975e-75,0.482579469022093,0,0,0.367304561633641,1.97626258336499e-323,0.835910709504906,1.26185724024425e-05,6.72379275247871e-207,0,1.03799544768299
1,1,1,1,0,0,1,1,1,1,1,0,0,0.789044319253964,1.83937951377559e-69,1.48254316333302e-50,0.333530348683293,0,0,0.171869611935017,1.48219693752374e-323,0.684792909150441,3.73685326946718e-154,5.25556115051123e-182,0,1.24612492945393
0,0,0,0,1,0,1,1,1,1,1,0,0,0,0,0,0,0.672991912387571,0,0.330158717976908,2.47032822920623e-323,0.526439735218235,0.0084441369465931,7.37351225247481e-202,0,1.08750199843515
1,0,0,0,1,0,1,1,1,1,1,0,0,0.725201214065993,0,0,0,0.522942247997361,0,0.155264608775061,1.97626258336499e-323,0.497551351688233,6.58764252375834e-134,8.8349678761617e-188,0,1.27811423012313
0,1,0,0,1,0,1,1,1,1,1,0,0,0,1.32120086617406e-49,0,0,0.672991912388748,0,0.330158718196392,2.47032822920623e-323,0.526439735204622,0.00844413723301913,1.38628874648376e-201,0,1.08750199926623
1,1,0,0,1,0,1,1,1,1,1,0,0,0.725201214065991,5.64952863424528e-44,0,0,0.522942247997358,0,0.155264608775061,1.97626258336499e-323,0.497551351688232,9.54195694233128e-136,2.71312825680246e-191,0,1.27811423012313
0,0,1,0,1,0,1,1,1,1,1,0,0,0,0,4.98071177286212e-59,0,0.672991912383154,0,0.33015871715329,2.47032822920623e-323,0.526439735269321,0.00844413587177207,1.16673115390535e-201,0,1.08750199531651
1,0,1,0,1,0,1,1,1,1,1,0,0,0.725201214065991,0,1.34976735392642e-52,0,0.522942247997359,0,0.155264608775062,1.97626258336499e-323,0.497551351688232,4.712969854426e-136,1.62965027855816e-191,0,1.27811423012313
0,1,1,0,1,0,1,1,1,1,1,0,0,0,1.41331825176278e-49,5.01983283464477e-59,0,0.672991912385141,0,0.330158717523684,2.47032822920623e-323,0.526439735246347,0.00844413635513585,1.96414234245336e-201,0,1.08750199671901
1,1,1,0,1,0,1,1,1,1,1,0,0,0.725201214065991,5.26773267950267e-44,1.48955720478802e-52,0,0.522942247997359,0,0.155264608775061,1.97626258336499e-323,0.497551351688232,5.79396788970392e-136,2.9837260376777e-191,0,1.27811423012313
0,0,0,1,1,0,1,1,1,1,1,0,0,0,0,0,0.158321319933991,0.531011479474993,0,0.3394716342624,2.47032822920623e-323,0.670008338139194,0.00522484898702805,8.30216592295565e-228,0,1.2902860449463
1,0,0,1,1,0,1,1,1,1,1,0,0,0.754208561399569,0,0,0.0556355403461467,0.467051221025527,0,0.152635602453373,1.97626258336499e-323,0.546776674598548,2.08807092227319e-142,5.77252311336331e-201,0,1.36232849817708
0,1,0,1,1,0,1,1,1,1,1,0,0,0,1.10191117027722e-87,0,0.158321316630026,0.53101148253599,0,0.339471640055884,2.47032822920623e-323,0.670008334788146,0.00522485696754054,1.29683090938162e-227,0,1.29028606547875
1,1,0,1,1,0,1,1,1,1,1,0,0,0.754208561399566,7.54025232123514e-58,0,0.0556355403461413,0.467051221025533,0,0.152635602453373,1.97626258336499e-323,0.546776674598544,2.44112226810693e-142,9.46208777525566e-201,0,1.36232849817708
0,0,1,1,1,0,1,1,1,1,1,0,0,0,0,7.90611175074125e-89,0.15832133199405,0.531011468301816,0,0.33947161311512,2.47032822920623e-323,0.670008350371115,0.00522481985669403,1.08579212941363e-227,0,1.290285969999
1,0,1,1,1,0,1,1,1,1,1,0,0,0.754208561399579,0,1.74956454574721e-63,0.0556355403461671,0.467051221025505,0,0.152635602453372,1.97626258336499e-323,0.546776674598566,1.54200187613287e-142,6.6899079077459e-201,0,1.3623284981771
0,1,1,1,1,0,1,1,1,1,1,0,0,0,1.11831808486581e-87,8.9472207401424e-89,0.158321327753726,0.531011472230312,0,0.339471620550522,2.47032822920623e-323,0.670008346070363,0.00522483009894471,1.62283899315142e-227,0,1.29028599635055
1,1,1,1,1,0,1,1,1,1,1,0,0,0.754208561399576,7.25268320636094e-58,2.03975896969195e-63,0.0556355403461614,0.467051221025511,0,0.152635602453372,1.97626258336499e-323,0.546776674598561,1.80978759366442e-142,1.04374577713206e-200,0,1.3623284981771
0,0,0,0,0,1,1,1,1,1,1,0,0,0,0,0,0,0,2.18886033098267e-10,0.351307776645353,6.37933273151271e-256,0.163222583312101,0.00143626643610107,0.0152875765042281,0,0.754163703850016
1,0,0,0,0,1,1,1,1,1,1,0,0,0.418880527168264,0,0,0,0,2.14876380280527e-70,0.245350582858336,2.47032822920623e-323,0.197335737539027,9.1309754752111e-81,1.78615567621532e-16,0,1.04588685886861
0,1,0,0,0,1,1,1,1,1,1,0,0,0,0.431714894030148,0,0,0,2.91289921760226e-144,0.227724743951159,5.14337689255333e-200,0.474984400753256,0.0438707182273592,3.13887143517731e-31,0,1.17430535746352
1,1,0,0,0,1,1,1,1,1,1,0,0,0.619995116997151,0.350268050672631,0,0,0,8.46549893046426e-205,0.0751666254709726,7.58191709041967e-298,0.462177278564418,9.10509247821732e-96,3.91270476216865e-48,0,1.21649104672568
0,0,1,0,0,1,1,1,1,1,1,0,0,0,0,0.342255473177365,0,0,2.52469804776462e-157,0.325193651321926,6.99635035145785e-284,0.486297951420365,2.09991735905777e-104,8.64828014912198e-114,0,1.08157025577144
1,0,1,0,0,1,1,1,1,1,1,0,0,0.614895990392232,0,0.262868160149034,0,0,2.39052981916547e-212,0.182855920721107,1.97626258336499e-323,0.455462397515364,8.02573218138954e-199,5.12570203617355e-119,0,1.2862152613493
0,1,1,0,0,1,1,1,1,1,1,0,0,0,4.51589536622113e-06,0.34225312096738,0,0,7.74602915822903e-161,0.325192188427657,6.92645170270552e-290,0.48629900544653,3.53414535191119e-103,9.39083853929058e-114,0,1.08161796515098
1,1,1,0,0,1,1,1,1,1,1,0,0,0.614904991895266,5.1752005899196e-05,0.262840166854562,0,0,1.89244898900473e-213,0.182836930140976,1.97626258336499e-323,0.455474114371452,1.98479564197211e-196,1.49816749714173e-117,0,1.28653465891293
0,0,0,1,0,1,1,1,1,1,1,0,0,0,0,0,0.482579420411365,0,2.47032822920623e-323,0.3673047864252,1.97626258336499e-323,0.835910627118918,1.29201671708833e-05,1.9223677445942e-207,0,1.03799744645891
1,0,0,1,0,1,1,1,1,1,1,0,0,0.789044319253964,0,0,0.333530348683293,0,2.47032822920623e-323,0.171869611935018,1.48219693752374e-323,0.684792909150441,1.49662132904954e-151,5.25154287719103e-179,0,1.24612492945393
0,1,0,1,0,1,1,1,1,1,1,0,0,0,1.46293567952968e-102,0,0.482579406792782,0,2.47032822920623e-323,0.367304849401831,1.97626258336499e-323,0.835910604037999,1.30046605595411e-05,3.57789542659004e-207,0,1.03799800567343
1,1,0,1,0,1,1,1,1,1,1,0,0,0.789044319253965,1.85417188987485e-69,0,0.333530348683293,0,2.47032822920623e-323,0.171869611935016,1.48219693752374e-323,0.684792909150441,6.94716355089476e-154,3.770314336401e-182,0,1.24612492945393
0,0,1,1,0,1,1,1,1,1,1,0,0,0,0,4.5885014082622e-75,0.482579488049686,0,2.47032822920623e-323,0.367304473643885,1.97626258336499e-323,0.835910741753079,1.25005195566413e-05,2.76705506169943e-207,0,1.03799466414566
1,0,1,1,0,1,1,1,1,1,1,0,0,0.789044319253964,0,1.23555196781297e-50,0.333530348683293,0,2.47032822920623e-323,0.171869611935017,1.48219693752374e-323,0.684792909150441,2.95476590884399e-154,2.16651810646018e-182,0,1.24612492945393
0,1,1,1,0,1,1,1,1,1,1,0,0,0,1.63627763948698e-102,5.26420546395629e-75,0.4825794693713,0,2.47032822920623e-323,0.367304560018797,1.97626258336499e-323,0.835910710096745,1.26164058212317e-05,4.63090209587565e-207,0,1.03799543330894
1,1,1,1,0,1,1,1,1,1,1,0,0,0.789044319253964,1.85953693182758e-69,1.48545459714771e-50,0.333530348683293,0,2.47032822920623e-323,0.171869611935017,1.48219693752374e-323,0.684792909150441,3.84844483303323e-154,3.97288965387303e-182,0,1.24612492945393
0,0,0,0,1,1,1,1,1,1,1,0,0,0,0,0,0,0.672991912387509,2.47032822920623e-323,0.33015871796532,2.47032822920623e-323,0.526439735218954,0.00844413693147027,5.49431608511427e-202,0,1.08750199839127
1,0,0,0,1,1,1,1,1,1,1,0,0,0.725201214065993,0,0,0,0.522942247997361,1.97626258336499e-323,0.155264608775061,1.97626258336499e-323,0.497551351688233,6.66538530036398e-134,6.87821872113507e-188,0,1.27811423012313
0,1,0,0,1,1,1,1,1,1,1,0,0,0,1.36388857475661e-49,0,0,0.672991912388712,2.47032822920623e-323,0.33015871818962,2.47032822920623e-323,0.526439735205041,0.00844413722418255,1.05292844474503e-201,0,1.08750199924059
1,1,0,0,1,1,1,1,1,1,1,0,0,0.725201214065991,5.75461511474171e-44,0,0,0.522942247997358,1.97626258336499e-323,0.155264608775061,1.97626258336499e-323,0.497551351688232,9.72272425399266e-136,2.16798894567872e-191,0,1.27811423012313
0,0,1,0,1,1,1,1,1,1,1,0,0,0,0,5.10710586522182e-59,0,0.672991912383059,2.47032822920623e-323,0.330158717135445,2.47032822920623e-323,0.526439735270428,0.00844413584848368,8.58306382515626e-202,0,1.08750199524894
1,0,1,0,1,1,1,1,1,1,1,0,0,0.725201214065991,0,1.3751101522943e-52,0,0.522942247997359,1.97626258336499e-323,0.155264608775062,1.97626258336499e-323,0.497551351688232,4.81119077729349e-136,1.27900475201104e-191,0,1.27811423012313
0,1,1,0,1,1,1,1,1,1,1,0,0,0,1.44265084997772e-49,5.18338936921413e-59,0,0.672991912385032,2.47032822920623e-323,0.330158717503381,2.47032822920623e-323,0.526439735247606,0.00844413632864026,1.4777216919981e-201,0,1.08750199664213
1,1,1,0,1,1,1,1,1,1,1,0,0,0.725201214065991,5.32640588445568e-44,1.51911137619731e-52,0,0.522942247997359,1.97626258336499e-323,0.155264608775061,1.97626258336499e-323,0.497551351688232,5.89120677909228e-136,2.37008313679304e-191,0,1.27811423012313
0,0,0,1,1,1,1,1,1,1,1,0,0,0,0,0,0.158321320501711,0.531011478949023,1.97626258336499e-323,0.339471633266905,2.47032822920623e-323,0.670008338715004,0.00522484761573636,6.3107884305608e-228,0,1.2902860414182
1,0,0,1,1,1,1,1,1,1,1,0,0,0.754208561399572,0,0,0.0556355403461521,0.467051221025521,1.97626258336499e-323,0.152635602453372,1.97626258336499e-323,0.546776674598553,2.09424228565504e-142,4.58711370629722e-201,0,1.36232849817709
0,1,0,1,1,1,1,1,1,1,1,0,0,0,1.10104462575454e-87,0,0.158321317197845,0.531011482009927,1.97626258336499e-323,0.339471639060217,2.47032822920623e-323,0.670008335364057,0.00522485559601123,9.75148182359436e-228,0,1.29028606195005
1,1,0,1,1,1,1,1,1,1,1,0,0,0.754208561399569,7.50316182195186e-58,0,0.0556355403461472,0.467051221025526,1.97626258336499e-323,0.152635602453373,1.97626258336499e-323,0.546776674598549,2.4441667777517e-142,7.56127639911901e-201,0,1.36232849817708
0,0,1,1,1,1,1,1,1,1,1,0,0,0,0,7.97114478634131e-89,0.158321332523429,0.531011467811367,1.97626258336499e-323,0.339471612186854,2.47032822920623e-323,0.670008350908038,0.00522481857800917,8.28676661065994e-228,0,1.29028596670917
1,0,1,1,1,1,1,1,1,1,1,0,0,0.754208561399581,0,1.75567297134798e-63,0.0556355403461711,0.4670512210255,1.97626258336499e-323,0.152635602453372,1.97626258336499e-323,0.546776674598569,1.55199445088829e-142,5.33034682423755e-201,0,1.3623284981771
0,1,1,1,1,1,1,1,1,1,1,0,0,0,1.11681444893297e-87,9.01497937745958e-89,0.158321328330114,0.53101147169631,1.97626258336499e-323,0.339471619539826,2.47032822920623e-323,0.670008346654965,0.0052248287067135,1.24451106979794e-227,0,1.29028599276858
1,1,1,1,1,1,1,1,1,1,1,0,0,0.754208561399578,7.21781242595081e-58,2.04370534162233e-63,0.0556355403461659,0.467051221025506,1.97626258336499e-323,0.152635602453372,1.97626258336499e-323,0.546776674598565,1.81685159078396e-142,8.36601115338545e-201,0,1.3623284981771
0,0,0,0,0,0,0,0,0,0,0,1,0,0,0,0,0,0,0,0,0,0,0,0,0.382017050024129,0
1,0,0,0,0,0,0,0,0,0,0,1,0,0.269028295678878,0,0,0,0,0,0,0,0,0,0,0.15327592553345,0.655097466347391
0,1,0,0,0,0,0,0,0,0,0,1,0,0,0.513173850066241,0,0,0,0,0,0,0,0,0,0.382017050024129,0.682375468276942
1,1,0,0,0,0,0,0,0,0,0,1,0,0.269028295678878,0.517014062788839,0,0,0,0,0,0,0,0,0,0.15327592553345,0.982577921687064
0,0,1,0,0,0,0,0,0,0,0,1,0,0,0,0.531635853896196,0,0,0,0,0,0,0,0,0.382017050024129,0.679678108775711
1,0,1,0,0,0,0,0,0,0,0,1,0,0.269028295678878,0,0.527505813411475,0,0,0,0,0,0,0,0,0.15327592553345,0.978269831460624
0,1,1,0,0,0,0,0,0,0,0,1,0,0,5.96936150025657e-27,0.531635853896196,0,0,0,0,0,0,0,0,0.382017050024128,0.679678108775711
1,1,1,0,0,0,0,0,0,0,0,1,0,0.269028295678878,2.87519223493999e-24,0.527505813411475,0,0,0,0,0,0,0,0,0.15327592553345,0.978269831460624
0,0,0,1,0,0,0,0,0,0,0,1,0,0,0,0,0.52299077795001,0,0,0,0,0,0,0,0.382017050024129,0.680965374358566
1,0,0,1,0,0,0,0,0,0,0,1,0,0.269028295678878,0,0,0.537574563423303,0,0,0,0,0,0,0,0.15327592553345,0.974133050573842
0,1,0,1,0,0,0,0,0,0,0,1,0,0,1.13725301437746e-46,0,0.52299077795001,0,0,0,0,0,0,0,0.382017050024129,0.680965374358566
1,1,0,1,0,0,0,0,0,0,0,1,0,0.269028295678878,3.10316858107653e-51,0,0.537574563423303,0,0,0,0,0,0,0,0.15327592553345,0.974133050573842
0,0,1,1,0,0,0,0,0,0,0,1,0,0,0,0.266397646767766,0.294900652855119,0,0,0,0,0,0,0,0.382017050024128,1.08665042848421
1,0,1,1,0,0,0,0,0,0,0,1,0,0.269028295678878,0,0.191384585463834,0.373710750925982,0,0,0,0,0,0,0,0.15327592553345,1.32919902337918
0,1,1,1,0,0,0,0,0,0,0,1,0,0,1.8087481707986e-50,0.266397646767766,0.294900652855119,0,0,0,0,0,0,0,0.382017050024128,1.08665042848421
1,1,1,1,0,0,0,0,0,0,0,1,0,0.269028295678878,5.73350395569037e-54,0.191384585463845,0.373710750925971,0,0,0,0,0,0,0,0.15327592553345,1.32919902337919
0,0,0,0,1,0,0,0,0,0,0,1,0,0,0,0,0,0.576394059436308,0,0,0,0,0,0,0.382017050024129,0.672437519806546
1,0,0,0,1,0,0,0,0,0,0,1,0,0.358810006518177,0,0,0,0.599289633552522,0,0,0,0,0,0,0.076939087267963,0.876859508164847
0,1,0,0,1,0,0,0,0,0,0,1,0,0,0.187808273081479,0,0,0.429780052104246,0,0,0,0,0,0,0.382017050024128,1.04464838796891
1,1,0,0,1,0,0,0,0,0,0,1,0,0.339973668030692,0.159519210714864,0,0,0.47355776361922,0,0,0,0,0,0,0.0929546711902478,1.22189375541442
0,0,1,0,1,0,0,0,0,0,0,1,0,0,0,0.531635853829262,0,9.042308524433e-11,0,0,0,0,0,0,0.382017050024128,0.679678111097402
1,0,1,0,1,0,0,0,0,0,0,1,0,0.269038611384087,0,0.527457825320025,0,6.6945996916387e-05,0,0,0,0,0,0,0.153266479658306,0.978959555481537
0,1,1,0,1,0,0,0,0,0,0,1,0,0,8.56466810069503e-27,0.53163585382453,0,9.68158682933111e-11,0,0,0,0,0,0,0.382017050024128,0.679678111254303
1,1,1,0,1,0,0,0,0,0,0,1,0,0.269038974295294,5.77197608458344e-24,0.527456137112273,0,6.93011129512719e-05,0,0,0,0,0,0,0.153266147314497,0.978981296247792
0,0,0,1,1,0,0,0,0,0,0,1,0,0,0,0,0.314769136781805,0.31406258846066,0,0,0,0,0,0,0.382017050024129,1.09422984589174
1,0,0,1,1,0,0,0,0,0,0,1,0,0.318063214108182,0,0,0.323230568690753,0.327306285679657,0,0,0,0,0,0,0.111584019659668,1.31733895885929
0,1,0,1,1,0,0,0,0,0,0,1,0,0,2.19227349476431e-39,0,0.314769136781805,0.31406258846066,0,0,0,0,0,0,0.382017050024129,1.09422984589174
1,1,0,1,1,0,0,0,0,0,0,1,0,0.318063214108182,1.88052078921129e-44,0,0.323230568690753,0.327306285679656,0,0,0,0,0,0,0.111584019659668,1.31733895885929
0,0,1,1,1,0,0,0,0,0,0,1,0,0,0,0.214353018218488,0.268190714122198,0.107498149537078,0,0,0,0,0,0,0.382017050024128,1.2992024026977
1,0,1,1,1,0,0,0,0,0,0,1,0,0.312226893969809,0,0.0401265321407262,0.314373884050639,0.288360697754977,0,0,0,0,0,0,0.116552502508919,1.43659770220626
0,1,1,1,1,0,0,0,0,0,0,1,0,0,4.30097613950146e-47,0.214353056916712,0.268190722257994,0.107498087920452,0,0,0,0,0,0,0.382017050024128,1.2992023538422
1,1,1,1,1,0,0,0,0,0,0,1,0,0.312224467605006,2.15158534150997e-46,0.0401423247258105,0.314370733508426,0.288344724520617,0,0,0,0,0,0,0.116554683431034,1.43662945348691
0,0,0,0,0,1,0,0,0,0,0,1,0,0,0,0,0,0,0.14491853961739,0,0,0,0,0,0.225629969044131,0.669234025219578
1,0,0,0,0,1,0,0,0,0,0,1,0,0.352095290900256,0,0,0,0,0.167345307651026,0,0,0,0,0,3.97611409542984e-28,0.628490225420089
0,1,0,0,0,1,0,0,0,0,0,1,0,0,0.51474168632451,0,0,0,0.14491853961739,0,0,0,0,0,0.225629969044131,0.959939171035628
1,1,0,0,0,1,0,0,0,0,0,1,0,0.352095290900256,0.48469887273194,0,0,0,0.167345307651026,0,0,0,0,0,3.9761141343348e-28,1.01766605699238
0,0,1,0,0,1,0,0,0,0,0,1,0,0,0,0.540219166152244,0,0,0.14491853961739,0,0,0,0,0,0.225629969044131,0.947972472063084
1,0,1,0,0,1,0,0,0,0,0,1,0,0.352095290900256,0,0.503380196051605,0,0,0.167345307651026,0,0,0,0,0,3.97611396826641e-28,1.01220330910497
0,1,1,0,0,1,0,0,0,0,0,1,0,0,1.6621214908423e-29,0.540219166152244,0,0,0.14491853961739,0,0,0,0,0,0.225629969044131,0.947972472063084
1,1,1,0,0,1,0,0,0,0,0,1,0,0.352095290900256,5.76919834073492e-26,0.503380196051603,0,0,0.167345307651026,0,0,0,0,0,3.97613073820807e-28,1.01220330910497
0,0,0,1,0,1,0,0,0,0,0,1,0,0,0,0,0.537462372518553,0,0.14491853961739,0,0,0,0,0,0.225629969044131,0.94926164814854
1,0,0,1,0,1,0,0,0,0,0,1,0,0.352095290900256,0,0,0.522778575534091,0,0.167345307651026,0,0,0,0,0,3.97611417931166e-28,1.00638071302211
0,1,0,1,0,1,0,0,0,0,0,1,0,0,5.32309662251187e-52,0,0.537462372518553,0,0.14491853961739,0,0,0,0,0,0.225629969044131,0.94926164814854
1,1,0,1,0,1,0,0,0,0,0,1,0,0.352095290900256,1.35093313325503e-55,0,0.522778575534091,0,0.167345307651026,0,0,0,0,0,3.97611214922451e-28,1.00638071302211
0,0,1,1,0,1,0,0,0,0,0,1,0,0,0,0.247118400309186,0.325879171531683,0,0.14491853961739,0,0,0,0,0,0.225629969044131,1.3479497894022
1,0,1,1,0,1,0,0,0,0,0,1,0,0.352095290900256,0,0.14433375255848,0.39919976740247,0,0.167345307651026,0,0,0,0,0,3.97627478987951e-28,1.29596175195061
0,1,1,1,0,1,0,0,0,0,0,1,0,0,1.60713766089887e-55,0.247118400309187,0.325879171531682,0,0.14491853961739,0,0,0,0,0,0.225629969044131,1.3479497894022
1,1,1,1,0,1,0,0,0,0,0,1,0,0.352095290900256,1.10183289828755e-57,0.144333752559117,0.399199767401886,0,0.167345307651026,0,0,0,0,0,3.97627777094742e-28,1.2959617519512
0,0,0,0,1,1,0,0,0,0,0,1,0,0,0,0,0,0.576394059436312,3.65264934107581e-149,0,0,0,0,0,0.382017050024126,0.672437519806544
1,0,0,0,1,1,0,0,0,0,0,1,0,0.358810006518177,0,0,0,0.599289633552522,7.23458229068291e-132,0,0,0,0,0,0.076939087267963,0.876859508164847
0,1,0,0,1,1,0,0,0,0,0,1,0,0,0.18780827308148,0,0,0.429780052104246,2.46155701223273e-109,0,0,0,0,0,0.382017050024126,1.04464838796891
1,1,0,0,1,1,0,0,0,0,0,1,0,0.339973668030692,0.159519210714864,0,0,0.47355776361922,6.4043336702934e-97,0,0,0,0,0,0.0929546711902478,1.22189375541442
0,0,1,0,1,1,0,0,0,0,0,1,0,0,0,0.540219160067847,0,1.67417926252988e-10,0.144918489777627,0,0,0,0,0,0.225630031139985,0.947972460830706
1,0,1,0,1,1,0,0,0,0,0,1,0,0.348188437941725,0,0.495226841445738,0,0.0189724007795142,0.153750667968369,0,0,0,0,0,2.23525379162527e-19,1.07734695471363
0,1,1,0,1,1,0,0,0,0,0,1,0,0,8.57427907959735e-29,0.540219160289937,0,1.79378772311918e-10,0.144918491677656,0,0,0,0,0,0.225630028762863,0.94797246169763
1,1,1,0,1,1,0,0,0,0,0,1,0,0.348181106402243,3.45500907641037e-25,0.495212461268797,0,0.0190062450669712,0.153725853625988,0,0,0,0,0,2.58193047038019e-19,1.07742894137774
0,0,0,1,1,1,0,0,0,0,0,1,0,0,0,0,0.314769136781806,0.31406258846066,4.65630729127703e-77,0,0,0,0,0,0.382017050024126,1.09422984589174
1,0,0,1,1,1,0,0,0,0,0,1,0,0.318063214108185,0,0,0.323230568690746,0.327306285679665,1.16998281375997e-57,0,0,0,0,0,0.111584019659666,1.31733895885929
0,1,0,1,1,1,0,0,0,0,0,1,0,0,1.91838029219605e-39,0,0.314769136781806,0.31406258846066,9.4729878052937e-77,0,0,0,0,0,0.382017050024126,1.09422984589174
1,1,0,1,1,1,0,0,0,0,0,1,0,0.318063214108185,1.63065744117181e-44,0,0.323230568690746,0.327306285679665,2.1898098911654e-57,0,0,0,0,0,0.111584019659666,1.31733895885929
0,0,1,1,1,1,0,0,0,0,0,1,0,0,0,0.214352983245404,0.268190706769602,0.10749820522236,1.02902716423708e-19,0,0,0,0,0,0.382017050024126,1.29920244685023
1,0,1,1,1,1,0,0,0,0,0,1,0,0.312231640870024,0,0.0400956335078486,0.314380049178431,0.28839194802833,8.51671759963313e-43,0,0,0,0,0,0.116548236065168,1.43653556168428
0,1,1,1,1,1,0,0,0,0,0,1,0,0,3.69953175340869e-47,0.214353014161745,0.268190713269324,0.107498155996359,1.67579928758343e-19,0,0,0,0,0,0.382017050024126,1.29920240781923
1,1,1,1,1,1,0,0,0,0,0,1,0,0.312229889590392,1.91128696152055e-46,0.0401070333289127,0.314377774445662,0.288380418750148,1.35941293795765e-42,0,0,0,0,0,0.116549810046828,1.43655849078181
0,0,0,0,0,0,1,0,0,0,0,1,0,0,0,0,0,0,0,0.345527057690988,0,0,0,0,9.56702016411036e-15,8.92008229499193e-13
1,0,0,0,0,0,1,0,0,0,0,1,0,0.269028295678878,0,0,0,0,0,0.281188172153536,0,0,0,0,1.47634934635554e-54,0.692902951959963
0,1,0,0,0,0,1,0,0,0,0,1,0,0,0.475370164578972,0,0,0,0,0.203467049671698,0,0,0,0,0.129687799104266,0.953021652744834
1,1,0,0,0,0,1,0,0,0,0,1,0,0.269028295678878,0.496387948023732,0,0,0,0,0.111013896416086,0,0,0,0,0.0156022697895281,1.01778779163466
0,0,1,0,0,0,1,0,0,0,0,1,0,0,0,0.436699035561216,0,0,0,0.319583033654792,0,0,0,0,1.48524630193313e-06,0.681134790936175
1,0,1,0,0,0,1,0,0,0,0,1,0,0.269028295678878,0,0.399346242924247,0,0,0,0.257463001701322,0,0,0,0,1.11728522622806e-46,1.07771883105994
0,1,1,0,0,0,1,0,0,0,0,1,0,0,5.89364554705586e-14,0.436698767491921,0,0,0,0.319583150281791,0,0,0,0,2.02562807083012e-06,0.681143651490092
1,1,1,0,0,0,1,0,0,0,0,1,0,0.269028295678878,2.79417515214573e-13,0.399346242924114,0,0,0,0.257463001701225,0,0,0,0,4.78795997560426e-46,1.07771883106863
0,0,0,1,0,0,1,0,0,0,0,1,0,0,0,0,0.599505650674255,0,0,0.372569325919158,0,0,0,0,1.40012858694881e-23,0.665643333264532
1,0,0,1,0,0,1,0,0,0,0,1,0,0.269028295678878,0,0,0.541478805374551,0,0,0.305612987963596,0,0,0,0,1.10435763401634e-62,1.04853265862421
0,1,0,1,0,0,1,0,0,0,0,1,0,0,2.00302090517657e-108,0,0.599505650674255,0,0,0.372569325919158,0,0,0,0,1.62125409567643e-23,0.665643333264532
1,1,0,1,0,0,1,0,0,0,0,1,0,0.269028295678878,8.57984487733215e-97,0,0.541478805374551,0,0,0.305612987963596,0,0,0,0,1.59261230819415e-62,1.04853265862421
0,0,1,1,0,0,1,0,0,0,0,1,0,0,0,2.92309299793142e-56,0.599505650674255,0,0,0.372569325919158,0,0,0,0,1.49517261158949e-23,0.665643333264532
1,0,1,1,0,0,1,0,0,0,0,1,0,0.269028295678878,0,4.48882144393361e-49,0.541478805374551,0,0,0.305612987963595,0,0,0,0,1.26897800974925e-62,1.04853265862421
0,1,1,1,0,0,1,0,0,0,0,1,0,0,1.97042285029617e-108,3.51227005699009e-56,0.599505650674255,0,0,0.372569325919158,0,0,0,0,1.67693116610933e-23,0.665643333264532
1,1,1,1,0,0,1,0,0,0,0,1,0,0.269028295678878,8.43007997431913e-97,5.51054650153755e-49,0.541478805374551,0,0,0.305612987963595,0,0,0,0,1.69804105193852e-62,1.04853265862421
0,0,0,0,1,0,1,0,0,0,0,1,0,0,0,0,0,0.712265573748717,0,0.32260607942724,0,0,0,0,1.8452664956505e-07,0.620484959691464
1,0,0,0,1,0,1,0,0,0,0,1,0,0.364280835389008,0,0,0,0.635807216015362,0,0.237947705248012,0,0,0,0,6.61261369939359e-62,1.01916992762669
0,1,0,0,1,0,1,0,0,0,0,1,0,0,3.53401095478448e-31,0,0,0.712265567547729,0,0.322606083473553,0,0,0,0,2.0510589404064e-07,0.620485258913853
1,1,0,0,1,0,1,0,0,0,0,1,0,0.364280835389008,2.32379160122588e-29,0,0,0.635807216015361,0,0.237947705248012,0,0,0,0,1.50363977800059e-61,1.01916992762669
0,0,1,0,1,0,1,0,0,0,0,1,0,0,0,3.98800444228838e-29,0,0.712265573419328,0,0.322606079642176,0,0,0,0,1.85619796432123e-07,0.620484975639533
1,0,1,0,1,0,1,0,0,0,0,1,0,0.364280835389008,0,2.25553939635883e-27,0,0.635807216015362,0,0.237947705248012,0,0,0,0,8.00976887618197e-62,1.01916992762669
0,1,1,0,1,0,1,0,0,0,0,1,0,0,2.55748727114712e-31,4.38205907802268e-29,0,0.712265568805098,0,0.322606082653086,0,0,0,0,2.00933058363443e-07,0.620485198408902
1,1,1,0,1,0,1,0,0,0,0,1,0,0.364280835389008,1.57359487471107e-29,2.76901758952639e-27,0,0.635807216015362,0,0.237947705248012,0,0,0,0,1.4524524559998e-61,1.01916992762669
0,0,0,1,1,0,1,0,0,0,0,1,0,0,0,0,0.293678802008249,0.468757436571425,0,0.343689391033631,0,0,0,0,3.8696436112172e-14,1.07911121943619
1,0,0,1,1,0,1,0,0,0,0,1,0,0.335851588538069,0,0,0.236058144339668,0.44604303388734,0,0.261501353083417,0,0,0,0,2.92937271127364e-63,1.35479596427659
0,1,0,1,1,0,1,0,0,0,0,1,0,0,9.51922742945467e-94,0,0.293678802008248,0.468757436571425,0,0.343689391033631,0,0,0,0,4.11222966732922e-14,1.07911121943625
1,1,0,1,1,0,1,0,0,0,0,1,0,0.335851588538069,4.77498762758957e-80,0,0.236058144339668,0.44604303388734,0,0.261501353083417,0,0,0,0,3.83549649119004e-63,1.35479596427659
0,0,1,1,1,0,1,0,0,0,0,1,0,0,0,6.99051395094185e-71,0.293678802008249,0.468757436571425,0,0.343689391033631,0,0,0,0,3.87787157245189e-14,1.07911121943619
1,0,1,1,1,0,1,0,0,0,0,1,0,0.335851588538067,0,3.03696280386522e-61,0.236058144339674,0.446043033887334,0,0.261501353083419,0,0,0,0,3.1622314745619e-63,1.35479596427659
0,1,1,1,1,0,1,0,0,0,0,1,0,0,8.65566355307088e-94,8.41686733325038e-71,0.293678802008248,0.468757436571425,0,0.343689391033631,0,0,0,0,4.08767030815558e-14,1.07911121943625
1,1,1,1,1,0,1,0,0,0,0,1,0,0.335851588538067,4.26332225026464e-80,3.71414574214211e-61,0.236058144339674,0.446043033887334,0,0.261501353083419,0,0,0,0,3.9834881695499e-63,1.35479596427659
0,0,0,0,0,1,1,0,0,0,0,1,0,0,0,0,0,0,0.185100435175947,0.385212346618895,0,0,0,0,1.85273107021331e-81,0.630258635054926
1,0,0,0,0,1,1,0,0,0,0,1,0,0.316635212877443,0,0,0,0,0.0959080581123554,0.290365402929697,0,0,0,0,8.96108772788567e-97,0.996218496394466
0,1,0,0,0,1,1,0,0,0,0,1,0,0,0.406871875366825,0,0,0,0.223954666324563,0.251726405374788,0,0,0,0,3.88533982492167e-48,1.06278020644889
1,1,0,0,0,1,1,0,0,0,0,1,0,0.333620506574271,0.408427959036164,0,0,0,0.130126332068979,0.15128106010943,0,0,0,0,4.07246664411478e-64,1.27680699898152
0,0,1,0,0,1,1,0,0,0,0,1,0,0,0,0.346922611314124,0,0,0.190747265090753,0.365812338333051,0,0,0,0,1.3037309965601e-76,1.06197250315764
1,0,1,0,0,1,1,0,0,0,0,1,0,0.319080277746698,0,0.344938235859653,0,0,0.100833842795931,0.270343951045312,0,0,0,0,4.57851175294133e-92,1.30643250519031
0,1,1,0,0,1,1,0,0,0,0,1,0,0,2.05598112671361e-14,0.346922611314111,0,0,0.190747265090756,0.365812338333045,0,0,0,0,3.65708106847238e-76,1.06197250315835
1,1,1,0,0,1,1,0,0,0,0,1,0,0.319080277746711,2.3549678329739e-13,0.344938235859524,0,0,0.100833842795956,0.270343951045233,0,0,0,0,1.35087491814688e-91,1.30643250519691
0,0,0,1,0,1,1,0,0,0,0,1,0,0,0,0,0.540422489940797,0,0.178421678657301,0.408157597982165,0,0,0,0,3.39109085821023e-87,1.0120683573576
1,0,0,1,0,1,1,0,0,0,0,1,0,0.313934362757649,0,0,0.501835452974002,0,0.0904669729616067,0.312481356334604,0,0,0,0,5.55373889023418e-102,1.25676088326329
0,1,0,1,0,1,1,0,0,0,0,1,0,0,1.38968411248693e-113,0,0.540422489940797,0,0.178421678657301,0.408157597982165,0,0,0,0,4.51993698189759e-87,1.0120683573576
1,1,0,1,0,1,1,0,0,0,0,1,0,0.313934362757649,1.76721746637724e-97,0,0.501835452974002,0,0.0904669729616067,0.312481356334604,0,0,0,0,7.59021338169048e-102,1.25676088326329
0,0,1,1,0,1,1,0,0,0,0,1,0,0,0,2.75316066429919e-66,0.540422489940794,0,0.178421678657303,0.408157597982165,0,0,0,0,3.71194436177005e-87,1.01206835735761
1,0,1,1,0,1,1,0,0,0,0,1,0,0.313934362757649,0,5.23592859976502e-53,0.501835452974002,0,0.0904669729616067,0.312481356334604,0,0,0,0,6.1342174957299e-102,1.25676088326329
0,1,1,1,0,1,1,0,0,0,0,1,0,0,1.36944140648309e-113,3.2828214283111e-66,0.540422489940794,0,0.178421678657303,0.408157597982165,0,0,0,0,4.67457508148753e-87,1.01206835735761
1,1,1,1,0,1,1,0,0,0,0,1,0,0.313934362757649,1.7407993580366e-97,6.30684961742004e-53,0.501835452974002,0,0.0904669729616067,0.312481356334604,0,0,0,0,7.89262997248456e-102,1.25676088326329
0,0,0,0,1,1,1,0,0,0,0,1,0,0,0,0,0,0.712265577306137,7.02666269490897e-132,0.322606077105927,0,0,0,0,1.72720626002458e-07,0.620484787045051
1,0,0,0,1,1,1,0,0,0,0,1,0,0.364280835389008,0,0,0,0.635807216015362,3.20119587438798e-149,0.237947705248012,0,0,0,0,3.8858708488763e-62,1.01916992762669
0,1,0,0,1,1,1,0,0,0,0,1,0,0,3.50311121543212e-31,0,0,0.712265571142582,3.05384790957751e-131,0.322606081127814,0,0,0,0,1.93175640440686e-07,0.620485085704609
1,1,0,0,1,1,1,0,0,0,0,1,0,0.364280835389008,2.13824173958575e-29,0,0,0.635807216015361,1.9957258949275e-148,0.237947705248012,0,0,0,0,7.73316703166519e-62,1.01916992762669
0,0,1,0,1,1,1,0,0,0,0,1,0,0,0,4.01538607751908e-29,0,0.712265578805798,4.89314693814101e-131,0.322606076127358,0,0,0,0,1.67743696909579e-07,0.620484714033789
1,0,1,0,1,1,1,0,0,0,0,1,0,0.364280835389008,0,2.05214996234149e-27,0,0.635807216015362,2.4111603109184e-148,0.237947705248012,0,0,0,0,4.03070824191314e-62,1.01916992762669
0,1,1,0,1,1,1,0,0,0,0,1,0,0,2.55423272344985e-31,4.39421505804701e-29,0,0.71226557430255,1.29391068538653e-130,0.322606079065849,0,0,0,0,1.82688643462033e-07,0.620484932862415
1,1,1,0,1,1,1,0,0,0,0,1,0,0.364280835389008,1.46039582730611e-29,2.45690072498975e-27,0,0.635807216015362,8.62755461782361e-148,0.237947705248012,0,0,0,0,6.53325844875261e-62,1.01916992762669
0,0,0,1,1,1,1,0,0,0,0,1,0,0,0,0,0.293678802008254,0.468757436571423,7.4562840373444e-65,0.34368939103363,0,0,0,0,3.02333575989918e-14,1.07911121943596
1,0,0,1,1,1,1,0,0,0,0,1,0,0.335851588538069,0,0,0.236058144339668,0.44604303388734,6.01671831018303e-94,0.261501353083417,0,0,0,0,1.45599714548124e-63,1.35479596427659
0,1,0,1,1,1,1,0,0,0,0,1,0,0,8.32198120309331e-94,0,0.293678802008253,0.468757436571424,9.80790335484683e-65,0.34368939103363,0,0,0,0,3.16957871771627e-14,1.079111219436
1,1,0,1,1,1,1,0,0,0,0,1,0,0.335851588538069,4.62014726226743e-80,0,0.236058144339668,0.44604303388734,9.10096760991627e-94,0.261501353083417,0,0,0,0,1.76435790554586e-63,1.35479596427659
0,0,1,1,1,1,1,0,0,0,0,1,0,0,0,6.41030060625059e-71,0.293678802008255,0.468757436571423,1.41715230085592e-64,0.343689391033629,0,0,0,0,2.80396106500173e-14,1.0791112194359
1,0,1,1,1,1,1,0,0,0,0,1,0,0.335851588538067,0,2.84757213492694e-61,0.236058144339674,0.446043033887334,1.19072210238118e-93,0.261501353083419,0,0,0,0,1.38421928573746e-63,1.35479596427659
0,1,1,1,1,1,1,0,0,0,0,1,0,0,7.49788471662993e-94,7.55326771381758e-71,0.293678802008255,0.468757436571423,1.75029621262863e-64,0.343689391033629,0,0,0,0,2.91761905812348e-14,1.07911121943593
1,1,1,1,1,1,1,0,0,0,0,1,0,0.335851588538067,4.15746891677475e-80,3.41441121599745e-61,0.236058144339674,0.446043033887334,1.66423178059055e-93,0.261501353083419,0,0,0,0,1.62399333813129e-63,1.35479596427659
0,0,0,0,0,0,0,1,0,0,0,1,0,0,0,0,0,0,0,0,4.75627826752056e-63,0,0,0,0.382017050024126,1.77469869863215e-60
1,0,0,0,0,0,0,1,0,0,0,1,0,0.269028295678878,0,0,0,0,0,0,1.13852484386766e-71,0,0,0,0.153275925533447,0.655097466347388
0,1,0,0,0,0,0,1,0,0,0,1,0,0,0.513173850066245,0,0,0,0,0,4.75627924491487e-63,0,0,0,0.382017050024126,0.682375468276941
1,1,0,0,0,0,0,1,0,0,0,1,0,0.269028295678878,0.517014062788843,0,0,0,0,0,1.13853143049458e-71,0,0,0,0.153275925533447,0.98257792168706
0,0,1,0,0,0,0,1,0,0,0,1,0,0,0,0.531635853896199,0,0,0,0,4.75627889846096e-63,0,0,0,0.382017050024126,0.67967810877571
1,0,1,0,0,0,0,1,0,0,0,1,0,0.269028295678878,0,0.527505813411478,0,0,0,0,1.13852445415216e-71,0,0,0,0.153275925533447,0.97826983146062
0,1,1,0,0,0,0,1,0,0,0,1,0,0,5.83208423132314e-27,0.531635853896197,0,0,0,0,4.75742784912382e-63,0,0,0,0.382017050024126,0.67967810877571
1,1,1,0,0,0,0,1,0,0,0,1,0,0.269028295678878,2.84299228758323e-24,0.527505813411476,0,0,0,0,1.13909033802557e-71,0,0,0,0.153275925533447,0.978269831460621
0,0,0,1,0,0,0,1,0,0,0,1,0,0,0,0,0.522990777950013,0,0,0,4.75627899494276e-63,0,0,0,0.382017050024126,0.680965374358565
1,0,0,1,0,0,0,1,0,0,0,1,0,0.269028295678878,0,0,0.537574563423307,0,0,0,1.13852481737114e-71,0,0,0,0.153275925533447,0.974133050573838
0,1,0,1,0,0,0,1,0,0,0,1,0,0,1.04116996244912e-46,0,0.522990777950011,0,0,0,4.75666430187454e-63,0,0,0,0.382017050024126,0.680965374358565
1,1,0,1,0,0,0,1,0,0,0,1,0,0.269028295678878,2.95461877252252e-51,0,0.537574563423306,0,0,0,1.13871013199034e-71,0,0,0,0.153275925533447,0.974133050573838
0,0,1,1,0,0,0,1,0,0,0,1,0,0,0,0.266397646767766,0.294900652855119,0,0,0,4.75703617523962e-63,0,0,0,0.382017050024126,1.08665042848421
1,0,1,1,0,0,0,1,0,0,0,1,0,0.269028295678878,0,0.19138458546383,0.373710750925986,0,0,0,1.13955798312764e-71,0,0,0,0.153275925533447,1.32919902337918
0,1,1,1,0,0,0,1,0,0,0,1,0,0,1.65758361432306e-50,0.266397646767766,0.294900652855119,0,0,0,4.7581274231556e-63,0,0,0,0.382017050024126,1.08665042848421
1,1,1,1,0,0,0,1,0,0,0,1,0,0.269028295678878,5.46334847845781e-54,0.191384585463841,0.373710750925976,0,0,0,1.13958917639949e-71,0,0,0,0.153275925533447,1.32919902337919
0,0,0,0,1,0,0,1,0,0,0,1,0,0,0,0,0,0.576394059436311,0,0,1.34143487556897e-89,0,0,0,0.382017050024126,0.672437519806545
1,0,0,0,1,0,0,1,0,0,0,1,0,0.358810006518177,0,0,0,0.599289633552522,0,0,1.96232200499183e-102,0,0,0,0.076939087267963,0.876859508164847
0,1,0,0,1,0,0,1,0,0,0,1,0,0,0.18780827308148,0,0,0.429780052104246,0,0,8.64378743790969e-83,0,0,0,0.382017050024126,1.04464838796891
1,1,0,0,1,0,0,1,0,0,0,1,0,0.339973668030692,0.159519210714864,0,0,0.47355776361922,0,0,7.20086119406578e-96,0,0,0,0.0929546711902478,1.22189375541442
0,0,1,0,1,0,0,1,0,0,0,1,0,0,0,0.531635853826271,0,9.44649959761784e-11,0,0,1.43656911157943e-63,0,0,0,0.382017050024126,0.679678111196659
1,0,1,0,1,0,0,1,0,0,0,1,0,0.269038704228385,0,0.527457393422241,0,6.7548511430983e-05,0,0,9.30514253977983e-73,0,0,0,0.153266394634344,0.978965125656642
0,1,1,0,1,0,0,1,0,0,0,1,0,0,8.59092922427038e-27,0.531635853821343,0,1.01121058041794e-10,0,0,1.4771702427147e-63,0,0,0,0.382017050024126,0.679678111359705
1,1,1,0,1,0,0,1,0,0,0,1,0,0.269039067207281,5.8291432199927e-24,0.527455704900221,0,6.99040654395386e-05,0,0,9.38186364124833e-73,0,0,0,0.153266062227962,0.978986848608098
0,0,0,1,1,0,0,1,0,0,0,1,0,0,0,0,0.314769136781806,0.31406258846066,0,0,1.42708153079349e-77,0,0,0,0.382017050024126,1.09422984589174
1,0,0,1,1,0,0,1,0,0,0,1,0,0.318063214108182,0,0,0.323230568690752,0.327306285679657,0,0,1.62724160254977e-88,0,0,0,0.111584019659668,1.31733895885929
0,1,0,1,1,0,0,1,0,0,0,1,0,0,2.07698285122164e-39,0,0.314769136781806,0.31406258846066,0,0,1.59254153470421e-77,0,0,0,0.382017050024126,1.09422984589174
1,1,0,1,1,0,0,1,0,0,0,1,0,0.318063214108182,1.82265719970846e-44,0,0.323230568690753,0.327306285679657,0,0,1.83042438244223e-88,0,0,0,0.111584019659668,1.31733895885929
0,0,1,1,1,0,0,1,0,0,0,1,0,0,0,0.214352978701578,0.268190705814329,0.107498212457183,0,0,2.62922084224584e-68,0,0,0,0.382017050024126,1.29920245258667
1,0,1,1,1,0,0,1,0,0,0,1,0,0.312228539502304,0,0.0401158213440363,0.314376020998944,0.288371530715863,0,0,1.04168472186607e-85,0,0,0,0.116551023487206,1.43657616436224
0,1,1,1,1,0,0,1,0,0,0,1,0,0,4.29906515669825e-47,0.21435301401282,0.268190713238014,0.107498156233482,0,0,2.86489034538319e-68,0,0,0,0.382017050024126,1.29920240800724
1,1,1,1,1,0,0,1,0,0,0,1,0,0.312226181118744,2.15402632024307e-46,0.0401311719869165,0.314372958388364,0.288356004898957,0,0,1.15514986086028e-85,0,0,0,0.116553143240515,1.4366070313564
0,0,0,0,0,1,0,1,0,0,0,1,0,0,0,0,0,0,0.306606495780451,0,0.185161547666533,0,0,0,6.84201554719707e-22,0.66233583754463
1,0,0,0,0,1,0,1,0,0,0,1,0,0.352095290900256,0,0,0,0,0.167345307651026,0,1.92209363839754e-39,0,0,0,2.73758455184852e-28,0.628490225420089
0,1,0,0,0,1,0,1,0,0,0,1,0,0,0.483765192675534,0,0,0,0.306606495780451,0,0.185161547666533,0,0,0,6.84201502988875e-22,1.02699820741508
1,1,0,0,0,1,0,1,0,0,0,1,0,0.352095290900256,0.48469887273194,0,0,0,0.167345307651026,0,1.92209342844092e-39,0,0,0,2.73758447321322e-28,1.01766605699238
0,0,1,0,0,1,0,1,0,0,0,1,0,0,0,0.526082132321528,0,0,0.306606495780451,0,0.185161547666533,0,0,0,6.84201509573127e-22,1.01258229323584
1,0,1,0,0,1,0,1,0,0,0,1,0,0.352095290900256,0,0.503380196051605,0,0,0.167345307651026,0,1.92209331147111e-39,0,0,0,2.73758440821602e-28,1.01220330910497
0,1,1,0,0,1,0,1,0,0,0,1,0,0,3.43757662331326e-34,0.526082132321528,0,0,0.306606495780451,0,0.185161547666533,0,0,0,6.84201500309374e-22,1.01258229323584
1,1,1,0,0,1,0,1,0,0,0,1,0,0.352095290900256,5.70307316309357e-26,0.503380196051603,0,0,0.167345307651026,0,1.92212327448191e-39,0,0,0,2.73759992618221e-28,1.01220330910497
0,0,0,1,0,1,0,1,0,0,0,1,0,0,0,0,0.535335167139234,0,0.306606495780451,0,0.185161547666533,0,0,0,6.8420149611924e-22,1.00936790174467
1,0,0,1,0,1,0,1,0,0,0,1,0,0.352095290900256,0,0,0.522778575534091,0,0.167345307651026,0,1.92209329432848e-39,0,0,0,2.73758440114032e-28,1.00638071302211
0,1,0,1,0,1,0,1,0,0,0,1,0,0,9.48314697572405e-61,0,0.535335167139234,0,0.306606495780451,0,0.185161547666533,0,0,0,6.8420150418025e-22,1.00936790174467
1,1,0,1,0,1,0,1,0,0,0,1,0,0.352095290900256,1.29151689550156e-55,0,0.522778575534091,0,0.167345307651026,0,1.92209269527844e-39,0,0,0,2.73758410308219e-28,1.00638071302211
0,0,1,1,0,1,0,1,0,0,0,1,0,0,0,0.19395273659455,0.369272499209901,0,0.306606495780451,0,0.185161547666533,0,0,0,6.84208829727493e-22,1.34333753905257
1,0,1,1,0,1,0,1,0,0,0,1,0,0.352095290900256,0,0.144333752558011,0.3991997674029,0,0.167345307651026,0,1.92231380452331e-39,0,0,0,2.73769823766209e-28,1.29596175195017
0,1,1,1,0,1,0,1,0,0,0,1,0,0,1.52101804035264e-63,0.193952736594559,0.369272499209893,0,0.306606495780451,0,0.185161547666533,0,0,0,6.84208690217515e-22,1.34333753905258
1,1,1,1,0,1,0,1,0,0,0,1,0,0.352095290900256,1.0576423947125e-57,0.144333752558623,0.399199767402339,0,0.167345307651026,0,1.92231847955417e-39,0,0,0,2.7377010675068e-28,1.29596175195074
0,0,0,0,1,1,0,1,0,0,0,1,0,0,0,0,0,0.576394059436311,2.36541489025155e-151,0,4.02272071200429e-89,0,0,0,0.382017050024126,0.672437519806545
1,0,0,0,1,1,0,1,0,0,0,1,0,0.358810006518177,0,0,0,0.599289633552522,8.96708546061093e-132,0,5.65277876191149e-102,0,0,0,0.076939087267963,0.876859508164847
0,1,0,0,1,1,0,1,0,0,0,1,0,0,0.18780827308148,0,0,0.429780052104246,2.87823924237394e-109,0,3.47813265185588e-82,0,0,0,0.382017050024126,1.04464838796891
1,1,0,0,1,1,0,1,0,0,0,1,0,0.339973668030692,0.159519210714864,0,0,0.47355776361922,6.9168701239742e-97,0,2.64345780706463e-95,0,0,0,0.0929546711902478,1.22189375541442
0,0,1,0,1,1,0,1,0,0,0,1,0,0,0,0.54021916005168,0,1.79559368715796e-10,0.144918489706318,0,9.89403362852614e-12,0,0,0,0.225630031218908,0.94797246136789
1,0,1,0,1,1,0,1,0,0,0,1,0,0.34818758614723,0,0.495225170539603,0,0.018976333231728,0.153747784845659,0,2.44839306653762e-43,0,0,0,2.36589818981619e-19,1.0773564842223
0,1,1,0,1,1,0,1,0,0,0,1,0,0,8.42414491715953e-29,0.54021916021041,0,1.92916951552478e-10,0.14491849110267,0,2.88120567507092e-11,0,0,0,0.225630029462742,0.947972462600683
1,1,1,0,1,1,0,1,0,0,0,1,0,0.34818041747422,3.50409316107697e-25,0.495211110181957,0,0.0190094249890387,0.153723522016509,0,4.07182338206668e-43,0,0,0,2.73233227810846e-19,1.07743664135863
0,0,0,1,1,1,0,1,0,0,0,1,0,0,0,0,0.314769136781806,0.31406258846066,6.915248549104e-77,0,6.44982593831814e-77,0,0,0,0.382017050024126,1.09422984589174
1,0,0,1,1,1,0,1,0,0,0,1,0,0.318063214108185,0,0,0.323230568690746,0.327306285679665,1.39417857510741e-57,0,6.65193428362824e-88,0,0,0,0.111584019659666,1.31733895885929
0,1,0,1,1,1,0,1,0,0,0,1,0,0,1.72731814077206e-39,0,0.314769136781806,0.31406258846066,1.35257747870757e-76,0,9.10400888556845e-77,0,0,0,0.382017050024126,1.09422984589174
1,1,0,1,1,1,0,1,0,0,0,1,0,0.318063214108185,1.56538174146706e-44,0,0.323230568690746,0.327306285679665,2.55158040679712e-57,0,9.09751371639746e-88,0,0,0,0.111584019659666,1.31733895885929
0,0,1,1,1,1,0,1,0,0,0,1,0,0,0,0.214352910542289,0.268190691484908,0.107498320982473,7.07064045433537e-20,0,2.46692092500825e-67,0,0,0,0.382017050024126,1.29920253863558
1,0,1,1,1,1,0,1,0,0,0,1,0,0.312233756488956,0,0.0400818615004745,0.314382797500979,0.288405875998051,7.32884545549466e-43,0,7.15292833831669e-85,0,0,0,0.116546334696002,1.43650785688643
0,1,1,1,1,1,0,1,0,0,0,1,0,0,3.5799010931933e-47,0.214352932813854,0.26819069616714,0.107498285521032,1.07500356807471e-19,0,3.43820275822912e-67,0,0,0,0.382017050024126,1.29920251051848
1,1,1,1,1,1,0,1,0,0,0,1,0,0.312232112418045,1.90299190237071e-46,0.040092563931862,0.314380661715877,0.288395052407083,1.14404701622865e-42,0,9.75917037629597e-85,0,0,0,0.116547812264752,1.43652938711214
0,0,0,0,0,0,1,1,0,0,0,1,0,0,0,0,0,0,0,0.345527057690988,1.30549835290119e-226,0,0,0,9.4719675415274e-15,8.83472068771762e-13
1,0,0,0,0,0,1,1,0,0,0,1,0,0.269028295678878,0,0,0,0,0,0.281188172153536,9.34379403020448e-271,0,0,0,1.42494129610996e-54,0.692902951959963
0,1,0,0,0,0,1,1,0,0,0,1,0,0,0.475370164578972,0,0,0,0,0.203467049671698,1.14972901351393e-147,0,0,0,0.129687799104266,0.953021652744834
1,1,0,0,0,0,1,1,0,0,0,1,0,0.269028295678878,0.496387948059536,0,0,0,0,0.11101389639175,1.31490580301969e-119,0,0,0,0.0156022697371077,1.0177877914103
0,0,1,0,0,0,1,1,0,0,0,1,0,0,0,0.436699037995983,0,0,0,0.319583032595515,3.097612384639e-203,0,0,0,1.48033822197952e-06,0.681134709389546
1,0,1,0,0,0,1,1,0,0,0,1,0,0.269028295678878,0,0.399346242924247,0,0,0,0.257463001701322,1.18376296905511e-248,0,0,0,1.08103453325042e-46,1.07771883105994
0,1,1,0,0,0,1,1,0,0,0,1,0,0,5.84654278602671e-14,0.436698770180209,0,0,0,0.319583149112217,3.02828923889405e-202,0,0,0,2.02020894918734e-06,0.681143563678389
1,1,1,0,0,0,1,1,0,0,0,1,0,0.269028295678878,2.78015588016308e-13,0.399346242924114,0,0,0,0.257463001701225,9.7951934373666e-247,0,0,0,4.63011752961518e-46,1.07771883106859
0,0,0,1,0,0,1,1,0,0,0,1,0,0,0,0,0.599505650674255,0,0,0.372569325919158,1.50097515796673e-251,0,0,0,1.37853421087683e-23,0.665643333264532
1,0,0,1,0,0,1,1,0,0,0,1,0,0.269028295678878,0,0,0.541478805374551,0,0,0.305612987963596,1.49344671903027e-293,0,0,0,1.06415824474331e-62,1.04853265862421
0,1,0,1,0,0,1,1,0,0,0,1,0,0,2.00637334975688e-108,0,0.599505650674255,0,0,0.372569325919158,3.25263095499131e-251,0,0,0,1.60150950128347e-23,0.665643333264532
1,1,0,1,0,0,1,1,0,0,0,1,0,0.269028295678878,8.59697787083152e-97,0,0.541478805374551,0,0,0.305612987963596,4.89977613412424e-293,0,0,0,1.53727720564595e-62,1.04853265862421
0,0,1,1,0,0,1,1,0,0,0,1,0,0,0,2.97984415137367e-56,0.599505650674255,0,0,0.372569325919158,2.00151850858469e-251,0,0,0,1.47495744168431e-23,0.665643333264532
1,0,1,1,0,0,1,1,0,0,0,1,0,0.269028295678878,0,4.54758193147597e-49,0.541478805374551,0,0,0.305612987963595,2.31621776856995e-293,0,0,0,1.2247590921813e-62,1.04853265862421
0,1,1,1,0,0,1,1,0,0,0,1,0,0,1.9740404256573e-108,3.58071905825758e-56,0.599505650674255,0,0,0.372569325919158,3.6860572519654e-251,0,0,0,1.65831220450467e-23,0.665643333264532
1,1,1,1,0,0,1,1,0,0,0,1,0,0.269028295678878,8.44815945194532e-97,5.57994952207959e-49,0.541478805374551,0,0,0.305612987963595,5.97072573852639e-293,0,0,0,1.64114275845961e-62,1.04853265862421
0,0,0,0,1,0,1,1,0,0,0,1,0,0,0,0,0,0.712265573962306,0,0.322606079287867,1.16134071914272e-238,0,0,0,1.83817810971911e-07,0.620484949346778
1,0,0,0,1,0,1,1,0,0,0,1,0,0.364280835389008,0,0,0,0.635807216015362,0,0.237947705248012,7.45920538182683e-297,0,0,0,6.37906407626202e-62,1.01916992762669
0,1,0,0,1,0,1,1,0,0,0,1,0,0,3.5108245063275e-31,0,0,0.712265567732104,0,0.322606083353243,4.17369091570136e-238,0,0,0,2.04494008152627e-07,0.620485250046851
1,1,0,0,1,0,1,1,0,0,0,1,0,0.364280835389008,2.29786893034265e-29,0,0,0.635807216015361,0,0.237947705248012,9.73742504514576e-296,0,0,0,1.44030337795144e-61,1.01916992762669
0,0,1,0,1,0,1,1,0,0,0,1,0,0,0,4.0023029687332e-29,0,0.712265573629752,0,0.322606079504868,1.75603857322057e-238,0,0,0,1.84921458795904e-07,0.62048496545211
1,0,1,0,1,0,1,1,0,0,0,1,0,0.364280835389008,0,2.24503434495943e-27,0,0.635807216015362,0,0.237947705248012,1.46471917708167e-296,0,0,0,7.71971647406047e-62,1.01916992762669
0,1,1,0,1,0,1,1,0,0,0,1,0,0,2.53808275644162e-31,4.39150906237293e-29,0,0.712265568992168,0,0.322606082531018,4.56902773695595e-238,0,0,0,2.00312229162543e-07,0.620485189399938
1,1,1,0,1,0,1,1,0,0,0,1,0,0.364280835389008,1.55784764370385e-29,2.75094839799161e-27,0,0.635807216015362,0,0.237947705248012,9.334725694882e-296,0,0,0,1.39465386681892e-61,1.01916992762669
0,0,0,1,1,0,1,1,0,0,0,1,0,0,0,0,0.293678802008249,0.468757436571425,0,0.343689391033631,1.50618237528218e-246,0,0,0,3.83950171857356e-14,1.07911121943618
1,0,0,1,1,0,1,1,0,0,0,1,0,0.335851588538069,0,0,0.236058144339668,0.44604303388734,0,0.261501353083417,5.14349207825732e-299,0,0,0,2.82579480154227e-63,1.35479596427659
0,1,0,1,1,0,1,1,0,0,0,1,0,0,9.59471156570923e-94,0,0.293678802008248,0.468757436571425,0,0.343689391033631,2.54447359574869e-246,0,0,0,4.08536462893216e-14,1.07911121943625
1,1,0,1,1,0,1,1,0,0,0,1,0,0.335851588538069,4.81481213286918e-80,0,0.236058144339668,0.44604303388734,0,0.261501353083417,1.23824158113914e-298,0,0,0,3.69807853777758e-63,1.35479596427659
0,0,1,1,1,0,1,1,0,0,0,1,0,0,0,7.10346000428243e-71,0.293678802008249,0.468757436571425,0,0.343689391033631,1.79644815828901e-246,0,0,0,3.84882078078335e-14,1.07911121943618
1,0,1,1,1,0,1,1,0,0,0,1,0,0.335851588538067,0,3.06925702435346e-61,0.236058144339674,0.446043033887334,0,0.261501353083419,6.7543776247681e-299,0,0,0,3.05055288832019e-63,1.35479596427659
0,1,1,1,1,0,1,1,0,0,0,1,0,0,8.72941969726682e-94,8.54295091273593e-71,0.293678802008248,0.468757436571425,0,0.343689391033631,2.81388584145182e-246,0,0,0,4.06157311501491e-14,1.07911121943624
1,1,1,1,1,0,1,1,0,0,0,1,0,0.335851588538067,4.30204048767611e-80,3.74833099163718e-61,0.236058144339674,0.446043033887334,0,0.261501353083419,1.44436111032043e-298,0,0,0,3.84224720036005e-63,1.35479596427659
0,0,0,0,0,1,1,1,0,0,0,1,0,0,0,0,0,0,0.185100435175947,0.385212346618895,1.4332048608489e-262,0,0,0,1.61149567554831e-81,0.630258635054926
1,0,0,0,0,1,1,1,0,0,0,1,0,0.316635212877443,0,0,0,0,0.0959080581123554,0.290365402929697,7.05232308274955e-298,0,0,0,7.97379583437781e-97,0.996218496394466
0,1,0,0,0,1,1,1,0,0,0,1,0,0,0.406871875366825,0,0,0,0.223954666324563,0.251726405374788,5.52332545448886e-138,0,0,0,3.28147756138889e-48,1.06278020644889
1,1,0,0,0,1,1,1,0,0,0,1,0,0.333620506574271,0.408427959036164,0,0,0,0.130126332068979,0.15128106010943,9.36613964258306e-175,0,0,0,3.54256238308435e-64,1.27680699898152
0,0,1,0,0,1,1,1,0,0,0,1,0,0,0,0.346922611314124,0,0,0.190747265090753,0.365812338333051,1.94015196352866e-244,0,0,0,1.13006453062907e-76,1.06197250315764
1,0,1,0,0,1,1,1,0,0,0,1,0,0.319080277746698,0,0.344938235859653,0,0,0.100833842795931,0.270343951045312,3.98129275054077e-280,0,0,0,4.06366876990338e-92,1.30643250519031
0,1,1,0,0,1,1,1,0,0,0,1,0,0,2.04550846863636e-14,0.346922611314111,0,0,0.190747265090756,0.365812338333045,8.57484457398292e-243,0,0,0,3.09883819376879e-76,1.06197250315835
1,1,1,0,0,1,1,1,0,0,0,1,0,0.319080277746711,2.34908930586299e-13,0.344938235859524,0,0,0.100833842795956,0.270343951045233,2.39194312167221e-278,0,0,0,1.18117179394626e-91,1.30643250519689
0,0,0,1,0,1,1,1,0,0,0,1,0,0,0,0,0.540422489940797,0,0.178421678657301,0.408157597982165,4.88801995015658e-284,0,0,0,2.9578062257639e-87,1.0120683573576
1,0,0,1,0,1,1,1,0,0,0,1,0,0.313934362757649,0,0,0.501835452974002,0,0.0904669729616067,0.312481356334604,1.62687368652979e-317,0,0,0,4.9527847184716e-102,1.25676088326329
0,1,0,1,0,1,1,1,0,0,0,1,0,0,1.38156308242345e-113,0,0.540422489940797,0,0.178421678657301,0.408157597982165,1.32214725203895e-283,0,0,0,3.88244296357716e-87,1.0120683573576
1,1,0,1,0,1,1,1,0,0,0,1,0,0.313934362757649,1.76982309389994e-97,0,0.501835452974002,0,0.0904669729616067,0.312481356334604,5.04865080947738e-317,0,0,0,6.70072214937923e-102,1.25676088326329
0,0,1,1,0,1,1,1,0,0,0,1,0,0,0,2.76596527886497e-66,0.540422489940794,0,0.178421678657303,0.408157597982165,6.78060547989896e-284,0,0,0,3.23017310639439e-87,1.01206835735761
1,0,1,1,0,1,1,1,0,0,0,1,0,0.313934362757649,0,5.27074699569927e-53,0.501835452974002,0,0.0904669729616067,0.312481356334604,2.35183992382365e-317,0,0,0,5.46210904353418e-102,1.25676088326329
0,1,1,1,0,1,1,1,0,0,0,1,0,0,1.3619384091695e-113,3.29005036146207e-66,0.540422489940794,0,0.178421678657303,0.408157597982165,1.50819419071407e-283,0,0,0,4.01592787069073e-87,1.01206835735761
1,1,1,1,0,1,1,1,0,0,0,1,0,0.313934362757649,1.74375312835107e-97,6.33729382120523e-53,0.501835452974002,0,0.0904669729616067,0.312481356334604,5.85609933008186e-317,0,0,0,6.96875334206419e-102,1.25676088326329
0,0,0,0,1,1,1,1,0,0,0,1,0,0,0,0,0,0.712265577990006,7.72610319213832e-132,0.322606076659684,3.13877015198814e-238,0,0,0,1.70451067786497e-07,0.620484753768196
1,0,0,0,1,1,1,1,0,0,0,1,0,0.364280835389008,0,0,0,0.635807216015362,3.34167076112906e-149,0.237947705248012,8.01081113824625e-297,0,0,0,3.63474926751161e-62,1.01916992762669
0,1,0,0,1,1,1,1,0,0,0,1,0,0,3.47777552707835e-31,0,0,0.712265571853641,3.2607664557059e-131,0.322606080663829,1.37154249978686e-237,0,0,0,1.9081584767671e-07,0.620485051360994
1,1,0,0,1,1,1,1,0,0,0,1,0,0.364280835389008,2.09951966920388e-29,0,0,0.635807216015361,2.00680284626521e-148,0.237947705248012,8.75002124610392e-296,0,0,0,7.11110706591488e-62,1.01916992762669
0,0,1,0,1,1,1,1,0,0,0,1,0,0,0,4.02514568766043e-29,0,0.712265579646272,5.18994940481711e-131,0.322606075578925,5.53194093298124e-238,0,0,0,1.64954410103051e-07,0.620484673052984
1,0,1,0,1,1,1,1,0,0,0,1,0,0.364280835389008,0,2.02759434581977e-27,0,0.635807216015362,2.43046123222839e-148,0.237947705248012,1.41717353553893e-296,0,0,0,3.74932837646707e-62,1.01916992762669
0,1,1,0,1,1,1,1,0,0,0,1,0,0,2.53651245819061e-31,4.39901626821242e-29,0,0.712265575193676,1.35515843746717e-130,0.322606078484365,1.7040426522385e-237,0,0,0,1.79731259434509e-07,0.620484889656422
1,1,1,0,1,1,1,1,0,0,0,1,0,0.364280835389008,1.43789008422459e-29,2.41814892632296e-27,0,0.635807216015362,8.50256365527217e-148,0.237947705248012,7.9814820246763e-296,0,0,0,6.00579084215146e-62,1.01916992762669
0,0,0,1,1,1,1,1,0,0,0,1,0,0,0,0,0.293678802008255,0.468757436571423,7.77970551217154e-65,0.34368939103363,4.07352042535783e-246,0,0,0,2.92505407955758e-14,1.07911121943593
1,0,0,1,1,1,1,1,0,0,0,1,0,0.335851588538069,0,0,0.236058144339668,0.44604303388734,6.01269064032806e-94,0.261501353083417,5.14208538162462e-299,0,0,0,1.35830796559227e-63,1.35479596427659
0,1,0,1,1,1,1,1,0,0,0,1,0,0,8.35925523447071e-94,0,0.293678802008254,0.468757436571424,1.02165578437303e-64,0.34368939103363,7.72607230229911e-246,0,0,0,3.06092618146763e-14,1.07911121943597
1,1,0,1,1,1,1,1,0,0,0,1,0,0.335851588538069,4.65931899446712e-80,0,0.236058144339668,0.44604303388734,9.03729925250125e-94,0.261501353083417,1.19493118229527e-298,0,0,0,1.63622579497928e-63,1.35479596427659
0,0,1,1,1,1,1,1,0,0,0,1,0,0,0,6.48334071774896e-71,0.293678802008256,0.468757436571423,1.45955779546839e-64,0.343689391033629,5.31651439112237e-246,0,0,0,2.69906110146029e-14,1.07911121943587
1,0,1,1,1,1,1,1,0,0,0,1,0,0.335851588538067,0,2.86688993138472e-61,0.236058144339674,0.446043033887334,1.17744448915762e-93,0.261501353083419,6.20716129674988e-299,0,0,0,1.28743840396769e-63,1.35479596427659
0,1,1,1,1,1,1,1,0,0,0,1,0,0,7.53868530188068e-94,7.6224450452391e-71,0.293678802008255,0.468757436571423,1.80051196547534e-64,0.343689391033629,9.2458341218532e-246,0,0,0,2.80261488198711e-14,1.0791112194359
1,1,1,1,1,1,1,1,0,0,0,1,0,0.335851588538067,4.19743796501282e-80,3.42966915358599e-61,0.236058144339674,0.446043033887334,1.63738814316942e-93,0.261501353083419,1.28163333256453e-298,0,0,0,1.50258205473872e-63,1.35479596427659
0,0,0,0,0,0,0,0,1,0,0,1,0,0,0,0,0,0,0,0,0,0.0648207469802951,0,0,0.26968333151589,0.491660144996463
1,0,0,0,0,0,0,0,1,0,0,1,0,0.416951067690221,0,0,0,0,0,0,0,0.19479489243204,0,0,3.37001439555813e-85,0.625676170285289
0,1,0,0,0,0,0,0,1,0,0,1,0,0,0.562402955639252,0,0,0,0,0,0,0.569259166138057,0,0,2.02962074496115e-161,0.693128827546306
1,1,0,0,0,0,0,0,1,0,0,1,0,0.640897248548448,0.387453969778068,0,0,0,0,0,0,0.489702644752273,0,0,1.44938326849866e-266,1.07756420868573
0,0,1,0,0,0,0,0,1,0,0,1,0,0,0,0.535934623446373,0,0,0,0,0,0.663317991239174,0,0,1.21455890726423e-203,0.687495290621396
1,0,1,0,0,0,0,0,1,0,0,1,0,0.681564758125195,0,0.353974870123195,0,0,0,0,0,0.543256421806114,0,0,8.4909290096293e-299,1.06496250697098
0,1,1,0,0,0,0,0,1,0,0,1,0,0,1.40694012413416e-17,0.535934623446373,0,0,0,0,0,0.663317991239174,0,0,1.55247923642508e-208,0.687495290621397
1,1,1,0,0,0,0,0,1,0,0,1,0,0.681564758127995,1.33631886336518e-10,0.353974870023427,0,0,0,0,0,0.54325642180968,0,0,2.59735261636201e-309,1.06496250890096
0,0,0,1,0,0,0,0,1,0,0,1,0,0,0,0,0.535756039946728,0,0,0,0,0.905885434576147,0,0,8.69629936508728e-311,0.65981706811642
1,0,0,1,0,0,0,0,1,0,0,1,0,0.810092396239883,0,0,0.353681770766746,0,0,0,0,0.712510466336692,0,0,1.97626258336499e-323,1.04486271452179
0,1,0,1,0,0,0,0,1,0,0,1,0,0,1.67091159887777e-52,0,0.535756039946728,0,0,0,0,0.905885434576147,0,0,1.75014192268681e-311,0.65981706811642
1,1,0,1,0,0,0,0,1,0,0,1,0,0.810092396239882,5.17635898017781e-46,0,0.353681770766745,0,0,0,0,0.712510466336692,0,0,1.97626258336499e-323,1.04486271452179
0,0,1,1,0,0,0,0,1,0,0,1,0,0,0,0.0410205135488438,0.501863555281788,0,0,0,0,0.897161899245381,0,0,1.61834092579328e-316,0.763526096933691
1,0,1,1,0,0,0,0,1,0,0,1,0,0.810092396239882,0,4.31023915416719e-15,0.353681770766742,0,0,0,0,0.712510466336691,0,0,1.97626258336499e-323,1.04486271452186
0,1,1,1,0,0,0,0,1,0,0,1,0,0,1.44575976182023e-53,0.0410208447730137,0.501863277667744,0,0,0,0,0.897161823084341,0,0,2.64284305762064e-316,0.763526699107887
1,1,1,1,0,0,0,0,1,0,0,1,0,0.810092396239881,4.53689897032211e-46,4.44662789957938e-15,0.353681770766742,0,0,0,0,0.712510466336691,0,0,1.97626258336499e-323,1.04486271452186
0,0,0,0,1,0,0,0,1,0,0,1,0,0,0,0,0,0.654784114446454,0,0,0,0.513974030419342,0,0,2.20790295021473e-136,0.685872001001721
1,0,0,0,1,0,0,0,1,0,0,1,0,0.719509517379291,0,0,0,0.515327634166497,0,0,0,0.491558381165937,0,0,3.1078932310428e-284,1.08332978985307
0,1,0,0,1,0,0,0,1,0,0,1,0,0,0.17197533205187,0,0,0.516786150073072,0,0,0,0.564074661056393,0,0,2.24444058490721e-162,0.997148178307643
1,1,0,0,1,0,0,0,1,0,0,1,0,0.719509517402348,3.01617474273267e-10,0,0,0.515327633905875,0,0,0,0.491558381246835,0,0,1.89829313266833e-294,1.08332979375021
0,0,1,0,1,0,0,0,1,0,0,1,0,0,0,0.434768328252294,0,0.147087348618419,0,0,0,0.647655887152219,0,0,1.38370688561431e-200,0.959275461234051
1,0,1,0,1,0,0,0,1,0,0,1,0,0.719509542854386,0,6.76109135279461e-07,0,0.515326813406429,0,0,0,0.491558576060387,0,0,7.42848963629305e-295,1.08333549162735
0,1,1,0,1,0,0,0,1,0,0,1,0,0,3.12209172118347e-16,0.434768326599452,0,0.147087350934868,0,0,0,0.647655886846865,0,0,9.46628634730935e-201,0.959275463398331
1,1,1,0,1,0,0,0,1,0,0,1,0,0.719509537594882,1.38770745276339e-10,5.3623958783466e-07,0,0.515326983080668,0,0,0,0.491558535778997,0,0,3.51120575873985e-295,1.08333438592448
0,0,0,1,1,0,0,0,1,0,0,1,0,0,0,0,0.296007405232136,0.388115804125127,0,0,0,0.781240012617164,0,0,7.49554174342749e-264,1.01030952424186
1,0,0,1,1,0,0,0,1,0,0,1,0,0.777977269266948,0,0,0.111768694679855,0.403304702078509,0,0,0,0.590653165531019,0,0,2.47032822920623e-323,1.22646445992118
0,1,0,1,1,0,0,0,1,0,0,1,0,0,1.27810994333848e-44,0,0.296007405232136,0.388115804125127,0,0,0,0.781240012617164,0,0,9.75326183052481e-264,1.01030952424186
1,1,0,1,1,0,0,0,1,0,0,1,0,0.777977269266948,4.50603540365974e-38,0,0.111768694679855,0.403304702078509,0,0,0,0.590653165531019,0,0,2.47032822920623e-323,1.22646445992118
0,0,1,1,1,0,0,0,1,0,0,1,0,0,0,3.26248078422981e-12,0.296007405231798,0.388115804121267,0,0,0,0.78124001261768,0,0,3.92758344052063e-264,1.01030952430047
1,0,1,1,1,0,0,0,1,0,0,1,0,0.777977269266948,0,3.26481086521699e-29,0.111768694679855,0.403304702078509,0,0,0,0.590653165531019,0,0,2.47032822920623e-323,1.22646445992118
0,1,1,1,1,0,0,0,1,0,0,1,0,0,7.75022803112741e-45,3.39464537261918e-12,0.296007405231784,0.388115804121111,0,0,0,0.781240012617701,0,0,4.92315799745355e-264,1.01030952430275
1,1,1,1,1,0,0,0,1,0,0,1,0,0.777977269266948,3.93219122448195e-38,3.4180568520842e-29,0.111768694679855,0.403304702078509,0,0,0,0.590653165531019,0,0,2.47032822920623e-323,1.22646445992118
0,0,0,0,0,1,0,0,1,0,0,1,0,0,0,0,0,0,0.0803686825565427,0,0,0.113331031850784,0,0,0.0988865310746045,1.08893144500044
1,0,0,0,0,1,0,0,1,0,0,1,0,0.416951067690222,0,0,0,0,4.02975860411956e-43,0,0,0.19479489243204,0,0,1.09857500732277e-85,0.625676170285288
0,1,0,0,0,1,0,0,1,0,0,1,0,0,0.562402955639252,0,0,0,9.30212870459509e-163,0,0,0.569259166138057,0,0,1.565239107336e-161,0.693128827546306
1,1,0,0,0,1,0,0,1,0,0,1,0,0.640897248548447,0.387453969778067,0,0,0,3.07189043897535e-208,0,0,0.489702644752272,0,0,1.15551971324676e-266,1.07756420868573
0,0,1,0,0,1,0,0,1,0,0,1,0,0,0,0.535934623446373,0,0,9.20400924776764e-206,0,0,0.663317991239174,0,0,9.50596706830272e-204,0.687495290621396
1,0,1,0,0,1,0,0,1,0,0,1,0,0.681564758125196,0,0.353974870123195,0,0,1.12252216469421e-237,0,0,0.543256421806115,0,0,5.80148092795867e-299,1.06496250697098
0,1,1,0,0,1,0,0,1,0,0,1,0,0,1.3940951062869e-17,0.535934623446373,0,0,1.0116143232788e-210,0,0,0.663317991239174,0,0,1.2903704395861e-208,0.687495290621397
1,1,1,0,0,1,0,0,1,0,0,1,0,0.681564758127986,1.3319939199592e-10,0.35397487002375,0,0,2.70876957981805e-244,0,0,0.543256421809668,0,0,2.06629373570673e-309,1.06496250889499
0,0,0,1,0,1,0,0,1,0,0,1,0,0,0,0,0.535756039946728,0,7.76328072600191e-315,0,0,0.905885434576147,0,0,7.46309015594512e-311,0.65981706811642
1,0,0,1,0,1,0,0,1,0,0,1,0,0.810092396239883,0,0,0.353681770766746,0,2.47032822920623e-323,0,0,0.712510466336693,0,0,1.97626258336499e-323,1.04486271452179
0,1,0,1,0,1,0,0,1,0,0,1,0,0,8.92085025663599e-53,0,0.535756039946728,0,2.96439387504748e-323,0,0,0.905885434576147,0,0,1.13141032897645e-321,0.65981706811642
1,1,0,1,0,1,0,0,1,0,0,1,0,0.810092396239882,5.16120347621621e-46,0,0.353681770766745,0,2.47032822920623e-323,0,0,0.712510466336692,0,0,1.97626258336499e-323,1.04486271452179
0,0,1,1,0,1,0,0,1,0,0,1,0,0,0,0.0410205357495547,0.501863536674365,0,9.96036342015953e-321,0,0,0.897161894140597,0,0,1.45448188046119e-316,0.763526137295224
1,0,1,1,0,1,0,0,1,0,0,1,0,0.810092396239882,0,4.31719405796143e-15,0.353681770766742,0,2.47032822920623e-323,0,0,0.712510466336691,0,0,1.97626258336499e-323,1.04486271452186
0,1,1,1,0,1,0,0,1,0,0,1,0,0,1.43613904585851e-53,0.0410208597182619,0.50186326514145,0,1.63782761596373e-320,0,0,0.897161819647858,0,0,2.36313125068714e-316,0.763526726278693
1,1,1,1,0,1,0,0,1,0,0,1,0,0.810092396239881,4.52660025891784e-46,4.45016337340871e-15,0.353681770766742,0,2.47032822920623e-323,0,0,0.712510466336691,0,0,1.97626258336499e-323,1.04486271452186
0,0,0,0,1,1,0,0,1,0,0,1,0,0,0,0,0,0.654784114446454,5.8120570783068e-315,0,0,0.513974030419342,0,0,1.81244102663181e-136,0.685872001001721
1,0,0,0,1,1,0,0,1,0,0,1,0,0.719509517379291,0,0,0,0.515327634166498,2.47032822920623e-323,0,0,0.491558381165937,0,0,2.49556000372936e-284,1.08332978985307
0,1,0,0,1,1,0,0,1,0,0,1,0,0,0.17197533205187,0,0,0.516786150073072,1.48452162686668e-310,0,0,0.564074661056393,0,0,1.96742684747146e-162,0.997148178307643
1,1,0,0,1,1,0,0,1,0,0,1,0,0.719509517402154,2.99071481792895e-10,0,0,0.515327633908075,2.47032822920623e-323,0,0,0.491558381246152,0,0,1.6828087154779e-294,1.08332979371879
0,0,1,0,1,1,0,0,1,0,0,1,0,0,0,0.434768328205628,0,0.147087348683821,2.52698731074148e-247,0,0,0.647655887143598,0,0,1.2146697182154e-200,0.959275461295156
1,0,1,0,1,1,0,0,1,0,0,1,0,0.719509542642483,0,6.70485183337831e-07,0,0.515326820233607,2.47032822920623e-323,0,0,0.491558574439234,0,0,6.38373257020086e-295,1.08333544744339
0,1,1,0,1,1,0,0,1,0,0,1,0,0,3.10962396641896e-16,0.434768326573935,0,0.147087350970631,1.30127480780999e-247,0,0,0.647655886842151,0,0,8.46447413081605e-201,0.959275463431744
1,1,1,0,1,1,0,0,1,0,0,1,0,0.71950953746295,1.38107421065419e-10,5.32739441067062e-07,0,0.515326987330232,2.47032822920623e-323,0,0,0.491558534769872,0,0,3.03776952242691e-295,1.0833343579494
0,0,0,1,1,1,0,0,1,0,0,1,0,0,0,0,0.296007405232136,0.388115804125127,2.47032822920623e-323,0,0,0.781240012617164,0,0,6.86258994305124e-264,1.01030952424186
1,0,0,1,1,1,0,0,1,0,0,1,0,0.777977269266948,0,0,0.111768694679855,0.403304702078509,1.97626258336499e-323,0,0,0.590653165531019,0,0,2.47032822920623e-323,1.22646445992118
0,1,0,1,1,1,0,0,1,0,0,1,0,0,1.27051100897448e-44,0,0.296007405232136,0.388115804125127,2.47032822920623e-323,0,0,0.781240012617164,0,0,8.94031285358725e-264,1.01030952424186
1,1,0,1,1,1,0,0,1,0,0,1,0,0.777977269266948,4.49402166480268e-38,0,0.111768694679855,0.403304702078509,1.97626258336499e-323,0,0,0.590653165531019,0,0,2.47032822920623e-323,1.22646445992118
0,0,1,1,1,1,0,0,1,0,0,1,0,0,0,3.26587165788634e-12,0.296007405231798,0.388115804121263,2.47032822920623e-323,0,0,0.78124001261768,0,0,3.63688736841983e-264,1.01030952430053
1,0,1,1,1,1,0,0,1,0,0,1,0,0.777977269266948,0,3.26386738795962e-29,0.111768694679855,0.403304702078509,1.97626258336499e-323,0,0,0.590653165531019,0,0,2.47032822920623e-323,1.22646445992118
0,1,1,1,1,1,0,0,1,0,0,1,0,0,7.71869798013899e-45,3.39601949092625e-12,0.296007405231784,0.388115804121109,2.47032822920623e-323,0,0,0.781240012617701,0,0,4.56262212561117e-264,1.01030952430277
1,1,1,1,1,1,0,0,1,0,0,1,0,0.777977269266948,3.92959043726137e-38,3.41395667068938e-29,0.111768694679855,0.403304702078509,1.97626258336499e-323,0,0,0.590653165531019,0,0,2.47032822920623e-323,1.22646445992118
0,0,0,0,0,0,1,0,1,0,0,1,0,0,0,0,0,0,0,0.345527057690986,0,0.168055572396926,0,0,7.79488986630988e-92,0.632193872540058
1,0,0,0,0,0,1,0,1,0,0,1,0,0.418880527168262,0,0,0,0,0,0.245350582858337,0,0.197335737539027,0,0,3.21965022001971e-166,1.04588685886861
0,1,0,0,0,0,1,0,1,0,0,1,0,0,0.45591559524274,0,0,0,0,0.186616506065774,0,0.494480083994745,0,0,3.99068654943283e-192,1.02514687665451
1,1,0,0,0,0,1,0,1,0,0,1,0,0.619995116997151,0.350268050672631,0,0,0,0,0.0751666254709726,0,0.462177278564418,0,0,2.16426861178591e-282,1.21649104672568
0,0,1,0,0,0,1,0,1,0,0,1,0,0,0,0.342255473177365,0,0,0,0.325193651321926,0,0.486297951420366,0,0,7.25223505406295e-229,1.08157025577144
1,0,1,0,0,0,1,0,1,0,0,1,0,0.614895990392232,0,0.262868160149034,0,0,0,0.182855920721107,0,0.455462397515364,0,0,3.74273026125761e-314,1.2862152613493
0,1,1,0,0,0,1,0,1,0,0,1,0,0,4.42423853068413e-06,0.342253168709084,0,0,0,0.325192218119329,0,0.486298984053569,0,0,9.39757690928422e-235,1.08161707545048
1,1,1,0,0,0,1,0,1,0,0,1,0,0.614904890352274,5.11681939497578e-05,0.262840482652331,0,0,0,0.182837144380272,0,0.455473982199633,0,0,2.41018692395348e-314,1.28653143878
0,0,0,1,0,0,1,0,1,0,0,1,0,0,0,0,0.482581502736361,0,0,0.367295156831125,0,0.835914156274976,0,0,1.97626258336499e-323,1.03790424516878
1,0,0,1,0,0,1,0,1,0,0,1,0,0.789044319253964,0,0,0.333530348683293,0,0,0.171869611935018,0,0.684792909150441,0,0,1.97626258336499e-323,1.24612492945393
0,1,0,1,0,0,1,0,1,0,0,1,0,0,4.50702606733028e-101,0,0.482581502736361,0,0,0.367295156831125,0,0.835914156274976,0,0,1.97626258336499e-323,1.03790424516878
1,1,0,1,0,0,1,0,1,0,0,1,0,0.789044319253965,2.39853613461255e-69,0,0.333530348683293,0,0,0.171869611935016,0,0.684792909150441,0,0,1.97626258336499e-323,1.24612492945393
0,0,1,1,0,0,1,0,1,0,0,1,0,0,0,1.20617205943921e-74,0.482581502736361,0,0,0.367295156831125,0,0.835914156274976,0,0,1.97626258336499e-323,1.03790424516878
1,0,1,1,0,0,1,0,1,0,0,1,0,0.789044319253964,0,1.57346375441765e-50,0.333530348683293,0,0,0.171869611935017,0,0.684792909150441,0,0,1.97626258336499e-323,1.24612492945393
0,1,1,1,0,0,1,0,1,0,0,1,0,0,3.6355785944077e-102,1.51580204844474e-74,0.482581502736361,0,0,0.367295156831125,0,0.835914156274976,0,0,1.97626258336499e-323,1.03790424516878
1,1,1,1,0,0,1,0,1,0,0,1,0,0.789044319253964,2.31754476984668e-69,1.97165918500243e-50,0.333530348683293,0,0,0.171869611935017,0,0.684792909150441,0,0,1.97626258336499e-323,1.24612492945393
0,0,0,0,1,0,1,0,1,0,0,1,0,0,0,0,0,0.672968782474368,0,0.323870632593138,0,0.526844804721963,0,0,2.37743844277739e-246,1.05728470435082
1,0,0,0,1,0,1,0,1,0,0,1,0,0.725201214065993,0,0,0,0.522942247997361,0,0.155264608775061,0,0.497551351688233,0,0,2.47032822920623e-323,1.27811423012313
0,1,0,0,1,0,1,0,1,0,0,1,0,0,1.14885104102386e-47,0,0,0.672968782474366,0,0.323870632593137,0,0.526844804721961,0,0,2.71614870391515e-253,1.05728470435082
1,1,0,0,1,0,1,0,1,0,0,1,0,0.725201214065991,1.04356572401442e-43,0,0,0.522942247997358,0,0.155264608775061,0,0.497551351688232,0,0,2.47032822920623e-323,1.27811423012313
0,0,1,0,1,0,1,0,1,0,0,1,0,0,0,9.91673144547801e-57,0,0.672968782474366,0,0.323870632593137,0,0.526844804721961,0,0,1.63933310357336e-253,1.05728470435082
1,0,1,0,1,0,1,0,1,0,0,1,0,0.725201214065991,0,2.57747345302421e-52,0,0.522942247997359,0,0.155264608775062,0,0.497551351688232,0,0,2.47032822920623e-323,1.27811423012313
0,1,1,0,1,0,1,0,1,0,0,1,0,0,8.94742713516391e-48,1.18566229293139e-56,0,0.672968782474366,0,0.323870632593137,0,0.526844804721961,0,0,1.5707601742348e-253,1.05728470435082
1,1,1,0,1,0,1,0,1,0,0,1,0,0.725201214065991,8.56546072751496e-44,3.02052001339141e-52,0,0.522942247997359,0,0.155264608775061,0,0.497551351688232,0,0,2.47032822920623e-323,1.27811423012313
0,0,0,1,1,0,1,0,1,0,0,1,0,0,0,0,0.160163857866946,0.529344894883802,0,0.335717120260958,0,0.671928021908426,0,0,2.96439387504748e-323,1.27353194387727
1,0,0,1,1,0,1,0,1,0,0,1,0,0.754208561399612,0,0,0.0556355403462315,0.467051221025434,0,0.152635602453369,0,0.546776674598621,0,0,2.47032822920623e-323,1.36232849817716
0,1,0,1,1,0,1,0,1,0,0,1,0,0,5.11753323503395e-87,0,0.160163857866946,0.529344894883802,0,0.335717120260958,0,0.671928021908426,0,0,2.96439387504748e-323,1.27353194387727
1,1,0,1,1,0,1,0,1,0,0,1,0,0.754208561399613,8.60345986045602e-58,0,0.0556355403462339,0.467051221025432,0,0.152635602453369,0,0.546776674598623,0,0,2.47032822920623e-323,1.36232849817716
0,0,1,1,1,0,1,0,1,0,0,1,0,0,0,1.12577908128531e-87,0.160163857866946,0.529344894883802,0,0.335717120260958,0,0.671928021908426,0,0,2.96439387504748e-323,1.27353194387727
1,0,1,1,1,0,1,0,1,0,0,1,0,0.75420856139962,0,2.33860112699404e-63,0.0556355403462486,0.467051221025416,0,0.152635602453368,0,0.546776674598635,0,0,2.47032822920623e-323,1.36232849817718
0,1,1,1,1,0,1,0,1,0,0,1,0,0,4.75538279852198e-87,1.38436731173574e-87,0.160163857866946,0.529344894883802,0,0.335717120260958,0,0.671928021908426,0,0,2.96439387504748e-323,1.27353194387727
1,1,1,1,1,0,1,0,1,0,0,1,0,0.754208561399621,8.05713913888302e-58,2.84150347996565e-63,0.0556355403462495,0.467051221025415,0,0.152635602453368,0,0.546776674598636,0,0,2.47032822920623e-323,1.36232849817718
0,0,0,0,0,1,1,0,1,0,0,1,0,0,0,0,0,0,1.29502637116982e-11,0.345527057693886,0,0.168055572394452,0,0,1.25322699436637e-93,0.632193873161013
1,0,0,0,0,1,1,0,1,0,0,1,0,0.418880527168263,0,0,0,0,3.06380942000151e-70,0.245350582858336,0,0.197335737539027,0,0,1.2020152852378e-169,1.04588685886861
0,1,0,0,0,1,1,0,1,0,0,1,0,0,0.45591559524274,0,0,0,1.50606661844477e-149,0.186616506065774,0,0.494480083994745,0,0,2.75002922958971e-192,1.02514687665451
1,1,0,0,0,1,1,0,1,0,0,1,0,0.619995116997151,0.350268050672631,0,0,0,6.26106398373697e-205,0.0751666254709726,0,0.462177278564418,0,0,1.61881800944767e-282,1.21649104672568
0,0,1,0,0,1,1,0,1,0,0,1,0,0,0,0.342255473177365,0,0,1.55352445999551e-157,0.325193651321926,0,0.486297951420366,0,0,5.13608018008505e-229,1.08157025577144
1,0,1,0,0,1,1,0,1,0,0,1,0,0.614895990392232,0,0.262868160149034,0,0,1.93173745348344e-212,0.182855920721107,0,0.455462397515364,0,0,2.97285793101527e-314,1.2862152613493
0,1,1,0,0,1,1,0,1,0,0,1,0,0,4.43276309482468e-06,0.342253164268856,0,0,3.80704022586687e-161,0.325192215357849,0,0.486298986043226,0,0,7.47991666180193e-235,1.08161715826617
1,1,1,0,0,1,1,0,1,0,0,1,0,0.614904906684894,5.12620968007278e-05,0.262840431858056,0,0,1.49625971517559e-213,0.182837109921104,0,0.455474003458731,0,0,1.99370887283212e-314,1.2865319570155
0,0,0,1,0,1,1,0,1,0,0,1,0,0,0,0,0.482581502736361,0,9.06215207602014e-320,0.367295156831125,0,0.835914156274976,0,0,1.97626258336499e-323,1.03790424516878
1,0,0,1,0,1,1,0,1,0,0,1,0,0.789044319253964,0,0,0.333530348683293,0,2.47032822920623e-323,0.171869611935018,0,0.684792909150441,0,0,1.97626258336499e-323,1.24612492945393
0,1,0,1,0,1,1,0,1,0,0,1,0,0,4.29156947017599e-101,0,0.482581502736361,0,5.14025897933233e-320,0.367295156831125,0,0.835914156274976,0,0,1.97626258336499e-323,1.03790424516878
1,1,0,1,0,1,1,0,1,0,0,1,0,0.789044319253965,2.31939557630348e-69,0,0.333530348683293,0,2.47032822920623e-323,0.171869611935016,0,0.684792909150441,0,0,1.97626258336499e-323,1.24612492945393
0,0,1,1,0,1,1,0,1,0,0,1,0,0,0,1.15485200740734e-74,0.482581502736361,0,2.47032822920623e-323,0.367295156831125,0,0.835914156274976,0,0,1.97626258336499e-323,1.03790424516878
1,0,1,1,0,1,1,0,1,0,0,1,0,0.789044319253964,0,1.52582308394396e-50,0.333530348683293,0,2.47032822920623e-323,0.171869611935017,0,0.684792909150441,0,0,1.97626258336499e-323,1.24612492945393
0,1,1,1,0,1,1,0,1,0,0,1,0,0,3.48258462525366e-102,1.44115366980444e-74,0.482581502736361,0,2.47032822920623e-323,0.367295156831125,0,0.835914156274976,0,0,1.97626258336499e-323,1.03790424516878
1,1,1,1,0,1,1,0,1,0,0,1,0,0.789044319253964,2.25216510810254e-69,1.89982191620864e-50,0.333530348683293,0,2.47032822920623e-323,0.171869611935017,0,0.684792909150441,0,0,1.97626258336499e-323,1.24612492945393
0,0,0,0,1,1,1,0,1,0,0,1,0,0,0,0,0,0.672968782474368,2.47032822920623e-323,0.323870632593138,0,0.526844804721963,0,0,1.82209783108162e-246,1.05728470435082
1,0,0,0,1,1,1,0,1,0,0,1,0,0.725201214065993,0,0,0,0.522942247997361,1.97626258336499e-323,0.155264608775061,0,0.497551351688233,0,0,2.47032822920623e-323,1.27811423012313
0,1,0,0,1,1,1,0,1,0,0,1,0,0,1.0678734666256e-47,0,0,0.672968782474366,2.47032822920623e-323,0.323870632593137,0,0.526844804721961,0,0,2.12925466164376e-253,1.05728470435082
1,1,0,0,1,1,1,0,1,0,0,1,0,0.725201214065991,9.78224557885638e-44,0,0,0.522942247997359,1.97626258336499e-323,0.155264608775061,0,0.497551351688232,0,0,2.47032822920623e-323,1.27811423012313
0,0,1,0,1,1,1,0,1,0,0,1,0,0,0,9.20296199545633e-57,0,0.672968782474366,2.47032822920623e-323,0.323870632593137,0,0.526844804721961,0,0,1.32906054662169e-253,1.05728470435082
1,0,1,0,1,1,1,0,1,0,0,1,0,0.725201214065991,0,2.41403842166556e-52,0,0.522942247997359,1.97626258336499e-323,0.155264608775062,0,0.497551351688232,0,0,2.47032822920623e-323,1.27811423012313
0,1,1,0,1,1,1,0,1,0,0,1,0,0,8.44125316140952e-48,1.0930020163171e-56,0,0.672968782474366,2.47032822920623e-323,0.323870632593137,0,0.526844804721961,0,0,1.28976497099453e-253,1.05728470435082
1,1,1,0,1,1,1,0,1,0,0,1,0,0.725201214065991,8.12757703217361e-44,2.81386863493776e-52,0,0.522942247997359,1.97626258336499e-323,0.155264608775061,0,0.497551351688232,0,0,2.47032822920623e-323,1.27811423012313
0,0,0,1,1,1,1,0,1,0,0,1,0,0,0,0,0.160163857866946,0.529344894883802,1.97626258336499e-323,0.335717120260958,0,0.671928021908426,0,0,2.96439387504748e-323,1.27353194387727
1,0,0,1,1,1,1,0,1,0,0,1,0,0.754208561399609,0,0,0.055635540346227,0.467051221025439,1.97626258336499e-323,0.152635602453369,0,0.546776674598617,0,0,2.47032822920623e-323,1.36232849817716
0,1,0,1,1,1,1,0,1,0,0,1,0,0,4.9589175616692e-87,0,0.160163857866946,0.529344894883802,1.97626258336499e-323,0.335717120260958,0,0.671928021908426,0,0,2.96439387504748e-323,1.27353194387727
1,1,0,1,1,1,1,0,1,0,0,1,0,0.75420856139961,8.41245093589537e-58,0,0.0556355403462289,0.467051221025437,1.97626258336499e-323,0.152635602453369,0,0.546776674598619,0,0,2.47032822920623e-323,1.36232849817716
0,0,1,1,1,1,1,0,1,0,0,1,0,0,0,1.08553436394989e-87,0.160163857866946,0.529344894883802,1.97626258336499e-323,0.335717120260958,0,0.671928021908426,0,0,2.96439387504748e-323,1.27353194387727
1,0,1,1,1,1,1,0,1,0,0,1,0,0.754208561399617,0,2.27377688022112e-63,0.0556355403462434,0.467051221025422,1.97626258336499e-323,0.152635602453368,0,0.546776674598631,0,0,2.47032822920623e-323,1.36232849817717
0,1,1,1,1,1,1,0,1,0,0,1,0,0,4.63036557646331e-87,1.32609066324549e-87,0.160163857866946,0.529344894883802,1.97626258336499e-323,0.335717120260958,0,0.671928021908426,0,0,2.96439387504748e-323,1.27353194387727
1,1,1,1,1,1,1,0,1,0,0,1,0,0.754208561399618,7.90781900828265e-58,2.74662934427256e-63,0.055635540346244,0.467051221025421,1.97626258336499e-323,0.152635602453368,0,0.546776674598631,0,0,2.47032822920623e-323,1.36232849817717
0,0,0,0,0,0,0,1,1,0,0,1,0,0,0,0,0,0,0,0,2.84780391133223e-25,0.064820746980298,0,0,0.269683331515885,0.491660144996477
1,0,0,0,0,0,0,1,1,0,0,1,0,0.416951067690221,0,0,0,0,0,0,6.45037862363006e-99,0.19479489243204,0,0,2.35671414659385e-85,0.625676170285289
0,1,0,0,0,0,0,1,1,0,0,1,0,0,0.562227822679513,0,0,0,0,0,0.000675520096222919,0.569181690009616,0,0,6.10818026868092e-165,0.697741212454473
1,1,0,0,0,0,0,1,1,0,0,1,0,0.640897248548448,0.387453969778067,0,0,0,0,0,2.26819216941249e-232,0.489702644752273,0,0,1.25453400735264e-266,1.07756420868573
0,0,1,0,0,0,0,1,1,0,0,1,0,0,0,0.535934623446373,0,0,0,0,3.95672044569576e-19,0.663317991239174,0,0,1.34077884409091e-208,0.687495290621396
1,0,1,0,0,0,0,1,1,0,0,1,0,0.681564758125195,0,0.353974870123195,0,0,0,0,2.13824101488887e-256,0.543256421806115,0,0,6.24262972641819e-299,1.06496250697098
0,1,1,0,0,0,0,1,1,0,0,1,0,0,1.38107852386504e-17,0.535934623446373,0,0,0,0,3.94359027737517e-19,0.663317991239174,0,0,8.29411686090582e-209,0.687495290621397
1,1,1,0,0,0,0,1,1,0,0,1,0,0.68156475812799,1.33379727332405e-10,0.353974870023616,0,0,0,0,5.59629362587288e-264,0.543256421809673,0,0,2.25006025383196e-309,1.06496250889748
0,0,0,1,0,0,0,1,1,0,0,1,0,0,0,0,0.535756039946728,0,0,0,1.11908069334639e-61,0.905885434576147,0,0,3.8043054729776e-322,0.65981706811642
1,0,0,1,0,0,0,1,1,0,0,1,0,0.810092396239883,0,0,0.353681770766746,0,0,0,2.47032822920623e-323,0.712510466336692,0,0,1.97626258336499e-323,1.04486271452179
0,1,0,1,0,0,0,1,1,0,0,1,0,0,8.75631405154461e-53,0,0.535756039946728,0,0,0,1.53483372920199e-61,0.905885434576147,0,0,8.69555536680594e-322,0.65981706811642
1,1,0,1,0,0,0,1,1,0,0,1,0,0.810092396239882,5.13020444580842e-46,0,0.353681770766745,0,0,0,2.47032822920623e-323,0.712510466336692,0,0,1.97626258336499e-323,1.04486271452179
0,0,1,1,0,0,0,1,1,0,0,1,0,0,0,0.0410204303470963,0.501863625016947,0,0,0,1.20361730877829e-59,0.897161918376614,0,0,1.0484664895395e-316,0.763525945670435
1,0,1,1,0,0,0,1,1,0,0,1,0,0.810092396239882,0,4.29771535137088e-15,0.353681770766742,0,0,0,2.47032822920623e-323,0.712510466336691,0,0,1.97626258336499e-323,1.04486271452186
0,1,1,1,0,0,0,1,1,0,0,1,0,0,1.41452822653e-53,0.0410207493590455,0.501863357638539,0,0,0,1.46925204266437e-59,0.897161845023654,0,0,1.73719632195073e-316,0.763526525642999
1,1,1,1,0,0,0,1,1,0,0,1,0,0.810092396239881,4.50131981847953e-46,4.43152601552599e-15,0.353681770766742,0,0,0,2.47032822920623e-323,0.712510466336691,0,0,1.97626258336499e-323,1.04486271452186
0,0,0,0,1,0,0,1,1,0,0,1,0,0,0,0,0,0.654784114446454,0,0,8.02230211092483e-23,0.513974030419343,0,0,8.9220575765712e-139,0.685872001001721
1,0,0,0,1,0,0,1,1,0,0,1,0,0.719509517379291,0,0,0,0.515327634166497,0,0,4.09171163476388e-284,0.491558381165937,0,0,2.37730350596051e-284,1.08332978985307
0,1,0,0,1,0,0,1,1,0,0,1,0,0,0.17197533205186,0,0,0.516786150073083,0,0,2.81280462291904e-25,0.564074661056391,0,0,1.32184613091171e-162,0.997148178307634
1,1,0,0,1,0,0,1,1,0,0,1,0,0.719509517401974,2.96724274261642e-10,0,0,0.515327633910104,0,0,1.52833038694183e-293,0.491558381245523,0,0,1.60151340255614e-294,1.0833297936898
0,0,1,0,1,0,0,1,1,0,0,1,0,0,0,0.434768327523094,0,0.147087349640388,0,0,3.06407025738723e-23,0.647655887017503,0,0,9.78255262263111e-201,0.959275462188882
1,0,1,0,1,0,0,1,1,0,0,1,0,0.719509542381409,0,6.63556253804944e-07,0,0.515326828644957,0,0,2.2857930144425e-293,0.49155857244191,0,0,6.52212913736955e-295,1.08333539296943
0,1,1,0,1,0,0,1,1,0,0,1,0,0,3.21840841146748e-16,0.434768325919939,0,0.147087351887203,0,0,2.86546169493575e-23,0.647655886721329,0,0,6.68235546706631e-201,0.959275464288103
1,1,1,0,1,0,0,1,1,0,0,1,0,0.719509537211088,1.38328912156963e-10,5.26054545611212e-07,0,0.515326995445145,0,0,1.59469026516277e-293,0.491558532842952,0,0,3.07363200685226e-295,1.08333430450202
0,0,0,1,1,0,0,1,1,0,0,1,0,0,0,0,0.296007405232136,0.388115804125127,0,0,1.56020081736893e-57,0.781240012617164,0,0,6.08263941660213e-264,1.01030952424186
1,0,0,1,1,0,0,1,1,0,0,1,0,0.777977269266948,0,0,0.111768694679855,0.403304702078509,0,0,2.47032822920623e-323,0.590653165531019,0,0,2.47032822920623e-323,1.22646445992118
0,1,0,1,1,0,0,1,1,0,0,1,0,0,1.27472813311082e-44,0,0.296007405232136,0.388115804125127,0,0,1.95315919767197e-57,0.781240012617164,0,0,7.75593811946201e-264,1.01030952424186
1,1,0,1,1,0,0,1,1,0,0,1,0,0.777977269266948,4.50075059192122e-38,0,0.111768694679855,0.403304702078509,0,0,2.47032822920623e-323,0.590653165531019,0,0,2.47032822920623e-323,1.22646445992118
0,0,1,1,1,0,0,1,1,0,0,1,0,0,0,3.16751871514302e-12,0.296007405231808,0.388115804121379,0,0,2.43863359337309e-57,0.781240012617665,0,0,3.26570106175613e-264,1.01030952429882
1,0,1,1,1,0,0,1,1,0,0,1,0,0.777977269266948,0,3.22167934960453e-29,0.111768694679855,0.403304702078509,0,0,2.47032822920623e-323,0.590653165531019,0,0,2.47032822920623e-323,1.22646445992118
0,1,1,1,1,0,0,1,1,0,0,1,0,0,7.90253407251359e-45,3.28888260213275e-12,0.296007405231795,0.388115804121236,0,0,2.88265100501412e-57,0.781240012617684,0,0,4.04946226903278e-264,1.01030952430092
1,1,1,1,1,0,0,1,1,0,0,1,0,0.777977269266948,3.9399855505176e-38,3.37023868684426e-29,0.111768694679855,0.403304702078509,0,0,2.47032822920623e-323,0.590653165531019,0,0,2.47032822920623e-323,1.22646445992118
0,0,0,0,0,1,0,1,1,0,0,1,0,0,0,0,0,0,0.0965803395867605,0,0.13413361379325,0.156619772551814,0,0,3.8291516515848e-25,1.07968234217106
1,0,0,0,0,1,0,1,1,0,0,1,0,0.416951067690222,0,0,0,0,3.9102254340522e-43,0,5.16349353965997e-99,0.19479489243204,0,0,7.71311540024127e-86,0.625676170285288
0,1,0,0,0,1,0,1,1,0,0,1,0,0,0.562227292788729,0,0,0,2.5103782407611e-165,0,0.00067756039535059,0.569181455196918,0,0,4.25367509667928e-165,0.697753333360611
1,1,0,0,0,1,0,1,1,0,0,1,0,0.640897248548447,0.387453969778067,0,0,0,3.33846987888249e-208,0,2.42282253950475e-232,0.489702644752272,0,0,9.72498559133339e-267,1.07756420868573
0,0,1,0,0,1,0,1,1,0,0,1,0,0,0,0.535934623446373,0,0,2.26928439625854e-210,0,4.17755131100483e-19,0.663317991239174,0,0,9.82614868049308e-209,0.687495290621396
1,0,1,0,0,1,0,1,1,0,0,1,0,0.681564758125196,0,0.353974870123194,0,0,1.21866839826099e-237,0,2.25966484881726e-256,0.543256421806115,0,0,4.92509649374727e-299,1.06496250697098
0,1,1,0,0,1,0,1,1,0,0,1,0,0,1.36578944141214e-17,0.535934623446373,0,0,1.4613048878632e-210,0,4.10730272820115e-19,0.663317991239174,0,0,6.52764028253558e-209,0.687495290621397
1,1,1,0,0,1,0,1,1,0,0,1,0,0.681564758127981,1.32929528099897e-10,0.353974870023952,0,0,2.93747406917782e-244,0,5.70288309948589e-264,0.543256421809661,0,0,1.78127893172715e-309,1.06496250889126
0,0,0,1,0,1,0,1,1,0,0,1,0,0,0,0,0.535756039946728,0,2.96439387504748e-323,0,1.22621399132287e-61,0.905885434576147,0,0,3.26083326255223e-322,0.65981706811642
1,0,0,1,0,1,0,1,1,0,0,1,0,0.810092396239883,0,0,0.353681770766746,0,2.47032822920623e-323,0,2.47032822920623e-323,0.712510466336693,0,0,1.97626258336499e-323,1.04486271452179
0,1,0,1,0,1,0,1,1,0,0,1,0,0,8.68186908598873e-53,0,0.535756039946728,0,2.96439387504748e-323,0,1.64114805691114e-61,0.905885434576147,0,0,7.26276499386632e-322,0.65981706811642
1,1,0,1,0,1,0,1,1,0,0,1,0,0.810092396239882,5.11630525883798e-46,0,0.353681770766745,0,2.47032822920623e-323,0,2.47032822920623e-323,0.712510466336692,0,0,1.97626258336499e-323,1.04486271452179
0,0,1,1,0,1,0,1,1,0,0,1,0,0,0,0.0410204514029702,0.501863607369065,0,1.26579618464527e-320,0,1.286486689971e-59,0.897161913535072,0,0,9.19575039104949e-317,0.763525983950653
1,0,1,1,0,1,0,1,1,0,0,1,0,0.810092396239882,0,4.30552991867703e-15,0.353681770766742,0,2.47032822920623e-323,0,2.47032822920623e-323,0.712510466336691,0,0,1.97626258336499e-323,1.04486271452186
0,1,1,1,0,1,0,1,1,0,0,1,0,0,1.40400180001247e-53,0.041020762372034,0.50186334673176,0,2.14226864036765e-320,0,1.55018435309382e-59,0.897161842031472,0,0,1.52269060726345e-316,0.763526549300934
1,1,1,1,0,1,0,1,1,0,0,1,0,0.810092396239881,4.49172867952435e-46,4.4357562703705e-15,0.353681770766742,0,2.47032822920623e-323,0,2.47032822920623e-323,0.712510466336691,0,0,1.97626258336499e-323,1.04486271452186
0,0,0,0,1,1,0,1,1,0,0,1,0,0,0,0,0,0.654784114446454,2.96439387504748e-323,0,8.56116687633283e-23,0.513974030419343,0,0,6.70624155367637e-139,0.685872001001721
1,0,0,0,1,1,0,1,1,0,0,1,0,0.719509517379291,0,0,0,0.515327634166498,2.47032822920623e-323,0,4.27392400027894e-284,0.491558381165938,0,0,1.89318089694176e-284,1.08332978985307
0,1,0,0,1,1,0,1,1,0,0,1,0,0,0.17197533205186,0,0,0.516786150073083,1.1657523416154e-310,0,2.93970504371348e-25,0.564074661056391,0,0,1.11460067656536e-162,0.997148178307634
1,1,0,0,1,1,0,1,1,0,0,1,0,0.71950951740177,2.94046941865157e-10,0,0,0.515327633912417,2.47032822920623e-323,0,1.63943299582493e-293,0.491558381244805,0,0,1.41910061285121e-294,1.08332979365673
0,0,1,0,1,1,0,1,1,0,0,1,0,0,0,0.434768327434888,0,0.147087349764009,1.29888004640475e-247,0,3.17366386704683e-23,0.647655887001208,0,0,8.39538323861698e-201,0.959275462304382
1,0,1,0,1,1,0,1,1,0,0,1,0,0.719509542163045,0,6.57760834169291e-07,0,0.515326835680287,2.47032822920623e-323,0,2.32136370077118e-293,0.491558570771331,0,0,5.59634530493759e-295,1.08333534737475
0,1,1,0,1,1,0,1,1,0,0,1,0,0,3.2102506922115e-16,0.43476832586181,0,0.14708735196867,6.95076124067287e-248,0,2.95068044288121e-23,0.64765588671059,0,0,5.96590369847115e-201,0.959275464364218
1,1,1,0,1,1,0,1,1,0,0,1,0,0.719509537076541,1.37613421205939e-10,5.22485110662178e-07,0,0.515326999778866,2.47032822920623e-323,0,1.62512016477896e-293,0.491558531813839,0,0,2.70232665254505e-295,1.08333427593273
0,0,0,1,1,1,0,1,1,0,0,1,0,0,0,0,0.296007405232136,0.388115804125127,2.47032822920623e-323,0,1.66248190057405e-57,0.781240012617164,0,0,5.50376719173794e-264,1.01030952424186
1,0,0,1,1,1,0,1,1,0,0,1,0,0.777977269266948,0,0,0.111768694679855,0.403304702078509,1.97626258336499e-323,0,2.47032822920623e-323,0.590653165531019,0,0,2.47032822920623e-323,1.22646445992118
0,1,0,1,1,1,0,1,1,0,0,1,0,0,1.26759327518208e-44,0,0.296007405232136,0.388115804125127,2.47032822920623e-323,0,2.05541832133249e-57,0.781240012617164,0,0,7.02982166795638e-264,1.01030952424186
1,1,0,1,1,1,0,1,1,0,0,1,0,0.777977269266948,4.48937023441624e-38,0,0.111768694679855,0.403304702078509,1.97626258336499e-323,0,2.47032822920623e-323,0.590653165531019,0,0,2.47032822920623e-323,1.22646445992118
0,0,1,1,1,1,0,1,1,0,0,1,0,0,0,3.16701084621393e-12,0.296007405231808,0.38811580412138,2.47032822920623e-323,0,2.56632965383922e-57,0.781240012617665,0,0,2.99631194846463e-264,1.01030952429882
1,0,1,1,1,1,0,1,1,0,0,1,0,0.777977269266948,0,3.22125869166546e-29,0.111768694679855,0.403304702078509,1.97626258336499e-323,0,2.47032822920623e-323,0.590653165531019,0,0,2.47032822920623e-323,1.22646445992118
0,1,1,1,1,1,0,1,1,0,0,1,0,0,7.87992114655829e-45,3.28625102905916e-12,0.296007405231796,0.388115804121239,2.47032822920623e-323,0,3.00934550522992e-57,0.781240012617684,0,0,3.71951594676075e-264,1.01030952430088
1,1,1,1,1,1,0,1,1,0,0,1,0,0.777977269266948,3.93781959004292e-38,3.36660086447499e-29,0.111768694679855,0.403304702078509,1.97626258336499e-323,0,2.47032822920623e-323,0.590653165531019,0,0,2.47032822920623e-323,1.22646445992118
0,0,0,0,0,0,1,1,1,0,0,1,0,0,0,0,0,0,0,0.345527057690986,1.87199028974737e-248,0.168055572396926,0,0,6.94380714392366e-92,0.632193872540058
1,0,0,0,0,0,1,1,1,0,0,1,0,0.418880527168262,0,0,0,0,0,0.245350582858336,4.82677432704606e-319,0.197335737539027,0,0,2.83581643484037e-166,1.04588685886861
0,1,0,0,0,0,1,1,1,0,0,1,0,0,0.45591559524274,0,0,0,0,0.186616506065774,2.94066618449683e-164,0.494480083994745,0,0,3.55104279371427e-192,1.02514687665451
1,1,0,0,0,0,1,1,1,0,0,1,0,0.619995116997151,0.350268050672631,0,0,0,0,0.0751666254709726,4.02160270628889e-297,0.462177278564418,0,0,1.9924897535666e-282,1.21649104672568
0,0,1,0,0,0,1,1,1,0,0,1,0,0,0,0.342255473177365,0,0,0,0.325193651321926,2.63591559308152e-283,0.486297951420366,0,0,6.532166854441e-229,1.08157025577144
1,0,1,0,0,0,1,1,1,0,0,1,0,0.614895990392232,0,0.262868160149034,0,0,0,0.182855920721107,1.97626258336499e-323,0.455462397515364,0,0,3.45185974505534e-314,1.2862152613493
0,1,1,0,0,0,1,1,1,0,0,1,0,0,4.41765442079735e-06,0.342253172138578,0,0,0,0.325192220252211,2.54182763399381e-289,0.486298982516819,0,0,8.39127416300461e-235,1.08161701147646
1,1,1,0,0,0,1,1,1,0,0,1,0,0.614904882833759,5.11249669636092e-05,0.26284050603483,0,0,0,0.182837160243111,1.97626258336499e-323,0.455473972413276,0,0,2.23024355768719e-314,1.28653120017865
0,0,0,1,0,0,1,1,1,0,0,1,0,0,0,0,0.482581502736361,0,0,0.367295156831125,1.97626258336499e-323,0.835914156274976,0,0,1.97626258336499e-323,1.03790424516878
1,0,0,1,0,0,1,1,1,0,0,1,0,0.789044319253964,0,0,0.333530348683293,0,0,0.171869611935018,1.48219693752374e-323,0.684792909150441,0,0,1.97626258336499e-323,1.24612492945393
0,1,0,1,0,0,1,1,1,0,0,1,0,0,4.52292989558333e-101,0,0.482581502736361,0,0,0.367295156831125,1.97626258336499e-323,0.835914156274976,0,0,1.97626258336499e-323,1.03790424516878
1,1,0,1,0,0,1,1,1,0,0,1,0,0.789044319253965,2.40187598803838e-69,0,0.333530348683293,0,0,0.171869611935016,1.48219693752374e-323,0.684792909150441,0,0,1.97626258336499e-323,1.24612492945393
0,0,1,1,0,0,1,1,1,0,0,1,0,0,0,1.22028755014991e-74,0.482581502736361,0,0,0.367295156831125,1.97626258336499e-323,0.835914156274976,0,0,1.97626258336499e-323,1.03790424516878
1,0,1,1,0,0,1,1,1,0,0,1,0,0.789044319253964,0,1.58561776553894e-50,0.333530348683293,0,0,0.171869611935017,1.48219693752374e-323,0.684792909150441,0,0,1.97626258336499e-323,1.24612492945393
0,1,1,1,0,0,1,1,1,0,0,1,0,0,3.64955337033121e-102,1.53041616898583e-74,0.482581502736361,0,0,0.367295156831125,1.97626258336499e-323,0.835914156274976,0,0,1.97626258336499e-323,1.03790424516878
1,1,1,1,0,0,1,1,1,0,0,1,0,0.789044319253964,2.32093493536432e-69,1.98297418366154e-50,0.333530348683293,0,0,0.171869611935017,1.48219693752374e-323,0.684792909150441,0,0,1.97626258336499e-323,1.24612492945393
0,0,0,0,1,0,1,1,1,0,0,1,0,0,0,0,0,0.672968782474368,0,0.323870632593138,7.96949131564702e-318,0.526844804721963,0,0,2.10632092519596e-246,1.05728470435082
1,0,0,0,1,0,1,1,1,0,0,1,0,0.725201214065993,0,0,0,0.522942247997361,0,0.155264608775061,1.97626258336499e-323,0.497551351688233,0,0,2.47032822920623e-323,1.27811423012313
0,1,0,0,1,0,1,1,1,0,0,1,0,0,1.11721647597812e-47,0,0,0.672968782474366,0,0.323870632593137,2.47032822920623e-323,0.526844804721961,0,0,2.37508418060299e-253,1.05728470435082
1,1,0,0,1,0,1,1,1,0,0,1,0,0.725201214065991,1.02107681727519e-43,0,0,0.522942247997359,0,0.155264608775061,1.97626258336499e-323,0.497551351688232,0,0,2.47032822920623e-323,1.27811423012313
0,0,1,0,1,0,1,1,1,0,0,1,0,0,0,9.71148992833247e-57,0,0.672968782474366,0,0.323870632593137,2.47032822920623e-323,0.526844804721961,0,0,1.4620521004628e-253,1.05728470435082
1,0,1,0,1,0,1,1,1,0,0,1,0,0.725201214065991,0,2.53372325780381e-52,0,0.522942247997359,0,0.155264608775062,1.97626258336499e-323,0.497551351688232,0,0,2.47032822920623e-323,1.27811423012313
0,1,1,0,1,0,1,1,1,0,0,1,0,0,8.7257390383632e-48,1.15303156327721e-56,0,0.672968782474366,0,0.323870632593137,2.47032822920623e-323,0.526844804721961,0,0,1.39053942296051e-253,1.05728470435082
1,1,1,0,1,0,1,1,1,0,0,1,0,0.725201214065991,8.40148322978381e-44,2.95683894000926e-52,0,0.522942247997359,0,0.155264608775061,1.97626258336499e-323,0.497551351688232,0,0,2.47032822920623e-323,1.27811423012313
0,0,0,1,1,0,1,1,1,0,0,1,0,0,0,0,0.160163857866946,0.529344894883802,0,0.335717120260958,2.47032822920623e-323,0.671928021908426,0,0,2.96439387504748e-323,1.27353194387727
1,0,0,1,1,0,1,1,1,0,0,1,0,0.75420856139961,0,0,0.0556355403462276,0.467051221025439,0,0.152635602453369,1.97626258336499e-323,0.546776674598618,0,0,2.47032822920623e-323,1.36232849817716
0,1,0,1,1,0,1,1,1,0,0,1,0,0,5.16435563206957e-87,0,0.160163857866946,0.529344894883802,0,0.335717120260958,2.47032822920623e-323,0.671928021908426,0,0,2.96439387504748e-323,1.27353194387727
1,1,0,1,1,0,1,1,1,0,0,1,0,0.754208561399611,8.64714438131775e-58,0,0.0556355403462294,0.467051221025437,0,0.152635602453369,1.97626258336499e-323,0.546776674598619,0,0,2.47032822920623e-323,1.36232849817716
0,0,1,1,1,0,1,1,1,0,0,1,0,0,0,1.1344953164067e-87,0.160163857866946,0.529344894883802,0,0.335717120260958,2.47032822920623e-323,0.671928021908426,0,0,2.96439387504748e-323,1.27353194387727
1,0,1,1,1,0,1,1,1,0,0,1,0,0.754208561399618,0,2.34880314767167e-63,0.0556355403462443,0.467051221025421,0,0.152635602453368,1.97626258336499e-323,0.546776674598632,0,0,2.47032822920623e-323,1.36232849817717
0,1,1,1,1,0,1,1,1,0,0,1,0,0,4.80356038312625e-87,1.39061302012654e-87,0.160163857866946,0.529344894883802,0,0.335717120260958,2.47032822920623e-323,0.671928021908426,0,0,2.96439387504748e-323,1.27353194387727
1,1,1,1,1,0,1,1,1,0,0,1,0,0.754208561399618,8.10346616990945e-58,2.84594933995781e-63,0.0556355403462447,0.46705122102542,0,0.152635602453368,1.97626258336499e-323,0.546776674598632,0,0,2.47032822920623e-323,1.36232849817717
0,0,0,0,0,1,1,1,1,0,0,1,0,0,0,0,0,0,1.29505877453866e-11,0.345527057693886,1.70056977001608e-255,0.168055572394452,0,0,1.0865478230233e-93,0.632193873161028
1,0,0,0,0,1,1,1,1,0,0,1,0,0.418880527168263,0,0,0,0,3.04342888305671e-70,0.245350582858336,2.47032822920623e-323,0.197335737539027,0,0,1.06724330224085e-169,1.04588685886861
0,1,0,0,0,1,1,1,1,0,0,1,0,0,0.45591559524274,0,0,0,1.58743173206967e-149,0.186616506065774,1.85988829037299e-164,0.494480083994745,0,0,2.42807525110028e-192,1.02514687665451
1,1,0,0,0,1,1,1,1,0,0,1,0,0.619995116997151,0.350268050672631,0,0,0,6.52357950764901e-205,0.0751666254709726,2.73441246497506e-297,0.462177278564418,0,0,1.48955616812564e-282,1.21649104672568
0,0,1,0,0,1,1,1,1,0,0,1,0,0,0,0.342255473177365,0,0,1.60954843903442e-157,0.325193651321926,2.05051779218791e-283,0.486297951420366,0,0,4.59567370267565e-229,1.08157025577144
1,0,1,0,0,1,1,1,1,0,0,1,0,0.614895990392232,0,0.262868160149034,0,0,1.98787257675914e-212,0.182855920721107,1.97626258336499e-323,0.455462397515364,0,0,2.74225188618467e-314,1.2862152613493
0,1,1,0,0,1,1,1,1,0,0,1,0,0,4.42668265542841e-06,0.342253167436001,0,0,4.01683221552381e-161,0.32519221732757,2.09105089213435e-289,0.486298984624035,0,0,6.67951798734457e-235,1.08161709919648
1,1,1,0,0,1,1,1,1,0,0,1,0,0.614904899691257,5.12218875460488e-05,0.262840453608194,0,0,1.55818760359727e-213,0.18283712467654,1.97626258336499e-323,0.455473994355574,0,0,1.84565541092475e-314,1.28653173512067
0,0,0,1,0,1,1,1,1,0,0,1,0,0,0,0,0.482581502736361,0,9.69702643092615e-320,0.367295156831125,1.97626258336499e-323,0.835914156274976,0,0,1.97626258336499e-323,1.03790424516878
1,0,0,1,0,1,1,1,1,0,0,1,0,0.789044319253964,0,0,0.333530348683293,0,2.47032822920623e-323,0.171869611935018,1.48219693752374e-323,0.684792909150441,0,0,1.97626258336499e-323,1.24612492945393
0,1,0,1,0,1,1,1,1,0,0,1,0,0,4.30348285564246e-101,0,0.482581502736361,0,5.49796250692139e-320,0.367295156831125,1.97626258336499e-323,0.835914156274976,0,0,1.97626258336499e-323,1.03790424516878
1,1,0,1,0,1,1,1,1,0,0,1,0,0.789044319253965,2.32145462618888e-69,0,0.333530348683293,0,2.47032822920623e-323,0.171869611935016,1.48219693752374e-323,0.684792909150441,0,0,1.97626258336499e-323,1.24612492945393
0,0,1,1,0,1,1,1,1,0,0,1,0,0,0,1.16723112965551e-74,0.482581502736361,0,2.47032822920623e-323,0.367295156831125,1.97626258336499e-323,0.835914156274976,0,0,1.97626258336499e-323,1.03790424516878
1,0,1,1,0,1,1,1,1,0,0,1,0,0.789044319253964,0,1.53659846321765e-50,0.333530348683293,0,2.47032822920623e-323,0.171869611935017,1.48219693752374e-323,0.684792909150441,0,0,1.97626258336499e-323,1.24612492945393
0,1,1,1,0,1,1,1,1,0,0,1,0,0,3.49358075399637e-102,1.45355437211151e-74,0.482581502736361,0,2.47032822920623e-323,0.367295156831125,1.97626258336499e-323,0.835914156274976,0,0,1.97626258336499e-323,1.03790424516878
1,1,1,1,0,1,1,1,1,0,0,1,0,0.789044319253964,2.25451908972526e-69,1.90950145523237e-50,0.333530348683293,0,2.47032822920623e-323,0.171869611935017,1.48219693752374e-323,0.684792909150441,0,0,1.97626258336499e-323,1.24612492945393
0,0,0,0,1,1,1,1,1,0,0,1,0,0,0,0,0,0.672968782474368,2.47032822920623e-323,0.323870632593138,7.50579094439917e-318,0.526844804721963,0,0,1.60126681939745e-246,1.05728470435082
1,0,0,0,1,1,1,1,1,0,0,1,0,0.725201214065993,0,0,0,0.522942247997361,1.97626258336499e-323,0.155264608775061,1.97626258336499e-323,0.497551351688233,0,0,2.47032822920623e-323,1.27811423012313
0,1,0,0,1,1,1,1,1,0,0,1,0,0,1.03622003701073e-47,0,0,0.672968782474366,2.47032822920623e-323,0.323870632593137,2.47032822920623e-323,0.526844804721961,0,0,1.85529572972254e-253,1.05728470435082
1,1,0,0,1,1,1,1,1,0,0,1,0,0.725201214065991,9.5618735465802e-44,0,0,0.522942247997359,1.97626258336499e-323,0.155264608775061,1.97626258336499e-323,0.497551351688232,0,0,2.47032822920623e-323,1.27811423012313
0,0,1,0,1,1,1,1,1,0,0,1,0,0,0,8.99404448439795e-57,0,0.672968782474366,2.47032822920623e-323,0.323870632593137,2.47032822920623e-323,0.526844804721961,0,0,1.18144859832088e-253,1.05728470435082
1,0,1,0,1,1,1,1,1,0,0,1,0,0.725201214065991,0,2.37062137360477e-52,0,0.522942247997359,1.97626258336499e-323,0.155264608775062,1.97626258336499e-323,0.497551351688232,0,0,2.47032822920623e-323,1.27811423012313
0,1,1,0,1,1,1,1,1,0,0,1,0,0,8.21902830952092e-48,1.06102624164031e-56,0,0.672968782474366,2.47032822920623e-323,0.323870632593137,2.47032822920623e-323,0.526844804721961,0,0,1.13872638624132e-253,1.05728470435082
1,1,1,0,1,1,1,1,1,0,0,1,0,0.725201214065991,7.96552128353905e-44,2.75228302386514e-52,0,0.522942247997358,1.97626258336499e-323,0.155264608775061,1.97626258336499e-323,0.497551351688232,0,0,2.47032822920623e-323,1.27811423012313
0,0,0,1,1,1,1,1,1,0,0,1,0,0,0,0,0.160163857866946,0.529344894883802,1.97626258336499e-323,0.335717120260958,2.47032822920623e-323,0.671928021908426,0,0,2.96439387504748e-323,1.27353194387727
1,0,0,1,1,1,1,1,1,0,0,1,0,0.754208561399607,0,0,0.055635540346223,0.467051221025444,1.97626258336499e-323,0.152635602453369,1.97626258336499e-323,0.546776674598614,0,0,2.47032822920623e-323,1.36232849817715
0,1,0,1,1,1,1,1,1,0,0,1,0,0,5.00268929174468e-87,0,0.160163857866946,0.529344894883802,1.97626258336499e-323,0.335717120260958,2.47032822920623e-323,0.671928021908426,0,0,2.96439387504748e-323,1.27353194387727
1,1,0,1,1,1,1,1,1,0,0,1,0,0.754208561399608,8.45261230935376e-58,0,0.0556355403462244,0.467051221025442,1.97626258336499e-323,0.152635602453369,1.97626258336499e-323,0.546776674598615,0,0,2.47032822920623e-323,1.36232849817715
0,0,1,1,1,1,1,1,1,0,0,1,0,0,0,1.09328816945746e-87,0.160163857866946,0.529344894883802,1.97626258336499e-323,0.335717120260958,2.47032822920623e-323,0.671928021908426,0,0,2.96439387504748e-323,1.27353194387727
1,0,1,1,1,1,1,1,1,0,0,1,0,0.754208561399615,0,2.28264833442678e-63,0.055635540346239,0.467051221025426,1.97626258336499e-323,0.152635602453369,1.97626258336499e-323,0.546776674598627,0,0,2.47032822920623e-323,1.36232849817717
0,1,1,1,1,1,1,1,1,0,0,1,0,0,4.67588463679823e-87,1.33130181645734e-87,0.160163857866946,0.529344894883802,1.97626258336499e-323,0.335717120260958,2.47032822920623e-323,0.671928021908426,0,0,2.96439387504748e-323,1.27353194387727
1,1,1,1,1,1,1,1,1,0,0,1,0,0.754208561399615,7.95101817559286e-58,2.74980205731827e-63,0.0556355403462391,0.467051221025426,1.97626258336499e-323,0.152635602453369,1.97626258336499e-323,0.546776674598627,0,0,2.47032822920623e-323,1.36232849817717
0,0,0,0,0,0,0,0,0,1,0,1,0,0,0,0,0,0,0,0,0,0,7.50239398159692e-70,0,0.382017050024129,3.10694134815179e-67
1,0,0,0,0,0,0,0,0,1,0,1,0,0.269028295678878,0,0,0,0,0,0,0,0,1.33410513148662e-52,0,0.153275925533447,0.655097466347388
0,1,0,0,0,0,0,0,0,1,0,1,0,0,0.513173850066241,0,0,0,0,0,0,0,7.50239087311468e-70,0,0.382017050024129,0.682375468276942
1,1,0,0,0,0,0,0,0,1,0,1,0,0.269028295678878,0.517014062788843,0,0,0,0,0,0,0,1.33408889592034e-52,0,0.153275925533447,0.98257792168706
0,0,1,0,0,0,0,0,0,1,0,1,0,0,0,0.531635853896196,0,0,0,0,0,0,5.8653439075203e-234,0,0.382017050024129,0.679678108775711
1,0,1,0,0,0,0,0,0,1,0,1,0,0.269028295678878,0,0.527505813411478,0,0,0,0,0,0,2.58286797078969e-221,0,0.153275925533447,0.97826983146062
0,1,1,0,0,0,0,0,0,1,0,1,0,0,5.92394162605788e-27,0.531635853896196,0,0,0,0,0,0,7.55796769453501e-239,0,0.382017050024128,0.679678108775711
1,1,1,0,0,0,0,0,0,1,0,1,0,0.269028295678878,2.89479633076263e-24,0.527505813411476,0,0,0,0,0,0,4.11882970525968e-220,0,0.153275925533447,0.978269831460621
0,0,0,1,0,0,0,0,0,1,0,1,0,0,0,0,0.52299077795001,0,0,0,0,0,7.50238343670969e-70,0,0.382017050024129,0.680965374358566
1,0,0,1,0,0,0,0,0,1,0,1,0,0.269028295678878,0,0,0.537574563423307,0,0,0,0,0,1.33408884499106e-52,0,0.153275925533447,0.974133050573838
0,1,0,1,0,0,0,0,0,1,0,1,0,0,1.1926094581109e-46,0,0.52299077795001,0,0,0,0,0,7.50355429221567e-70,0,0.382017050024129,0.680965374358566
1,1,0,1,0,0,0,0,0,1,0,1,0,0.269028295678878,3.06303441098784e-51,0,0.537574563423307,0,0,0,0,0,1.33408966333946e-52,0,0.153275925533447,0.974133050573838
0,0,1,1,0,0,0,0,0,1,0,1,0,0,0,0.266397646767766,0.294900652855119,0,0,0,0,0,2.82658964505447e-155,0,0.382017050024128,1.08665042848421
1,0,1,1,0,0,0,0,0,1,0,1,0,0.269028295678878,0,0.191384585463831,0.373710750925986,0,0,0,0,0,1.03051180439932e-114,0,0.153275925533447,1.32919902337918
0,1,1,1,0,0,0,0,0,1,0,1,0,0,1.85818840740617e-50,0.266397646767766,0.294900652855119,0,0,0,0,0,3.65259329684974e-155,0,0.382017050024128,1.08665042848421
1,1,1,1,0,0,0,0,0,1,0,1,0,0.269028295678878,5.69768260295086e-54,0.191384585463842,0.373710750925975,0,0,0,0,0,1.36788135875589e-114,0,0.153275925533447,1.32919902337919
0,0,0,0,1,0,0,0,0,1,0,1,0,0,0,0,0,0.576394059436308,0,0,0,0,7.50238258298652e-70,0,0.382017050024129,0.672437519806546
1,0,0,0,1,0,0,0,0,1,0,1,0,0.358810006518177,0,0,0,0.599289633552522,0,0,0,0,3.52791644184978e-47,0,0.076939087267963,0.876859508164847
0,1,0,0,1,0,0,0,0,1,0,1,0,0,0.187808273081479,0,0,0.429780052104246,0,0,0,0,7.50603953499508e-70,0,0.382017050024128,1.04464838796891
1,1,0,0,1,0,0,0,0,1,0,1,0,0.339973668030692,0.159519210714864,0,0,0.47355776361922,0,0,0,0,2.61294948597159e-48,0,0.0929546711902478,1.22189375541442
0,0,1,0,1,0,0,0,0,1,0,1,0,0,0,0.531635853829733,0,8.97859609477916e-11,0,0,0,0,2.19364990350438e-237,0,0.382017050024128,0.679678111081738
1,0,1,0,1,0,0,0,0,1,0,1,0,0.26903864317207,0,0.527457677447066,0,6.71522855634282e-05,0,0,0,0,3.71287878036297e-216,0,0.153266450547862,0.978961463236006
0,1,1,0,1,0,0,0,0,1,0,1,0,0,8.45438185544547e-27,0.531635853825129,0,9.60066203282024e-11,0,0,0,0,1.67673930658659e-236,0,0.382017050024128,0.679678111234468
1,1,1,0,1,0,0,0,0,1,0,1,0,0.269039011026894,5.86465872654216e-24,0.52745596624259,0,6.9539482764591e-05,0,0,0,0,3.98649696551185e-215,0,0.15326611367661,0.978983491962596
0,0,0,1,1,0,0,0,0,1,0,1,0,0,0,0,0.314769136781805,0.31406258846066,0,0,0,0,7.50443041012159e-70,0,0.382017050024129,1.09422984589174
1,0,0,1,1,0,0,0,0,1,0,1,0,0.318063214108182,0,0,0.32323056869075,0.32730628567966,0,0,0,0,1.37848364699625e-49,0,0.111584019659668,1.31733895885929
0,1,0,1,1,0,0,0,0,1,0,1,0,0,2.30394185530914e-39,0,0.314769136781805,0.31406258846066,0,0,0,0,7.5043047766939e-70,0,0.382017050024129,1.09422984589174
1,1,0,1,1,0,0,0,0,1,0,1,0,0.318063214108182,1.86730646535738e-44,0,0.323230568690751,0.327306285679658,0,0,0,0,1.3392762100685e-49,0,0.111584019659668,1.31733895885929
0,0,1,1,1,0,0,0,0,1,0,1,0,0,0,0.214353039275857,0.268190718549229,0.107498116008827,0,0,0,0,6.26251649380013e-138,0,0.382017050024128,1.29920237611333
1,0,1,1,1,0,0,0,0,1,0,1,0,0.312227798569782,0,0.0401206441302465,0.314375058768327,0.288366652957897,0,0,0,0,2.70921788767742e-68,0,0.116551689439618,1.43658586263857
0,1,1,1,1,0,0,0,0,1,0,1,0,0,4.31272825770467e-47,0.214353080117683,0.268190727135718,0.107498050979048,0,0,0,0,5.66019020467323e-138,0,0.382017050024128,1.29920232455153
1,1,1,1,1,0,0,0,0,1,0,1,0,0.312225400953102,2.18191897555555e-46,0.04013624989614,0.314371945365643,0.288350868913327,0,0,0,0,2.36725420653148e-68,0,0.116553844485897,1.43661724067777
0,0,0,0,0,1,0,0,0,1,0,1,0,0,0,0,0,0,0.14491853961739,0,0,0,1.7705285471052e-14,0,0.225629969044131,0.669234025221059
1,0,0,0,0,1,0,0,0,1,0,1,0,0.352095290900258,0,0,0,0,0.167345307651026,0,0,0,1.6699326529202e-18,0,2.76171559926275e-28,0.628490225420088
0,1,0,0,0,1,0,0,0,1,0,1,0,0,0.51474168632451,0,0,0,0.14491853961739,0,0,0,1.77053063183418e-14,0,0.225629969044131,0.959939171036259
1,1,0,0,0,1,0,0,0,1,0,1,0,0.352095290900258,0.484698872731938,0,0,0,0.167345307651026,0,0,0,1.66993263718491e-18,0,2.7617154270239e-28,1.01766605699238
0,0,1,0,0,1,0,0,0,1,0,1,0,0,0,0.540219166152244,0,0,0.14491853961739,0,0,0,1.82215730805008e-186,0,0.225629969044131,0.947972472063084
1,0,1,0,0,1,0,0,0,1,0,1,0,0.352095290900256,0,0.503380196051605,0,0,0.167345307651026,0,0,0,4.02100317645577e-179,0,3.35729107592846e-28,1.01220330910497
0,1,1,0,0,1,0,0,0,1,0,1,0,0,1.64478421100491e-29,0.540219166152244,0,0,0.14491853961739,0,0,0,1.62456958486145e-185,0,0.225629969044131,0.947972472063084
1,1,1,0,0,1,0,0,0,1,0,1,0,0.352095290900256,5.84518826789887e-26,0.503380196051603,0,0,0.167345307651026,0,0,0,4.73726121947215e-178,0,3.30190318746496e-28,1.01220330910497
0,0,0,1,0,1,0,0,0,1,0,1,0,0,0,0,0.537462372518552,0,0.14491853961739,0,0,0,1.77053043766366e-14,0,0.225629969044131,0.949261648149157
1,0,0,1,0,1,0,0,0,1,0,1,0,0.352095290900258,0,0,0.522778575534089,0,0.167345307651026,0,0,0,1.66993263922184e-18,0,2.76171545025129e-28,1.00638071302211
0,1,0,1,0,1,0,0,0,1,0,1,0,0,5.95650870784742e-52,0,0.537462372518552,0,0.14491853961739,0,0,0,1.77053040038052e-14,0,0.225629969044131,0.949261648149157
1,1,0,1,0,1,0,0,0,1,0,1,0,0.352095290900258,1.42090144431635e-55,0,0.522778575534089,0,0.167345307651026,0,0,0,1.66993264489024e-18,0,2.76171556700021e-28,1.00638071302211
0,0,1,1,0,1,0,0,0,1,0,1,0,0,0,0.247118400309187,0.325879171531682,0,0.14491853961739,0,0,0,3.53835632052738e-93,0,0.225629969044131,1.3479497894022
1,0,1,1,0,1,0,0,0,1,0,1,0,0.352095290900256,0,0.144333752558368,0.399199767402573,0,0.167345307651026,0,0,0,7.40343347898128e-66,0,3.27134876041892e-28,1.2959617519505
0,1,1,1,0,1,0,0,0,1,0,1,0,0,1.6669163218351e-55,0.247118400309187,0.325879171531682,0,0.14491853961739,0,0,0,4.19790775886944e-93,0,0.225629969044131,1.3479497894022
1,1,1,1,0,1,0,0,0,1,0,1,0,0.352095290900256,1.13096016811832e-57,0.144333752559008,0.399199767401986,0,0.167345307651026,0,0,0,9.28633479829436e-66,0,3.23506911673034e-28,1.2959617519511
0,0,0,0,1,1,0,0,0,1,0,1,0,0,0,0,0,0.576394059436309,1.54418012262026e-151,0,0,0,1.43118129543326e-69,0,0.382017050024126,0.672437519806545
1,0,0,0,1,1,0,0,0,1,0,1,0,0.358810006518179,0,0,0,0.599289633552526,9.06622611397611e-132,0,0,0,8.26280124428403e-47,0,0.0769390872679582,0.876859508164839
0,1,0,0,1,1,0,0,0,1,0,1,0,0,0.18780827308148,0,0,0.429780052104246,2.59974348714374e-109,0,0,0,1.79574850282649e-69,0,0.382017050024126,1.04464838796891
1,1,0,0,1,1,0,0,0,1,0,1,0,0.339973668030692,0.159519210714864,0,0,0.47355776361922,7.71578424526684e-97,0,0,0,7.55741047695062e-48,0,0.0929546711902478,1.22189375541442
0,0,1,0,1,1,0,0,0,1,0,1,0,0,0,0.540219160267455,0,1.6629485609382e-10,0.144918491432231,0,0,0,4.8536542181652e-196,0,0.225630029076114,0.94797246131419
1,0,1,0,1,1,0,0,0,1,0,1,0,0.348187563729465,0,0.495225126564887,0,0.0189764367258668,0.153747708967319,0,0,0,1.59422813078204e-176,0,2.24163612049626e-19,1.07735673500794
0,1,1,0,1,1,0,0,0,1,0,1,0,0,8.30009400725405e-29,0.540219160485016,0,1.77869435425105e-10,0.144918493292877,0,0,0,8.01381907356347e-195,0,0.225630026748339,0.947972462159987
1,1,1,0,1,1,0,0,0,1,0,1,0,0.348180156912683,3.51829470920703e-25,0.495210599191654,0,0.0190106276613171,0.153722640177646,0,0,0,2.69865858592784e-175,0,2.58985020771184e-19,1.07743955340724
0,0,0,1,1,1,0,0,0,1,0,1,0,0,0,0,0.314769136781806,0.31406258846066,4.51231914273915e-77,0,0,0,1.85823392077273e-69,0,0.382017050024126,1.09422984589174
1,0,0,1,1,1,0,0,0,1,0,1,0,0.318063214108185,0,0,0.323230568690746,0.327306285679665,1.43868085955712e-57,0,0,0,4.15838175941616e-49,0,0.111584019659665,1.31733895885929
0,1,0,1,1,1,0,0,0,1,0,1,0,0,2.04915000686351e-39,0,0.314769136781806,0.31406258846066,9.33960830731556e-77,0,0,0,2.1878425305805e-69,0,0.382017050024126,1.09422984589174
1,1,0,1,1,1,0,0,0,1,0,1,0,0.318063214108185,1.63132178297505e-44,0,0.323230568690747,0.327306285679665,2.69174699557738e-57,0,0,0,4.76868633651215e-49,0,0.111584019659665,1.31733895885928
0,0,1,1,1,1,0,0,0,1,0,1,0,0,0,0.214353008905628,0.268190712164298,0.107498164365321,1.35650267525588e-19,0,0,0,5.07880775544101e-137,0,0.382017050024126,1.29920241445493
1,0,1,1,1,1,0,0,0,1,0,1,0,0.312232509437337,0,0.0400899794829574,0.314381177455816,0.288397666140126,8.5800318032796e-43,0,0,0,3.48422726035918e-67,0,0.116547455449299,1.43652418820707
0,1,1,1,1,1,0,0,0,1,0,1,0,0,3.70500423222219e-47,0.21435304258101,0.268190719244095,0.10749811074625,2.2531129376034e-19,0,0,0,5.71904845042919e-137,0,0.382017050024126,1.29920237194066
1,1,1,1,1,1,0,0,0,1,0,1,0,0.312230787348204,1.94880991047622e-46,0.0401011894942573,0.314378940508236,0.288386328988378,1.37099005461344e-42,0,0,0,4.0807286078939e-67,0,0.116549003170988,1.43654673716145
0,0,0,0,0,0,1,0,0,1,0,1,0,0,0,0,0,0,0,0.347402774701741,0,0,0.0025183199535149,0,1.4028411632603e-15,0.04268081693657
1,0,0,0,0,0,1,0,0,1,0,1,0,0.269028295678878,0,0,0,0,0,0.281188172153536,0,0,3.60051489599892e-52,0,8.52836273052979e-55,0.692902951959963
0,1,0,0,0,0,1,0,0,1,0,1,0,0,0.475370164578974,0,0,0,0,0.203467049671697,0,0,2.21131970741656e-19,0,0.129687799104264,0.95302165274483
1,1,0,0,0,0,1,0,0,1,0,1,0,0.269028295678878,0.49638794964112,0,0,0,0,0.111013895316777,0,0,1.31964302298914e-25,0,0.0156022674215361,1.01778778149933
0,0,1,0,0,0,1,0,0,1,0,1,0,0,0,0.436699052470226,0,0,0,0.319583026298305,0,0,1.21212670589732e-135,0,1.45116057837286e-06,0.681134224163017
1,0,1,0,0,0,1,0,0,1,0,1,0,0.269028295678878,0,0.399346242924247,0,0,0,0.257463001701322,0,0,4.24305388780889e-175,0,8.26528970652006e-47,1.07771883105994
0,1,1,0,0,0,1,0,0,1,0,1,0,0,5.9859169195098e-14,0.436698770260147,0,0,0,0.319583149077438,0,0,1.3580186838176e-134,0,2.02004780727691e-06,0.681143561066998
1,1,1,0,0,0,1,0,0,1,0,1,0,0.269028295678878,2.83909604127612e-13,0.399346242924112,0,0,0,0.257463001701223,0,0,1.11560768737798e-173,0,3.73450638326658e-46,1.07771883106876
0,0,0,1,0,0,1,0,0,1,0,1,0,0,0,0,0.599505377123582,0,0,0.372570343154673,0,0,1.36249282746765e-06,0,7.52667399662256e-24,0.665663051206024
1,0,0,1,0,0,1,0,0,1,0,1,0,0.269028295678878,0,0,0.541478805374551,0,0,0.305612987963595,0,0,8.76407281415712e-57,0,6.35631536066391e-63,1.04853265862421
0,1,0,1,0,0,1,0,0,1,0,1,0,0,1.38008189379618e-108,0,0.599505388346829,0,0,0.372570301419615,0,0,1.30659279332416e-06,0,9.13060503263572e-24,0.665662298534189
1,1,0,1,0,0,1,0,0,1,0,1,0,0.269028295678878,8.20913336978284e-97,0,0.541478805374551,0,0,0.305612987963596,0,0,9.7051214107376e-57,0,9.1715128022759e-63,1.04853265862421
0,0,1,1,0,0,1,0,0,1,0,1,0,0,0,2.18533895324963e-56,0.599505478783273,0,0,0.372569965119921,0,0,8.56151541072479e-07,0,1.06979373152408e-23,0.665656132679909
1,0,1,1,0,0,1,0,0,1,0,1,0,0.269028295678878,0,4.18648427002748e-49,0.541478805374551,0,0,0.305612987963595,0,0,2.76843373364229e-57,0,8.59957941102279e-63,1.04853265862421
0,1,1,1,0,0,1,0,0,1,0,1,0,0,1.5508266112271e-108,2.59747258620305e-56,0.599505487987835,0,0,0.37256993089152,0,0,8.10305806867668e-07,0,1.22224645406685e-23,0.665655493166486
1,1,1,1,0,0,1,0,0,1,0,1,0,0.269028295678878,8.15572922566654e-97,5.09110024660842e-49,0.541478805374551,0,0,0.305612987963595,0,0,2.99325120168637e-57,0,1.14605490841407e-62,1.04853265862421
0,0,0,0,1,0,1,0,0,1,0,1,0,0,0,0,0,0.712258253371455,0,0.329153868712454,0,0,0.00879157861259657,0,1.93224950750014e-09,0.66702079469708
1,0,0,0,1,0,1,0,0,1,0,1,0,0.36428083538901,0,0,0,0.635807216015361,0,0.237947705248012,0,0,2.21563344208727e-66,0,3.9041280150942e-62,1.01916992762669
0,1,0,0,1,0,1,0,0,1,0,1,0,0,1.63600939659228e-32,0,0,0.712258253207198,0,0.329153854090415,0,0,0.00879155941811656,0,2.44061050043431e-09,0.667020722002067
1,1,0,0,1,0,1,0,0,1,0,1,0,0.364280835389008,2.04437332110838e-29,0,0,0.635807216015361,0,0.237947705248012,0,0,3.27170277762859e-66,0,8.32689925797567e-62,1.01916992762669
0,0,1,0,1,0,1,0,0,1,0,1,0,0,0,1.1503751341399e-30,0,0.712258252943529,0,0.329153798010215,0,0,0.00879148613419202,0,3.18483957895673e-09,0.667020422040198
1,0,1,0,1,0,1,0,0,1,0,1,0,0.364280835389008,0,1.98639713913136e-27,0,0.635807216015362,0,0.237947705248012,0,0,5.11475070554964e-67,0,5.43689403345882e-62,1.01916992762669
0,1,1,0,1,0,1,0,0,1,0,1,0,0,1.79053735559876e-32,1.30842434139279e-30,0,0.712258252772196,0,0.329153775863063,0,0,0.00879145713183981,0,3.69991732418018e-09,0.667020307274429
1,1,1,0,1,0,1,0,0,1,0,1,0,0.364280835389008,1.49468394443374e-29,2.40635979165777e-27,0,0.635807216015362,0,0.237947705248012,0,0,7.07321734483847e-67,0,9.59253926222373e-62,1.01916992762669
0,0,0,1,1,0,1,0,0,1,0,1,0,0,0,0,0.292387694599648,0.469825519619912,0,0.345855267542851,0,0,0.00303239028918773,0,5.00121371321084e-15,1.0946716362254
1,0,0,1,1,0,1,0,0,1,0,1,0,0.335851588538069,0,0,0.236058144339668,0.44604303388734,0,0.261501353083417,0,0,3.73786281525168e-64,0,1.72050965262655e-63,1.35479596427659
0,1,0,1,1,0,1,0,0,1,0,1,0,0,4.40918428914475e-94,0,0.292388488066259,0.469824852067768,0,0.345854016178758,0,0,0.00303064928752467,0,5.61608127448734e-15,1.09466433095753
1,1,0,1,1,0,1,0,0,1,0,1,0,0.335851588538069,4.67114390399285e-80,0,0.236058144339668,0.44604303388734,0,0.261501353083417,0,0,4.09988772938954e-64,0,2.2403262884812e-63,1.35479596427659
0,0,1,1,1,0,1,0,0,1,0,1,0,0,0,1.90280162175778e-71,0.292391701607177,0.469822148624617,0,0.345848947126244,0,0,0.00302359668101774,0,6.30119590722471e-15,1.09463472821561
1,0,1,1,1,0,1,0,0,1,0,1,0,0.335851588538067,0,2.74962470614287e-61,0.236058144339674,0.446043033887334,0,0.261501353083419,0,0,2.17932185211792e-64,0,2.09104160543576e-63,1.35479596427659
0,1,1,1,1,0,1,0,0,1,0,1,0,0,4.49672566233113e-94,2.29591206832997e-71,0.292392768029756,0.469821251530445,0,0.345847264583251,0,0,0.00302125570532391,0,6.91682757683432e-15,1.09462489864487
1,1,1,1,1,0,1,0,0,1,0,1,0,0.335851588538067,4.22806373681908e-80,3.3218738200473e-61,0.236058144339674,0.446043033887334,0,0.261501353083419,0,0,2.37162170687652e-64,0,2.61526111042376e-63,1.35479596427659
0,0,0,0,0,1,1,0,0,1,0,1,0,0,0,0,0,0,0.185100432667101,0.385212354481993,0,0,1.10264627682348e-08,0,7.90311292683075e-82,0.630258980146245
1,0,0,0,0,1,1,0,0,1,0,1,0,0.316635212877441,0,0,0,0,0.0959080581123547,0.290365402929696,0,0,4.66365518933735e-65,0,6.0744731221735e-97,0.996218496394465
0,1,0,0,0,1,1,0,0,1,0,1,0,0,0.393818275660713,0,0,0,0.217109758536444,0.275242478960991,0,0,0.0274368002711853,0,3.18737274549776e-54,1.17095234009016
1,1,0,0,0,1,1,0,0,1,0,1,0,0.33362050657427,0.408427959036165,0,0,0,0.130126332068977,0.15128106010943,0,0,1.02205627929514e-42,0,2.50688170893036e-64,1.27680699898152
0,0,1,0,0,1,1,0,0,1,0,1,0,0,0,0.346922611314124,0,0,0.190747265090753,0.365812338333051,0,0,5.62850496633212e-115,0,9.67121482768781e-77,1.06197250315764
1,0,1,0,0,1,1,0,0,1,0,1,0,0.319080277746696,0,0.344938235859657,0,0,0.10083384279593,0.27034395104531,0,0,9.02344007920078e-169,0,2.5619886410746e-91,1.3064325051903
0,1,1,0,0,1,1,0,0,1,0,1,0,0,2.13437470621228e-14,0.34692261131411,0,0,0.190747265090756,0.365812338333045,0,0,1.0102081353319e-113,0,2.6230304919513e-76,1.06197250315838
1,1,1,0,0,1,1,0,0,1,0,1,0,0.319080277746711,2.41317958127981e-13,0.344938235859521,0,0,0.100833842795957,0.270343951045231,0,0,1.7385013838363e-170,0,1.02002191008152e-91,1.30643250519706
0,0,0,1,0,1,1,0,0,1,0,1,0,0,0,0,0.540422489940698,0,0.178421678657113,0.408157597982713,0,0,7.66619662881434e-13,0,1.63204990026742e-87,1.01206835737654
1,0,0,1,0,1,1,0,0,1,0,1,0,0.313934362757646,0,0,0.501835452974005,0,0.0904669729616059,0.312481356334603,0,0,1.26976312069891e-68,0,3.79668298433899e-102,1.25676088326328
0,1,0,1,0,1,1,0,0,1,0,1,0,0,9.74539749500388e-114,0,0.540422489940696,0,0.178421678657108,0.408157597982725,0,0,7.8402266381928e-13,0,2.06611360145125e-87,1.01206835737695
1,1,0,1,0,1,1,0,0,1,0,1,0,0.313934362757649,1.71423976987599e-97,0,0.501835452974002,0,0.0904669729616067,0.312481356334604,0,0,1.43771286056387e-68,0,5.03638259204926e-102,1.25676088326329
0,0,1,1,0,1,1,0,0,1,0,1,0,0,0,1.94445862574788e-66,0.540422489940724,0,0.17842167865716,0.408157597982575,0,0,5.74075021821775e-13,0,2.19079900195784e-87,1.01206835737193
1,0,1,1,0,1,1,0,0,1,0,1,0,0.313934362757649,0,4.89078749590777e-53,0.501835452974002,0,0.0904669729616067,0.312481356334604,0,0,4.95089564095731e-69,0,4.53928136190383e-102,1.25676088326329
0,1,1,1,0,1,1,0,0,1,0,1,0,0,1.05820163185206e-113,2.24629471254626e-66,0.540422489940721,0,0.178421678657155,0.40815759798259,0,0,5.9493531410234e-13,0,2.64202578050873e-87,1.01206835737243
1,1,1,1,0,1,1,0,0,1,0,1,0,0.313934362757649,1.70098053017093e-97,5.82654083673856e-53,0.501835452974002,0,0.0904669729616067,0.312481356334604,0,0,5.57622445637799e-69,0,5.70852157345337e-102,1.25676088326329
0,0,0,0,1,1,1,0,0,1,0,1,0,0,0,0,0,0.712258253555946,1.92161444068355e-132,0.329153885545733,0,0,0.00879160070559949,0,1.3621708439705e-09,0.667020878493985
1,0,0,0,1,1,1,0,0,1,0,1,0,0.36428083538901,0,0,0,0.635807216015361,2.85052055064762e-149,0.237947705248012,0,0,2.34868063206785e-66,0,2.18040158239406e-62,1.01916992762669
0,1,0,0,1,1,1,0,0,1,0,1,0,0,1.28112343914884e-32,0,0,0.712258253471959,6.62976356759075e-132,0.329153879822241,0,0,0.00879159317441651,0,1.62596323109269e-09,0.667020851262026
1,1,0,0,1,1,1,0,0,1,0,1,0,0.364280835389008,1.84272900036052e-29,0,0,0.635807216015361,1.44539110159561e-148,0.237947705248012,0,0,3.42368123556196e-66,0,3.99860985275821e-62,1.01916992762669
0,0,1,0,1,1,1,0,0,1,0,1,0,0,0,8.08906532839649e-31,0,0.712258253368118,1.00139734102154e-131,0.329153861069845,0,0,0.00879156865510744,0,1.92640238117922e-09,0.667020751975514
1,0,1,0,1,1,1,0,0,1,0,1,0,0.364280835389008,0,1.77094692399949e-27,0,0.635807216015362,1.75268070868547e-148,0.237947705248012,0,0,6.54225596574561e-67,0,2.62949134520991e-62,1.01916992762669
0,1,1,0,1,1,1,0,0,1,0,1,0,0,1.31018068099867e-32,8.62488993425594e-31,0,0.71225825330593,2.39104505802882e-131,0.329153857434864,0,0,0.00879156386401802,0,2.12305373459949e-09,0.667020735140579
1,1,1,0,1,1,1,0,0,1,0,1,0,0.364280835389008,1.36532809775162e-29,2.08255332167094e-27,0,0.635807216015362,5.75377381895747e-148,0.237947705248012,0,0,9.11335694972306e-67,0,4.09751142330164e-62,1.01916992762669
0,0,0,1,1,1,1,0,0,1,0,1,0,0,0,0,0.292384840585706,0.469827920849501,1.43240190428315e-65,0.345859767735033,0,0,0.00303865123375149,0,2.78535489475779e-15,1.09469789924978
1,0,0,1,1,1,1,0,0,1,0,1,0,0.335851588538069,0,0,0.236058144339668,0.44604303388734,4.43658273807909e-94,0.261501353083417,0,0,3.82675201493189e-64,0,8.34918233763036e-64,1.35479596427659
0,1,0,1,1,1,1,0,0,1,0,1,0,0,3.53345282898998e-94,0,0.2923849160094,0.469827857389301,1.85731271535537e-65,0.345859648824106,0,0,0.00303848579948794,0,2.94649042276383e-15,1.09469720545699
1,1,0,1,1,1,1,0,0,1,0,1,0,0.335851588538069,4.55117091556093e-80,0,0.236058144339668,0.44604303388734,6.5644416235373e-94,0.261501353083417,0,0,4.21896298615629e-64,0,9.99948000337097e-64,1.35479596427659
0,0,1,1,1,1,1,0,0,1,0,1,0,0,0,1.40049284441192e-71,0.292386016857435,0.469826931169165,2.79508565239948e-65,0.345857913154077,0,0,0.00303607104479254,0,3.08695120962586e-15,1.09468707754563
1,0,1,1,1,1,1,0,0,1,0,1,0,0.335851588538069,0,2.56426887324628e-61,0.236058144339668,0.44604303388734,8.87826706775081e-94,0.261501353083417,0,0,2.35957536363551e-64,0,9.00402506887008e-64,1.35479596427659
0,1,1,1,1,1,1,0,0,1,0,1,0,0,3.4995432854284e-94,1.6106891432867e-71,0.292386032419597,0.469826918075828,3.39774363650328e-65,0.345857888616355,0,0,0.00303603690647254,0,3.2056730862634e-15,1.09468693435012
1,1,1,1,1,1,1,0,0,1,0,1,0,0.335851588538069,4.14756598763252e-80,3.03622470330375e-61,0.236058144339668,0.44604303388734,1.22088604817448e-93,0.261501353083417,0,0,2.59281593866913e-64,0,1.04397045756592e-63,1.35479596427659
0,0,0,0,0,0,0,1,0,1,0,1,0,0,0,0,0,0,0,0,4.7562761337367e-63,0,1.32009866339584e-69,0,0.382017050024126,1.77469845277947e-60
1,0,0,0,0,0,0,1,0,1,0,1,0,0.269028295678878,0,0,0,0,0,0,1.10617316611096e-71,0,1.82045694188316e-52,0,0.153275925533447,0.655097466347388
0,1,0,0,0,0,0,1,0,1,0,1,0,0,0.513173850066245,0,0,0,0,0,4.75627674301709e-63,0,1.32009882874043e-69,0,0.382017050024126,0.682375468276941
1,1,0,0,0,0,0,1,0,1,0,1,0,0.269028295678878,0.517014062788843,0,0,0,0,0,1.10613270897627e-71,0,1.82043163001296e-52,0,0.153275925533447,0.98257792168706
0,0,1,0,0,0,0,1,0,1,0,1,0,0,0,0.531635853896199,0,0,0,0,4.7562699786152e-63,0,1.26526966222363e-239,0,0.382017050024126,0.67967810877571
1,0,1,0,0,0,0,1,0,1,0,1,0,0.269028295678878,0,0.527505813411478,0,0,0,0,1.1384032181965e-71,0,3.73749574682806e-221,0,0.153275925533447,0.97826983146062
0,1,1,0,0,0,0,1,0,1,0,1,0,0,5.78236672053897e-27,0.531635853896197,0,0,0,0,4.75741479917147e-63,0,1.45564879092214e-238,0,0.382017050024126,0.67967810877571
1,1,1,0,0,0,0,1,0,1,0,1,0,0.269028295678878,2.86821279196332e-24,0.527505813411476,0,0,0,0,1.13555149347429e-71,0,5.72550128331194e-220,0,0.153275925533447,0.978269831460621
0,0,0,1,0,0,0,1,0,1,0,1,0,0,0,0,0.522990777950013,0,0,0,4.75627914167428e-63,0,1.32009974218019e-69,0,0.382017050024126,0.680965374358565
1,0,0,1,0,0,0,1,0,1,0,1,0,0.269028295678878,0,0,0.537574563423307,0,0,0,1.10617792504723e-71,0,1.82046030195321e-52,0,0.153275925533447,0.974133050573838
0,1,0,1,0,0,0,1,0,1,0,1,0,0,1.1008550195882e-46,0,0.522990777950011,0,0,0,4.75667149303247e-63,0,1.32024949623871e-69,0,0.382017050024126,0.680965374358565
1,1,0,1,0,0,0,1,0,1,0,1,0,0.269028295678878,2.93770892873674e-51,0,0.537574563423307,0,0,0,1.1061342692093e-71,0,1.82043260481927e-52,0,0.153275925533447,0.974133050573838
0,0,1,1,0,0,0,1,0,1,0,1,0,0,0,0.266397646767766,0.294900652855119,0,0,0,4.7578031621935e-63,0,6.72125950210333e-155,0,0.382017050024126,1.08665042848421
1,0,1,1,0,0,0,1,0,1,0,1,0,0.269028295678878,0,0.191384585463827,0.373710750925989,0,0,0,1.1341393681705e-71,0,1.614977254682e-114,0,0.153275925533447,1.32919902337918
0,1,1,1,0,0,0,1,0,1,0,1,0,0,1.70828708787826e-50,0.266397646767766,0.294900652855119,0,0,0,4.75799226058165e-63,0,8.47261043591303e-155,0,0.382017050024126,1.08665042848421
1,1,1,1,0,0,0,1,0,1,0,1,0,0.269028295678878,5.46310161367742e-54,0.191384585463838,0.373710750925979,0,0,0,1.13200155712173e-71,0,2.12127529199656e-114,0,0.153275925533447,1.32919902337918
0,0,0,0,1,0,0,1,0,1,0,1,0,0,0,0,0,0.576394059436309,0,0,1.34915611713412e-89,0,1.17217368945146e-69,0,0.382017050024126,0.672437519806545
1,0,0,0,1,0,0,1,0,1,0,1,0,0.358810006518177,0,0,0,0.599289633552522,0,0,1.87265868100428e-102,0,4.64134886099484e-47,0,0.076939087267963,0.876859508164847
0,1,0,0,1,0,0,1,0,1,0,1,0,0,0.18780827308148,0,0,0.429780052104246,0,0,8.70952301603215e-83,0,1.20422395593916e-69,0,0.382017050024126,1.04464838796891
1,1,0,0,1,0,0,1,0,1,0,1,0,0.339973668030692,0.159519210714864,0,0,0.47355776361922,0,0,6.85251879631643e-96,0,3.47341466525665e-48,0,0.0929546711902478,1.22189375541442
0,0,1,0,1,0,0,1,0,1,0,1,0,0,0,0.531635853826789,0,9.37653837554501e-11,0,0,1.45501349472226e-63,0,5.82898303968531e-237,0,0.382017050024126,0.679678111179492
1,0,1,0,1,0,0,1,0,1,0,1,0,0.269038723663982,0,0.527457303010774,0,6.76746389952003e-05,0,0,9.03185508242919e-73,0,6.64939620464588e-216,0,0.153266376835802,0.978966290972766
0,1,1,0,1,0,0,1,0,1,0,1,0,0,8.46481186104938e-27,0.531635853822006,0,1.00225456786864e-10,0,0,1.49723502938705e-63,0,4.17264076945747e-236,0,0.382017050024126,0.679678111337795
1,1,1,0,1,0,0,1,0,1,0,1,0,0.269039091282665,5.92278480507733e-24,0.527455592905323,0,7.00603026236554e-05,0,0,9.06379456457849e-73,0,6.93746313954574e-215,0,0.153266040180288,0.978988286441391
0,0,0,1,1,0,0,1,0,1,0,1,0,0,0,0,0.314769136781806,0.31406258846066,0,0,1.42043928174418e-77,0,1.20736979208478e-69,0,0.382017050024126,1.09422984589174
1,0,0,1,1,0,0,1,0,1,0,1,0,0.318063214108183,0,0,0.323230568690748,0.327306285679662,0,0,1.55278100076961e-88,0,1.82761822883866e-49,0,0.111584019659667,1.31733895885929
0,1,0,1,1,0,0,1,0,1,0,1,0,0,2.20034011354215e-39,0,0.314769136781806,0.31406258846066,0,0,1.58929394782907e-77,0,1.22068946171451e-69,0,0.382017050024126,1.09422984589174
1,1,0,1,1,0,0,1,0,1,0,1,0,0.318063214108182,1.8180857070461e-44,0,0.32323056869075,0.32730628567966,0,0,1.74813667992405e-88,0,1.78344673943465e-49,0,0.111584019659668,1.31733895885929
0,0,1,1,1,0,0,1,0,1,0,1,0,0,0,0.214353002311821,0.268190710778043,0.107498174864196,0,0,2.73976285327533e-68,0,1.90150307574948e-137,0,0.382017050024126,1.29920242277943
1,0,1,1,1,0,0,1,0,1,0,1,0,0.312229292187737,0,0.0401109219819895,0.314376998540935,0.288376485862918,0,0,9.96511924682219e-86,0,5.09602595357655e-68,0,0.116550346980367,1.43656631149458
0,1,1,1,1,0,0,1,0,1,0,1,0,0,4.31263138596194e-47,0.214353039954806,0.268190718691969,0.107498114927783,0,0,2.9934211132086e-68,0,1.72253849317274e-137,0,0.382017050024126,1.29920237525618
1,1,1,1,1,0,0,1,0,1,0,1,0,0.31222695443464,2.18570231576896e-46,0.0401261385806128,0.31437396256836,0.288361095809002,0,0,1.10461145366686e-85,0,4.47981933539652e-68,0,0.116552448161722,1.43659691086588
0,0,0,0,0,1,0,1,0,1,0,1,0,0,0,0,0,0,0.306606495780451,0,0.185161547666533,0,0.122628886265249,0,6.84201618504929e-22,1.02997540410091
1,0,0,0,0,1,0,1,0,1,0,1,0,0.352095290900258,0,0,0,0,0.167345307651026,0,8.08939718291981e-40,0,1.87074838764383e-18,0,2.01751761127573e-28,0.628490225420088
0,1,0,0,0,1,0,1,0,1,0,1,0,0,0.480373223209415,0,0,0,0.306606495780451,0,0.185161547666533,0,0.122628886265249,0,6.84201500070626e-22,1.26366821525808
1,1,0,0,0,1,0,1,0,1,0,1,0,0.352095290900258,0.484698872731938,0,0,0,0.167345307651026,0,8.08939630038384e-40,0,1.87074838559344e-18,0,2.01751756203026e-28,1.01766605699238
0,0,1,0,0,1,0,1,0,1,0,1,0,0,0,0.526082132321528,0,0,0.306606495780451,0,0.185161547666533,0,1.74188798111457e-104,0,6.84201607127417e-22,1.01258229323584
1,0,1,0,0,1,0,1,0,1,0,1,0,0.352095290900256,0,0.503380196051605,0,0,0.167345307651026,0,1.41216043046547e-39,0,5.57436854234005e-179,0,2.43598086141938e-28,1.01220330910497
0,1,1,0,0,1,0,1,0,1,0,1,0,0,3.39333735151219e-34,0.526082132321528,0,0,0.306606495780451,0,0.185161547666533,0,1.22384424887216e-103,0,6.84201594739473e-22,1.01258229323584
1,1,1,0,0,1,0,1,0,1,0,1,0,0.352095290900256,5.79987307829486e-26,0.503380196051603,0,0,0.167345307651026,0,1.35433472166674e-39,0,6.22086865042156e-178,0,2.40012575654423e-28,1.01220330910497
0,0,0,1,0,1,0,1,0,1,0,1,0,0,0,0,0.526796831464472,0,0.306606495780451,0,0.185161547666533,0,0.122628886265249,0,6.8420149836641e-22,1.24471718266694
1,0,0,1,0,1,0,1,0,1,0,1,0,0.352095290900258,0,0,0.522778575534089,0,0.167345307651026,0,8.08939550326918e-40,0,1.87074837197413e-18,0,2.01751750120404e-28,1.00638071302211
0,1,0,1,0,1,0,1,0,1,0,1,0,0,1.78215516442143e-58,0,0.526796831464472,0,0.306606495780451,0,0.185161547666533,0,0.122628886265249,0,6.84201518820545e-22,1.24471718266694
1,1,0,1,0,1,0,1,0,1,0,1,0,0.352095290900258,1.38348167749009e-55,0,0.522778575534089,0,0.167345307651026,0,8.08941258487691e-40,0,1.87074867976771e-18,0,2.01751908491171e-28,1.00638071302211
0,0,1,1,0,1,0,1,0,1,0,1,0,0,0,0.196312890886713,0.366648227585844,0,0.306606495780451,0,0.185161547666533,0,0.0086688713890742,0,6.84227548328497e-22,1.38119233215075
1,0,1,1,0,1,0,1,0,1,0,1,0,0.352095290900256,0,0.144333752558017,0.399199767402894,0,0.167345307651026,0,1.31781996292774e-39,0,1.04615044596992e-65,0,2.37765873312361e-28,1.29596175195018
0,1,1,1,0,1,0,1,0,1,0,1,0,0,1.88680039387898e-63,0.196313083744205,0.366648030768122,0,0.306606495780451,0,0.185161547666533,0,0.00866919845833968,0,6.8421873372849e-22,1.38119350105694
1,1,1,1,0,1,0,1,0,1,0,1,0,0.352095290900256,1.09892983067018e-57,0.14433375255864,0.399199767402324,0,0.167345307651026,0,1.28072023240068e-39,0,1.29440641297194e-65,0,2.35391562443237e-28,1.29596175195076
0,0,0,0,1,1,0,1,0,1,0,1,0,0,0,0,0,0.576394059436309,2.49271732070028e-151,0,4.09346532033897e-89,0,2.67786898594322e-69,0,0.382017050024126,0.672437519806545
1,0,0,0,1,1,0,1,0,1,0,1,0,0.358810006518179,0,0,0,0.599289633552526,1.09702740919732e-131,0,5.14253606599728e-102,0,1.13489578282536e-46,0,0.0769390872679582,0.876859508164839
0,1,0,0,1,1,0,1,0,1,0,1,0,0,0.18780827308148,0,0,0.429780052104246,3.07670663012915e-109,0,3.56479062280861e-82,0,3.72356150155476e-69,0,0.382017050024126,1.04464838796891
1,1,0,0,1,1,0,1,0,1,0,1,0,0.339973668030692,0.159519210714864,0,0,0.47355776361922,8.30644291635964e-97,0,2.33186687287506e-95,0,1.05219360551742e-47,0,0.0929546711902478,1.22189375541442
0,0,1,0,1,1,0,1,0,1,0,1,0,0,0,0.540219160275891,0,1.78378995501242e-10,0.144918491570957,0,1.6310568926347e-11,0,3.62785209437464e-195,0,0.225630028890719,0.947972462083321
1,0,1,0,1,1,0,1,0,1,0,1,0,0.348186884651079,0,0.495223794499882,0,0.0189795717377302,0.153745410474396,0,2.33590623469421e-43,0,2.88041887550909e-176,0,2.34841760399618e-19,1.07736433144502
0,1,1,0,1,1,0,1,0,1,0,1,0,0,8.09845383674452e-29,0.540219160435325,0,1.91294446378728e-10,0.144918492983894,0,4.94707939869198e-11,0,5.89587246199429e-194,0,0.225630027109022,0.947972463660126
1,1,1,0,1,1,0,1,0,1,0,1,0,0.348179605573041,3.56586174198668e-25,0.495209517968015,0,0.0190131724480738,0.153720774246771,0,3.86750887538273e-43,0,4.66663840465534e-175,0,2.71051232163563e-19,1.07744571487288
0,0,0,1,1,1,0,1,0,1,0,1,0,0,0,0,0.314769136781806,0.31406258846066,6.65963488069676e-77,0,6.44058219958386e-77,0,3.98885346353428e-69,0,0.382017050024126,1.09422984589174
1,0,0,1,1,1,0,1,0,1,0,1,0,0.318063214108185,0,0,0.323230568690746,0.327306285679665,1.68010300979974e-57,0,5.8150912436759e-88,0,5.80839987098252e-49,0,0.111584019659665,1.31733895885929
0,1,0,1,1,1,0,1,0,1,0,1,0,0,1.87548671299949e-39,0,0.314769136781806,0.31406258846066,1.32561500664036e-76,0,9.14974692205248e-77,0,5.03002852758285e-69,0,0.382017050024126,1.09422984589174
1,1,0,1,1,1,0,1,0,1,0,1,0,0.318063214108185,1.57957299257141e-44,0,0.323230568690746,0.327306285679665,3.08276735255184e-57,0,7.82195015518505e-88,0,6.7125140708742e-49,0,0.111584019659665,1.31733895885929
0,0,1,1,1,1,0,1,0,1,0,1,0,0,0,0.21435294062206,0.268190697808691,0.107498273088572,9.77973800477604e-20,0,2.70139031916735e-67,0,4.44260897898181e-136,0,0.382017050024126,1.29920250066088
1,0,1,1,1,1,0,1,0,1,0,1,0,0.312234301405505,0,0.040078314169787,0.314383505444059,0.288409463423999,7.61208313690582e-43,0,6.32131904121292e-85,0,7.29105952786765e-67,0,0.116545844975188,1.43650072003322
0,1,1,1,1,1,0,1,0,1,0,1,0,0,3.58472363672472e-47,0.214352966095015,0.268190703163987,0.107498232529751,1.52467836655182e-19,0,3.81322991504887e-67,0,5.70291696672577e-136,0,0.382017050024126,1.29920246850208
1,1,1,1,1,1,0,1,0,1,0,1,0,0.312232657976099,1.94562634375078e-46,0.0400890125450778,0.314381370415582,0.288398644029991,1.19461266135839e-42,0,8.50348780300329e-85,0,8.60601317333848e-67,0,0.116547321952853,1.436522243061
0,0,0,0,0,0,1,1,0,1,0,1,0,0,0,0,0,0,0,0.347403881373746,2.97811095569416e-229,0,0.00251979389971244,0,1.3310121897934e-15,0.042701307256279
1,0,0,0,0,0,1,1,0,1,0,1,0,0.269028295678878,0,0,0,0,0,0.281188172153536,2.83068435068012e-271,0,3.74848714789743e-52,0,8.06258133555511e-55,0.692902951959963
0,1,0,0,0,0,1,1,0,1,0,1,0,0,0.475370164578974,0,0,0,0,0.203467049671697,3.82584283716546e-148,0,2.3977416892372e-19,0,0.129687799104264,0.95302165274483
1,1,0,0,0,0,1,1,0,1,0,1,0,0.269028295678878,0.496387949856143,0,0,0,0,0.111013895170629,1.07546486696499e-119,0,1.4697908132058e-25,0,0.0156022671067239,1.01778778015189
0,0,1,0,0,0,1,1,0,1,0,1,0,0,0,0.436699056550926,0,0,0,0.319583024522943,2.03626320466582e-203,0,1.36392648754719e-135,0,1.44293457105906e-06,0.681134087224349
1,0,1,0,0,0,1,1,0,1,0,1,0,0.269028295678878,0,0.399346242924247,0,0,0,0.257463001701322,5.97959564237034e-249,0,4.54417705759652e-175,0,7.88930879631459e-47,1.07771883105994
0,1,1,0,0,0,1,1,0,1,0,1,0,0,5.94934341443497e-14,0.436698773350663,0,0,0,0.319583147732869,1.99346162470097e-202,0,1.51522819670476e-134,0,2.01381786560982e-06,0.681143460092323
1,1,1,0,0,0,1,1,0,1,0,1,0,0.269028295678878,2.82948171098762e-13,0.399346242924112,0,0,0,0.257463001701223,5.47507686303555e-247,0,1.18449469383291e-173,0,3.56116377559696e-46,1.07771883106874
0,0,0,1,0,0,1,1,0,1,0,1,0,0,0,0,0.599505370602148,0,0,0.372570367405444,1.52718527559403e-252,0,1.3949743574472e-06,0,7.16027773236873e-24,0.665663487466708
1,0,0,1,0,0,1,1,0,1,0,1,0,0.269028295678878,0,0,0.541478805374551,0,0,0.305612987963595,4.56427546711942e-294,0,9.11103126379093e-57,0,6.00705615091642e-63,1.04853265862421
0,1,0,1,0,0,1,1,0,1,0,1,0,0,1.35972947490747e-108,0,0.599505380493473,0,0,0.372570330623312,3.43335240799373e-252,0,1.34570829510974e-06,0,8.69130650548251e-24,0.665662825461311
1,1,0,1,0,0,1,1,0,1,0,1,0,0.269028295678878,8.21845913776592e-97,0,0.541478805374551,0,0,0.305612987963595,1.4328444371979e-293,0,1.01456429818807e-56,0,8.65502910589179e-63,1.04853265862421
0,0,1,1,0,0,1,1,0,1,0,1,0,0,0,2.18608305903317e-56,0.599505469283268,0,0,0.372570000446953,5.14069991595894e-252,0,9.03468775630972e-07,0,1.02768782782424e-23,0.665656790071383
1,0,1,1,0,0,1,1,0,1,0,1,0,0.269028295678878,0,4.22331659141622e-49,0.541478805374551,0,0,0.305612987963595,9.81620255102167e-294,0,2.91547124838556e-57,0,8.16984059108307e-63,1.04853265862421
0,1,1,1,0,0,1,1,0,1,0,1,0,0,1.53323536153222e-108,2.59376120166303e-56,0.599505477677701,0,0,0.372569969231136,9.40222301972421e-252,0,8.61658127368496e-07,0,1.17558455353294e-23,0.665656209319999
1,1,1,1,0,0,1,1,0,1,0,1,0,0.269028295678878,8.16710429215089e-97,5.13087787524671e-49,0.541478805374551,0,0,0.305612987963595,2.44602677031715e-293,0,3.16749161259031e-57,0,1.08803030615194e-62,1.04853265862421
0,0,0,0,1,0,1,1,0,1,0,1,0,0,0,0,0,0.712258253396647,0,0.32915387132288,1.19258582547216e-244,0,0.00879158203556776,0,1.85509366270797e-09,0.667020807901315
1,0,0,0,1,0,1,1,0,1,0,1,0,0.36428083538901,0,0,0,0.635807216015361,0,0.237947705248012,2.39058710331116e-297,0,2.30589154431869e-66,0,3.69684053464269e-62,1.01916992762669
0,1,0,0,1,0,1,1,0,1,0,1,0,0,1.56963589716355e-32,0,0,0.712258253241628,0,0.329153857982599,5.13810466255106e-244,0,0.00879156451897125,0,2.33587408070166e-09,0.667020741893604
1,1,0,0,1,0,1,1,0,1,0,1,0,0.364280835389008,2.01123085101469e-29,0,0,0.635807216015361,0,0.237947705248012,2.429616189161e-296,0,3.40449129302812e-66,0,7.79134340048164e-62,1.01916992762669
0,0,1,0,1,0,1,1,0,1,0,1,0,0,0,1.09662202651159e-30,0,0.712258253000798,0,0.32915380900785,9.02467569647996e-244,0,0.00879150051063326,0,3.02058486064177e-09,0.667020480566065
1,0,1,0,1,0,1,1,0,1,0,1,0,0.364280835389008,0,1.9657202663277e-27,0,0.635807216015362,0,0.237947705248012,6.09460753611413e-297,0,5.50698452006046e-67,0,5.15493926603447e-62,1.01916992762669
0,1,1,0,1,0,1,1,0,1,0,1,0,0,1.7095530106027e-32,1.24006613633001e-30,0,0.712258252841918,0,0.329153789867569,2.61015356356099e-243,0,0.00879147543604272,0,3.5013010053822e-09,0.667020382010089
1,1,1,0,1,0,1,1,0,1,0,1,0,0.364280835389008,1.47598927834761e-29,2.37488307914817e-27,0,0.635807216015362,0,0.237947705248012,3.47136650625976e-296,0,7.62203484739836e-67,0,9.03334453776919e-62,1.01916992762669
0,0,0,1,1,0,1,1,0,1,0,1,0,0,0,0,0.292387253936809,0.469825890360463,0,0.345855962462155,2.02553484621082e-249,0,0.00303335711359533,0,4.77189963056086e-15,1.09467569261677
1,0,0,1,1,0,1,1,0,1,0,1,0,0.335851588538069,0,0,0.236058144339668,0.44604303388734,0,0.261501353083417,1.64761485057147e-299,0,3.88024621065521e-64,0,1.62955209996371e-63,1.35479596427659
0,1,0,1,1,0,1,1,0,1,0,1,0,0,4.36027314685115e-94,0,0.292387937731785,0.469825315068689,0,0.345854884113528,3.71172075594441e-249,0,0.00303185683170842,0,5.34858348420493e-15,1.09466939793298
1,1,0,1,1,0,1,1,0,1,0,1,0,0.335851588538069,4.70498310143766e-80,0,0.236058144339668,0.44604303388734,0,0.261501353083417,3.80164580139009e-299,0,4.2713971335344e-64,0,2.11596247348241e-63,1.35479596427659
0,0,1,1,1,0,1,1,0,1,0,1,0,0,0,1.86685572865924e-71,0.292390790458025,0.469822915120086,0,0.345850384543783,5.16589915001625e-249,0,0.00302559658910271,0,5.98904092925645e-15,1.09464312428191
1,0,1,1,1,0,1,1,0,1,0,1,0,0.335851588538067,0,2.76507857276549e-61,0.236058144339674,0.446043033887334,0,0.261501353083419,2.6837701244055e-299,0,2.29510303912559e-64,0,1.9841738515483e-63,1.35479596427659
0,1,1,1,1,0,1,1,0,1,0,1,0,0,4.44736833293667e-94,2.24274651994768e-71,0.292391682950938,0.469822164318812,0,0.34584897655942,8.53679010217718e-249,0,0.00302363763214587,0,6.56263208177315e-15,1.09463490015054
1,1,1,1,1,0,1,1,0,1,0,1,0,0.335851588538067,4.26270628124499e-80,3.33425155412196e-61,0.236058144339674,0.446043033887334,0,0.261501353083419,5.52162843449586e-299,0,2.50651737664728e-64,0,2.47676652465966e-63,1.35479596427659
0,0,0,0,0,1,1,1,0,1,0,1,0,0,0,0,0,0,0.185100432648417,0.385212354540551,6.52516178625941e-264,0,1.11085790361847e-08,0,6.85829034696938e-82,0.630258982571689
1,0,0,0,0,1,1,1,0,1,0,1,0,0.316635212877441,0,0,0,0,0.0959080581123547,0.290365402929696,2.01840610980097e-298,0,4.73965641044069e-65,0,5.4514516024588e-97,0.996218496394465
0,1,0,0,0,1,1,1,0,1,0,1,0,0,0.393818275660713,0,0,0,0.217109758536444,0.275242478960991,9.87850980155551e-161,0,0.0274368002711853,0,2.67064758957356e-54,1.17095234009016
1,1,0,0,0,1,1,1,0,1,0,1,0,0.33362050657427,0.408427959036165,0,0,0,0.130126332068977,0.15128106010943,1.93663013864727e-175,0,1.03458502465813e-42,0,2.20570499096184e-64,1.27680699898152
0,0,1,0,0,1,1,1,0,1,0,1,0,0,0,0.346922611314124,0,0,0.190747265090753,0.365812338333051,6.62406196150059e-245,0,6.18429369243285e-115,0,8.42293895912415e-77,1.06197250315764
1,0,1,0,0,1,1,1,0,1,0,1,0,0.319080277746698,0,0.344938235859653,0,0,0.100833842795931,0.270343951045312,1.68067885953011e-280,0,8.22420492536377e-172,0,3.12410957747596e-92,1.30643250519031
0,1,1,0,0,1,1,1,0,1,0,1,0,0,2.12974961615889e-14,0.34692261131411,0,0,0.190747265090756,0.365812338333045,2.62989779436298e-243,0,1.09189671935179e-113,0,2.23915347617977e-76,1.06197250315838
1,1,1,0,0,1,1,1,0,1,0,1,0,0.319080277746711,2.409927640417e-13,0.344938235859521,0,0,0.100833842795957,0.270343951045231,1.00129412427126e-278,0,1.80817127465586e-170,0,9.01871004639742e-92,1.30643250519705
0,0,0,1,0,1,1,1,0,1,0,1,0,0,0,0,0.540422489940697,0,0.17842167865711,0.408157597982719,3.47902168900574e-285,0,7.75185807198686e-13,0,1.42186927776766e-87,1.01206835737674
1,0,0,1,0,1,1,1,0,1,0,1,0,0.313934362757646,0,0,0.501835452974005,0,0.0904669729616059,0.312481356334603,4.7550606985522e-318,0,1.29078800536887e-68,0,3.41394902062782e-102,1.25676088326328
0,1,0,1,0,1,1,1,0,1,0,1,0,0,9.61912551358456e-114,0,0.540422489940695,0,0.178421678657106,0.408157597982732,7.8458136142415e-285,0,7.93589045389914e-13,0,1.77458744678084e-87,1.01206835737718
1,1,0,1,0,1,1,1,0,1,0,1,0,0.313934362757649,1.71625382528021e-97,0,0.501835452974002,0,0.0904669729616067,0.312481356334604,1.34151372113303e-317,0,1.46240890225546e-68,0,4.49167694413491e-102,1.25676088326329
0,0,1,1,0,1,1,1,0,1,0,1,0,0,0,1.92789407963974e-66,0.540422489940722,0,0.178421678657156,0.408157597982587,1.01441116279486e-284,0,5.89438768903354e-13,0,1.90052379551469e-87,1.0120683573723
1,0,1,1,0,1,1,1,0,1,0,1,0,0.313934362757649,0,4.91174818637842e-53,0.501835452974002,0,0.0904669729616067,0.312481356334604,8.97532003876355e-318,0,5.08684223155395e-69,0,4.07259835679146e-102,1.25676088326329
0,1,1,1,0,1,1,1,0,1,0,1,0,0,1.04435002888708e-113,2.21857582391904e-66,0.540422489940719,0,0.178421678657151,0.408157597982602,1.9305243241362e-284,0,6.11583982250217e-13,0,2.26367636450442e-87,1.01206835737283
1,1,1,1,0,1,1,1,0,1,0,1,0,0.313934362757649,1.70329151519208e-97,5.84069135652843e-53,0.501835452974002,0,0.0904669729616067,0.312481356334604,2.07827725791829e-317,0,5.73331395270026e-69,0,5.08593741553777e-102,1.25676088326329
0,0,0,0,1,1,1,1,0,1,0,1,0,0,0,0,0,0.712258253582974,2.05009114871575e-132,0.329153887775515,1.33401209471659e-244,0,0.00879160363445416,0,1.27813413582336e-09,0.667020889426022
1,0,0,0,1,1,1,1,0,1,0,1,0,0.36428083538901,0,0,0,0.635807216015361,2.93928751338405e-149,0.237947705248012,2.21669120057887e-297,0,2.41620354605452e-66,0,2.01919272275792e-62,1.01916992762669
0,1,0,0,1,1,1,1,0,1,0,1,0,0,1.22254919502003e-32,0,0,0.712258253507613,6.8569219021512e-132,0.329153882805786,5.06703468503902e-244,0,0.00879159709288621,0,1.51520005201315e-09,0.667020865937946
1,1,0,0,1,1,1,1,0,1,0,1,0,0.364280835389008,1.80364132928863e-29,0,0,0.635807216015361,1.43749181142531e-148,0.237947705248012,1.79055759785244e-296,0,3.50366250408061e-66,0,3.63923299098232e-62,1.01916992762669
0,0,1,0,1,1,1,1,0,1,0,1,0,0,0,7.64738326470993e-31,0,0.712258253415805,1.02278444475198e-131,0.329153866672833,8.0319451887077e-244,0,0.00879157599632822,0,1.78180544489781e-09,0.667020780682386
1,0,1,0,1,1,1,1,0,1,0,1,0,0.364280835389008,0,1.74202983047265e-27,0,0.635807216015362,1.74779101967942e-148,0.237947705248012,5.05159876165073e-297,0,6.95232860860648e-67,0,2.42642610797241e-62,1.01916992762669
0,1,1,0,1,1,1,1,0,1,0,1,0,0,1.24307041016971e-32,8.09371739994999e-31,0,0.712258253361727,2.38860436098744e-131,0.329153863799149,2.0401699586679e-243,0,0.00879157220420014,0,1.95344374067901e-09,0.667020767669051
1,1,1,0,1,1,1,1,0,1,0,1,0,0.364280835389008,1.34184398908588e-29,2.04027341248574e-27,0,0.635807216015362,5.60817548998921e-148,0.237947705248012,2.43621396918849e-296,0,9.6524460534324e-67,0,3.73588467945244e-62,1.01916992762669
0,0,0,1,1,1,1,1,0,1,0,1,0,0,0,0,0.292384592113475,0.469828129910667,1.43397722345265e-65,0.34586015946312,2.03336159676507e-249,0,0.00303919622284644,0,2.57638511401242e-15,1.09470018474552
1,0,0,1,1,1,1,1,0,1,0,1,0,0.335851588538069,0,0,0.236058144339668,0.44604303388734,4.38411311106993e-94,0.261501353083417,1.43279951535407e-299,0,3.92384657196101e-64,0,7.73011086880597e-64,1.35479596427659
0,1,0,1,1,1,1,1,0,1,0,1,0,0,3.4953813076245e-94,0,0.29238463479008,0.469828094003052,1.84864277225527e-65,0.345860092182158,3.58763316101204e-249,0,0.00303910261873681,0,2.70857687664123e-15,1.09469979220899
1,1,0,1,1,1,1,1,0,1,0,1,0,0.335851588538069,4.58522674083248e-80,0,0.236058144339668,0.44604303388734,6.44355101347759e-94,0.261501353083417,3.08961813594643e-299,0,4.32942771518152e-64,0,9.20353635429636e-64,1.35479596427659
0,0,1,1,1,1,1,1,0,1,0,1,0,0,0,1.36993291291091e-71,0.292385617449508,0.469827267215744,2.75807577687717e-65,0.345858542909441,4.69851539196025e-249,0,0.00303694719590728,0,2.83482056385612e-15,1.09469075249422
1,0,1,1,1,1,1,1,0,1,0,1,0,0.335851588538069,0,2.57208337981199e-61,0.236058144339668,0.44604303388734,8.69685685176429e-94,0.261501353083417,2.19011774104102e-299,0,2.44729219992832e-64,0,8.32309174943741e-64,1.35479596427659
0,1,1,1,1,1,1,1,0,1,0,1,0,0,3.46024880738538e-94,1.56759070277046e-71,0.292385599606761,0.469827282228033,3.33642896562026e-65,0.345858571041902,7.50222204207165e-249,0,0.00303698633530253,0,2.92675688338096e-15,1.0946909166557
1,1,1,1,1,1,1,1,0,1,0,1,0,0.335851588538069,4.18416426314218e-80,3.03818182623049e-61,0.236058144339668,0.44604303388734,1.18962919776727e-93,0.261501353083417,4.23665873133049e-299,0,2.69153341475485e-64,0,9.6013766253176e-64,1.35479596427659
0,0,0,0,0,0,0,0,1,1,0,1,0,0,0,0,0,0,0,0,0,0.0648207469802893,3.5770566770016e-30,0,0.269683331515904,0.491660144996432
1,0,0,0,0,0,0,0,1,1,0,1,0,0.416951067690223,0,0,0,0,0,0,0,0.19479489243204,1.59327959554598e-33,0,1.34720495433498e-85,0.625676170285288
0,1,0,0,0,0,0,0,1,1,0,1,0,0,0.560324801798446,0,0,0,0,0,0,0.560808602707598,0.122628886265249,0,2.46746194014624e-160,0.9467912854247
1,1,0,0,0,0,0,0,1,1,0,1,0,0.640897248548447,0.387453969778067,0,0,0,0,0,0,0.489702644752272,3.82355926853604e-86,0,8.11917528651181e-275,1.07756420868573
0,0,1,0,0,0,0,0,1,1,0,1,0,0,0,0.535934623446375,0,0,0,0,0,0.663317991239175,1.29856823524837e-104,0,9.58808193631785e-204,0.687495290621396
1,0,1,0,0,0,0,0,1,1,0,1,0,0.681564758125195,0,0.353974870123195,0,0,0,0,0,0.543256421806115,2.50124192546519e-204,0,5.80082203048849e-299,1.06496250697098
0,1,1,0,0,0,0,0,1,1,0,1,0,0,1.38832407184191e-17,0.535934623446373,0,0,0,0,0,0.663317991239174,2.36695804896993e-104,0,1.67377083755744e-208,0.687495290621397
1,1,1,0,0,0,0,0,1,1,0,1,0,0.681564758128019,1.34774616517275e-10,0.353974870022574,0,0,0,0,0,0.54325642180971,3.29518208682559e-207,0,2.05993500875093e-309,1.06496250891674
0,0,0,1,0,0,0,0,1,1,0,1,0,0,0,0,0.529431524097282,0,0,0,0,0.890179979505979,0.12262888626525,0,1.4383306032566e-314,0.885563110975294
1,0,0,1,0,0,0,0,1,1,0,1,0,0.810092396239883,0,0,0.353681770766745,0,0,0,0,0.712510466336691,2.08684848524196e-124,0,1.97626258336499e-323,1.04486271452179
0,1,0,1,0,0,0,0,1,1,0,1,0,0,1.55087148426374e-50,0,0.529431524097282,0,0,0,0,0.890179979505979,0.12262888626525,0,3.51645603430786e-314,0.885563110975294
1,1,0,1,0,0,0,0,1,1,0,1,0,0.810092396239882,5.45281942819199e-46,0,0.353681770766745,0,0,0,0,0.712510466336692,5.93734862334638e-126,0,1.97626258336499e-323,1.04486271452179
0,0,1,1,0,0,0,0,1,1,0,1,0,0,0,0.0678955963938747,0.475367047125256,0,0,0,0,0.880789348733256,0.0832168392185293,0,1.36746397556519e-309,0.977448840128791
1,0,1,1,0,0,0,0,1,1,0,1,0,0.810092396239882,0,4.3505885394226e-15,0.353681770766742,0,0,0,0,0.712510466336691,2.04220226723724e-127,0,1.97626258336499e-323,1.04486271452186
0,1,1,1,0,0,0,0,1,1,0,1,0,0,1.74602721971074e-52,0.0678955977729669,0.475367046001091,0,0,0,0,0.8807893485123,0.0832168382898279,0,2.54878338901999e-309,0.977448840821313
1,1,1,1,0,0,0,0,1,1,0,1,0,0.810092396239881,4.72537261720623e-46,4.48962178535285e-15,0.353681770766742,0,0,0,0,0.712510466336691,3.1084132893468e-127,0,1.97626258336499e-323,1.04486271452187
0,0,0,0,1,0,0,0,1,1,0,1,0,0,0,0,0,0.64999270349582,0,0,0,0.50446244361779,0.122628886265249,0,5.91541592194311e-134,0.935642403346917
1,0,0,0,1,0,0,0,1,1,0,1,0,0.719509517379292,0,0,0,0.515327634166497,0,0,0,0.491558381165937,1.4429237659983e-103,0,1.09667672323872e-284,1.08332978985307
0,1,0,0,1,0,0,0,1,1,0,1,0,0,0.175890588235412,0,0,0.508853024686519,0,0,0,0.555703684373514,0.12262888626525,0,2.01616532802237e-158,1.21453081085431
1,1,0,0,1,0,0,0,1,1,0,1,0,0.719509517401972,2.96689865358196e-10,0,0,0.515327633910133,0,0,0,0.491558381245513,8.71452815796652e-105,0,1.33716960246312e-294,1.08332979368938
0,0,1,0,1,0,0,0,1,1,0,1,0,0,0,0.43476832838246,0,0.147087348435991,0,0,0,0.647655887176267,1.26403937468383e-71,0,1.45771379154282e-200,0.959275461063607
1,0,1,0,1,0,0,0,1,1,0,1,0,0.719509542403835,0,6.64151432640061e-07,0,0.515326827922442,0,0,0,0.491558572613476,1.76705993102854e-107,0,5.88826690887776e-295,1.08333539765026
0,1,1,0,1,0,0,0,1,1,0,1,0,0,3.00594218859962e-16,0.434768326834932,0,0.147087350604844,0,0,0,0.647655886890369,1.9639518804451e-70,0,9.94272109802081e-201,0.959275463089987
1,1,1,0,1,0,0,0,1,1,0,1,0,0.719509537151951,1.3975127059145e-10,5.24482165386667e-07,0,0.515326997352701,0,0,0,0.491558532390081,7.96840070680093e-107,0,2.74915015577815e-295,1.08333429194085
0,0,0,1,1,0,0,0,1,1,0,1,0,0,0,0,0.288420642632897,0.390159185572882,0,0,0,0.764878314899644,0.12262888626525,0,3.8146222823448e-256,1.20727779227495
1,0,0,1,1,0,0,0,1,1,0,1,0,0.777977269266948,0,0,0.111768694679855,0.403304702078509,0,0,0,0.590653165531019,1.08355562914291e-118,0,2.47032822920623e-323,1.22646445992118
0,1,0,1,1,0,0,0,1,1,0,1,0,0,2.40537044085087e-42,0,0.288420642632897,0.390159185572882,0,0,0,0.764878314899644,0.12262888626525,0,5.0779582992684e-256,1.20727779227495
1,1,0,1,1,0,0,0,1,1,0,1,0,0.777977269266948,4.75750594360316e-38,0,0.111768694679855,0.403304702078509,0,0,0,0.590653165531019,1.26900363173303e-118,0,2.47032822920623e-323,1.22646445992118
0,0,1,1,1,0,0,0,1,1,0,1,0,0,0,4.50348751323303e-09,0.288420642118854,0.390159180578407,0,0,0,0.764878315889267,0.122628883336273,0,8.97187246910213e-257,1.20727784467681
1,0,1,1,1,0,0,0,1,1,0,1,0,0.777977269266948,0,3.29109721108421e-29,0.111768694679855,0.403304702078509,0,0,0,0.590653165531019,3.40282591060013e-119,0,2.47032822920623e-323,1.22646445992118
0,1,1,1,1,0,0,0,1,1,0,1,0,0,1.06886507702587e-42,4.68198904456093e-09,0.28842064209848,0.390159180380445,0,0,0,0.764878315928492,0.122628883220179,0,1.13416767023484e-256,1.20727784663762
1,1,1,1,1,0,0,0,1,1,0,1,0,0.777977269266948,4.12450763621589e-38,3.44366225665285e-29,0.111768694679855,0.403304702078509,0,0,0,0.590653165531019,4.35124108508731e-119,0,2.47032822920623e-323,1.22646445992118
0,0,0,0,0,1,0,0,1,1,0,1,0,0,0,0,0,0,0.0840197989322457,0,0,0.10692075721855,0.0544212295031356,0,0.106055419844979,1.35455103235815
1,0,0,0,0,1,0,0,1,1,0,1,0,0.416951067690223,0,0,0,0,2.78478496146875e-43,0,0,0.19479489243204,1.51008950395559e-33,0,5.19870868177676e-86,0.625676170285288
0,1,0,0,0,1,0,0,1,1,0,1,0,0,0.560324801798446,0,0,0,1.23145280878778e-161,0,0,0.560808602707598,0.122628886265249,0,1.9258629084137e-160,0.9467912854247
1,1,0,0,0,1,0,0,1,1,0,1,0,0.640897248548447,0.387453969778067,0,0,0,3.62020632230531e-213,0,0,0.489702644752272,3.86882547824833e-86,0,6.4435737280273e-275,1.07756420868573
0,0,1,0,0,1,0,0,1,1,0,1,0,0,0,0.535934623446375,0,0,7.21575090885687e-206,0,0,0.663317991239175,1.5792580018647e-104,0,7.49554246715558e-204,0.687495290621396
1,0,1,0,0,1,0,0,1,1,0,1,0,0.681564758125196,0,0.353974870123194,0,0,1.0650704981448e-237,0,0,0.543256421806115,2.79399626418937e-204,0,4.62079858251565e-299,1.06496250697098
0,1,1,0,0,1,0,0,1,1,0,1,0,0,1.37391773644749e-17,0.535934623446373,0,0,1.09417067735534e-210,0,0,0.663317991239174,2.47083892709307e-104,0,1.39491106352756e-208,0.687495290621397
1,1,1,0,0,1,0,0,1,1,0,1,0,0.681564758128011,1.34367629723604e-10,0.353974870022878,0,0,2.64027738172576e-244,0,0,0.543256421809699,3.41015480677641e-207,0,1.72430753409712e-309,1.06496250891112
0,0,0,1,0,1,0,0,1,1,0,1,0,0,0,0,0.529431524097282,0,9.40404550294229e-319,0,0,0.890179979505979,0.12262888626525,0,1.28482117294001e-314,0.885563110975294
1,0,0,1,0,1,0,0,1,1,0,1,0,0.810092396239883,0,0,0.353681770766745,0,2.47032822920623e-323,0,0,0.712510466336691,2.1202894376052e-124,0,1.97626258336499e-323,1.04486271452179
0,1,0,1,0,1,0,0,1,1,0,1,0,0,1.54262220304436e-50,0,0.529431524097282,0,2.33763207804619e-318,0,0,0.890179979505979,0.12262888626525,0,3.12070804489006e-314,0.885563110975294
1,1,0,1,0,1,0,0,1,1,0,1,0,0.810092396239882,5.4368447386977e-46,0,0.353681770766745,0,2.47032822920623e-323,0,0,0.712510466336692,5.98094857889653e-126,0,1.97626258336499e-323,1.04486271452179
0,0,1,1,0,1,0,0,1,1,0,1,0,0,0,0.0678955965216294,0.475367047021117,0,1.15063183869993e-313,0,0,0.880789348712787,0.0832168391324974,0,1.24586167437802e-309,0.977448840192944
1,0,1,1,0,1,0,0,1,1,0,1,0,0.810092396239882,0,4.3581411112091e-15,0.353681770766742,0,2.47032822920623e-323,0,0,0.712510466336691,2.1035792042556e-127,0,1.97626258336499e-323,1.04486271452186
0,1,1,1,0,1,0,0,1,1,0,1,0,0,1.73613482095448e-52,0.0678955978584829,0.475367045931383,0,2.02265176622524e-313,0,0,0.880789348498599,0.0832168382322403,0,2.15933185388445e-309,0.977448840864256
1,1,1,1,0,1,0,0,1,1,0,1,0,0.810092396239881,4.71583751741833e-46,4.49353650408883e-15,0.353681770766742,0,2.47032822920623e-323,0,0,0.712510466336691,3.16591453807209e-127,0,1.97626258336499e-323,1.04486271452187
0,0,0,0,1,1,0,0,1,1,0,1,0,0,0,0,0,0.64999270349582,3.15213882046715e-320,0,0,0.50446244361779,0.122628886265249,0,4.89949587086615e-134,0.935642403346917
1,0,0,0,1,1,0,0,1,1,0,1,0,0.719509517379292,0,0,0,0.515327634166497,2.47032822920623e-323,0,0,0.491558381165937,1.4532236776342e-103,0,8.6325888346538e-285,1.08332978985307
0,1,0,0,1,1,0,0,1,1,0,1,0,0,0.175890588235412,0,0,0.508853024686519,2.88214955314925e-304,0,0,0.555703684373514,0.12262888626525,0,1.77572456574439e-158,1.21453081085431
1,1,0,0,1,1,0,0,1,1,0,1,0,0.719509517401778,2.94159720853564e-10,0,0,0.51532763391232,2.47032822920623e-323,0,0,0.491558381244835,8.74967833357812e-105,0,1.14349020709219e-294,1.08332979365812
0,0,1,0,1,1,0,0,1,1,0,1,0,0,0,0.434768328343416,0,0.147087348490712,3.49066237237235e-247,0,0,0.647655887169053,1.41268688656457e-71,0,1.28063770886477e-200,0.959275461114733
1,0,1,0,1,1,0,0,1,1,0,1,0,0.719509542190122,0,6.58479447153272e-07,0,0.515326834807929,2.47032822920623e-323,0,0,0.491558570978477,1.99090655237429e-107,0,5.07012437788005e-295,1.08333535302994
0,1,1,0,1,1,0,0,1,1,0,1,0,0,2.98878383442759e-16,0.434768326817108,0,0.147087350629825,1.93552617264197e-247,0,0,0.647655886887076,2.03362705707882e-70,0,8.88710063609217e-201,0.959275463113327
1,1,1,0,1,1,0,0,1,1,0,1,0,0.719509537021096,1.39072965497599e-10,5.21010636130387e-07,0,0.515327001567538,2.47032822920623e-323,0,0,0.4915585313892,8.47807761335331e-107,0,2.42339140254604e-295,1.08333426414956
0,0,0,1,1,1,0,0,1,1,0,1,0,0,0,0,0.288420642632897,0.390159185572882,2.47032822920623e-323,0,0,0.764878314899644,0.12262888626525,0,3.51360263928033e-256,1.20727779227495
1,0,0,1,1,1,0,0,1,1,0,1,0,0.777977269266948,0,0,0.111768694679855,0.403304702078509,1.97626258336499e-323,0,0,0.590653165531019,1.09647529066738e-118,0,2.47032822920623e-323,1.22646445992118
0,1,0,1,1,1,0,0,1,1,0,1,0,0,2.39519341683875e-42,0,0.288420642632897,0.390159185572882,2.47032822920623e-323,0,0,0.764878314899644,0.12262888626525,0,4.67660530196556e-256,1.20727779227495
1,1,0,1,1,1,0,0,1,1,0,1,0,0.777977269266948,4.74452051401881e-38,0,0.111768694679855,0.403304702078509,1.97626258336499e-323,0,0,0.590653165531019,1.27758028485519e-118,0,2.47032822920623e-323,1.22646445992118
0,0,1,1,1,1,0,0,1,1,0,1,0,0,0,4.51490124414987e-09,0.288420642117552,0.390159180565749,2.47032822920623e-323,0,0,0.764878315891775,0.12262888332885,0,8.3475227501133e-257,1.20727784480232
1,0,1,1,1,1,0,0,1,1,0,1,0,0.777977269266948,0,3.29061270350045e-29,0.111768694679855,0.403304702078509,1.97626258336499e-323,0,0,0.590653165531019,3.49113636910038e-119,0,2.47032822920623e-323,1.22646445992118
0,1,1,1,1,1,0,0,1,1,0,1,0,0,1.06530055407283e-42,4.68996830450893e-09,0.288420642097569,0.390159180371596,2.47032822920623e-323,0,0,0.764878315930245,0.12262888321499,0,1.06015932073495e-256,1.20727784672516
1,1,1,1,1,1,0,0,1,1,0,1,0,0.777977269266948,4.12229336874717e-38,3.43991118506495e-29,0.111768694679855,0.403304702078509,1.97626258336499e-323,0,0,0.590653165531019,4.42998476154934e-119,0,2.47032822920623e-323,1.22646445992118
0,0,0,0,0,0,1,0,1,1,0,1,0,0,0,0,0,0,0,0.347414478889302,0,0.167930299246197,0.00253390773535954,0,6.67351676230578e-94,0.659030342525423
1,0,0,0,0,0,1,0,1,1,0,1,0,0.418880527168264,0,0,0,0,0,0.245350582858336,0,0.197335737539027,1.48320153622001e-80,0,1.26483624717674e-169,1.04588685886861
0,1,0,0,0,0,1,0,1,1,0,1,0,0,0.431714894030145,0,0,0,0,0.227724743951161,0,0.474984400753254,0.0438707182273598,0,6.8798345078222e-197,1.17430535746352
1,1,0,0,0,0,1,0,1,1,0,1,0,0.619995116997151,0.350268050672631,0,0,0,0,0.0751666254709726,0,0.462177278564418,1.14317166338535e-95,0,1.36918012164128e-282,1.21649104672568
0,0,1,0,0,0,1,0,1,1,0,1,0,0,0,0.342255473177365,0,0,0,0.325193651321926,0,0.486297951420365,1.39182070551068e-104,0,5.2563883945492e-229,1.08157025577144
1,0,1,0,0,0,1,0,1,1,0,1,0,0.614895990392232,0,0.262868160149034,0,0,0,0.182855920721107,0,0.455462397515364,6.80799408336279e-199,0,3.01207965098272e-314,1.2862152613493
0,1,1,0,0,0,1,0,1,1,0,1,0,0,4.50791622193554e-06,0.342253125123512,0,0,0,0.325192191012452,0,0.486299003584176,2.9088013220519e-103,0,8.99562982261441e-235,1.08161788776306
1,1,1,0,0,0,1,0,1,1,0,1,0,0.614904978551908,5.16752894907768e-05,0.2628402083523,0,0,0,0.18283695829332,0,0.455474097003286,1.89060120600446e-196,0,1.90474839435039e-314,1.28653423601713
0,0,0,1,0,0,1,0,1,1,0,1,0,0,0,0,0.482579426975238,0,0,0.36730475607177,0,0.83591063824344,1.28794430944106e-05,0,1.97626258336499e-323,1.03799717681206
1,0,0,1,0,0,1,0,1,1,0,1,0,0.789044319253964,0,0,0.333530348683293,0,0,0.171869611935018,0,0.684792909150441,1.62153273714545e-151,0,1.97626258336499e-323,1.24612492945393
0,1,0,1,0,0,1,0,1,1,0,1,0,0,2.02613091536341e-102,0,0.482579407507472,0,0,0.367304846096882,0,0.835910605249262,1.30002264344023e-05,0,1.97626258336499e-323,1.03799797633455
1,1,0,1,0,0,1,0,1,1,0,1,0,0.789044319253965,2.26865157985071e-69,0,0.333530348683293,0,0,0.171869611935016,0,0.684792909150441,7.97342481828589e-154,0,1.97626258336499e-323,1.24612492945393
0,0,1,1,0,0,1,0,1,1,0,1,0,0,0,6.10408167246618e-75,0.482579522857678,0,0,0.36730431268034,0,0.835910800746048,1.22845600584174e-05,0,1.97626258336499e-323,1.03799322906845
1,0,1,1,0,0,1,0,1,1,0,1,0,0.789044319253964,0,1.43879481222515e-50,0.333530348683293,0,0,0.171869611935017,0,0.684792909150441,2.87690537204033e-154,0,1.97626258336499e-323,1.24612492945393
0,1,1,1,0,0,1,0,1,1,0,1,0,0,2.22283174726461e-102,7.17635701227206e-75,0.482579493975826,0,0,0.367304446239487,0,0.835910751796765,1.2463751996352e-05,0,1.97626258336499e-323,1.03799441997815
1,1,1,1,0,0,1,0,1,1,0,1,0,0.789044319253964,2.22072990528627e-69,1.77725787976056e-50,0.333530348683293,0,0,0.171869611935017,0,0.684792909150441,3.92996620907152e-154,0,1.97626258336499e-323,1.24612492945393
0,0,0,0,1,0,1,0,1,1,0,1,0,0,0,0,0,0.672991912386643,0,0.330158717803774,0,0.526439735228974,0.00844413672065305,0,1.17788058856527e-255,1.08750199777958
1,0,0,0,1,0,1,0,1,1,0,1,0,0.725201214065993,0,0,0,0.522942247997361,0,0.155264608775061,0,0.497551351688233,7.54921425874253e-134,0,2.47032822920623e-323,1.27811423012313
0,1,0,0,1,0,1,0,1,1,0,1,0,0,2.34648182429408e-49,0,0,0.672991912388884,0,0.330158718221643,0,0.526439735203055,0.00844413726597162,0,9.38397937630375e-256,1.08750199936185
1,1,0,0,1,0,1,0,1,1,0,1,0,0.725201214065991,8.70273946162727e-44,0,0,0.522942247997359,0,0.155264608775061,0,0.497551351688232,1.19823403568736e-135,0,2.47032822920623e-323,1.27811423012313
0,0,1,0,1,0,1,0,1,1,0,1,0,0,0,1.00364496838237e-58,0,0.672991912377584,0,0.330158716114676,0,0.526439735333742,0.00844413451638115,0,1.03195792716067e-255,1.08750199138378
1,0,1,0,1,0,1,0,1,1,0,1,0,0.725201214065991,0,2.12487556196908e-52,0,0.522942247997359,0,0.155264608775062,0,0.497551351688232,4.42870195218869e-136,0,2.47032822920623e-323,1.27811423012313
0,1,1,0,1,0,1,0,1,1,0,1,0,0,2.4099390385875e-49,1.03141412545344e-58,0,0.672991912381928,0,0.330158716924705,0,0.526439735283499,0.00844413557346835,0,8.64401412057729e-256,1.08750199445097
1,1,1,0,1,0,1,0,1,1,0,1,0,0.725201214065991,7.55219908404559e-44,2.43110433364254e-52,0,0.522942247997359,0,0.155264608775061,0,0.497551351688232,5.90123349479655e-136,0,2.47032822920623e-323,1.27811423012313
0,0,0,1,1,0,1,0,1,1,0,1,0,0,0,0,0.158321325925121,0.531011473924443,0,0.339471623756976,0,0.670008344215699,0.00522483451582911,0,2.96439387504748e-323,1.29028600771443
1,0,0,1,1,0,1,0,1,1,0,1,0,0.754208561399601,0,0,0.0556355403462091,0.467051221025459,0,0.15263560245337,0,0.546776674598602,2.05339817152858e-142,0,2.47032822920623e-323,1.36232849817714
0,1,0,1,1,0,1,0,1,1,0,1,0,0,1.32730038055615e-87,0,0.15832132107397,0.531011478418847,0,0.339471632263451,0,0.670008339295418,0.00522484623348092,0,2.96439387504748e-323,1.2902860378619
1,1,0,1,1,0,1,0,1,1,0,1,0,0.754208561399601,8.25812361046979e-58,0,0.0556355403462091,0.467051221025459,0,0.15263560245337,0,0.546776674598602,2.48787201625779e-142,0,2.47032822920623e-323,1.36232849817714
0,0,1,1,1,0,1,0,1,1,0,1,0,0,0,1.08031694196068e-88,0.158321344280407,0.531011456918986,0,0.339471591570978,0,0.670008362832564,0.00522479017967987,0,2.96439387504748e-323,1.29028589364508
1,0,1,1,1,0,1,0,1,1,0,1,0,0.75420856139961,0,2.09277935366804e-63,0.0556355403462282,0.467051221025438,0,0.152635602453369,0,0.546776674598618,1.42052277459489e-142,0,2.47032822920623e-323,1.36232849817716
0,1,1,1,1,0,1,0,1,1,0,1,0,0,1.32749133404769e-87,1.25170795534506e-88,0.158321337732957,0.531011462984942,0,0.339471603051945,0,0.670008356191807,0.00522480599469015,0,2.96439387504748e-323,1.29028593433443
1,1,1,1,1,0,1,0,1,1,0,1,0,0.754208561399609,7.82732820079036e-58,2.50495702519084e-63,0.055635540346227,0.467051221025439,0,0.152635602453369,0,0.546776674598617,1.72187160131478e-142,0,2.47032822920623e-323,1.36232849817716
0,0,0,0,0,1,1,0,1,1,0,1,0,0,0,0,0,0,8.00147723631776e-12,0.347413261982586,0,0.167930380069642,0.002532287114149,0,9.22944709840314e-95,0.659016439537241
1,0,0,0,0,1,1,0,1,1,0,1,0,0.418880527168263,0,0,0,0,2.20987826591889e-70,0.245350582858336,0,0.197335737539027,1.31285646853411e-80,0,5.87023609223394e-170,1.04588685886861
0,1,0,0,0,1,1,0,1,1,0,1,0,0,0.431714894030145,0,0,0,1.76594406800979e-144,0.227724743951161,0,0.474984400753254,0.0438707182273598,0,4.72607296372382e-197,1.17430535746352
1,1,0,0,0,1,1,0,1,1,0,1,0,0.619995116997151,0.350268050672631,0,0,0,6.46227410572827e-205,0.0751666254709726,0,0.462177278564418,1.09140996485547e-95,0,1.05592681799569e-282,1.21649104672568
0,0,1,0,0,1,1,0,1,1,0,1,0,0,0,0.342255473177365,0,0,1.89686501400456e-157,0.325193651321926,0,0.486297951420365,1.67317862665314e-104,0,3.89879991295008e-229,1.08157025577144
1,0,1,0,0,1,1,0,1,1,0,1,0,0.614895990392232,0,0.262868160149034,0,0,2.05900798296666e-212,0.182855920721107,0,0.455462397515364,7.68758280492758e-199,0,2.42081131654231e-314,1.2862152613493
0,1,1,0,0,1,1,0,1,1,0,1,0,0,4.52036426448862e-06,0.342253118639645,0,0,5.37056175590894e-161,0.325192186979985,0,0.486299006489583,3.16983895559242e-103,0,6.75072476841015e-235,1.08161800848848
1,1,1,0,0,1,1,0,1,1,0,1,0,0.614904994539041,5.17672060386016e-05,0.262840158632443,0,0,1.56706156803051e-213,0.182836924563035,0,0.455474117812679,2.02544208457715e-196,0,1.59507401337977e-314,1.28653474269411
0,0,0,1,0,1,1,0,1,1,0,1,0,0,0,0,0.482579427437096,0,2.47032822920623e-323,0.36730475393599,0,0.835910639026202,1.28765775975455e-05,0,1.97626258336499e-323,1.03799715783584
1,0,0,1,0,1,1,0,1,1,0,1,0,0.789044319253964,0,0,0.333530348683293,0,2.47032822920623e-323,0.171869611935018,0,0.684792909150441,1.60179786342987e-151,0,1.97626258336499e-323,1.24612492945393
0,1,0,1,0,1,1,0,1,1,0,1,0,0,1.93045251624905e-102,0,0.482579409018196,0,2.47032822920623e-323,0.367304839110817,0,0.835910607809654,1.29908534934744e-05,0,1.97626258336499e-323,1.03799791431449
1,1,0,1,0,1,1,0,1,1,0,1,0,0.789044319253965,2.19850478330287e-69,0,0.333530348683293,0,2.47032822920623e-323,0.171869611935016,0,0.684792909150441,7.78702855667662e-154,0,1.97626258336499e-323,1.24612492945393
0,0,1,1,0,1,1,0,1,1,0,1,0,0,0,5.78069899576329e-75,0.482579516795285,0,2.47032822920623e-323,0.367304340714838,0,0.835910790471438,1.2322173042509e-05,0,1.97626258336499e-323,1.0379934791722
1,0,1,1,0,1,1,0,1,1,0,1,0,0.789044319253964,0,1.3964084678358e-50,0.333530348683293,0,2.47032822920623e-323,0.171869611935017,0,0.684792909150441,2.92982073190976e-154,0,1.97626258336499e-323,1.24612492945393
0,1,1,1,0,1,1,0,1,1,0,1,0,0,2.12011934860014e-102,6.77063296939169e-75,0.482579490382683,0,2.47032822920623e-323,0.36730446285535,0,0.835910745707067,1.24860449416178e-05,0,1.97626258336499e-323,1.03799456802971
1,1,1,1,0,1,1,0,1,1,0,1,0,0.789044319253964,2.16040988074978e-69,1.71485810947715e-50,0.333530348683293,0,2.47032822920623e-323,0.171869611935017,0,0.684792909150441,3.95125337753112e-154,0,1.97626258336499e-323,1.24612492945393
0,0,0,0,1,1,1,0,1,1,0,1,0,0,0,0,0,0.672991912386743,2.47032822920623e-323,0.330158717822395,0,0.526439735227819,0.00844413674495364,0,8.90632509471428e-256,1.08750199785009
1,0,0,0,1,1,1,0,1,1,0,1,0,0.725201214065993,0,0,0,0.522942247997361,1.97626258336499e-323,0.155264608775061,0,0.497551351688233,7.38500506440705e-134,0,2.47032822920623e-323,1.27811423012313
0,1,0,0,1,1,1,0,1,1,0,1,0,0,2.16659227375154e-49,0,0,0.672991912388768,2.47032822920623e-323,0.330158718200066,0,0.526439735204394,0.00844413723781443,0,7.3318865035037e-256,1.08750199928015
1,1,0,0,1,1,1,0,1,1,0,1,0,0.725201214065991,8.18215013025315e-44,0,0,0.522942247997358,1.97626258336499e-323,0.155264608775061,0,0.497551351688232,1.1556271742669e-135,0,2.47032822920623e-323,1.27811423012313
0,0,1,0,1,1,1,0,1,1,0,1,0,0,0,8.99125868992909e-59,0,0.672991912378717,2.47032822920623e-323,0.330158716325898,0,0.526439735320641,0.00844413479202612,0,7.98621546055441e-256,1.08750199218357
1,0,1,0,1,1,1,0,1,1,0,1,0,0.725201214065991,0,1.99108738526845e-52,0,0.522942247997359,1.97626258336499e-323,0.155264608775062,0,0.497551351688232,4.53355405336401e-136,0,2.47032822920623e-323,1.27811423012313
0,1,1,0,1,1,1,0,1,1,0,1,0,0,2.22955216714479e-49,9.29359270230111e-59,0,0.672991912382444,2.47032822920623e-323,0.3301587170208,0,0.526439735277539,0.00844413569887227,0,6.93248038000023e-256,1.08750199481483
1,1,1,0,1,1,1,0,1,1,0,1,0,0.725201214065991,7.16813051194633e-44,2.26931432320294e-52,0,0.522942247997359,1.97626258336499e-323,0.155264608775061,0,0.497551351688232,5.9196671703472e-136,0,2.47032822920623e-323,1.27811423012313
0,0,0,1,1,1,1,0,1,1,0,1,0,0,0,0,0.158321325760863,0.531011474076621,1.97626258336499e-323,0.339471624045001,0,0.670008344049102,0.005224834912583,0,2.96439387504748e-323,1.29028600873521
1,0,0,1,1,1,1,0,1,1,0,1,0,0.754208561399598,0,0,0.0556355403462046,0.467051221025464,1.97626258336499e-323,0.15263560245337,0,0.546776674598598,2.04409706880656e-142,0,2.47032822920623e-323,1.36232849817714
0,1,0,1,1,1,1,0,1,1,0,1,0,0,1.28627257230834e-87,0,0.158321321171828,0.531011478328185,1.97626258336499e-323,0.339471632091858,0,0.670008339394671,0.00522484599711114,0,2.96439387504748e-323,1.29028603725376
1,1,0,1,1,1,1,0,1,1,0,1,0,0.754208561399598,8.08356142026346e-58,0,0.0556355403462043,0.467051221025464,1.97626258336499e-323,0.15263560245337,0,0.546776674598598,2.45735092011014e-142,0,2.47032822920623e-323,1.36232849817713
0,0,1,1,1,1,1,0,1,1,0,1,0,0,0,1.03433820578401e-88,0.158321343077466,0.531011458033463,1.97626258336499e-323,0.339471593680338,0,0.67000836161248,0.00522479308532003,0,2.96439387504748e-323,1.2902859011208
1,0,1,1,1,1,1,0,1,1,0,1,0,0.754208561399608,0,2.03682029124303e-63,0.0556355403462229,0.467051221025444,1.97626258336499e-323,0.152635602453369,0,0.546776674598614,1.43368252489594e-142,0,2.47032822920623e-323,1.36232849817715
0,1,1,1,1,1,1,0,1,1,0,1,0,0,1.28919711969474e-87,1.19349205936538e-88,0.158321336985348,0.531011463677572,1.97626258336499e-323,0.339471604362878,0,0.670008355433543,0.0052248078004975,0,2.96439387504748e-323,1.29028593898047
1,1,1,1,1,1,1,0,1,1,0,1,0,0.754208561399607,7.68600658761743e-58,2.42502693799168e-63,0.0556355403462215,0.467051221025445,1.97626258336499e-323,0.15263560245337,0,0.546776674598612,1.72431848687622e-142,0,2.47032822920623e-323,1.36232849817715
0,0,0,0,0,0,0,1,1,1,0,1,0,0,0,0,0,0,0,0,1.14557503077614e-25,0.0648207469802955,2.02184103188091e-28,0,0.26968333151589,0.491660144996465
1,0,0,0,0,0,0,1,1,1,0,1,0,0.416951067690223,0,0,0,0,0,0,1.87404770695515e-99,0.19479489243204,1.6433037407369e-33,0,9.82362349796906e-86,0.625676170285288
0,1,0,0,0,0,0,1,1,1,0,1,0,0,0.559636023193057,0,0,0,0,0,0.00266273574526322,0.560504559226011,0.12262888626525,0,3.40836723100866e-161,0.960166171921069
1,1,0,0,0,0,0,1,1,1,0,1,0,0.640897248548447,0.387453969778067,0,0,0,0,0,7.8218798804504e-239,0.489702644752272,3.9443488385965e-86,0,6.99135299178231e-275,1.07756420868573
0,0,1,0,0,0,0,1,1,1,0,1,0,0,0,0.535934623446373,0,0,0,0,3.96173980539255e-19,0.663317991239174,1.28224967637013e-105,0,1.41103102240072e-208,0.687495290621396
1,0,1,0,0,0,0,1,1,1,0,1,0,0.681564758125196,0,0.353974870123194,0,0,0,0,1.27763074002977e-256,0.543256421806115,2.73875311667314e-204,0,5.00057953788502e-299,1.06496250697098
0,1,1,0,0,0,0,1,1,1,0,1,0,0,1.36075951760833e-17,0.535934623446373,0,0,0,0,3.96301074573656e-19,0.663317991239174,2.82226967334163e-104,0,8.95193930490822e-209,0.687495290621397
1,1,1,0,0,0,0,1,1,1,0,1,0,0.681564758128015,1.34577498165005e-10,0.353974870022721,0,0,0,0,3.20754483753402e-264,0.543256421809705,3.46383364309617e-207,0,1.80459556745306e-309,1.06496250891402
0,0,0,1,0,0,0,1,1,1,0,1,0,0,0,0,0.529431524097282,0,0,0,6.74969653300687e-59,0.890179979505979,0.12262888626525,0,1.01025722272734e-314,0.885563110975294
1,0,0,1,0,0,0,1,1,1,0,1,0,0.810092396239883,0,0,0.353681770766745,0,0,0,2.47032822920623e-323,0.712510466336691,2.1490932527376e-124,0,1.97626258336499e-323,1.04486271452179
0,1,0,1,0,0,0,1,1,1,0,1,0,0,1.51389807805982e-50,0,0.529431524097282,0,0,0,9.38214243369319e-59,0.890179979505979,0.12262888626525,0,2.34631465183815e-314,0.885563110975294
1,1,0,1,0,0,0,1,1,1,0,1,0,0.810092396239882,5.41402365877279e-46,0,0.353681770766745,0,0,0,2.47032822920623e-323,0.712510466336692,6.0744013756391e-126,0,1.97626258336499e-323,1.04486271452179
0,0,1,1,0,0,0,1,1,1,0,1,0,0,0,0.0678955963632941,0.475367047150184,0,0,0,5.31164688442258e-57,0.880789348738155,0.0832168392391228,0,9.56368532871271e-310,0.977448840113435
1,0,1,1,0,0,0,1,1,1,0,1,0,0.810092396239882,0,4.34019448446658e-15,0.353681770766742,0,0,0,2.47032822920623e-323,0.712510466336691,2.15537797454971e-127,0,1.97626258336499e-323,1.04486271452186
0,1,1,1,0,0,0,1,1,1,0,1,0,0,1.71451663573404e-52,0.0678955976804381,0.475367046076516,0,0,0,6.57362754026672e-57,0.880789348527125,0.0832168383521383,0,1.61822765556892e-309,0.977448840774849
1,1,1,1,0,0,0,1,1,1,0,1,0,0.810092396239881,4.69544172478993e-46,4.4766998059481e-15,0.353681770766742,0,0,0,2.47032822920623e-323,0.712510466336691,3.2471271183946e-127,0,1.97626258336499e-323,1.04486271452187
0,0,0,0,1,0,0,1,1,1,0,1,0,0,0,0,0,0.649992703495818,0,0,5.95893169390081e-21,0.504462443617788,0.122628886265249,0,2.57716995378877e-134,0.935642403346918
1,0,0,0,1,0,0,1,1,1,0,1,0,0.719509517379292,0,0,0,0.515327634166497,0,0,1.01454551364306e-284,0.491558381165937,1.4628824492165e-103,0,8.61107696963133e-285,1.08332978985307
0,1,0,0,1,0,0,1,1,1,0,1,0,0,0.175890588235401,0,0,0.50885302468653,0,0,1.86968597175806e-23,0.555703684373512,0.12262888626525,0,1.17912965201479e-158,1.2145308108543
1,1,0,0,1,0,0,1,1,1,0,1,0,0.71950951740163,2.9222411012796e-10,0,0,0.515327633913992,0,0,6.98101454878478e-294,0.491558381244316,8.84432925379203e-105,0,1.1447670292876e-294,1.0833297936342
0,0,1,0,1,0,0,1,1,1,0,1,0,0,0,0.434768327654077,0,0.147087349456818,0,0,3.14146114296991e-23,0.647655887041701,3.3037003314289e-71,0,1.03238975946814e-200,0.959275462017372
1,0,1,0,1,0,0,1,1,1,0,1,0,0.719509541964125,0,6.52481460494175e-07,0,0.515326842089164,0,0,1.25547795183265e-293,0.491558569249506,2.19951532572048e-107,0,5.2095951107904e-295,1.08333530581424
0,1,1,0,1,0,0,1,1,1,0,1,0,0,3.08390048888198e-16,0.434768326157262,0,0.147087351554596,0,0,2.99009102604663e-23,0.647655886765173,4.1520599662458e-70,0,7.14645527825549e-201,0.959275463977346
1,1,1,0,1,0,0,1,1,1,0,1,0,0.719509536798278,1.39318913019502e-10,5.15096508773017e-07,0,0.51532700874676,0,0,8.62186954101343e-294,0.491558529684468,9.22534857840733e-107,0,2.46120068428682e-295,1.08333421679111
0,0,0,1,1,0,0,1,1,1,0,1,0,0,0,0,0.288420642632897,0.390159185572882,0,0,9.87656859816833e-55,0.764878314899644,0.12262888626525,0,3.11008703782926e-256,1.20727779227495
1,0,0,1,1,0,0,1,1,1,0,1,0,0.777977269266948,0,0,0.111768694679855,0.403304702078509,0,0,2.47032822920623e-323,0.590653165531019,1.12038154249536e-118,0,2.47032822920623e-323,1.22646445992118
0,1,0,1,1,0,0,1,1,1,0,1,0,0,2.4055183892924e-42,0,0.288420642632897,0.390159185572882,0,0,1.24873096668787e-54,0.764878314899644,0.12262888626525,0,4.04032351678697e-256,1.20727779227495
1,1,0,1,1,0,0,1,1,1,0,1,0,0.777977269266948,4.75566139714927e-38,0,0.111768694679855,0.403304702078509,0,0,2.47032822920623e-323,0.590653165531019,1.30458748787204e-118,0,2.47032822920623e-323,1.22646445992118
0,0,1,1,1,0,0,1,1,1,0,1,0,0,0,4.4316514743986e-09,0.288420642127054,0.390159180658075,0,0,1.34494325340883e-54,0.764878315873481,0.122628883382994,0,7.63882368658338e-257,1.20727784388644
1,0,1,1,1,0,0,1,1,1,0,1,0,0.777977269266948,0,3.2522545626268e-29,0.111768694679855,0.403304702078509,0,0,2.47032822920623e-323,0.590653165531019,3.63138594569892e-119,0,2.47032822920623e-323,1.22646445992118
0,1,1,1,1,0,0,1,1,1,0,1,0,0,1.10099046722194e-42,4.59837058539509e-09,0.288420642108024,0.39015918047318,0,0,1.60605847323168e-54,0.764878315910117,0.122628883274563,0,9.58002146312289e-257,1.20727784571963
1,1,1,1,1,0,0,1,1,1,0,1,0,0.777977269266948,4.13502880862395e-38,3.4003440067701e-29,0.111768694679855,0.403304702078509,0,0,2.47032822920623e-323,0.590653165531019,4.5966904129431e-119,0,2.47032822920623e-323,1.22646445992118
0,0,0,0,0,1,0,1,1,1,0,1,0,0,0,0,0,0,0.108574320465945,0,0.137047670186378,0.147675674391219,0.122628886265249,0,6.04779241035358e-25,1.3796910377645
1,0,0,0,0,1,0,1,1,1,0,1,0,0.416951067690223,0,0,0,0,2.69625468196275e-43,0,1.54432365856429e-99,0.19479489243204,1.53541077525558e-33,0,3.85550595086315e-86,0.625676170285288
0,1,0,0,0,1,0,1,1,1,0,1,0,0,0.559635736837305,0,0,0,3.79838113790624e-161,0,0.00266383512917422,0.560504431973698,0.12262888626525,0,2.36725891872031e-161,0.960170804470971
1,1,0,0,0,1,0,1,1,1,0,1,0,0.640897248548447,0.387453969778067,0,0,0,3.88837553427873e-213,0,8.39662956968561e-239,0.489702644752272,3.97892000444448e-86,0,5.55534571808906e-275,1.07756420868573
0,0,1,0,0,1,0,1,1,1,0,1,0,0,0,0.535934623446373,0,0,2.39579163695264e-210,0,4.18980099329941e-19,0.663317991239174,1.57276304243117e-105,0,1.03297274873432e-208,0.687495290621396
1,0,1,0,0,1,0,1,1,1,0,1,0,0.681564758125196,0,0.353974870123194,0,0,1.14393893743408e-237,0,1.33614186378457e-256,0.543256421806115,3.04912241339509e-204,0,3.98447090700173e-299,1.06496250697098
0,1,1,0,0,1,0,1,1,1,0,1,0,0,1.34375413623465e-17,0.535934623446373,0,0,1.58886267615437e-210,0,4.13262426763365e-19,0.663317991239174,2.94792109247029e-104,0,7.04144729956888e-209,0.687495290621397
1,1,1,0,0,1,0,1,1,1,0,1,0,0.681564758128007,1.34154799964233e-10,0.353974870023037,0,0,2.837479447303e-244,0,3.3496483946607e-264,0.543256421809693,3.57643657733367e-207,0,1.50996286976002e-309,1.06496250890818
0,0,0,1,0,1,0,1,1,1,0,1,0,0,0,0,0.529431524097282,0,1.31097848795746e-318,0,7.41937999742549e-59,0.890179979505979,0.12262888626525,0,8.73386862109677e-315,0.885563110975294
1,0,0,1,0,1,0,1,1,1,0,1,0,0.810092396239883,0,0,0.353681770766745,0,2.47032822920623e-323,0,2.47032822920623e-323,0.712510466336691,2.18094735129715e-124,0,1.97626258336499e-323,1.04486271452179
0,1,0,1,0,1,0,1,1,1,0,1,0,0,1.5038192294902e-50,0,0.529431524097282,0,3.15840357285642e-318,0,1.00488925199725e-58,0.890179979505979,0.12262888626525,0,2.01867623420002e-314,0.885563110975294
1,1,0,1,0,1,0,1,1,1,0,1,0,0.810092396239882,5.39888643667555e-46,0,0.353681770766745,0,2.47032822920623e-323,0,2.47032822920623e-323,0.712510466336692,6.11461042924944e-126,0,1.97626258336499e-323,1.04486271452179
0,0,1,1,0,1,0,1,1,1,0,1,0,0,0,0.0678955964895696,0.475367047047251,0,1.59533919091175e-313,0,5.70138314749619e-57,0.880789348717924,0.0832168391540869,0,8.44572279755828e-310,0.977448840176845
1,0,1,1,0,1,0,1,1,1,0,1,0,0.810092396239882,0,4.34849468221408e-15,0.353681770766742,0,2.47032822920623e-323,0,2.47032822920623e-323,0.712510466336691,2.21687795778137e-127,0,1.97626258336499e-323,1.04486271452186
0,1,1,1,0,1,0,1,1,1,0,1,0,0,1.70406582582331e-52,0.0678955977633006,0.475367046008971,0,2.82500611246578e-313,0,6.95750781653482e-57,0.880789348513849,0.0832168382963374,0,1.45910868071831e-309,0.977448840816459
1,1,1,1,0,1,0,1,1,1,0,1,0,0.810092396239881,4.68642943676497e-46,4.48122605996235e-15,0.353681770766742,0,2.47032822920623e-323,0,2.47032822920623e-323,0.712510466336691,3.30389137375961e-127,0,1.97626258336499e-323,1.04486271452187
0,0,0,0,1,1,0,1,1,1,0,1,0,0,0,0,0,0.649992703495818,3.3275321247408e-320,0,6.36949816582673e-21,0.504462443617788,0.122628886265249,0,1.94295451302808e-134,0.935642403346918
1,0,0,0,1,1,0,1,1,1,0,1,0,0.719509517379292,0,0,0,0.515327634166497,2.47032822920623e-323,0,1.0389903605547e-284,0.491558381165937,1.4685362335647e-103,0,6.808164724594e-285,1.08332978985307
0,1,0,0,1,1,0,1,1,1,0,1,0,0,0.175890588235401,0,0,0.50885302468653,2.29084230879333e-304,0,1.95426819040286e-23,0.555703684373512,0.12262888626525,0,9.95642612251107e-159,1.2145308108543
1,1,0,0,1,1,0,1,1,1,0,1,0,0.71950951740143,2.89605966472394e-10,0,0,0.515327633916254,2.47032822920623e-323,0,7.20967879832503e-294,0.491558381243614,8.86515724184514e-105,0,9.81013959679652e-295,1.08332979360183
0,0,1,0,1,1,0,1,1,1,0,1,0,0,0,0.434768327571365,0,0.147087349572737,1.84728797646061e-247,0,3.26142716890062e-23,0.647655887026421,3.87171571335092e-71,0,8.84626338870248e-201,0.959275462125675
1,0,1,0,1,1,0,1,1,1,0,1,0,0.719509541747025,0,6.4671958855598e-07,0,0.515326849083769,2.47032822920623e-323,0,1.27083673121378e-293,0.491558567588596,2.46838682519096e-107,0,4.49220869534857e-295,1.08333526042715
0,1,1,0,1,1,0,1,1,1,0,1,0,0,3.07014626111102e-16,0.434768326105027,0,0.147087351627803,1.06851950789164e-247,0,3.08429223029089e-23,0.647655886755523,4.46122094115661e-70,0,6.26339286514495e-201,0.959275464045743
1,1,1,0,1,1,0,1,1,1,0,1,0,0.719509536666831,1.38592490493841e-10,5.11609361334563e-07,0,0.515327012980597,2.47032822920623e-323,0,8.75804151457298e-294,0.491558528679072,9.79462718493672e-107,0,2.16785861894697e-295,1.08333418883758
0,0,0,1,1,1,0,1,1,1,0,1,0,0,0,0,0.288420642632897,0.390159185572882,2.47032822920623e-323,0,1.05429262171025e-54,0.764878314899644,0.12262888626525,0,2.82628486662682e-256,1.20727779227495
1,0,0,1,1,1,0,1,1,1,0,1,0,0.777977269266948,0,0,0.111768694679855,0.403304702078509,1.97626258336499e-323,0,2.47032822920623e-323,0.590653165531019,1.13285114428961e-118,0,2.47032822920623e-323,1.22646445992118
0,1,0,1,1,1,0,1,1,1,0,1,0,0,2.39583771811989e-42,0,0.288420642632897,0.390159185572882,2.47032822920623e-323,0,1.31551511653357e-54,0.764878314899644,0.12262888626525,0,3.67369504176366e-256,1.20727779227495
1,1,0,1,1,1,0,1,1,1,0,1,0,0.777977269266948,4.74295520618684e-38,0,0.111768694679855,0.403304702078509,1.97626258336499e-323,0,2.47032822920623e-323,0.590653165531019,1.31273164430777e-118,0,2.47032822920623e-323,1.22646445992118
0,0,1,1,1,1,0,1,1,1,0,1,0,0,0,4.43951069012987e-09,0.288420642126157,0.390159180649359,2.47032822920623e-323,0,1.41954852155455e-54,0.764878315875208,0.122628883377882,0,7.04174892327795e-257,1.20727784397294
1,0,1,1,1,1,0,1,1,1,0,1,0,0.777977269266948,0,3.2523124121706e-29,0.111768694679855,0.403304702078509,1.97626258336499e-323,0,2.47032822920623e-323,0.590653165531019,3.72198037533944e-119,0,2.47032822920623e-323,1.22646445992118
0,1,1,1,1,1,0,1,1,1,0,1,0,0,1.09907484814681e-42,4.60268264531935e-09,0.288420642107532,0.390159180468398,2.47032822920623e-323,0,1.68043873689205e-54,0.764878315911064,0.122628883271758,0,8.825365730381e-257,1.207277845767
1,1,1,1,1,1,0,1,1,1,0,1,0,0.777977269266948,4.13300632848369e-38,3.39708872674114e-29,0.111768694679855,0.403304702078509,1.97626258336499e-323,0,2.47032822920623e-323,0.590653165531019,4.6768771302387e-119,0,2.47032822920623e-323,1.22646445992118
0,0,0,0,0,0,1,1,1,1,0,1,0,0,0,0,0,0,0,0.347414579785659,9.9808838079562e-259,0.16793029254483,0.00253404210359963,0,5.8205402093679e-94,0.659031495180125
1,0,0,0,0,0,1,1,1,1,0,1,0,0.418880527168264,0,0,0,0,0,0.245350582858336,2.47032822920623e-323,0.197335737539027,1.50447248318428e-80,0,1.12892652882669e-169,1.04588685886861
0,1,0,0,0,0,1,1,1,1,0,1,0,0,0.431714894030145,0,0,0,0,0.227724743951161,4.71212833030857e-200,0.474984400753254,0.0438707182273598,0,6.18627407455037e-197,1.17430535746352
1,1,0,0,0,0,1,1,1,1,0,1,0,0.619995116997151,0.350268050672631,0,0,0,0,0.0751666254709726,7.46971523839882e-298,0.462177278564418,1.16120594719993e-95,0,1.26825656643183e-282,1.21649104672568
0,0,1,0,0,0,1,1,1,1,0,1,0,0,0,0.342255473177365,0,0,0,0.325193651321926,5.34183982626241e-284,0.486297951420365,1.46025592014776e-104,0,4.76455428823978e-229,1.08157025577144
1,0,1,0,0,0,1,1,1,1,0,1,0,0.614895990392232,0,0.262868160149034,0,0,0,0.182855920721107,1.97626258336499e-323,0.455462397515364,7.08331893083107e-199,0,2.79449130213597e-314,1.2862152613493
0,1,1,0,0,0,1,1,1,1,0,1,0,0,4.50463237039281e-06,0.342253126833987,0,0,0,0.325192192076236,5.71266093531067e-290,0.486299002817716,2.94575490208387e-103,0,7.70641466654873e-235,1.08161785591017
1,1,1,0,0,0,1,1,1,1,0,1,0,0.614904973380705,5.16455581343862e-05,0.262840224434701,0,0,0,0.182836969203728,1.97626258336499e-323,0.455474090272272,1.93092985516481e-196,0,1.77125219132652e-314,1.28653407210414
0,0,0,1,0,0,1,1,1,1,0,1,0,0,0,0,0.482579425526196,0,0,0.367304762772599,1.97626258336499e-323,0.835910635787588,1.28884333507563e-05,0,1.97626258336499e-323,1.03799723634593
1,0,0,1,0,0,1,1,1,1,0,1,0,0.789044319253964,0,0,0.333530348683293,0,0,0.171869611935018,1.48219693752374e-323,0.684792909150441,1.6563152797943e-151,0,1.97626258336499e-323,1.24612492945393
0,1,0,1,0,0,1,1,1,1,0,1,0,0,2.02276456349757e-102,0,0.482579406494618,0,0,0.36730485078064,1.97626258336499e-323,0.835910603532666,1.3006510454578e-05,0,1.97626258336499e-323,1.0379980179132
1,1,0,1,0,0,1,1,1,1,0,1,0,0.789044319253965,2.27015823844338e-69,0,0.333530348683293,0,0,0.171869611935016,1.48219693752374e-323,0.684792909150441,8.11977113808316e-154,0,1.97626258336499e-323,1.24612492945393
0,0,1,1,0,0,1,1,1,1,0,1,0,0,0,6.11718364781132e-75,0.482579519569198,0,0,0.367304327887354,1.97626258336499e-323,0.835910795172695,1.23049628214935e-05,0,1.97626258336499e-323,1.03799336474304
1,0,1,1,0,0,1,1,1,1,0,1,0,0.789044319253964,0,1.44699966711189e-50,0.333530348683293,0,0,0.171869611935017,1.48219693752374e-323,0.684792909150441,2.9485813350964e-154,0,1.97626258336499e-323,1.24612492945393
0,1,1,1,0,0,1,1,1,1,0,1,0,0,2.21847829334171e-102,7.18019495707127e-75,0.482579491546647,0,0,0.367304457472799,1.97626258336499e-323,0.835910747679767,1.2478823354569e-05,0,1.97626258336499e-323,1.03799452007241
1,1,1,1,0,0,1,1,1,1,0,1,0,0.789044319253964,2.22249873971466e-69,1.78418434846525e-50,0.333530348683293,0,0,0.171869611935017,1.48219693752374e-323,0.684792909150441,4.01650232121153e-154,0,1.97626258336499e-323,1.24612492945393
0,0,0,0,1,0,1,1,1,1,0,1,0,0,0,0,0,0.672991912386789,0,0.330158717830951,2.47032822920623e-323,0.526439735227288,0.00844413675611965,0,1.03655341782601e-255,1.08750199788249
1,0,0,0,1,0,1,1,1,1,0,1,0,0.725201214065993,0,0,0,0.522942247997361,0,0.155264608775061,1.97626258336499e-323,0.497551351688233,7.65669768118426e-134,0,2.47032822920623e-323,1.27811423012313
0,1,0,0,1,0,1,1,1,1,0,1,0,0,2.26397023765193e-49,0,0,0.672991912388914,0,0.330158718227325,2.47032822920623e-323,0.526439735202703,0.00844413727338674,0,8.22946375573434e-256,1.08750199938336
1,1,0,0,1,0,1,1,1,1,0,1,0,0.725201214065991,8.51352392637523e-44,0,0,0.522942247997359,0,0.155264608775061,1.97626258336499e-323,0.497551351688232,1.20763776695916e-135,0,2.47032822920623e-323,1.27811423012313
0,0,1,0,1,0,1,1,1,1,0,1,0,0,0,9.61178907350319e-59,0,0.672991912378273,0,0.330158716243077,2.47032822920623e-323,0.526439735325778,0.0084441346839442,0,8.90315137775222e-256,1.08750199186997
1,0,1,0,1,0,1,1,1,1,0,1,0,0.725201214065991,0,2.08493117523969e-52,0,0.522942247997359,0,0.155264608775062,1.97626258336499e-323,0.497551351688232,4.56854463541323e-136,0,2.47032822920623e-323,1.27811423012313
0,1,1,0,1,0,1,1,1,1,0,1,0,0,2.32109777546331e-49,9.85948970249068e-59,0,0.672991912382314,0,0.330158716996616,2.47032822920623e-323,0.526439735279039,0.00844413566731236,0,7.61644454138846e-256,1.08750199472326
1,1,1,0,1,0,1,1,1,1,0,1,0,0.725201214065991,7.403821951739e-44,2.37728525977423e-52,0,0.522942247997359,0,0.155264608775061,1.97626258336499e-323,0.497551351688232,6.04109325079344e-136,0,2.47032822920623e-323,1.27811423012313
0,0,0,1,1,0,1,1,1,1,0,1,0,0,0,0,0.158321325165073,0.531011474628598,0,0.339471625089717,2.47032822920623e-323,0.670008343444821,0.00522483635167753,0,2.96439387504748e-323,1.29028601243775
1,0,0,1,1,0,1,1,1,1,0,1,0,0.754208561399599,0,0,0.0556355403462051,0.467051221025463,0,0.15263560245337,1.97626258336499e-323,0.546776674598598,2.10328266062508e-142,0,2.47032822920623e-323,1.36232849817714
0,1,0,1,1,0,1,1,1,1,0,1,0,0,1.33191690403044e-87,0,0.15832132044422,0.531011479002286,0,0.339471633367715,2.47032822920623e-323,0.670008338656694,0.00522484775460224,0,2.96439387504748e-323,1.29028604177548
1,1,0,1,1,0,1,1,1,1,0,1,0,0.754208561399598,8.29247779683836e-58,0,0.0556355403462045,0.467051221025464,0,0.15263560245337,1.97626258336499e-323,0.546776674598598,2.54123324762097e-142,0,2.47032822920623e-323,1.36232849817714
0,0,1,1,1,0,1,1,1,1,0,1,0,0,0,1.07709954756596e-88,0.158321342846243,0.531011458247683,0,0.339471594085789,2.47032822920623e-323,0.670008361377961,0.00522479364382776,0,2.96439387504748e-323,1.29028590255775
1,0,1,1,1,0,1,1,1,1,0,1,0,0.754208561399608,0,2.09808506300987e-63,0.0556355403462238,0.467051221025443,0,0.152635602453369,1.97626258336499e-323,0.546776674598614,1.4635856624891e-142,0,2.47032822920623e-323,1.36232849817715
0,1,1,1,1,0,1,1,1,1,0,1,0,0,1.33273626485682e-87,1.24486761688306e-88,0.158321336533363,0.531011464096319,0,0.339471605155434,2.47032822920623e-323,0.670008354975117,0.00522480889224233,0,2.96439387504748e-323,1.29028594178934
1,1,1,1,1,0,1,1,1,1,0,1,0,0.754208561399607,7.86506852835866e-58,2.50505462560577e-63,0.0556355403462221,0.467051221025445,0,0.15263560245337,1.97626258336499e-323,0.546776674598613,1.76905422256704e-142,0,2.47032822920623e-323,1.36232849817715
0,0,0,0,0,1,1,1,1,1,0,1,0,0,0,0,0,0,7.98343318264863e-12,0.347413330160916,4.15974441703167e-259,0.16793037554136,0.00253237791127673,0,8.00875364211915e-95,0.659017218545204
1,0,0,0,0,1,1,1,1,1,0,1,0,0.418880527168263,0,0,0,0,2.18849069260177e-70,0.245350582858336,2.47032822920623e-323,0.197335737539027,1.32723781841487e-80,0,5.24796477545071e-170,1.04588685886861
0,1,0,0,0,1,1,1,1,1,0,1,0,0,0.431714894030145,0,0,0,1.85820846497396e-144,0.227724743951161,3.05781292381533e-200,0.474984400753254,0.0438707182273598,0,4.23075526250611e-197,1.17430535746352
1,1,0,0,0,1,1,1,1,1,0,1,0,0.619995116997151,0.350268050672631,0,0,0,6.7041007988811e-205,0.0751666254709726,5.3892197266554e-298,0.462177278564418,1.10602221282242e-95,0,9.7889710652787e-283,1.21649104672568
0,0,1,0,0,1,1,1,1,1,0,1,0,0,0,0.342255473177365,0,0,1.97047421537814e-157,0.325193651321926,4.1528424165062e-284,0.486297951420365,1.74876101344038e-104,0,3.52009413853004e-229,1.08157025577144
1,0,1,0,0,1,1,1,1,1,0,1,0,0.614895990392232,0,0.262868160149034,0,0,2.11523424638135e-212,0.182855920721107,1.97626258336499e-323,0.455462397515364,7.98900316211505e-199,0,2.24739754803693e-314,1.2862152613493
0,1,1,0,0,1,1,1,1,1,0,1,0,0,4.5174167155256e-06,0.342253120174948,0,0,5.65803947095438e-161,0.325192187934825,4.38289718953764e-290,0.486299005801617,3.21867826140236e-103,0,6.07383083931194e-235,1.08161797990482
1,1,1,0,0,1,1,1,1,1,0,1,0,0.6149049896838,5.17392912805198e-05,0.262840173732203,0,0,1.62539499579623e-213,0.182836934806814,1.97626258336499e-323,0.455474111492934,2.06704971577546e-196,0,1.48360112347205e-314,1.28653458882935
0,0,0,1,0,1,1,1,1,1,0,1,0,0,0,0,0.482579426194212,0,2.47032822920623e-323,0.367304759683478,1.97626258336499e-323,0.83591063691975,1.28842887899965e-05,0,1.97626258336499e-323,1.03799720890093
1,0,0,1,0,1,1,1,1,1,0,1,0,0.789044319253964,0,0,0.333530348683293,0,2.47032822920623e-323,0.171869611935018,1.48219693752374e-323,0.684792909150441,1.63350085746591e-151,0,1.97626258336499e-323,1.24612492945393
0,1,0,1,0,1,1,1,1,1,0,1,0,0,1.92685718163866e-102,0,0.482579408150721,0,2.47032822920623e-323,0.367304843122296,1.97626258336499e-323,0.835910606339448,1.29962355445898e-05,0,1.97626258336499e-323,1.03799794992762
1,1,0,1,0,1,1,1,1,1,0,1,0,0.789044319253965,2.19917308147464e-69,0,0.333530348683293,0,2.47032822920623e-323,0.171869611935016,1.48219693752374e-323,0.684792909150441,7.92152897624675e-154,0,1.97626258336499e-323,1.24612492945393
0,0,1,1,0,1,1,1,1,1,0,1,0,0,0,5.79091107063491e-75,0.482579513884239,0,2.47032822920623e-323,0.367304354176471,1.97626258336499e-323,0.835910785537764,1.23402340797966e-05,0,1.97626258336499e-323,1.03799359924303
1,0,1,1,0,1,1,1,1,1,0,1,0,0.789044319253964,0,1.40369617560488e-50,0.333530348683293,0,2.47032822920623e-323,0.171869611935017,1.48219693752374e-323,0.684792909150441,2.99997144800565e-154,0,1.97626258336499e-323,1.24612492945393
0,1,1,1,0,1,1,1,1,1,0,1,0,0,2.11551089402199e-102,6.77146794440425e-75,0.482579488206831,0,2.47032822920623e-323,0.367304472917198,1.97626258336499e-323,0.835910742019409,1.24995445841018e-05,0,1.97626258336499e-323,1.03799465767185
1,1,1,1,0,1,1,1,1,1,0,1,0,0.789044319253964,2.16143574450991e-69,1.72073823346199e-50,0.333530348683293,0,2.47032822920623e-323,0.171869611935017,1.48219693752374e-323,0.684792909150441,4.03480488396205e-154,0,1.97626258336499e-323,1.24612492945393
0,0,0,0,1,1,1,1,1,1,0,1,0,0,0,0,0,0.67299191238686,2.47032822920623e-323,0.330158717844339,2.47032822920623e-323,0.526439735226458,0.00844413677359084,0,7.82924878165786e-256,1.08750199793318
1,0,0,0,1,1,1,1,1,1,0,1,0,0.725201214065993,0,0,0,0.522942247997361,1.97626258336499e-323,0.155264608775061,1.97626258336499e-323,0.497551351688233,7.47395694533112e-134,0,2.47032822920623e-323,1.27811423012313
0,1,0,0,1,1,1,1,1,1,0,1,0,0,2.08930252767989e-49,0,0,0.672991912388788,2.47032822920623e-323,0.330158718203849,2.47032822920623e-323,0.526439735204159,0.00844413724275133,0,6.42641981259917e-256,1.08750199929447
1,1,0,0,1,1,1,1,1,1,0,1,0,0.725201214065991,7.99962298249138e-44,0,0,0.522942247997359,1.97626258336499e-323,0.155264608775061,1.97626258336499e-323,0.497551351688232,1.16328495698193e-135,0,2.47032822920623e-323,1.27811423012313
0,0,1,0,1,1,1,1,1,1,0,1,0,0,0,8.61378720764491e-59,0,0.672991912379299,2.47032822920623e-323,0.330158716434448,2.47032822920623e-323,0.526439735313908,0.00844413493368289,0,7.05813404811765e-256,1.0875019925946
1,0,1,0,1,1,1,1,1,1,0,1,0,0.725201214065991,0,1.95246777143788e-52,0,0.522942247997359,1.97626258336499e-323,0.155264608775062,1.97626258336499e-323,0.497551351688232,4.66568054125674e-136,0,2.47032822920623e-323,1.27811423012313
0,1,1,0,1,1,1,1,1,1,0,1,0,0,2.14597131764702e-49,8.88057357020723e-59,0,0.67299191238278,2.47032822920623e-323,0.33015871708348,2.47032822920623e-323,0.526439735273651,0.00844413578067,0,5.89007461858344e-256,1.08750199505217
1,1,1,0,1,1,1,1,1,1,0,1,0,0.725201214065991,7.02340278490543e-44,2.21809727072223e-52,0,0.522942247997359,1.97626258336499e-323,0.155264608775061,1.97626258336499e-323,0.497551351688232,6.04970373449661e-136,0,2.47032822920623e-323,1.27811423012313
0,0,0,1,1,1,1,1,1,1,0,1,0,0,0,0,0.158321325052126,0.531011474733239,1.97626258336499e-323,0.33947162528777,2.47032822920623e-323,0.670008343330264,0.00522483662449448,0,2.96439387504748e-323,1.29028601313966
1,0,0,1,1,1,1,1,1,1,0,1,0,0.754208561399596,0,0,0.0556355403462005,0.467051221025468,1.97626258336499e-323,0.15263560245337,1.97626258336499e-323,0.546776674598594,2.09189100719333e-142,0,2.47032822920623e-323,1.36232849817713
0,1,0,1,1,1,1,1,1,1,0,1,0,0,1.29088449042963e-87,0,0.158321320578207,0.531011478878152,1.97626258336499e-323,0.339471633132769,2.47032822920623e-323,0.67000833879259,0.00522484743096402,0,2.96439387504748e-323,1.29028604094282
1,1,0,1,1,1,1,1,1,1,0,1,0,0.754208561399596,8.1152978891637e-58,0,0.0556355403461996,0.467051221025469,1.97626258336499e-323,0.15263560245337,1.97626258336499e-323,0.546776674598594,2.50820799432495e-142,0,2.47032822920623e-323,1.36232849817713
0,0,1,1,1,1,1,1,1,1,0,1,0,0,0,1.03144246315511e-88,0.158321341745255,0.531011459267704,1.97626258336499e-323,0.339471596016373,2.47032822920623e-323,0.670008360261284,0.00522479630320355,0,2.96439387504748e-323,1.29028590939987
1,0,1,1,1,1,1,1,1,1,0,1,0,0.754208561399605,0,2.04134675911034e-63,0.0556355403462184,0.467051221025449,1.97626258336499e-323,0.15263560245337,1.97626258336499e-323,0.54677667459861,1.47569118083151e-142,0,2.47032822920623e-323,1.36232849817715
0,1,1,1,1,1,1,1,1,1,0,1,0,0,1.2951324521792e-87,1.18781273224209e-88,0.158321335858735,0.531011464721336,1.97626258336499e-323,0.339471606338396,2.47032822920623e-323,0.670008354290874,0.00522481052176954,0,2.96439387504748e-323,1.29028594598184
1,1,1,1,1,1,1,1,1,1,0,1,0,0.754208561399604,7.72127479403093e-58,2.42448660166157e-63,0.0556355403462166,0.467051221025451,1.97626258336499e-323,0.15263560245337,1.97626258336499e-323,0.546776674598608,1.77003926381344e-142,0,2.47032822920623e-323,1.36232849817715
0,0,0,0,0,0,0,0,0,0,1,1,0,0,0,0,0,0,0,0,0,0,0,0.0829354797166899,0.328389797577433,0.502653677121587
1,0,0,0,0,0,0,0,0,0,1,1,0,0.398310815222536,0,0,0,0,0,0,0,0,0,0.12262540447322,8.61941838164288e-12,0.545712599099485
0,1,0,0,0,0,0,0,0,0,1,1,0,0,0.513173850066245,0,0,0,0,0,0,0,0,1.31546601113142e-20,0.382017050024126,0.682375468276941
1,1,0,0,0,0,0,0,0,0,1,1,0,0.269028353958769,0.51701407382316,0,0,0,0,0,0,0,0,5.23744634351541e-08,0.1532758290677,0.982578780752508
0,0,1,0,0,0,0,0,0,0,1,1,0,0,0,0.531635853896199,0,0,0,0,0,0,0,5.40845933869027e-134,0.382017050024126,0.67967810877571
1,0,1,0,0,0,0,0,0,0,1,1,0,0.269028295678878,0,0.527505813411478,0,0,0,0,0,0,0,2.61555795880885e-121,0.153275925533447,0.97826983146062
0,1,1,0,0,0,0,0,0,0,1,1,0,0,5.76613805147571e-27,0.531635853896197,0,0,0,0,0,0,0,2.43021475142819e-135,0.382017050024126,0.67967810877571
1,1,1,0,0,0,0,0,0,0,1,1,0,0.269028295678878,2.83934000005331e-24,0.527505813411476,0,0,0,0,0,0,0,1.11928666244126e-120,0.153275925533447,0.978269831460621
0,0,0,1,0,0,0,0,0,0,1,1,0,0,0,0,0.522990777950013,0,0,0,0,0,0,7.58225833294613e-149,0.382017050024126,0.680965374358565
1,0,0,1,0,0,0,0,0,0,1,1,0,0.269028295678878,0,0,0.537574563423307,0,0,0,0,0,0,6.85228896935858e-143,0.153275925533447,0.974133050573838
0,1,0,1,0,0,0,0,0,0,1,1,0,0,7.92796969033513e-47,0,0.522990777950011,0,0,0,0,0,0,7.82937644564697e-151,0.382017050024126,0.680965374358565
1,1,0,1,0,0,0,0,0,0,1,1,0,0.269028295678878,2.10354537691911e-51,0,0.537574563423307,0,0,0,0,0,0,1.77122980114823e-142,0.153275925533447,0.974133050573838
0,0,1,1,0,0,0,0,0,0,1,1,0,0,0,0.266397646767748,0.294900652855136,0,0,0,0,0,0,2.76603215449771e-155,0.382017050024128,1.08665042848421
1,0,1,1,0,0,0,0,0,0,1,1,0,0.269028295678878,0,0.191384585463796,0.373710750926018,0,0,0,0,0,0,9.14431652850314e-146,0.153275925533447,1.32919902337916
0,1,1,1,0,0,0,0,0,0,1,1,0,0,1.37339614022063e-50,0.266397646767748,0.294900652855136,0,0,0,0,0,0,5.65210247984648e-155,0.382017050024128,1.08665042848421
1,1,1,1,0,0,0,0,0,0,1,1,0,0.269028295678878,4.27326662263123e-54,0.191384585463802,0.373710750926012,0,0,0,0,0,0,1.83741750021901e-145,0.153275925533447,1.32919902337916
0,0,0,0,1,0,0,0,0,0,1,1,0,0,0,0,0,0.576394059436312,0,0,0,0,0,1.18909798019937e-131,0.382017050024126,0.672437519806544
1,0,0,0,1,0,0,0,0,0,1,1,0,0.358810006518177,0,0,0,0.599289633552522,0,0,0,0,0,3.29128122833506e-122,0.076939087267963,0.876859508164847
0,1,0,0,1,0,0,0,0,0,1,1,0,0,0.187808273081471,0,0,0.429780052104255,0,0,0,0,0,5.1842175084584e-110,0.382017050024126,1.04464838796891
1,1,0,0,1,0,0,0,0,0,1,1,0,0.339973668030695,0.159519210714856,0,0,0.47355776361923,0,0,0,0,0,8.59087856792435e-103,0.0929546711902429,1.22189375541441
0,0,1,0,1,0,0,0,0,0,1,1,0,0,0,0.531635853816017,0,1.08315318947263e-10,0,0,0,0,0,1.06615370582745e-136,0.382017050024128,0.679678111535396
1,0,1,0,1,0,0,0,0,0,1,1,0,0.26903937968506,0,0.52745425130355,0,7.19318880379877e-05,0,0,0,0,0,1.4302940933046e-122,0.153265776067323,0.979005482131903
0,1,1,0,1,0,0,0,0,0,1,1,0,0,9.48312836969066e-27,0.531635853809557,0,1.1704277600737e-10,0,0,0,0,0,3.47488236711527e-136,0.382017050024126,0.679678111747829
1,1,1,0,1,0,0,0,0,0,1,1,0,0.269039790771963,6.86835475594793e-24,0.527452338995694,0,7.45996282112174e-05,0,0,0,0,0,4.79360036954092e-122,0.153265399599922,0.979029904353056
0,0,0,1,1,0,0,0,0,0,1,1,0,0,0,0,0.314769136781805,0.31406258846066,0,0,0,0,0,9.17622257549655e-168,0.382017050024129,1.09422984589174
1,0,0,1,1,0,0,0,0,0,1,1,0,0.318063214108182,0,0,0.323230568690751,0.327306285679658,0,0,0,0,0,1.4452012242141e-158,0.111584019659668,1.31733895885929
0,1,0,1,1,0,0,0,0,0,1,1,0,0,1.87608870179973e-39,0,0.314769136781805,0.31406258846066,0,0,0,0,0,2.37917630668357e-167,0.382017050024129,1.09422984589174
1,1,0,1,1,0,0,0,0,0,1,1,0,0.318063214108182,1.56160881411824e-44,0,0.323230568690751,0.327306285679658,0,0,0,0,0,3.34936316521149e-158,0.111584019659668,1.31733895885929
0,0,1,1,1,0,0,0,0,0,1,1,0,0,0,0.214352874924119,0.2681906839968,0.10749837769473,0,0,0,0,0,1.62456922785419e-160,0.382017050024128,1.29920258360225
1,0,1,1,1,0,0,0,0,0,1,1,0,0.312240403271396,0,0.0400385891607961,0.31439143458462,0.288449635294028,0,0,0,0,0,7.30472299964691e-157,0.11654036150928,1.43642077574883
0,1,1,1,1,0,0,0,0,0,1,1,0,0,4.68428063398922e-47,0.214352897517995,0.268190688746769,0.107498341720128,0,0,0,0,0,3.37539338991632e-160,0.382017050024128,1.2992025550783
1,1,1,1,1,0,0,0,0,0,1,1,0,0.312238825252694,2.36739206636075e-46,0.0400488630216739,0.314389383704292,0.288439246241997,0,0,0,0,0,1.47297890561825e-156,0.116541779544073,1.43644145513434
0,0,0,0,0,1,0,0,0,0,1,1,0,0,0,0,0,0,0.144918539978738,0,0,0,0,2.99481075812257e-18,0.225629968593271,0.669234025693136
1,0,0,0,0,1,0,0,0,0,1,1,0,0.352095290900258,0,0,0,0,0.167345307651026,0,0,0,0,1.28529574757163e-23,1.42783482080476e-28,0.628490225420088
0,1,0,0,0,1,0,0,0,0,1,1,0,0,0.514741686339232,0,0,0,0.144918539812688,0,0,0,0,1.73240876153504e-64,0.225629968800455,0.959939171104103
1,1,0,0,0,1,0,0,0,0,1,1,0,0.352095290900256,0.48469887273194,0,0,0,0.167345307651026,0,0,0,0,3.17099586489959e-67,2.1986474889828e-28,1.01766605699238
0,0,1,0,0,1,0,0,0,0,1,1,0,0,0,0.540219166166179,0,0,0.144918539733249,0,0,0,0,1.34782546188774e-182,0.225629968899572,0.947972472098791
1,0,1,0,0,1,0,0,0,0,1,1,0,0.352095290900256,0,0.503380196051605,0,0,0.167345307651026,0,0,0,0,8.95322684163066e-177,2.77426316502484e-28,1.01220330910497
0,1,1,0,0,1,0,0,0,0,1,1,0,0,1.57330805015293e-29,0.540219166166266,0,0,0.144918539733975,0,0,0,0,4.77941259180205e-182,0.225629968898666,0.947972472099015
1,1,1,0,0,1,0,0,0,0,1,1,0,0.352095290900256,5.75892675182186e-26,0.503380196051603,0,0,0.167345307651026,0,0,0,0,3.51560856518611e-176,2.77056004414745e-28,1.01220330910497
0,0,0,1,0,1,0,0,0,0,1,1,0,0,0,0,0.537462372536479,0,0.144918539723715,0,0,0,0,3.03121530761433e-200,0.225629968911467,0.94926164817914
1,0,0,1,0,1,0,0,0,0,1,1,0,0.352095290900256,0,0,0.522778575534091,0,0.167345307651026,0,0,0,0,1.20262940200224e-200,2.87027660204837e-28,1.00638071302211
0,1,0,1,0,1,0,0,0,0,1,1,0,0,4.01067531893878e-52,0,0.537462372536785,0,0.144918539725531,0,0,0,0,8.50825788160227e-200,0.225629968909201,0.949261648179663
1,1,0,1,0,1,0,0,0,0,1,1,0,0.352095290900256,1.10346237376228e-55,0,0.522778575534091,0,0.167345307651026,0,0,0,0,3.1264182326957e-200,2.85716581459234e-28,1.00638071302211
0,0,1,1,0,1,0,0,0,0,1,1,0,0,0,0.247118400270529,0.325879171582249,0,0.144918539704682,0,0,0,0,6.06234396122139e-204,0.225629968935216,1.34794978942634
1,0,1,1,0,1,0,0,0,0,1,1,0,0.352095290900256,0,0.144333752556913,0.399199767403906,0,0.167345307651026,0,0,0,0,7.53233409841247e-203,3.0351011609081e-28,1.29596175194915
0,1,1,1,0,1,0,0,0,0,1,1,0,0,1.28458678334347e-55,0.247118400269742,0.325879171583278,0,0.144918539706459,0,0,0,0,1.21336989649034e-203,0.225629968932998,1.34794978942683
1,1,1,1,0,1,0,0,0,0,1,1,0,0.352095290900256,9.43230737284624e-58,0.144333752557404,0.399199767403456,0,0.167345307651026,0,0,0,0,1.50205385135186e-202,3.02017371411819e-28,1.29596175194961
0,0,0,0,1,1,0,0,0,0,1,1,0,0,0,0,0,0.576394059436312,2.59065739739168e-149,0,0,0,0,7.91958425166373e-132,0.382017050024126,0.672437519806544
1,0,0,0,1,1,0,0,0,0,1,1,0,0.358810006518179,0,0,0,0.599289633552526,5.84012478850426e-132,0,0,0,0,2.50901285820963e-122,0.0769390872679582,0.876859508164839
0,1,0,0,1,1,0,0,0,0,1,1,0,0,0.18780827308148,0,0,0.429780052104246,8.03343662066834e-110,0,0,0,0,3.76167384031007e-110,0.382017050024126,1.04464838796891
1,1,0,0,1,1,0,0,0,0,1,1,0,0.339973668030692,0.159519210714864,0,0,0.47355776361922,2.42021518425846e-97,0,0,0,0,6.90874314038006e-103,0.0929546711902478,1.22189375541442
0,0,1,0,1,1,0,0,0,0,1,1,0,0,0,0.540219155208231,0,1.85002118262174e-10,0.144918449451315,0,0,0,0,1.54622091552746e-170,0.225630081446272,0.947972448815467
1,0,1,0,1,1,0,0,0,0,1,1,0,0.3482076716688,0,0.495264583880195,0,0.0188835807035078,0.153815779199746,0,0,0,0,8.39077497730055e-165,4.63047861664527e-19,1.0771314873746
0,1,1,0,1,1,0,0,0,0,1,1,0,0,1.17348880106563e-28,0.540219155883685,0,1.98807340318191e-10,0.144918455129046,0,0,0,0,2.48669386723423e-170,0.225630074354664,0.947972450888524
1,1,1,0,1,1,0,0,0,0,1,1,0,0.348198749516972,4.17791763971635e-25,0.495247072811416,0,0.0189247884067317,0.153785573075668,0,0,0,0,2.59741862823904e-164,5.2940859443694e-19,1.07723150729767
0,0,0,1,1,1,0,0,0,0,1,1,0,0,0,0,0.314769136781806,0.31406258846066,2.87323260357067e-77,0,0,0,0,4.15043534310939e-168,0.382017050024126,1.09422984589174
1,0,0,1,1,1,0,0,0,0,1,1,0,0.318063214108185,0,0,0.323230568690746,0.327306285679665,8.03262187414739e-58,0,0,0,0,7.74208719780744e-159,0.111584019659666,1.31733895885929
0,1,0,1,1,1,0,0,0,0,1,1,0,0,1.74245748544245e-39,0,0.314769136781806,0.31406258846066,5.31792206104741e-77,0,0,0,0,9.57311166444144e-168,0.382017050024126,1.09422984589174
1,1,0,1,1,1,0,0,0,0,1,1,0,0.318063214108185,1.45501570784255e-44,0,0.323230568690746,0.327306285679665,1.38034703861279e-57,0,0,0,0,1.64004156013342e-158,0.111584019659666,1.31733895885929
0,0,1,1,1,1,0,0,0,0,1,1,0,0,0,0.214352888334361,0.268190686816069,0.107498356342569,2.12378390399144e-20,0,0,0,0,4.91968199008966e-161,0.382017050024126,1.29920256667231
1,0,1,1,1,1,0,0,0,0,1,1,0,0.312240616872363,0,0.0400371984630718,0.314391712208623,0.288451041564077,1.5796922128538e-43,0,0,0,0,2.85821321115574e-157,0.116540169566877,1.43641797632539
0,1,1,1,1,1,0,0,0,0,1,1,0,0,4.00336284841567e-47,0.214352912328377,0.268190691860403,0.107498318138613,3.2520466963774e-20,0,0,0,0,8.8099898938609e-161,0.382017050024126,1.29920253638071
1,1,1,1,1,1,0,0,0,0,1,1,0,0.312239098102249,2.08836245387963e-46,0.0400470866290567,0.314389738299413,0.288441042570494,2.37755846778453e-43,0,0,0,0,5.0302147992006e-157,0.116541534353871,1.43643787977523
0,0,0,0,0,0,1,0,0,0,1,1,0,0,0,0,0,0,0,0.356891418556108,0,0,0,0.0368828163493621,6.48241800700124e-25,0.310936001182657
1,0,0,0,0,0,1,0,0,0,1,1,0,0.280780865227412,0,0,0,0,0,0.28181225582519,0,0,0,0.011147396927853,2.58045394887247e-60,0.775487946614525
0,1,0,0,0,0,1,0,0,0,1,1,0,0,0.475370164578974,0,0,0,0,0.203467049671696,0,0,0,1.22486196423559e-17,0.129687799104264,0.95302165274483
1,1,0,0,0,0,1,0,0,0,1,1,0,0.26903001960809,0.496390242743078,0,0,0,0,0.111012139183077,0,0,0,1.57478569451633e-06,0.0155971612413658,1.01779094215888
0,0,1,0,0,0,1,0,0,0,1,1,0,0,0,0.436699064805706,0,0,0,0.319583020931592,0,0,0,2.6044206530108e-110,1.42629431662045e-06,0.681133810023411
1,0,1,0,0,0,1,0,0,0,1,1,0,0.269028295678878,0,0.399346242924247,0,0,0,0.257463001701322,0,0,0,5.47934597720096e-112,6.30595146418192e-47,1.07771883105994
0,1,1,0,0,0,1,0,0,0,1,1,0,0,5.80731879883761e-14,0.436698782310481,0,0,0,0.319583143834786,0,0,0,1.33499967906572e-109,1.99575643236893e-06,0.68114316720891
1,1,1,0,0,0,1,0,0,0,1,1,0,0.269028295678878,2.79076883257233e-13,0.399346242924114,0,0,0,0.257463001701225,0,0,0,3.63829742988621e-111,2.83887702846734e-46,1.07771883106862
0,0,0,1,0,0,1,0,0,0,1,1,0,0,0,0,0.599505650674255,0,0,0.372569325919158,0,0,0,3.46222425136056e-192,1.2655038332866e-23,0.665643333264532
1,0,0,1,0,0,1,0,0,0,1,1,0,0.269028295678878,0,0,0.541478805374551,0,0,0.305612987963596,0,0,0,1.4374588598501e-184,7.24275189604184e-63,1.04853265862421
0,1,0,1,0,0,1,0,0,0,1,1,0,0,1.3837793591074e-108,0,0.599505650674255,0,0,0.372569325919158,0,0,0,6.4738624788741e-192,1.45035523642256e-23,0.665643333264532
1,1,0,1,0,0,1,0,0,0,1,1,0,0.269028295678878,6.4998209978991e-97,0,0.541478805374551,0,0,0.305612987963596,0,0,0,2.91449027332971e-184,9.97183791182445e-63,1.04853265862421
0,0,1,1,0,0,1,0,0,0,1,1,0,0,0,2.38303667772691e-56,0.599505650674255,0,0,0.372569325919158,0,0,0,3.84925004881233e-192,1.36877423249768e-23,0.665643333264532
1,0,1,1,0,0,1,0,0,0,1,1,0,0.269028295678878,0,3.81745086327169e-49,0.541478805374551,0,0,0.305612987963595,0,0,0,1.6120778843059e-184,8.77588268950792e-63,1.04853265862421
0,1,1,1,0,0,1,0,0,0,1,1,0,0,1.4360016584521e-108,2.78011785296369e-56,0.599505650674255,0,0,0.372569325919158,0,0,0,6.50615652195415e-192,1.52634350159059e-23,0.665643333264532
1,1,1,1,0,0,1,0,0,0,1,1,0,0.269028295678878,6.64760820596741e-97,4.56046855356896e-49,0.541478805374551,0,0,0.305612987963595,0,0,0,2.9124600829291e-184,1.14169676567741e-62,1.04853265862421
0,0,0,0,1,0,1,0,0,0,1,1,0,0,0,0,0,0.71226557499497,0,0.322606078614027,0,0,0,2.16870497896647e-175,1.8039070768611e-07,0.620484899294699
1,0,0,0,1,0,1,0,0,0,1,1,0,0.364280835389008,0,0,0,0.635807216015362,0,0.237947705248012,0,0,0,1.04741637845647e-171,4.45230723327805e-62,1.01916992762669
0,1,0,0,1,0,1,0,0,0,1,1,0,0,2.41218242145022e-31,0,0,0.712265570191304,0,0.322606081748549,0,0,0,5.41875476760904e-175,1.96332652372828e-07,0.620485131607176
1,1,0,0,1,0,1,0,0,0,1,1,0,0.364280835389008,1.58239488348916e-29,0,0,0.635807216015361,0,0.237947705248012,0,0,0,3.24921110836763e-171,8.27373481717851e-62,1.01916992762669
0,0,1,0,1,0,1,0,0,0,1,1,0,0,0,2.68556529305637e-29,0,0.712265574576802,0,0.322606078886892,0,0,0,2.71691744877156e-175,1.81778481907906e-07,0.620484919570345
1,0,1,0,1,0,1,0,0,0,1,1,0,0.364280835389008,0,1.54395550719148e-27,0,0.635807216015362,0,0.237947705248012,0,0,0,1.28857932396613e-171,5.41624163626335e-62,1.01916992762669
0,1,1,0,1,0,1,0,0,0,1,1,0,0,1.94685774059192e-31,2.83588274780466e-29,0,0.712265570707336,0,0.322606081411824,0,0,0,5.62609258412738e-175,1.94620093774066e-07,0.620485106712922
1,1,1,0,1,0,1,0,0,0,1,1,0,0.364280835389008,1.22121041693392e-29,1.80117208187659e-27,0,0.635807216015362,0,0.237947705248012,0,0,0,3.19526100433165e-171,8.84477425589355e-62,1.01916992762669
0,0,0,1,1,0,1,0,0,0,1,1,0,0,0,0,0.293678802008249,0.468757436571425,0,0.343689391033631,0,0,0,4.06201033422663e-212,3.78832838304777e-14,1.07911121943617
1,0,0,1,1,0,1,0,0,0,1,1,0,0.335851588538069,0,0,0.236058144339668,0.44604303388734,0,0.261501353083417,0,0,0,1.13588449603215e-201,2.19188864923225e-63,1.35479596427659
0,1,0,1,1,0,1,0,0,0,1,1,0,0,8.00233557949005e-94,0,0.293678802008248,0.468757436571425,0,0.343689391033631,0,0,0,6.82620387623969e-212,4.00335020240619e-14,1.07911121943622
1,1,0,1,1,0,1,0,0,0,1,1,0,0.335851588538069,4.34962322697616e-80,0,0.236058144339668,0.44604303388734,0,0.261501353083417,0,0,0,2.00543907435898e-201,2.76200522359728e-63,1.35479596427659
0,0,1,1,1,0,1,0,0,0,1,1,0,0,0,5.44864511618782e-71,0.293678802008249,0.468757436571425,0,0.343689391033631,0,0,0,4.7997975690691e-212,3.80612484327008e-14,1.07911121943617
1,0,1,1,1,0,1,0,0,0,1,1,0,0.335851588538069,0,2.49295235318651e-61,0.236058144339668,0.44604303388734,0,0.261501353083417,0,0,0,1.31817734869822e-201,2.40276115185751e-63,1.35479596427659
0,1,1,1,1,0,1,0,0,0,1,1,0,0,7.48851414305839e-94,6.34614961869395e-71,0.293678802008248,0.468757436571425,0,0.343689391033631,0,0,0,7.59080898525867e-212,3.99683866693094e-14,1.07911121943622
1,1,1,1,1,0,1,0,0,0,1,1,0,0.335851588538069,3.98117713792516e-80,2.95460321525598e-61,0.236058144339668,0.44604303388734,0,0.261501353083417,0,0,0,2.18352707223116e-201,2.94458851870266e-63,1.35479596427659
0,0,0,0,0,1,1,0,0,0,1,1,0,0,0,0,0,0,0.185100435175947,0.385212346618895,0,0,0,9.27622079656169e-82,1.20483654683997e-81,0.630258635054926
1,0,0,0,0,1,1,0,0,0,1,1,0,0.316635212877441,0,0,0,0,0.0959080581123547,0.290365402929696,0,0,0,2.16782086692135e-49,5.08127113903353e-97,0.996218496394465
0,1,0,0,0,1,1,0,0,0,1,1,0,0,0.406871875366825,0,0,0,0.223954666324563,0.251726405374788,0,0,0,5.95905043144891e-108,2.59798943092545e-48,1.06278020644889
1,1,0,0,0,1,1,0,0,0,1,1,0,0.333620506574271,0.408427959036163,0,0,0,0.130126332068979,0.15128106010943,0,0,0,6.6159380302897e-74,2.39753460874623e-64,1.27680699898152
0,0,1,0,0,1,1,0,0,0,1,1,0,0,0,0.346922611314124,0,0,0.190747265090753,0.365812338333051,0,0,0,6.0495257497241e-186,9.87447039711615e-77,1.06197250315764
1,0,1,0,0,1,1,0,0,0,1,1,0,0.319080277746698,0,0.344938235859653,0,0,0.100833842795931,0.270343951045312,0,0,0,1.33890187535559e-152,3.22567008585122e-92,1.30643250519031
0,1,1,0,0,1,1,0,0,0,1,1,0,0,2.05785744503313e-14,0.346922611314111,0,0,0.190747265090756,0.365812338333045,0,0,0,2.27420670148229e-185,2.7646263777226e-76,1.06197250315835
1,1,1,0,0,1,1,0,0,0,1,1,0,0.319080277746711,2.36553264607063e-13,0.344938235859523,0,0,0.100833842795957,0.270343951045233,0,0,0,5.35783621772895e-152,9.4787486237129e-92,1.30643250519693
0,0,0,1,0,1,1,0,0,0,1,1,0,0,0,0,0.540422489940797,0,0.178421678657301,0.408157597982165,0,0,0,4.63839478055888e-267,2.67606946957205e-87,1.0120683573576
1,0,0,1,0,1,1,0,0,0,1,1,0,0.313934362757649,0,0,0.501835452974002,0,0.0904669729616067,0.312481356334604,0,0,0,1.461836992704e-221,4.14293402536885e-102,1.25676088326329
0,1,0,1,0,1,1,0,0,0,1,1,0,0,1.10869939340935e-113,0,0.540422489940797,0,0.178421678657301,0.408157597982165,0,0,0,8.2990381794486e-267,3.46595674198832e-87,1.0120683573576
1,1,0,1,0,1,1,0,0,0,1,1,0,0.313934362757649,1.49284049454412e-97,0,0.501835452974002,0,0.0904669729616067,0.312481356334604,0,0,0,2.68076321016156e-221,5.48063927803967e-102,1.25676088326329
0,0,1,1,0,1,1,0,0,0,1,1,0,0,0,2.36503129103088e-66,0.540422489940794,0,0.178421678657303,0.408157597982165,0,0,0,4.92144434665524e-267,2.99891454063044e-87,1.01206835735761
1,0,1,1,0,1,1,0,0,0,1,1,0,0.313934362757649,0,4.68118590392524e-53,0.501835452974002,0,0.0904669729616067,0.312481356334604,0,0,0,1.50937746393373e-221,4.71266745879723e-102,1.25676088326329
0,1,1,1,0,1,1,0,0,0,1,1,0,0,1.12550629919355e-113,2.77572670675071e-66,0.540422489940794,0,0.178421678657303,0.408157597982165,0,0,0,8.02083150590585e-267,3.70803434190435e-87,1.01206835735761
1,1,1,1,0,1,1,0,0,0,1,1,0,0.313934362757649,1.50403753109956e-97,5.55415516714998e-53,0.501835452974002,0,0.0904669729616067,0.312481356334604,0,0,0,2.50409854646719e-221,5.93695495248527e-102,1.25676088326329
0,0,0,0,1,1,1,0,0,0,1,1,0,0,0,0,0,0.712265578273228,5.47995878524047e-132,0.322606076474874,0,0,0,1.41936666398957e-175,1.69511139648261e-07,0.620484739978195
1,0,0,0,1,1,1,0,0,0,1,1,0,0.364280835389008,0,0,0,0.635807216015362,2.28925257862152e-149,0.237947705248012,0,0,0,6.67615176093744e-172,2.94725969139836e-62,1.01916992762669
0,1,0,0,1,1,1,0,0,0,1,1,0,0,2.67432052749064e-31,0,0,0.71226557314835,1.81083319177624e-131,0.322606079818996,0,0,0,3.25317613822371e-175,1.86519092706213e-07,0.620484988754824
1,1,0,0,1,1,1,0,0,0,1,1,0,0.364280835389008,1.61643756753588e-29,0,0,0.635807216015361,1.00323361786301e-148,0.237947705248012,0,0,0,1.8912004101101e-171,5.17215802514923e-62,1.01916992762669
0,0,1,0,1,1,1,0,0,0,1,1,0,0,0,3.01921250839624e-29,0,0.71226557933662,2.77628854614126e-131,0.322606075780982,0,0,0,1.43484256741859e-175,1.65982056519722e-07,0.620484688156649
1,0,1,0,1,1,1,0,0,0,1,1,0,0.364280835389008,0,1.55508945166605e-27,0,0.635807216015362,1.23223104191163e-148,0.237947705248012,0,0,0,6.94773371681879e-172,3.16822284363088e-62,1.01916992762669
0,1,1,0,1,1,1,0,0,0,1,1,0,0,2.11731177241538e-31,3.24199841469817e-29,0,0.712265575335543,6.52375874136164e-131,0.322606078391793,0,0,0,2.6907082354538e-175,1.79260444247664e-07,0.620484882773714
1,1,1,0,1,1,1,0,0,0,1,1,0,0.364280835389008,1.21995886309778e-29,1.81082419025061e-27,0,0.635807216015362,3.73218605086863e-148,0.237947705248012,0,0,0,1.55562683889322e-171,4.85452415677894e-62,1.01916992762669
0,0,0,1,1,1,1,0,0,0,1,1,0,0,0,0,0.293678802008254,0.468757436571423,5.11276188057302e-65,0.34368939103363,0,0,0,1.78768388004567e-212,3.02112493337672e-14,1.07911121943596
1,0,0,1,1,1,1,0,0,0,1,1,0,0.335851588538069,0,0,0.236058144339668,0.44604303388734,3.71897939388194e-94,0.261501353083417,0,0,0,5.84486010702656e-202,1.22082638479777e-63,1.35479596427659
0,1,0,1,1,1,1,0,0,0,1,1,0,0,7.43679512840437e-94,0,0.293678802008253,0.468757436571424,6.49687873891427e-65,0.34368939103363,0,0,0,2.67793890257149e-212,3.16244487130022e-14,1.079111219436
1,1,0,1,1,1,1,0,0,0,1,1,0,0.335851588538069,4.335048835323e-80,0,0.236058144339668,0.44604303388734,5.36476576769599e-94,0.261501353083417,0,0,0,9.46187730385294e-202,1.45650986218802e-63,1.35479596427659
0,0,1,1,1,1,1,0,0,0,1,1,0,0,0,5.38588073386952e-71,0.293678802008255,0.468757436571423,9.4365756413274e-65,0.343689391033629,0,0,0,1.73404082725372e-212,2.84175681812772e-14,1.07911121943591
1,0,1,1,1,1,1,0,0,0,1,1,0,0.335851588538069,0,2.46833751897164e-61,0.236058144339668,0.44604303388734,7.15815910306395e-94,0.261501353083417,0,0,0,5.94084300724612e-202,1.19630743336585e-63,1.35479596427659
0,1,1,1,1,1,1,0,0,0,1,1,0,0,6.85514272064556e-94,6.233353282137e-71,0.293678802008254,0.468757436571423,1.13994475012672e-64,0.34368939103363,0,0,0,2.45745025754018e-212,2.95600864224498e-14,1.07911121943594
1,1,1,1,1,1,1,0,0,0,1,1,0,0.335851588538069,3.97240122885249e-80,2.90492041346388e-61,0.236058144339668,0.44604303388734,9.69201414518244e-94,0.261501353083417,0,0,0,9.04322352656452e-202,1.39046060774066e-63,1.35479596427659
0,0,0,0,0,0,0,1,0,0,1,1,0,0,0,0,0,0,0,0,0.225940994557669,0,0,0.164751718765085,0.118572772650676,1.06498772204569
1,0,0,0,0,0,0,1,0,0,1,1,0,0.398310815224362,0,0,0,0,0,0,0.000173601032626557,0,0,0.122625404474845,4.14498015517233e-12,0.548531297889722
0,1,0,0,0,0,0,1,0,0,1,1,0,0,0.513173850066245,0,0,0,0,0,4.50641653784804e-61,0,0,2.38184118166655e-20,0.382017050024126,0.682375468276941
1,1,0,0,0,0,0,1,0,0,1,1,0,0.26902836049698,0.517014075061063,0,0,0,0,0,1.17985325124294e-68,0,0,5.82501646250935e-08,0.153275818245549,0.982578870534201
0,0,1,0,0,0,0,1,0,0,1,1,0,0,0,0.531635853896199,0,0,0,0,1.74974217954901e-62,0,0,1.21570504834947e-135,0.382017050024126,0.67967810877571
1,0,1,0,0,0,0,1,0,0,1,1,0,0.269028295678878,0,0.527505813411478,0,0,0,0,5.93647828556384e-71,0,0,3.39371066867236e-121,0.153275925533447,0.97826983146062
0,1,1,0,0,0,0,1,0,0,1,1,0,0,5.46311438321264e-27,0.531635853896197,0,0,0,0,1.95822021524032e-62,0,0,4.32866930205764e-135,0.382017050024126,0.67967810877571
1,1,1,0,0,0,0,1,0,0,1,1,0,0.269028295678878,2.79209973213988e-24,0.527505813411476,0,0,0,0,6.65030986589255e-71,0,0,1.40469203103525e-120,0.153275925533447,0.978269831460621
0,0,0,1,0,0,0,1,0,0,1,1,0,0,0,0,0.522990777950013,0,0,0,1.44313734108639e-62,0,0,4.65713442490618e-151,0.382017050024126,0.680965374358565
1,0,0,1,0,0,0,1,0,0,1,1,0,0.269028295678878,0,0,0.537574563423307,0,0,0,4.56326174421578e-71,0,0,8.4574831455136e-143,0.153275925533447,0.974133050573838
0,1,0,1,0,0,0,1,0,0,1,1,0,0,6.42357703438904e-47,0,0.522990777950011,0,0,0,1.59037976247496e-62,0,0,1.1778794594976e-150,0.382017050024126,0.680965374358565
1,1,0,1,0,0,0,1,0,0,1,1,0,0.269028295678878,1.91930124602113e-51,0,0.537574563423307,0,0,0,5.0169244975575e-71,0,0,2.08314077465871e-142,0.153275925533447,0.974133050573838
0,0,1,1,0,0,0,1,0,0,1,1,0,0,0,0.266397646767748,0.294900652855137,0,0,0,1.17986385501726e-62,0,0,4.50981513611857e-155,0.382017050024126,1.08665042848421
1,0,1,1,0,0,0,1,0,0,1,1,0,0.269028295678878,0,0.191384585463787,0.373710750926026,0,0,0,3.55088380075103e-71,0,0,1.13111894871444e-145,0.153275925533447,1.32919902337915
0,1,1,1,0,0,0,1,0,0,1,1,0,0,1.15024430071419e-50,0.266397646767748,0.294900652855137,0,0,0,1.26099663095485e-62,0,0,8.76983109181525e-155,0.382017050024126,1.08665042848421
1,1,1,1,0,0,0,1,0,0,1,1,0,0.269028295678878,3.93723097336651e-54,0.191384585463792,0.373710750926021,0,0,0,3.80449837572252e-71,0,0,2.20914368768926e-145,0.153275925533447,1.32919902337915
0,0,0,0,1,0,0,1,0,0,1,1,0,0,0,0,0,0.576394059436311,0,0,3.83971985730565e-89,0,0,2.09666235055212e-133,0.382017050024126,0.672437519806545
1,0,0,0,1,0,0,1,0,0,1,1,0,0.358810006518177,0,0,0,0.599289633552522,0,0,6.35871505255756e-102,0,0,3.69178233774896e-122,0.076939087267963,0.876859508164847
0,1,0,0,1,0,0,1,0,0,1,1,0,0,0.187808273081471,0,0,0.429780052104255,0,0,2.07353849006069e-82,0,0,5.17252534985553e-110,0.382017050024126,1.04464838796891
1,1,0,0,1,0,0,1,0,0,1,1,0,0.339973668030695,0.159519210714856,0,0,0.47355776361923,0,0,1.98275467122135e-95,0,0,8.67212561026453e-103,0.0929546711902429,1.22189375541441
0,0,1,0,1,0,0,1,0,0,1,1,0,0,0,0.531635853810577,0,1.15664987919314e-10,0,0,2.46580405053912e-63,0,0,1.42050744165087e-136,0.382017050024126,0.679678111714341
1,0,1,0,1,0,0,1,0,0,1,1,0,0.269039494201073,0,0.527453718593809,0,7.26750380488964e-05,0,0,1.59407598945671e-72,0,0,1.6016168401429e-122,0.153265671195521,0.979012295718129
0,1,1,0,1,0,0,1,0,0,1,1,0,0,9.63468384517174e-27,0.5316358538037,0,1.24955768249406e-10,0,0,2.60598540418673e-63,0,0,4.33907121411323e-136,0.382017050024126,0.67967811193982
1,1,1,0,1,0,0,1,0,0,1,1,0,0.26903990370279,7.01102457853197e-24,0.52745181366082,0,7.53324893963812e-05,0,0,1.64320025209523e-72,0,0,5.25098777323879e-122,0.153265296179002,0.979036595688977
0,0,0,1,1,0,0,1,0,0,1,1,0,0,0,0,0.314769136781806,0.31406258846066,0,0,2.84515535331716e-77,0,0,1.26731963644116e-167,0.382017050024126,1.09422984589174
1,0,0,1,1,0,0,1,0,0,1,1,0,0.318063214108182,0,0,0.32323056869075,0.32730628567966,0,0,3.70570832612059e-88,0,0,1.67645737778868e-158,0.111584019659668,1.31733895885929
0,1,0,1,1,0,0,1,0,0,1,1,0,0,1.70284231333355e-39,0,0.314769136781806,0.31406258846066,0,0,3.22266547973967e-77,0,0,3.03284602315539e-167,0.382017050024126,1.09422984589174
1,1,0,1,1,0,0,1,0,0,1,1,0,0.318063214108182,1.49096874550151e-44,0,0.32323056869075,0.327306285679659,0,0,4.24174320663348e-88,0,0,3.73238360845075e-158,0.111584019659668,1.31733895885929
0,0,1,1,1,0,0,1,0,0,1,1,0,0,0,0.214352809166254,0.268190670172441,0.107498482396126,0,0,3.45854254284262e-68,0,0,2.06284044453124e-160,0.382017050024126,1.29920266661899
1,0,1,1,1,0,0,1,0,0,1,1,0,0.312243434020952,0,0.0400188562047273,0.31439537411204,0.288469588757633,0,0,1.45148434067095e-85,0,0,8.30418505215114e-157,0.116537638138902,1.436381049444
0,1,1,1,1,0,0,1,0,0,1,1,0,0,4.70084452419234e-47,0.214352826208498,0.268190673755241,0.107498455261035,0,0,3.77964313473689e-68,0,0,4.00683693037454e-160,0.382017050024126,1.29920264510385
1,1,1,1,1,0,0,1,0,0,1,1,0,0.312242014442579,2.37823653470297e-46,0.0400280991133868,0.314393528771657,0.288460242684417,0,0,1.61503801779714e-85,0,0,1.59137473813086e-156,0.116538913724808,1.43639965845854
0,0,0,0,0,1,0,1,0,0,1,1,0,0,0,0,0,0,0.306606495780451,0,0.185161547666533,0,0,1.17609901208023e-55,1.1725721651993e-22,0.66233583754463
1,0,0,0,0,1,0,1,0,0,1,1,0,0.352095290900258,0,0,0,0,0.167345307651026,0,3.55667564443067e-39,0,0,1.13850112768351e-23,8.92416008929659e-29,0.628490225420088
0,1,0,0,0,1,0,1,0,0,1,1,0,0,0.483765192675534,0,0,0,0.306606495780451,0,0.185161547666533,0,0,2.83688837942688e-99,1.68432313415593e-22,1.02699820741508
1,1,0,0,0,1,0,1,0,0,1,1,0,0.352095290900256,0.48469887273194,0,0,0,0.167345307651026,0,3.00581883820787e-39,0,0,2.80600719607007e-67,1.34867014769536e-28,1.01766605699238
0,0,1,0,0,1,0,1,0,0,1,1,0,0,0,0.526082132321528,0,0,0.306606495780451,0,0.185161547666533,0,0,7.32474945267378e-216,2.53437052920467e-22,1.01258229323584
1,0,1,0,0,1,0,1,0,0,1,1,0,0.352095290900256,0,0.503380196051605,0,0,0.167345307651026,0,2.6400739137335e-39,0,0,8.48710974383035e-177,1.73287361640161e-28,1.01220330910497
0,1,1,0,0,1,0,1,0,0,1,1,0,0,3.03457692000859e-34,0.526082132321528,0,0,0.306606495780451,0,0.185161547666533,0,0,2.27929767720726e-215,2.54321124293913e-22,1.01258229323584
1,1,1,0,0,1,0,1,0,0,1,1,0,0.352095290900256,5.69526835395732e-26,0.503380196051603,0,0,0.167345307651026,0,2.63884050846742e-39,0,0,3.22319530694654e-176,1.73453213639798e-28,1.01220330910497
0,0,0,1,0,1,0,1,0,0,1,1,0,0,0,0,0.535335167139234,0,0.306606495780451,0,0.185161547666533,0,0,5.12678287127795e-237,2.70861768542113e-22,1.00936790174467
1,0,0,1,0,1,0,1,0,0,1,1,0,0.352095290900256,0,0,0.522778575534091,0,0.167345307651026,0,2.57758843532048e-39,0,0,1.1132391014123e-200,1.80472723658587e-28,1.00638071302211
0,1,0,1,0,1,0,1,0,0,1,1,0,0,6.34862125080735e-61,0,0.535335167139234,0,0.306606495780451,0,0.185161547666533,0,0,1.2774419789645e-236,2.69415143760665e-22,1.00936790174467
1,1,0,1,0,1,0,1,0,0,1,1,0,0.352095290900256,1.05270787152957e-55,0,0.522778575534091,0,0.167345307651026,0,2.58315536752083e-39,0,0,2.78285097540323e-200,1.79877922156073e-28,1.00638071302211
0,0,1,1,0,1,0,1,0,0,1,1,0,0,0,0.193952736594489,0.369272499209958,0,0.306606495780451,0,0.185161547666533,0,0,6.26008344371345e-240,3.11101402864984e-22,1.34333753905254
1,0,1,1,0,1,0,1,0,0,1,1,0,0.352095290900256,0,0.144333752556386,0.399199767404389,0,0.167345307651026,0,2.47379244807418e-39,0,0,6.98886920934065e-203,1.93097957443906e-28,1.29596175194866
0,1,1,1,0,1,0,1,0,0,1,1,0,0,1.10546983423561e-63,0.193952736594495,0.369272499209952,0,0.306606495780451,0,0.185161547666533,0,0,1.18579516904234e-239,3.08354047054763e-22,1.34333753905254
1,1,1,1,0,1,0,1,0,0,1,1,0,0.352095290900256,9.03917645299767e-58,0.144333752556851,0.399199767403963,0,0.167345307651026,0,2.48139309457623e-39,0,0,1.36137438193362e-202,1.92208673475762e-28,1.29596175194909
0,0,0,0,1,1,0,1,0,0,1,1,0,0,0,0,0,0.576394059436311,2.05484798266792e-151,0,7.25373883069584e-89,0,0,1.48871031829153e-133,0.382017050024126,0.672437519806545
1,0,0,0,1,1,0,1,0,0,1,1,0,0.358810006518179,0,0,0,0.599289633552526,7.54313410570098e-132,0,1.18380197175502e-101,0,0,2.78999266562086e-122,0.0769390872679582,0.876859508164839
0,1,0,0,1,1,0,1,0,0,1,1,0,0,0.187808273081471,0,0,0.429780052104255,9.92351318706967e-110,0,4.89186069775483e-82,0,0,3.68987176685772e-110,0.382017050024126,1.04464838796891
1,1,0,0,1,1,0,1,0,0,1,1,0,0.339973668030692,0.159519210714864,0,0,0.47355776361922,2.64212408137071e-97,0,4.44274920010644e-95,0,0,6.97488611695818e-103,0.0929546711902478,1.22189375541442
0,0,1,0,1,1,0,1,0,0,1,1,0,0,0,0.540219154971303,0,2.00363351434295e-10,0.144918447550079,0,1.44172026497718e-14,0,0,2.10748984519679e-170,0.225630083810212,0.947972448589551
1,0,1,0,1,1,0,1,0,0,1,1,0,0.348207722369478,0,0.495264683403186,0,0.0188833465095314,0.153815950859231,0,2.33309838320266e-44,0,0,1.11308439349787e-164,4.9673934769537e-19,1.07713091866444
0,1,1,0,1,1,0,1,0,0,1,1,0,0,1.17886877606149e-28,0.5402191555408,0,2.15541236451055e-10,0.14491845235301,0,3.92154370974685e-14,0,0,3.22599691134687e-170,0.22563007780936,0.947972450424612
1,1,1,0,1,1,0,1,0,0,1,1,0,0.348198938427176,4.26753361253481e-25,0.495247443520826,0,0.0189239160131395,0.153786212593885,0,3.40658866868098e-44,0,0,3.34063275399257e-164,5.66682341313894e-19,1.07722939079425
0,0,0,1,1,1,0,1,0,0,1,1,0,0,0,0,0.314769136781806,0.31406258846066,4.79174579658261e-77,0,8.66840271952084e-77,0,0,5.57550167966621e-168,0.382017050024126,1.09422984589174
1,0,0,1,1,1,0,1,0,0,1,1,0,0.318063214108185,0,0,0.323230568690746,0.327306285679665,9.78804533352837e-58,0,1.02486908428564e-87,0,0,8.76152743714765e-159,0.111584019659666,1.31733895885929
0,1,0,1,1,1,0,1,0,0,1,1,0,0,1.51957905203262e-39,0,0.314769136781806,0.31406258846066,8.50370668170401e-77,0,1.15761573809916e-76,0,0,1.15830284211683e-167,0.382017050024126,1.09422984589174
1,1,0,1,1,1,0,1,0,0,1,1,0,0.318063214108185,1.38764902781659e-44,0,0.323230568690746,0.327306285679665,1.64392742061663e-57,0,1.33406669511492e-87,0,0,1.78312533491118e-158,0.111584019659666,1.31733895885929
0,0,1,1,1,1,0,1,0,0,1,1,0,0,0,0.214352798602422,0.268190667951605,0.10749849921612,1.31594341199555e-20,0,2.02349872775077e-67,0,0,5.37410893922263e-161,0.382017050024126,1.29920267995538
1,0,1,1,1,1,0,1,0,0,1,1,0,0.312243462248971,0,0.0400186724086853,0.314395410807997,0.288469774602948,1.30781358284851e-43,0,6.52556363206087e-85,0,0,3.08210550483742e-157,0.116537612774474,1.43638067938015
0,1,1,1,1,1,0,1,0,0,1,1,0,0,3.88170026300729e-47,0.21435281367074,0.26819067111942,0.107498475223971,1.86861021850376e-20,0,2.65570737454735e-67,0,0,8.82389497719139e-161,0.382017050024126,1.29920266093226
1,1,1,1,1,1,0,1,0,0,1,1,0,0.312242061628181,2.08493918391571e-46,0.0400277918911414,0.31439359010646,0.288460553339148,1.92418091212369e-43,0,8.38858210580776e-85,0,0,5.26422519097617e-157,0.116538871324869,1.43639903995395
0,0,0,0,0,0,1,1,0,0,1,1,0,0,0,0,0,0,0,0.356891418556108,7.20386185991049e-220,0,0,0.0368828163493621,5.90105818248743e-25,0.310936001182657
1,0,0,0,0,0,1,1,0,0,1,1,0,0.280780865259514,0,0,0,0,0,0.2818122558264,1.08691084526137e-270,0,0,0.0111473969565547,2.3030900967053e-60,0.775487946769338
0,1,0,0,0,0,1,1,0,0,1,1,0,0,0.475370164578974,0,0,0,0,0.203467049671696,6.00978788525448e-146,0,0,1.30699776651214e-17,0.129687799104264,0.95302165274483
1,1,0,0,0,0,1,1,0,0,1,1,0,0.26903011902965,0.49639037954334,0,0,0,0,0.111012034810822,3.84735388236238e-117,0,0,1.66560616435045e-06,0.0155968600850961,1.01779099112525
0,0,1,0,0,0,1,1,0,0,1,1,0,0,0,0.436699073000221,0,0,0,0.31958301736646,1.35679343549763e-202,0,0,2.82598056004079e-110,1.40977554508978e-06,0.681133534592289
1,0,1,0,0,0,1,1,0,0,1,1,0,0.269028295678878,0,0.399346242924247,0,0,0,0.257463001701322,2.14594550106457e-248,0,0,5.74601267358943e-112,5.81464299566366e-47,1.07771883105994
0,1,1,0,0,0,1,1,0,0,1,1,0,0,5.74303444024308e-14,0.436698788438324,0,0,0,0.31958314116879,1.48507300425987e-201,0,0,1.43353640804373e-109,1.98340376599021e-06,0.681142966774281
1,1,1,0,0,0,1,1,0,0,1,1,0,0.269028295678878,2.77758836237725e-13,0.399346242924114,0,0,0,0.257463001701225,2.09479123513624e-246,0,0,3.77661907796553e-111,2.60461173471382e-46,1.07771883106858
0,0,0,1,0,0,1,1,0,0,1,1,0,0,0,0,0.599505650674255,0,0,0.372569325919158,3.63411312934445e-251,0,0,3.80064008168027e-192,1.22162659378461e-23,0.665643333264532
1,0,0,1,0,0,1,1,0,0,1,1,0,0.269028295678878,0,0,0.541478805374551,0,0,0.305612987963596,2.34168783685163e-293,0,0,1.52987126236599e-184,6.73123060955889e-63,1.04853265862421
0,1,0,1,0,0,1,1,0,0,1,1,0,0,1.36837234932798e-108,0,0.599505650674255,0,0,0.372569325919158,7.67824347929006e-251,0,0,7.10287956321244e-192,1.4033450167027e-23,0.665643333264532
1,1,0,1,0,0,1,1,0,0,1,1,0,0.269028295678878,6.47192339245188e-97,0,0.541478805374551,0,0,0.305612987963596,7.0178247441478e-293,0,0,3.08627533737744e-184,9.2341164747607e-63,1.04853265862421
0,0,1,1,0,0,1,1,0,0,1,1,0,0,0,2.41991890502513e-56,0.599505650674255,0,0,0.372569325919158,4.23383666588612e-251,0,0,4.24072943949332e-192,1.32801807913264e-23,0.665643333264532
1,0,1,1,0,0,1,1,0,0,1,1,0,0.269028295678878,0,3.85191374142042e-49,0.541478805374551,0,0,0.305612987963595,3.34354520192282e-293,0,0,1.72051459107879e-184,8.19581228023888e-63,1.04853265862421
0,1,1,1,0,0,1,1,0,0,1,1,0,0,1.42214629399517e-108,2.820320882001e-56,0.599505650674255,0,0,0.372569325919158,7.77065962565254e-251,0,0,7.17284467631845e-192,1.48374976589283e-23,0.665643333264532
1,1,1,1,0,0,1,1,0,0,1,1,0,0.269028295678878,6.62359281575685e-97,4.59476959628342e-49,0.541478805374551,0,0,0.305612987963595,8.256319155352e-293,0,0,3.09879296714145e-184,1.06363396649426e-62,1.04853265862421
0,0,0,0,1,0,1,1,0,0,1,1,0,0,0,0,0,0.712265575456693,0,0.32260607831274,2.83585653121701e-238,0,0,2.33731975832169e-175,1.78858383107766e-07,0.620484876895156
1,0,0,0,1,0,1,1,0,0,1,1,0,0.364280835389008,0,0,0,0.635807216015362,0,0.237947705248012,1.10504749633016e-296,0,0,1.0865096777443e-171,4.17596161705924e-62,1.01916992762669
0,1,0,0,1,0,1,1,0,0,1,1,0,0,2.366308686232e-31,0,0,0.712265570660559,0,0.322606081442347,8.18697231087696e-238,0,0,5.71533127544273e-175,1.94775334738317e-07,0.620485108970148
1,1,0,0,1,0,1,1,0,0,1,1,0,0.364280835389008,1.54331124566689e-29,0,0,0.635807216015361,0,0.237947705248012,7.84458610886716e-296,0,0,3.27915289149565e-171,7.64231696769788e-62,1.01916992762669
0,0,1,0,1,0,1,1,0,0,1,1,0,0,0,2.66835496802899e-29,0,0.712265575013946,0,0.322606078601644,3.60200168290636e-238,0,0,2.92173422551761e-175,1.80327730591075e-07,0.620484898374347
1,0,1,0,1,0,1,1,0,0,1,1,0,0.364280835389008,0,1.51770751528433e-27,0,0.635807216015362,0,0.237947705248012,1.78598053351501e-296,0,0,1.33463821074882e-171,5.07551925278287e-62,1.01916992762669
0,1,1,0,1,0,1,1,0,0,1,1,0,0,1.91335549864698e-31,2.80951551062416e-29,0,0.712265571142175,0,0.322606081128079,8.19565526378789e-238,0,0,5.97015724458076e-175,1.93176990103227e-07,0.620485085724243
1,1,1,0,1,0,1,1,0,0,1,1,0,0.364280835389008,1.19619289551487e-29,1.7635938400914e-27,0,0.635807216015362,0,0.237947705248012,8.37065429398159e-296,0,0,3.24980797588611e-171,8.20602803481281e-62,1.01916992762669
0,0,0,1,1,0,1,1,0,0,1,1,0,0,0,0,0.29367880200825,0.468757436571425,0,0.343689391033631,2.95509387737663e-246,0,0,4.43420152456572e-212,3.73376753663185e-14,1.07911121943615
1,0,0,1,1,0,1,1,0,0,1,1,0,0.335851588538069,0,0,0.236058144339668,0.44604303388734,0,0.261501353083417,7.30585319535587e-299,0,0,1.20833036364089e-201,2.0646975026077e-63,1.35479596427659
0,1,0,1,1,0,1,1,0,0,1,1,0,0,8.04431837146272e-94,0,0.293678802008248,0.468757436571425,0,0.343689391033631,4.85076660347976e-246,0,0,7.46172240640841e-212,3.94939090386552e-14,1.07911121943621
1,1,0,1,1,0,1,1,0,0,1,1,0,0.335851588538069,4.38559541480634e-80,0,0.236058144339668,0.44604303388734,0,0.261501353083417,1.61041794483817e-298,0,0,2.11897007734076e-201,2.5921503544251e-63,1.35479596427659
0,0,1,1,1,0,1,1,0,0,1,1,0,0,0,5.51282002936294e-71,0.29367880200825,0.468757436571425,0,0.343689391033631,3.28769262402215e-246,0,0,5.26098228027601e-212,3.75430621203725e-14,1.07911121943616
1,0,1,1,1,0,1,1,0,0,1,1,0,0.335851588538069,0,2.50880783218579e-61,0.236058144339668,0.44604303388734,0,0.261501353083417,8.92990228843657e-299,0,0,1.40218969229346e-201,2.26524371942266e-63,1.35479596427659
0,1,1,1,1,0,1,1,0,0,1,1,0,0,7.53533395145826e-94,6.40612541966036e-71,0.293678802008248,0.468757436571425,0,0.343689391033631,5.03389286970359e-246,0,0,8.29888117179033e-212,3.94591940487022e-14,1.07911121943621
1,1,1,1,1,0,1,1,0,0,1,1,0,0.335851588538069,4.01894811229757e-80,2.96631017998359e-61,0.236058144339668,0.44604303388734,0,0.261501353083417,1.7922181669049e-298,0,0,2.31105628072339e-201,2.7682083531674e-63,1.35479596427659
0,0,0,0,0,1,1,1,0,0,1,1,0,0,0,0,0,0,0.185100435175947,0.385212346618895,2.3548027216968e-262,0,0,8.737699051038e-82,1.01058799897045e-81,0.630258635054926
1,0,0,0,0,1,1,1,0,0,1,1,0,0.316635212877441,0,0,0,0,0.0959080581123547,0.290365402929696,9.30299138846382e-298,0,0,2.10953117991657e-49,4.43719468062911e-97,0.996218496394465
0,1,0,0,0,1,1,1,0,0,1,1,0,0,0.406871875366825,0,0,0,0.223954666324563,0.251726405374788,8.09282049800179e-138,0,0,5.56928647979394e-108,2.08378682412349e-48,1.06278020644889
1,1,0,0,0,1,1,1,0,0,1,1,0,0.333620506574271,0.408427959036163,0,0,0,0.130126332068979,0.15128106010943,1.05505349924532e-174,0,0,6.48108897992324e-74,2.03341250681672e-64,1.27680699898152
0,0,1,0,0,1,1,1,0,0,1,1,0,0,0,0.346922611314124,0,0,0.190747265090753,0.365812338333051,2.73699802085012e-244,0,0,5.91990760167095e-186,8.2631033363271e-77,1.06197250315764
1,0,1,0,0,1,1,1,0,0,1,1,0,0.319080277746698,0,0.344938235859653,0,0,0.100833842795931,0.270343951045312,4.80132116505027e-280,0,0,1.34691653619728e-152,2.80438774738288e-92,1.30643250519031
0,1,1,0,0,1,1,1,0,0,1,1,0,0,2.04692231157102e-14,0.346922611314111,0,0,0.190747265090756,0.365812338333045,1.19432740500973e-242,0,0,2.16504470850209e-185,2.24699795680013e-76,1.06197250315835
1,1,1,0,0,1,1,1,0,0,1,1,0,0.319080277746711,2.35998467559363e-13,0.344938235859524,0,0,0.100833842795956,0.270343951045233,2.8567500038033e-278,0,0,5.31683358406732e-152,8.10265596500562e-92,1.30643250519692
0,0,0,1,0,1,1,1,0,0,1,1,0,0,0,0,0.540422489940797,0,0.178421678657301,0.408157597982165,6.52015746087913e-284,0,0,4.58970932620453e-267,2.26342681445714e-87,1.0120683573576
1,0,0,1,0,1,1,1,0,0,1,1,0,0.313934362757649,0,0,0.501835452974002,0,0.0904669729616067,0.312481356334604,1.92661046815488e-317,0,0,1.48709606937195e-221,3.62605822967661e-102,1.25676088326329
0,1,0,1,0,1,1,1,0,0,1,1,0,0,1.09981837123922e-113,0,0.540422489940797,0,0.178421678657301,0.408157597982165,1.61861947558277e-283,0,0,8.09217211199894e-267,2.8752057099372e-87,1.0120683573576
1,1,0,1,0,1,1,1,0,0,1,1,0,0.313934362757649,1.49317291505766e-97,0,0.501835452974002,0,0.0904669729616067,0.312481356334604,5.42073708208253e-317,0,0,2.70080435393425e-221,4.74202370819215e-102,1.25676088326329
0,0,1,1,0,1,1,1,0,0,1,1,0,0,0,2.37214523032722e-66,0.540422489940794,0,0.178421678657303,0.408157597982165,8.54221732113156e-284,0,0,4.87365077377329e-267,2.53593327191694e-87,1.01206835735761
1,0,1,1,0,1,1,1,0,0,1,1,0,0.313934362757649,0,4.70698042406602e-53,0.501835452974002,0,0.0904669729616067,0.312481356334604,2.65751488044611e-317,0,0,1.53484268008253e-221,4.12281032712583e-102,1.25676088326329
0,1,1,1,0,1,1,1,0,0,1,1,0,0,1.11675099071169e-113,2.7764173778486e-66,0.540422489940794,0,0.178421678657303,0.408157597982165,1.80392762086993e-283,0,0,7.83626724027872e-267,3.08524234610704e-87,1.01206835735761
1,1,1,1,0,1,1,1,0,0,1,1,0,0.313934362757649,1.50471689646739e-97,5.57334229803022e-53,0.501835452974002,0,0.0904669729616067,0.312481356334604,6.24469678250537e-317,0,0,2.5275444883925e-221,5.14407875883684e-102,1.25676088326329
0,0,0,0,1,1,1,1,0,0,1,1,0,0,0,0,0,0.71226557922011,6.12166792183871e-132,0.322606075857008,5.54246269943945e-238,0,0,1.52619902216453e-175,1.66368718022835e-07,0.62048469383795
1,0,0,0,1,1,1,1,0,0,1,1,0,0.364280835389008,0,0,0,0.635807216015362,2.38745807128626e-149,0.237947705248012,9.93144608690388e-297,0,0,6.82038729869691e-172,2.70962841166696e-62,1.01916992762669
0,1,0,0,1,1,1,1,0,0,1,1,0,0,2.63749743440167e-31,0,0,0.712265574167714,1.95663876641289e-131,0.322606079153833,1.83288405495896e-237,0,0,3.36779217826489e-175,1.83136124075481e-07,0.620484939395849
1,1,0,0,1,1,1,1,0,0,1,1,0,0.364280835389008,1.57465575823042e-29,0,0,0.635807216015361,1.00550071343783e-148,0.237947705248012,6.87791503348065e-296,0,0,1.87548130927627e-171,4.6622324598983e-62,1.01916992762669
0,0,1,0,1,1,1,1,0,0,1,1,0,0,0,3.0123027218034e-29,0,0.712265580406645,2.96200353674e-131,0.322606075082762,8.00417679247295e-238,0,0,1.51157469037148e-175,1.624309602745e-07,0.620484635938665
1,0,1,0,1,1,1,1,0,0,1,1,0,0.364280835389008,0,1.52568478945914e-27,0,0.635807216015362,1.23588388743895e-148,0.237947705248012,1.54392739513962e-296,0,0,7.07639311940519e-172,2.90037407176947e-62,1.01916992762669
0,1,1,0,1,1,1,1,0,0,1,1,0,0,2.09219140318169e-31,3.22962046143994e-29,0,0.712265576484746,6.85794129354905e-131,0.322606077641907,2.13952315859243e-237,0,0,2.78952523572822e-175,1.75446580780949e-07,0.620484826975651
1,1,1,0,1,1,1,1,0,0,1,1,0,0.364280835389008,1.19353144252829e-29,1.76850879226737e-27,0,0.635807216015362,3.64801215875094e-148,0.237947705248012,6.92950673796167e-296,0,0,1.5531423437613e-171,4.38177344197674e-62,1.01916992762669
0,0,0,1,1,1,1,1,0,0,1,1,0,0,0,0,0.293678802008255,0.468757436571423,5.33791883841419e-65,0.343689391033629,6.03425754315686e-246,0,0,1.90464211776382e-212,2.90155171865073e-14,1.07911121943593
1,0,0,1,1,1,1,1,0,0,1,1,0,0.335851588538069,0,0,0.236058144339668,0.44604303388734,3.68167456270794e-94,0.261501353083417,6.30557931173664e-299,0,0,6.11757278336888e-202,1.12288140930232e-63,1.35479596427659
0,1,0,1,1,1,1,1,0,0,1,1,0,0,7.47202261871649e-94,0,0.293678802008254,0.468757436571423,6.77411550242184e-65,0.34368939103363,1.07279265755475e-245,0,0,2.83405511216766e-212,3.0300739423131e-14,1.07911121943596
1,1,0,1,1,1,1,1,0,0,1,1,0,0.335851588538069,4.37442842185325e-80,0,0.236058144339668,0.44604303388734,5.27266681723714e-94,0.261501353083417,1.34918749818158e-298,0,0,9.82274057835406e-202,1.33027561466639e-63,1.35479596427659
0,0,1,1,1,1,1,1,0,0,1,1,0,0,0,5.44131323906062e-71,0.293678802008256,0.468757436571423,9.70726334276907e-65,0.343689391033629,7.34056384378193e-246,0,0,1.83684787094618e-212,2.71751041048321e-14,1.07911121943588
1,0,1,1,1,1,1,1,0,0,1,1,0,0.335851588538069,0,2.48072224988358e-61,0.236058144339668,0.44604303388734,7.00790437788888e-94,0.261501353083417,7.39233966990919e-299,0,0,6.21028671876504e-202,1.09834559428173e-63,1.35479596427659
0,1,1,1,1,1,1,1,0,0,1,1,0,0,6.89501651690875e-94,6.28238817488569e-71,0.293678802008255,0.468757436571423,1.17143670928485e-64,0.343689391033629,1.22392792346669e-245,0,0,2.58935552097129e-212,2.81962351312801e-14,1.0791112194359
1,1,1,1,1,1,1,1,0,0,1,1,0,0.335851588538069,4.01403985244256e-80,2.91187541713218e-61,0.236058144339668,0.44604303388734,9.43330831925697e-94,0.261501353083417,1.43993462713277e-298,0,0,9.39289323181414e-202,1.26882913479738e-63,1.35479596427659
0,0,0,0,0,0,0,0,1,0,1,1,0,0,0,0,0,0,0,0,0,0.0413101815399093,0,0.112171527424651,0.237895216960232,0.89810274756439
1,0,0,0,0,0,0,0,1,0,1,1,0,0.484026785354388,0,0,0,0,0,0,0,0.175188401933831,0,0.0777438608001099,2.30823570168211e-105,0.854896507102079
0,1,0,0,0,0,0,0,1,0,1,1,0,0,0.561221638234305,0,0,0,0,0,0,0.563628329223396,0,0.0152008793790497,2.51866850293844e-164,0.754714152672274
1,1,0,0,0,0,0,0,1,0,1,1,0,0.640897248548447,0.387453969778067,0,0,0,0,0,0,0.489702644752272,0,1.28639127978363e-38,7.16463910419327e-275,1.07756420868573
0,0,1,0,0,0,0,0,1,0,1,1,0,0,0,0.535934623446373,0,0,0,0,0,0.663317991239174,0,8.83232974456914e-113,8.84831048054661e-204,0.687495290621396
1,0,1,0,0,0,0,0,1,0,1,1,0,0.681564758125195,0,0.353974870123193,0,0,0,0,0,0.543256421806113,0,1.94955118041722e-117,3.44361010427188e-299,1.06496250697098
0,1,1,0,0,0,0,0,1,0,1,1,0,0,1.36743453511705e-17,0.535934623446373,0,0,0,0,0,0.663317991239174,0,2.32603681682341e-113,1.48338091266673e-208,0.687495290621397
1,1,1,0,0,0,0,0,1,0,1,1,0,0.68156475812798,1.32879568588031e-10,0.353974870023989,0,0,0,0,0,0.543256421809659,0,5.79349807118856e-118,1.93401831012629e-309,1.06496250889057
0,0,0,1,0,0,0,0,1,0,1,1,0,0,0,0,0.53575603994673,0,0,0,0,0.90588543457615,0,2.9906549379929e-146,3.46470769646106e-311,0.65981706811642
1,0,0,1,0,0,0,0,1,0,1,1,0,0.810092396239883,0,0,0.353681770766745,0,0,0,0,0.712510466336691,0,1.37338643307301e-152,1.97626258336499e-323,1.04486271452179
0,1,0,1,0,0,0,0,1,0,1,1,0,0,6.52988613307656e-53,0,0.535756039946728,0,0,0,0,0.905885434576147,0,3.550166568378e-148,6.91691904177745e-322,0.65981706811642
1,1,0,1,0,0,0,0,1,0,1,1,0,0.810092396239882,4.05541095163174e-46,0,0.353681770766745,0,0,0,0,0.712510466336692,0,9.13253451830401e-155,1.97626258336499e-323,1.04486271452179
0,0,1,1,0,0,0,0,1,0,1,1,0,0,0,0.0410195640316452,0.501864351114984,0,0,0,0,0.897162117574988,0,4.47218927417809e-149,7.23702367965235e-317,0.763524370675843
1,0,1,1,0,0,0,0,1,0,1,1,0,0.810092396239882,0,3.8372727284117e-15,0.353681770766742,0,0,0,0,0.712510466336691,0,4.15603833548493e-155,1.97626258336499e-323,1.04486271452185
0,1,1,1,0,0,0,0,1,0,1,1,0,0,1.14553724120525e-53,0.0410197624807276,0.5018641847859,0,0,0,0,0.897162071944167,0,9.40868152361146e-149,1.26647784701684e-316,0.763524731465032
1,1,1,1,0,0,0,0,1,0,1,1,0,0.810092396239882,3.7434834015217e-46,3.92031587773511e-15,0.353681770766742,0,0,0,0,0.712510466336691,0,8.3491876247529e-155,1.97626258336499e-323,1.04486271452186
0,0,0,0,1,0,0,0,1,0,1,1,0,0,0,0,0,0.654784114446456,0,0,0,0.513974030419344,0,1.30194551677969e-120,1.11588422072787e-136,0.685872001001721
1,0,0,0,1,0,0,0,1,0,1,1,0,0.719509517379295,0,0,0,0.515327634166499,0,0,0,0.491558381165939,0,1.20423144229966e-151,8.00904066990047e-285,1.08332978985307
0,1,0,0,1,0,0,0,1,0,1,1,0,0,0.17197533205186,0,0,0.516786150073083,0,0,0,0.564074661056391,0,7.30304992216036e-103,2.30825204855898e-162,0.997148178307634
1,1,0,0,1,0,0,0,1,0,1,1,0,0.719509517398318,2.48893334116433e-10,0,0,0.515327633951433,0,0,0,0.491558381232694,0,1.29902605535944e-153,1.13945287467402e-294,1.08332979309668
0,0,1,0,1,0,0,0,1,0,1,1,0,0,0,0.43476832696559,0,0.147087350421728,0,0,0,0.647655886914507,0,1.06565355100395e-123,2.33169818335204e-200,0.959275462918892
1,0,1,0,1,0,0,0,1,0,1,1,0,0.719509538405126,0,5.5802506678473e-07,0,0.515326956754174,0,0,0,0.491558542021632,0,4.52012487635677e-154,6.58945341606378e-295,1.08333455784345
0,1,1,0,1,0,0,0,1,0,1,1,0,0,3.52963578786842e-16,0.4347683252192,0,0.147087352869285,0,0,0,0.647655886591871,0,4.72920848147089e-123,1.62957364256365e-200,0.959275465205668
1,1,1,0,1,0,0,0,1,0,1,1,0,0.71950953366403,1.35297921239873e-10,4.31921463989375e-07,0,0.515327109720273,0,0,0,0.491558505707454,0,1.13377300183493e-153,3.16872369293938e-295,1.08333354626256
0,0,0,1,1,0,0,0,1,0,1,1,0,0,0,0,0.296007405232136,0.388115804125127,0,0,0,0.781240012617164,0,1.41437103854785e-166,8.91748068928832e-264,1.01030952424186
1,0,0,1,1,0,0,0,1,0,1,1,0,0.777977269266948,0,0,0.111768694679855,0.403304702078509,0,0,0,0.590653165531019,0,9.86875819597956e-174,2.47032822920623e-323,1.22646445992118
0,1,0,1,1,0,0,0,1,0,1,1,0,0,1.11597346915421e-44,0,0.296007405232136,0.388115804125127,0,0,0,0.781240012617164,0,3.34202960122709e-166,1.11768682284985e-263,1.01030952424186
1,1,0,1,1,0,0,0,1,0,1,1,0,0.777977269266948,4.05642957758438e-38,0,0.111768694679855,0.403304702078509,0,0,0,0.590653165531019,0,1.89943081904449e-173,2.47032822920623e-323,1.22646445992118
0,0,1,1,1,0,0,0,1,0,1,1,0,0,0,2.802328641689e-12,0.296007405231846,0.388115804121811,0,0,0,0.781240012617607,0,2.48024436420006e-166,5.02132269592464e-264,1.01030952429249
1,0,1,1,1,0,0,0,1,0,1,1,0,0.777977269266948,0,2.62424445092987e-29,0.111768694679855,0.403304702078509,0,0,0,0.590653165531019,0,1.24751598639331e-173,2.47032822920623e-323,1.22646445992118
0,1,1,1,1,0,0,0,1,0,1,1,0,0,7.44602324811089e-45,2.87471319079792e-12,0.296007405231839,0.388115804121725,0,0,0,0.781240012617619,0,5.00023597844221e-166,6.3233706620318e-264,1.01030952429375
1,1,1,1,1,0,0,0,1,0,1,1,0,0.777977269266948,3.66113716762574e-38,2.71340420263553e-29,0.111768694679855,0.403304702078509,0,0,0,0.590653165531019,0,2.18193277945648e-173,2.47032822920623e-323,1.22646445992118
0,0,0,0,0,1,0,0,1,0,1,1,0,0,0,0,0,0,0.132019578545442,0,0,0.124647506293706,0,0.0501404560575853,0.000162392199909181,1.02880961284425
1,0,0,0,0,1,0,0,1,0,1,1,0,0.484026785354386,0,0,0,0,1.10718113491997e-42,0,0,0.175188401933832,0,0.0777438608001085,1.84763725411989e-105,0.854896507102079
0,1,0,0,0,1,0,0,1,0,1,1,0,0,0.561221638304731,0,0,0,1.36262136404698e-162,0,0,0.563628329555503,0,0.0152008784954632,1.88553192752001e-164,0.754714149893498
1,1,0,0,0,1,0,0,1,0,1,1,0,0.640897248548447,0.387453969778067,0,0,0,5.92289813879464e-213,0,0,0.489702644752272,0,1.01640343493564e-38,6.44695208428276e-275,1.07756420868573
0,0,1,0,0,1,0,0,1,0,1,1,0,0,0,0.535934623446373,0,0,9.37068971227195e-206,0,0,0.663317991239174,0,5.1273716183909e-113,7.10024573257511e-204,0.687495290621396
1,0,1,0,0,1,0,0,1,0,1,1,0,0.681564758125195,0,0.353974870123193,0,0,1.05250580838763e-237,0,0,0.543256421806113,0,1.33949666229904e-117,3.04306828453607e-299,1.06496250697098
0,1,1,0,0,1,0,0,1,0,1,1,0,0,1.36519709408977e-17,0.535934623446373,0,0,1.37797265013524e-210,0,0,0.663317991239174,0,1.53528569673289e-113,1.22842169038884e-208,0.687495290621397
1,1,1,0,0,1,0,0,1,0,1,1,0,0.681564758127974,1.32616845387353e-10,0.353974870024185,0,0,3.43123790611113e-244,0,0,0.543256421809652,0,4.21322759393942e-118,1.72306133513874e-309,1.06496250888694
0,0,0,1,0,1,0,0,1,0,1,1,0,0,0,0,0.53575603994673,0,4.82818038846756e-315,0,0,0.90588543457615,0,2.14991881953511e-146,3.53572899221993e-311,0.65981706811642
1,0,0,1,0,1,0,0,1,0,1,1,0,0.810092396239884,0,0,0.353681770766745,0,2.47032822920623e-323,0,0,0.712510466336692,0,1.05885457234577e-152,1.97626258336499e-323,1.04486271452179
0,1,0,1,0,1,0,0,1,0,1,1,0,0,7.01854491698016e-53,0,0.535756039946728,0,2.96439387504748e-323,0,0,0.905885434576147,0,2.77772412376813e-148,7.2133584292822e-322,0.65981706811642
1,1,0,1,0,1,0,0,1,0,1,1,0,0.810092396239882,4.26543536459405e-46,0,0.353681770766745,0,2.47032822920623e-323,0,0,0.712510466336692,0,7.37482959326065e-155,1.97626258336499e-323,1.04486271452179
0,0,1,1,0,1,0,0,1,0,1,1,0,0,0,0.0410198274422249,0.501864130338749,0,6.49696324281239e-321,0,0,0.897162057007097,0,3.24437769183536e-149,7.57200068159836e-317,0.763524849567749
1,0,1,1,0,1,0,0,1,0,1,1,0,0.810092396239882,0,3.94131537128609e-15,0.353681770766742,0,2.47032822920623e-323,0,0,0.712510466336691,0,3.22071479533646e-155,1.97626258336499e-323,1.04486271452186
0,1,1,1,0,1,0,0,1,0,1,1,0,0,1.20075187095262e-53,0.0410200423662417,0.501863950201249,0,1.20552017585264e-320,0,0,0.897162007588027,0,7.20212909338217e-149,1.35090912048717e-316,0.76352524030806
1,1,1,1,0,1,0,0,1,0,1,1,0,0.810092396239882,3.88416186451124e-46,4.02765041241778e-15,0.353681770766742,0,2.47032822920623e-323,0,0,0.712510466336691,0,6.68721593765145e-155,1.97626258336499e-323,1.04486271452186
0,0,0,0,1,1,0,0,1,0,1,1,0,0,0,0,0,0.654784114446456,2.33255191227136e-315,0,0,0.513974030419344,0,1.09866495654238e-120,1.06372742338577e-136,0.685872001001721
1,0,0,0,1,1,0,0,1,0,1,1,0,0.719509517379295,0,0,0,0.515327634166499,2.47032822920623e-323,0,0,0.491558381165939,0,1.03679726828186e-151,7.98148336921855e-285,1.08332978985307
0,1,0,0,1,1,0,0,1,0,1,1,0,0,0.17197533205187,0,0,0.516786150073072,4.11133930450241e-311,0,0,0.564074661056393,0,6.92603546277043e-103,2.02091141001452e-162,0.997148178307643
1,1,0,0,1,1,0,0,1,0,1,1,0,0.719509517398894,2.56429751696343e-10,0,0,0.515327633944921,2.47032822920623e-323,0,0,0.491558381234715,0,1.17888846329632e-153,1.08330152034167e-294,1.08332979319046
0,0,1,0,1,1,0,0,1,0,1,1,0,0,0,0.43476832717746,0,0.147087350124793,4.43916757573393e-248,0,0,0.647655886953649,0,8.71098649915095e-124,1.84751553305907e-200,0.959275462641464
1,0,1,0,1,1,0,0,1,0,1,1,0,0.719509539053289,0,5.75227394461635e-07,0,0.51532693587147,2.47032822920623e-323,0,0,0.491558546980353,0,3.79357006027538e-154,5.82177043579838e-295,1.0833346947107
0,1,1,0,1,1,0,0,1,0,1,1,0,0,3.42674239686555e-16,0.434768325461749,0,0.147087352529354,2.0480502731231e-248,0,0,0.64765588663668,0,4.01646159610533e-123,1.31502961405351e-200,0.959275464888069
1,1,1,0,1,1,0,0,1,0,1,1,0,0.719509534251957,1.35515485392749e-10,4.47524640273093e-07,0,0.51532709077867,2.47032822920623e-323,0,0,0.491558510205266,0,9.83157959836769e-154,2.84854246506806e-295,1.083333672701
0,0,0,1,1,1,0,0,1,0,1,1,0,0,0,0,0.296007405232136,0.388115804125127,2.47032822920623e-323,0,0,0.781240012617164,0,1.14148551135032e-166,7.92273162858182e-264,1.01030952424186
1,0,0,1,1,1,0,0,1,0,1,1,0,0.777977269266948,0,0,0.111768694679855,0.403304702078509,1.97626258336499e-323,0,0,0.590653165531019,0,8.16649347368773e-174,2.47032822920623e-323,1.22646445992118
0,1,0,1,1,1,0,0,1,0,1,1,0,0,1.13789400934266e-44,0,0.296007405232136,0.388115804125127,2.47032822920623e-323,0,0,0.781240012617164,0,2.8000849351021e-166,1.00026019978068e-263,1.01030952424186
1,1,0,1,1,1,0,0,1,0,1,1,0,0.777977269266948,4.11891338965615e-38,0,0.111768694679855,0.403304702078509,1.97626258336499e-323,0,0,0.590653165531019,0,1.60559170344239e-173,2.47032822920623e-323,1.22646445992118
0,0,1,1,1,1,0,0,1,0,1,1,0,0,0,2.88796637211383e-12,0.296007405231837,0.388115804121709,2.47032822920623e-323,0,0,0.781240012617621,0,2.02994551622112e-166,4.4372610667072e-264,1.01030952429398
1,0,1,1,1,1,0,0,1,0,1,1,0,0.777977269266948,0,2.7217947955122e-29,0.111768694679855,0.403304702078509,1.97626258336499e-323,0,0,0.590653165531019,0,1.03568153683288e-173,2.47032822920623e-323,1.22646445992118
0,1,1,1,1,1,0,0,1,0,1,1,0,0,7.47666028088372e-45,2.96701923928898e-12,0.296007405231829,0.388115804121616,2.47032822920623e-323,0,0,0.781240012617633,0,4.20419141441569e-166,5.609951457331e-264,1.01030952429535
1,1,1,1,1,1,0,0,1,0,1,1,0,0.777977269266948,3.70303775812034e-38,2.81541695552133e-29,0.111768694679855,0.403304702078509,1.97626258336499e-323,0,0,0.590653165531019,0,1.84135512716395e-173,2.47032822920623e-323,1.22646445992118
0,0,0,0,0,0,1,0,1,0,1,1,0,0,0,0,0,0,0,0.350450516464808,0,0.163078016980952,0,0.0159789915024313,3.76443362686126e-95,0.741515301185099
1,0,0,0,0,0,1,0,1,0,1,1,0,0.418880527168264,0,0,0,0,0,0.245350582858336,0,0.197335737539027,0,2.79375594757231e-16,7.06708099953282e-170,1.04588685886862
0,1,0,0,0,0,1,0,1,0,1,1,0,0,0.45591559524274,0,0,0,0,0.186616506065774,0,0.494480083994745,0,2.83542153293756e-22,2.98665151547606e-192,1.02514687665451
1,1,0,0,0,0,1,0,1,0,1,1,0,0.619995116997151,0.350268050672631,0,0,0,0,0.0751666254709726,0,0.462177278564418,0,6.34484545642858e-48,1.31458326960199e-282,1.21649104672568
0,0,1,0,0,0,1,0,1,0,1,1,0,0,0,0.342255473177365,0,0,0,0.325193651321926,0,0.486297951420365,0,1.79124509893099e-113,5.49357167424952e-229,1.08157025577144
1,0,1,0,0,0,1,0,1,0,1,1,0,0.614895990392232,0,0.262868160149034,0,0,0,0.182855920721107,0,0.455462397515364,0,7.37916556379833e-119,2.85234273070787e-314,1.2862152613493
0,1,1,0,0,0,1,0,1,0,1,1,0,0,4.42467860042905e-06,0.342253168479862,0,0,0,0.325192217976771,0,0.486298984156283,0,1.60616155188212e-113,8.42325793610344e-235,1.08161707972608
1,1,1,0,0,0,1,0,1,0,1,1,0,0.614904908968881,5.12752283707841e-05,0.262840424754878,0,0,0,0.182837105102262,0,0.455474006431648,0,2.00243382503242e-117,1.84994577323945e-314,1.28653202947758
0,0,0,1,0,0,1,0,1,0,1,1,0,0,0,0,0.482581502736361,0,0,0.367295156831126,0,0.835914156274976,0,3.19266997510773e-202,1.97626258336499e-323,1.03790424516878
1,0,0,1,0,0,1,0,1,0,1,1,0,0.789044319253964,0,0,0.333530348683293,0,0,0.171869611935018,0,0.684792909150441,0,7.72665723148266e-179,1.97626258336499e-323,1.24612492945393
0,1,0,1,0,0,1,0,1,0,1,1,0,0,3.22635749625939e-101,0,0.482581502736361,0,0,0.367295156831125,0,0.835914156274976,0,4.43176920964055e-202,1.97626258336499e-323,1.03790424516878
1,1,0,1,0,0,1,0,1,0,1,1,0,0.789044319253965,1.88288846141387e-69,0,0.333530348683293,0,0,0.171869611935016,0,0.684792909150441,0,5.49627850192234e-182,1.97626258336499e-323,1.24612492945393
0,0,1,1,0,0,1,0,1,0,1,1,0,0,0,9.49259474646838e-75,0.482581502736361,0,0,0.367295156831125,0,0.835914156274976,0,9.45164984623794e-207,1.97626258336499e-323,1.03790424516878
1,0,1,1,0,0,1,0,1,0,1,1,0,0.789044319253964,0,1.31342339020816e-50,0.333530348683293,0,0,0.171869611935017,0,0.684792909150441,0,3.00282855921466e-182,1.97626258336499e-323,1.24612492945393
0,1,1,1,0,0,1,0,1,0,1,1,0,0,2.71975821080228e-102,1.14952138610713e-74,0.482581502736361,0,0,0.367295156831125,0,0.835914156274976,0,1.69695066977081e-206,1.97626258336499e-323,1.03790424516878
1,1,1,1,0,0,1,0,1,0,1,1,0,0.789044319253964,1.88694538191821e-69,1.5998883386245e-50,0.333530348683293,0,0,0.171869611935017,0,0.684792909150441,0,5.5705491141156e-182,1.97626258336499e-323,1.24612492945393
0,0,0,0,1,0,1,0,1,0,1,1,0,0,0,0,0,0.672968782474368,0,0.323870632593137,0,0.526844804721963,0,3.94560215643744e-195,1.19778503889067e-246,1.05728470435082
1,0,0,0,1,0,1,0,1,0,1,1,0,0.72520121406599,0,0,0,0.522942247997359,0,0.155264608775061,0,0.497551351688231,0,1.26385462703841e-187,2.47032822920623e-323,1.27811423012313
0,1,0,0,1,0,1,0,1,0,1,1,0,0,6.89715691641169e-48,0,0,0.672968782474366,0,0.323870632593137,0,0.526844804721961,0,5.59905974739577e-199,1.46831136056054e-253,1.05728470435082
1,1,0,0,1,0,1,0,1,0,1,1,0,0.725201214065991,6.61112967374677e-44,0,0,0.522942247997359,0,0.155264608775061,0,0.497551351688232,0,3.46782333193764e-191,2.47032822920623e-323,1.27811423012313
0,0,1,0,1,0,1,0,1,0,1,1,0,0,0,5.9164530551611e-57,0,0.672968782474366,0,0.323870632593137,0,0.526844804721961,0,2.75706441093764e-199,1.0996632275067e-253,1.05728470435082
1,0,1,0,1,0,1,0,1,0,1,1,0,0.725201214065991,0,1.60439117603889e-52,0,0.522942247997359,0,0.155264608775062,0,0.497551351688232,0,1.85328744542684e-191,2.47032822920623e-323,1.27811423012313
0,1,1,0,1,0,1,0,1,0,1,1,0,0,5.99640613920009e-48,6.64699453859743e-57,0,0.672968782474366,0,0.323870632593137,0,0.526844804721961,0,5.81276136327248e-199,1.03646092497308e-253,1.05728470435082
1,1,1,0,1,0,1,0,1,0,1,1,0,0.725201214065991,5.93491548405702e-44,1.80150732025962e-52,0,0.522942247997359,0,0.155264608775061,0,0.497551351688232,0,3.61424739518797e-191,2.47032822920623e-323,1.27811423012313
0,0,0,1,1,0,1,0,1,0,1,1,0,0,0,0,0.160163857866946,0.529344894883802,0,0.335717120260958,0,0.671928021908426,0,1.8864641619713e-226,2.96439387504748e-323,1.27353194387727
1,0,0,1,1,0,1,0,1,0,1,1,0,0.754208561399582,0,0,0.0556355403461731,0.467051221025498,0,0.152635602453372,0,0.546776674598571,0,6.18442989764276e-201,2.47032822920623e-323,1.36232849817711
0,1,0,1,1,0,1,0,1,0,1,1,0,0,4.35382294580324e-87,0,0.160163857866946,0.529344894883802,0,0.335717120260958,0,0.671928021908426,0,3.26842700253881e-226,2.96439387504748e-323,1.27353194387727
1,1,0,1,1,0,1,0,1,0,1,1,0,0.75420856139958,7.70762870029505e-58,0,0.0556355403461696,0.467051221025502,0,0.152635602453372,0,0.546776674598568,0,1.05501936313131e-200,2.47032822920623e-323,1.3623284981771
0,0,1,1,1,0,1,0,1,0,1,1,0,0,0,8.76991532968336e-88,0.160163857866946,0.529344894883802,0,0.335717120260958,0,0.671928021908426,0,2.20671447268132e-226,2.96439387504748e-323,1.27353194387727
1,0,1,1,1,0,1,0,1,0,1,1,0,0.754208561399592,0,1.90817098585808e-63,0.0556355403461912,0.467051221025478,0,0.152635602453371,0,0.546776674598586,0,7.08917103602356e-201,2.47032822920623e-323,1.36232849817712
0,1,1,1,1,0,1,0,1,0,1,1,0,0,4.14380414247989e-87,1.04048834045976e-87,0.160163857866946,0.529344894883802,0,0.335717120260958,0,0.671928021908426,0,3.59622758275062e-226,2.96439387504748e-323,1.27353194387727
1,1,1,1,1,0,1,0,1,0,1,1,0,0.75420856139959,7.35207471428432e-58,2.25251615442379e-63,0.0556355403461872,0.467051221025483,0,0.152635602453371,0,0.546776674598583,0,1.1419045290472e-200,2.47032822920623e-323,1.36232849817712
0,0,0,0,0,1,1,0,1,0,1,1,0,0,0,0,0,0,5.01322540041729e-10,0.350450513887388,0,0.163078019630221,0,0.0159789830714584,1.12644960015269e-95,0.741515280952538
1,0,0,0,0,1,1,0,1,0,1,1,0,0.418880527168264,0,0,0,0,3.03684406303874e-70,0.245350582858336,0,0.197335737539027,0,1.90932070828928e-16,4.92312948293203e-170,1.04588685886861
0,1,0,0,0,1,1,0,1,0,1,1,0,0,0.45591559524274,0,0,0,2.78775453653609e-149,0.186616506065774,0,0.494480083994745,0,1.91150853241576e-22,2.20057976072452e-192,1.02514687665451
1,1,0,0,0,1,1,0,1,0,1,1,0,0.619995116997151,0.350268050672631,0,0,0,8.79610356052075e-205,0.0751666254709726,0,0.462177278564418,0,4.48191174199793e-48,1.13350524901949e-282,1.21649104672568
0,0,1,0,0,1,1,0,1,0,1,1,0,0,0,0.342255473177365,0,0,1.99496016428285e-157,0.325193651321926,0,0.486297951420365,0,9.61999096610997e-114,4.30701377211379e-229,1.08157025577144
1,0,1,0,0,1,1,0,1,0,1,1,0,0.614895990392232,0,0.262868160149034,0,0,2.37779366532532e-212,0.182855920721107,0,0.455462397515364,0,4.94875989289944e-119,2.42581146048074e-314,1.2862152613493
0,1,1,0,0,1,1,0,1,0,1,1,0,0,4.434002388121e-06,0.34225316362334,0,0,5.35873092137043e-161,0.325192214956387,0,0.486298986332481,0,9.96422108828144e-114,6.81690066731629e-235,1.08161717030466
1,1,1,0,0,1,1,0,1,0,1,1,0,0.614904921175403,5.13454086191075e-05,0.262840386792717,0,0,1.89264856489788e-213,0.182837079348483,0,0.455474022320074,0,1.43460320514446e-117,1.63048760677053e-314,1.28653241670567
0,0,0,1,0,1,1,0,1,0,1,1,0,0,0,0,0.482581502736361,0,8.47174362923985e-320,0.367295156831126,0,0.835914156274976,0,2.17953713672259e-202,1.97626258336499e-323,1.03790424516878
1,0,0,1,0,1,1,0,1,0,1,1,0,0.789044319253964,0,0,0.333530348683293,0,2.47032822920623e-323,0.171869611935018,0,0.684792909150441,0,5.62447949470424e-179,1.97626258336499e-323,1.24612492945393
0,1,0,1,0,1,1,0,1,0,1,1,0,0,3.3253537590433e-101,0,0.482581502736361,0,4.82306883470225e-320,0.367295156831125,0,0.835914156274976,0,3.10659555856788e-202,1.97626258336499e-323,1.03790424516878
1,1,0,1,0,1,1,0,1,0,1,1,0,0.789044319253965,1.91772378110114e-69,0,0.333530348683293,0,2.47032822920623e-323,0.171869611935016,0,0.684792909150441,0,4.14040039158499e-182,1.97626258336499e-323,1.24612492945393
0,0,1,1,0,1,1,0,1,0,1,1,0,0,0,9.58372098978498e-75,0.482581502736361,0,2.47032822920623e-323,0.367295156831125,0,0.835914156274976,0,6.56147670010846e-207,1.97626258336499e-323,1.03790424516878
1,0,1,1,0,1,1,0,1,0,1,1,0,0.789044319253964,0,1.32098866952544e-50,0.333530348683293,0,2.47032822920623e-323,0.171869611935017,0,0.684792909150441,0,2.24547310780507e-182,1.97626258336499e-323,1.24612492945393
0,1,1,1,0,1,1,0,1,0,1,1,0,0,2.77723143262911e-102,1.16083313597783e-74,0.482581502736361,0,2.47032822920623e-323,0.367295156831125,0,0.835914156274976,0,1.21279523713647e-206,1.97626258336499e-323,1.03790424516878
1,1,1,1,0,1,1,0,1,0,1,1,0,0.789044319253964,1.91015516216294e-69,1.6065221857248e-50,0.333530348683293,0,2.47032822920623e-323,0.171869611935017,0,0.684792909150441,0,4.24639573541168e-182,1.97626258336499e-323,1.24612492945393
0,0,0,0,1,1,1,0,1,0,1,1,0,0,0,0,0,0.672968782474368,2.47032822920623e-323,0.323870632593137,0,0.526844804721963,0,3.06543853417314e-195,1.06610890461617e-246,1.05728470435082
1,0,0,0,1,1,1,0,1,0,1,1,0,0.725201214065993,0,0,0,0.522942247997361,1.97626258336499e-323,0.155264608775061,0,0.497551351688233,0,8.60526092796702e-188,2.47032822920623e-323,1.27811423012313
0,1,0,0,1,1,1,0,1,0,1,1,0,0,7.13295394974465e-48,0,0,0.672968782474366,2.47032822920623e-323,0.323870632593137,0,0.526844804721961,0,4.43588679574079e-199,1.3166337912056e-253,1.05728470435082
1,1,0,0,1,1,1,0,1,0,1,1,0,0.725201214065991,6.76295207871907e-44,0,0,0.522942247997358,1.97626258336499e-323,0.155264608775061,0,0.497551351688232,0,2.81832119289321e-191,2.47032822920623e-323,1.27811423012313
0,0,1,0,1,1,1,0,1,0,1,1,0,0,0,6.10084399667282e-57,0,0.672968782474366,2.47032822920623e-323,0.323870632593137,0,0.526844804721961,0,2.09862039661742e-199,9.69824354689965e-254,1.05728470435082
1,0,1,0,1,1,1,0,1,0,1,1,0,0.725201214065991,0,1.64185648876836e-52,0,0.522942247997359,1.97626258336499e-323,0.155264608775062,0,0.497551351688232,0,1.47229650073946e-191,2.47032822920623e-323,1.27811423012313
0,1,1,0,1,1,1,0,1,0,1,1,0,0,6.12846424366377e-48,6.88762428371099e-57,0,0.672968782474366,2.47032822920623e-323,0.323870632593137,0,0.526844804721961,0,4.52897207136897e-199,9.26413646365189e-254,1.05728470435082
1,1,1,0,1,1,1,0,1,0,1,1,0,0.725201214065991,6.01971672326699e-44,1.84551749486667e-52,0,0.522942247997359,1.97626258336499e-323,0.155264608775061,0,0.497551351688232,0,2.90908639398873e-191,2.47032822920623e-323,1.27811423012313
0,0,0,1,1,1,1,0,1,0,1,1,0,0,0,0,0.160163857866946,0.529344894883802,1.97626258336499e-323,0.335717120260958,0,0.671928021908426,0,1.46177944333128e-226,2.96439387504748e-323,1.27353194387727
1,0,0,1,1,1,1,0,1,0,1,1,0,0.754208561399585,0,0,0.0556355403461784,0.467051221025492,1.97626258336499e-323,0.152635602453371,0,0.546776674598575,0,4.95624750378636e-201,2.47032822920623e-323,1.36232849817711
0,1,0,1,1,1,1,0,1,0,1,1,0,0,4.34609993246273e-87,0,0.160163857866946,0.529344894883802,1.97626258336499e-323,0.335717120260958,0,0.671928021908426,0,2.5562227950881e-226,2.96439387504748e-323,1.27353194387727
1,1,0,1,1,1,1,0,1,0,1,1,0,0.754208561399583,7.6787735163504e-58,0,0.0556355403461754,0.467051221025495,1.97626258336499e-323,0.152635602453371,0,0.546776674598573,0,8.50729590814587e-201,2.47032822920623e-323,1.36232849817711
0,0,1,1,1,1,1,0,1,0,1,1,0,0,0,8.83890433926037e-88,0.160163857866946,0.529344894883802,1.97626258336499e-323,0.335717120260958,0,0.671928021908426,0,1.71206362391191e-226,2.96439387504748e-323,1.27353194387727
1,0,1,1,1,1,1,0,1,0,1,1,0,0.754208561399594,0,1.9181119749402e-63,0.0556355403461953,0.467051221025474,1.97626258336499e-323,0.152635602453371,0,0.54677667459859,0,5.692927691859e-201,2.47032822920623e-323,1.36232849817713
0,1,1,1,1,1,1,0,1,0,1,1,0,0,4.134064381051e-87,1.04817993255566e-87,0.160163857866946,0.529344894883802,1.97626258336499e-323,0.335717120260958,0,0.671928021908426,0,2.81608742902717e-226,2.96439387504748e-323,1.27353194387727
1,1,1,1,1,1,1,0,1,0,1,1,0,0.754208561399592,7.32393524383078e-58,2.26099814573107e-63,0.0556355403461918,0.467051221025478,1.97626258336499e-323,0.152635602453371,0,0.546776674598587,0,9.22783429832932e-201,2.47032822920623e-323,1.36232849817712
0,0,0,0,0,0,0,1,1,0,1,1,0,0,0,0,0,0,0,0,0.300123551957533,0.125679432573029,0,0.192601116232969,4.28006660654878e-47,1.03800326413179
1,0,0,0,0,0,0,1,1,0,1,1,0,0.484026785354388,0,0,0,0,0,0,3.48421991467549e-87,0.175188401933831,0,0.0777438608001099,1.36145982959502e-105,0.854896507102079
0,1,0,0,0,0,0,1,1,0,1,1,0,0,0.557131563428384,0,0,0,0,0,0.0154726345027779,0.561438507806171,0,0.0163460283215195,2.56127841137333e-167,0.81963772722654
1,1,0,0,0,0,0,1,1,0,1,1,0,0.640897248548447,0.387453969778067,0,0,0,0,0,4.89804777670608e-238,0.489702644752272,0,1.32442768708638e-38,5.71227376056782e-275,1.07756420868573
0,0,1,0,0,0,0,1,1,0,1,1,0,0,0,0.535934623446373,0,0,0,0,4.91930654698103e-19,0.663317991239174,0,6.05090790283832e-114,8.81026783718663e-209,0.687495290621396
1,0,1,0,0,0,0,1,1,0,1,1,0,0.681564758125195,0,0.353974870123193,0,0,0,0,2.49260203724568e-256,0.543256421806113,0,2.11500612009376e-117,2.76537230569301e-299,1.06496250697098
0,1,1,0,0,0,0,1,1,0,1,1,0,0,1.32359172420178e-17,0.535934623446373,0,0,0,0,5.0967564255872e-19,0.663317991239174,0,3.27918742437857e-113,5.47153558362656e-209,0.687495290621397
1,1,1,0,0,0,0,1,1,0,1,1,0,0.681564758127972,1.32525218315485e-10,0.353974870024254,0,0,0,0,9.30732989913726e-264,0.54325642180965,0,6.09873229884548e-118,1.60942661630472e-309,1.06496250888568
0,0,0,1,0,0,0,1,1,0,1,1,0,0,0,0,0.535756039946728,0,0,0,1.58461112100367e-61,0.905885434576147,0,1.76695064199672e-148,1.92685601878086e-322,0.65981706811642
1,0,0,1,0,0,0,1,1,0,1,1,0,0.810092396239884,0,0,0.353681770766745,0,0,0,2.47032822920623e-323,0.712510466336692,0,1.47476547967186e-152,1.97626258336499e-323,1.04486271452179
0,1,0,1,0,0,0,1,1,0,1,1,0,0,6.16039306294569e-53,0,0.535756039946728,0,0,0,2.07901254085419e-61,0.905885434576147,0,4.37447877868873e-148,3.6066792146411e-322,0.65981706811642
1,1,0,1,0,0,0,1,1,0,1,1,0,0.810092396239882,3.98750841267783e-46,0,0.353681770766745,0,0,0,2.47032822920623e-323,0.712510466336692,0,9.55500093854101e-155,1.97626258336499e-323,1.04486271452179
0,0,1,1,0,0,0,1,1,0,1,1,0,0,0,0.0410193585887348,0.501864523305883,0,0,0,1.39353094368526e-59,0.897162164813913,0,5.94891951842531e-149,4.57039131177789e-317,0.763523997170832
1,0,1,1,0,0,0,1,1,0,1,1,0,0.810092396239882,0,3.80959727846259e-15,0.353681770766742,0,0,0,2.47032822920623e-323,0.712510466336691,0,4.44956482544314e-155,1.97626258336499e-323,1.04486271452185
0,1,1,1,0,0,0,1,1,0,1,1,0,0,1.09570562838084e-53,0.0410195321654002,0.501864377823512,0,0,0,1.67004219210299e-59,0.897162124902219,0,1.19173366579532e-148,6.71858034077965e-317,0.763524312741539
1,1,1,1,0,0,0,1,1,0,1,1,0,0.810092396239882,3.69010573094753e-46,3.8904062651844e-15,0.353681770766742,0,0,0,2.47032822920623e-323,0.712510466336691,0,8.77591486992841e-155,1.97626258336499e-323,1.04486271452185
0,0,0,0,1,0,0,1,1,0,1,1,0,0,0,0,0,0.654784114446454,0,0,9.42545716070661e-23,0.513974030419343,0,3.84160223067325e-122,3.23271218310882e-139,0.685872001001721
1,0,0,0,1,0,0,1,1,0,1,1,0,0.719509517379295,0,0,0,0.515327634166499,0,0,2.23010273052663e-284,0.491558381165939,0,1.21395526152404e-151,5.8091741757954e-285,1.08332978985307
0,1,0,0,1,0,0,1,1,0,1,1,0,0,0.17197533205186,0,0,0.516786150073083,0,0,3.33427638792679e-25,0.564074661056391,0,5.40326563155965e-103,1.11730553558299e-162,0.997148178307634
1,1,0,0,1,0,0,1,1,0,1,1,0,0.719509517397765,2.41665118059403e-10,0,0,0.515327633957679,0,0,1.22144341001883e-293,0.491558381230755,0,1.22332218631273e-153,8.81365865828291e-295,1.0833297930066
0,0,1,0,1,0,0,1,1,0,1,1,0,0,0,0.434768326116041,0,0.147087351612367,0,0,3.18697386826172e-23,0.647655886757558,0,1.10007250578737e-123,1.47149299643848e-200,0.959275464031312
1,0,1,0,1,0,0,1,1,0,1,1,0,0.719509537717691,0,5.39780474931102e-07,0,0.51532697890213,0,0,1.78461887624855e-293,0.491558536762469,0,4.52448673089484e-154,5.57329277699543e-295,1.08333441234769
0,1,1,0,1,0,0,1,1,0,1,1,0,0,3.69964206783185e-16,0.434768324421528,0,0.14708735398722,0,0,2.99481314450238e-23,0.647655886444505,0,4.43814178273545e-123,1.06194465462358e-200,0.959275466250161
1,1,1,0,1,0,0,1,1,0,1,1,0,0.719509533161785,1.33912060970773e-10,4.18594668399618e-07,0,0.515327125899484,0,0,1.33308866638926e-293,0.491558501865516,0,1.09677920020511e-153,2.74310807569707e-295,1.08333343799701
0,0,0,1,1,0,0,1,1,0,1,1,0,0,0,0,0.296007405232136,0.388115804125127,0,0,2.16289069037097e-57,0.781240012617164,0,1.73695772484267e-166,6.77631013705824e-264,1.01030952424186
1,0,0,1,1,0,0,1,1,0,1,1,0,0.777977269266948,0,0,0.111768694679855,0.403304702078509,0,0,2.47032822920623e-323,0.590653165531019,0,1.04719109148064e-173,2.47032822920623e-323,1.22646445992118
0,1,0,1,1,0,0,1,1,0,1,1,0,0,1.10613408714741e-44,0,0.296007405232136,0.388115804125127,0,0,2.62605185206871e-57,0.781240012617164,0,3.8596275285783e-166,8.31280016361605e-264,1.01030952424186
1,1,0,1,1,0,0,1,1,0,1,1,0,0.777977269266948,4.0435282517099e-38,0,0.111768694679855,0.403304702078509,0,0,2.47032822920623e-323,0.590653165531019,0,1.9632982446726e-173,2.47032822920623e-323,1.22646445992118
0,0,1,1,1,0,0,1,1,0,1,1,0,0,0,2.670037473309e-12,0.29600740523186,0.388115804121967,0,0,2.98671083382595e-57,0.781240012617587,0,2.95491244991062e-166,4.06925625924265e-264,1.01030952429019
1,0,1,1,1,0,0,1,1,0,1,1,0,0.777977269266948,0,2.57327711235841e-29,0.111768694679855,0.403304702078509,0,0,2.47032822920623e-323,0.590653165531019,0,1.31076512508232e-173,2.47032822920623e-323,1.22646445992118
0,1,1,1,1,0,0,1,1,0,1,1,0,0,7.59470823780416e-45,2.73043125154593e-12,0.296007405231854,0.388115804121896,0,0,3.48028674663283e-57,0.781240012617596,0,5.68020317318001e-166,4.94035784495082e-264,1.01030952429124
1,1,1,1,1,0,0,1,1,0,1,1,0,0.777977269266948,3.66252817496221e-38,2.65922457853835e-29,0.111768694679855,0.403304702078509,0,0,2.47032822920623e-323,0.590653165531019,0,2.25070261568201e-173,2.47032822920623e-323,1.22646445992118
0,0,0,0,0,1,0,1,1,0,1,1,0,0,0,0,0,0,0.124543190723701,0,0.186007518082479,0.137491812977702,0,0.0563832466112942,4.70861130095427e-44,1.31247003766253
1,0,0,0,0,1,0,1,1,0,1,1,0,0.484026785354386,0,0,0,0,1.06654203010886e-42,0,1.65119180366878e-87,0.175188401933832,0,0.0777438608001085,1.16912435901259e-105,0.854896507102079
0,1,0,0,0,1,0,1,1,0,1,1,0,0,0.557131568785834,0,0,0,7.92587841087405e-161,0,0.0154726162445887,0.561438512398941,0,0.0163460219293877,2.67695406271467e-167,0.819637651918049
1,1,0,0,0,1,0,1,1,0,1,1,0,0.640897248548447,0.387453969778067,0,0,0,6.63954760416854e-213,0,3.97636208782466e-238,0.489702644752272,0,1.04535955385923e-38,5.22512117123019e-275,1.07756420868573
0,0,1,0,0,1,0,1,1,0,1,1,0,0,0,0.535934623446373,0,0,3.35497476507657e-210,0,4.76526710342116e-19,0.663317991239174,0,3.37784830691901e-114,7.15879025165869e-209,0.687495290621396
1,0,1,0,0,1,0,1,1,0,1,1,0,0.681564758125195,0,0.353974870123193,0,0,1.16268957071818e-237,0,2.34885815394512e-256,0.543256421806113,0,1.44681142404738e-117,2.47297291038733e-299,1.06496250697098
0,1,1,0,0,1,0,1,1,0,1,1,0,0,1.32469706940859e-17,0.535934623446373,0,0,2.33243847476218e-210,0,4.87374918505731e-19,0.663317991239174,0,2.11414553302681e-113,4.77085552931232e-209,0.687495290621397
1,1,1,0,0,1,0,1,1,0,1,1,0,0.681564758127967,1.32269385863592e-10,0.353974870024445,0,0,3.80720405185438e-244,0,8.54020773911372e-264,0.543256421809643,0,4.42234960855561e-118,1.4450155229882e-309,1.06496250888214
0,0,0,1,0,1,0,1,1,0,1,1,0,0,0,0,0.535756039946728,0,2.96439387504748e-323,0,1.55428630490795e-61,0.905885434576147,0,1.25763680874157e-148,1.97626258336499e-322,0.65981706811642
1,0,0,1,0,1,0,1,1,0,1,1,0,0.810092396239883,0,0,0.353681770766745,0,2.47032822920623e-323,0,2.47032822920623e-323,0.712510466336691,0,1.13536490198903e-152,1.97626258336499e-323,1.04486271452179
0,1,0,1,0,1,0,1,1,0,1,1,0,0,6.68261773122126e-53,0,0.535756039946728,0,2.96439387504748e-323,0,2.03278397636922e-61,0.905885434576147,0,3.4105271543365e-148,3.85371203756172e-322,0.65981706811642
1,1,0,1,0,1,0,1,1,0,1,1,0,0.810092396239882,4.20544249206425e-46,0,0.353681770766745,0,2.47032822920623e-323,0,2.47032822920623e-323,0.712510466336692,0,7.71359902922785e-155,1.97626258336499e-323,1.04486271452179
0,0,1,1,0,1,0,1,1,0,1,1,0,0,0,0.0410196609387667,0.501864269892779,0,1.05927674468363e-320,0,1.4190697000401e-59,0.897162095292443,0,4.3046662741997e-149,4.92535722162335e-317,0.763524546857353
1,0,1,1,0,1,0,1,1,0,1,1,0,0.810092396239882,0,3.9191179677509e-15,0.353681770766742,0,2.47032822920623e-323,0,2.47032822920623e-323,0.712510466336691,0,3.44320412431931e-155,1.97626258336499e-323,1.04486271452186
0,1,1,1,0,1,0,1,1,0,1,1,0,0,1.15525049656335e-53,0.0410198521179001,0.501864109656955,0,1.65511991356818e-320,0,1.69245803074052e-59,0.897162051333239,0,9.09200983168064e-149,7.31111722236222e-317,0.763524894429138
1,1,1,1,0,1,0,1,1,0,1,1,0,0.810092396239882,3.83656303313337e-46,4.00275192361013e-15,0.353681770766742,0,2.47032822920623e-323,0,2.47032822920623e-323,0.712510466336691,0,7.02474304390034e-155,1.97626258336499e-323,1.04486271452186
0,0,0,0,1,1,0,1,1,0,1,1,0,0,0,0,0,0.654784114446454,2.96439387504748e-323,0,9.49924318382811e-23,0.513974030419343,0,3.23382387255407e-122,3.05903521608365e-139,0.685872001001721
1,0,0,0,1,1,0,1,1,0,1,1,0,0.719509517379295,0,0,0,0.515327634166499,2.47032822920623e-323,0,2.46776286625061e-284,0.491558381165939,0,1.04549290227796e-151,5.8589959572228e-285,1.08332978985307
0,1,0,0,1,1,0,1,1,0,1,1,0,0,0.17197533205186,0,0,0.516786150073083,3.1478836601568e-311,0,3.32406372487663e-25,0.564074661056391,0,5.14255840590882e-103,9.79703332994803e-163,0.997148178307634
1,1,0,0,1,1,0,1,1,0,1,1,0,0.71950951739837,2.49573200832425e-10,0,0,0.515327633950846,2.47032822920623e-323,0,1.36767070465242e-293,0.491558381232876,0,1.11886201341194e-153,8.85641103332683e-295,1.08332979310514
0,0,1,0,1,1,0,1,1,0,1,1,0,0,0,0.434768326321188,0,0.147087351324855,1.83517173464168e-248,0,3.23340337814653e-23,0.647655886795457,0,9.067794525384e-124,1.18169012937743e-200,0.959275463762689
1,0,1,0,1,1,0,1,1,0,1,1,0,0.719509538406682,0,5.58066373113727e-07,0,0.51532695670403,2.47032822920623e-323,0,1.89263751979767e-293,0.491558542033539,0,3.80448701488639e-154,4.96771420266962e-295,1.08333455817246
0,1,1,0,1,1,0,1,1,0,1,1,0,0,3.58380440312524e-16,0.434768324663066,0,0.147087353648705,8.6210758554492e-249,0,3.027282084903e-23,0.647655886489128,0,3.77699550710158e-123,8.45104103117268e-201,0.959275465933885
1,1,1,0,1,1,0,1,1,0,1,1,0,0.719509533772156,1.34283765711604e-10,4.34793195425555e-07,0,0.515327106235022,2.47032822920623e-323,0,1.40041494782051e-293,0.491558506534984,0,9.53153826195219e-154,2.47829731143077e-295,1.08333356954396
0,0,0,1,1,1,0,1,1,0,1,1,0,0,0,0,0.296007405232136,0.388115804125127,2.47032822920623e-323,0,2.13904339869896e-57,0.781240012617164,0,1.40438358232415e-166,6.01205876078241e-264,1.01030952424186
1,0,0,1,1,1,0,1,1,0,1,1,0,0.777977269266948,0,0,0.111768694679855,0.403304702078509,1.97626258336499e-323,0,2.47032822920623e-323,0.590653165531019,0,8.66043990796553e-174,2.47032822920623e-323,1.22646445992118
0,1,0,1,1,1,0,1,1,0,1,1,0,0,1.12995526739897e-44,0,0.296007405232136,0.388115804125127,2.47032822920623e-323,0,2.58932812777709e-57,0.781240012617164,0,3.2348695125545e-166,7.43680841888244e-264,1.01030952424186
1,1,0,1,1,1,0,1,1,0,1,1,0,0.777977269266948,4.10846088323514e-38,0,0.111768694679855,0.403304702078509,1.97626258336499e-323,0,2.47032822920623e-323,0.590653165531019,0,1.659506143911e-173,2.47032822920623e-323,1.22646445992118
0,0,1,1,1,1,0,1,1,0,1,1,0,0,0,2.75919629702726e-12,0.296007405231851,0.388115804121862,2.47032822920623e-323,0,2.99602394198809e-57,0.7812400126176,0,2.42339647923213e-166,3.58727480624455e-264,1.01030952429174
1,0,1,1,1,1,0,1,1,0,1,1,0,0.777977269266948,0,2.67313632686553e-29,0.111768694679855,0.403304702078509,1.97626258336499e-323,0,2.47032822920623e-323,0.590653165531019,0,1.08782945249595e-173,2.47032822920623e-323,1.22646445992118
0,1,1,1,1,1,0,1,1,0,1,1,0,0,7.63732444395364e-45,2.82613054589482e-12,0.296007405231843,0.388115804121783,2.47032822920623e-323,0,3.47980888027906e-57,0.781240012617611,0,4.78288972614495e-166,4.37763078260961e-264,1.0103095242929
1,1,1,1,1,1,0,1,1,0,1,1,0,0.777977269266948,3.70635000286124e-38,2.76320596046918e-29,0.111768694679855,0.403304702078509,1.97626258336499e-323,0,2.47032822920623e-323,0.590653165531019,0,1.89944390663363e-173,2.47032822920623e-323,1.22646445992118
0,0,0,0,0,0,1,1,1,0,1,1,0,0,0,0,0,0,0,0.350450516465285,4.27241966028329e-251,0.163078016980464,0,0.0159789915039263,3.11750274330445e-95,0.741515301192191
1,0,0,0,0,0,1,1,1,0,1,1,0,0.418880527168264,0,0,0,0,0,0.245350582858336,2.47032822920623e-323,0.197335737539027,0,2.80546075557186e-16,6.05671591911251e-170,1.04588685886862
0,1,0,0,0,0,1,1,1,0,1,1,0,0,0.45591559524274,0,0,0,0,0.186616506065774,6.1455217434988e-164,0.494480083994745,0,2.88112228555696e-22,2.52623049951489e-192,1.02514687665451
1,1,0,0,0,0,1,1,1,0,1,1,0,0.619995116997151,0.350268050672631,0,0,0,0,0.0751666254709726,4.35736904635685e-297,0.462177278564418,0,6.45152818599799e-48,1.18528341007741e-282,1.21649104672568
0,0,1,0,0,0,1,1,1,0,1,1,0,0,0,0.342255473177365,0,0,0,0.325193651321926,3.4556080116358e-283,0.486297951420365,0,1.88819218277872e-113,4.78018022226416e-229,1.08157025577144
1,0,1,0,0,0,1,1,1,0,1,1,0,0.614895990392232,0,0.262868160149034,0,0,0,0.182855920721107,1.97626258336499e-323,0.455462397515364,0,7.66230272303497e-119,2.58873594902352e-314,1.2862152613493
0,1,1,0,0,0,1,1,1,0,1,1,0,0,4.41656172969918e-06,0.342253172707733,0,0,0,0.325192220606182,4.02313128371901e-289,0.486298982261782,0,1.66155762455817e-113,7.28179390061618e-235,1.08161700085858
1,1,1,0,0,0,1,1,1,0,1,1,0,0.614904900897836,5.12288246620371e-05,0.262840449855744,0,0,0,0.182837122130853,1.97626258336499e-323,0.455473995926099,0,2.05004661161657e-117,1.68353823552859e-314,1.28653177340464
0,0,0,1,0,0,1,1,1,0,1,1,0,0,0,0,0.482581502736361,0,0,0.367295156831126,1.97626258336499e-323,0.835914156274976,0,3.40536631331027e-202,1.97626258336499e-323,1.03790424516878
1,0,0,1,0,0,1,1,1,0,1,1,0,0.789044319253964,0,0,0.333530348683293,0,0,0.171869611935018,1.48219693752374e-323,0.684792909150441,0,8.09602984730689e-179,1.97626258336499e-323,1.24612492945393
0,1,0,1,0,0,1,1,1,0,1,1,0,0,3.21296303049867e-101,0,0.482581502736361,0,0,0.367295156831125,1.97626258336499e-323,0.835914156274976,0,4.68907855332687e-202,1.97626258336499e-323,1.03790424516878
1,1,0,1,0,0,1,1,1,0,1,1,0,0.789044319253965,1.87767472791549e-69,0,0.333530348683293,0,0,0.171869611935016,1.48219693752374e-323,0.684792909150441,0,5.70731357269412e-182,1.97626258336499e-323,1.24612492945393
0,0,1,1,0,0,1,1,1,0,1,1,0,0,0,9.55875638891712e-75,0.482581502736361,0,0,0.367295156831125,1.97626258336499e-323,0.835914156274976,0,1.00850743017529e-206,1.97626258336499e-323,1.03790424516878
1,0,1,1,0,0,1,1,1,0,1,1,0,0.789044319253964,0,1.31972262213852e-50,0.333530348683293,0,0,0.171869611935017,1.48219693752374e-323,0.684792909150441,0,3.14310804001234e-182,1.97626258336499e-323,1.24612492945393
0,1,1,1,0,0,1,1,1,0,1,1,0,0,2.71158281703642e-102,1.15419038325237e-74,0.482581502736361,0,0,0.367295156831125,1.97626258336499e-323,0.835914156274976,0,1.79909345130999e-206,1.97626258336499e-323,1.03790424516878
1,1,1,1,0,0,1,1,1,0,1,1,0,0.789044319253964,1.88276369363487e-69,1.60380159551779e-50,0.333530348683293,0,0,0.171869611935017,1.48219693752374e-323,0.684792909150441,0,5.79072688703113e-182,1.97626258336499e-323,1.24612492945393
0,0,0,0,1,0,1,1,1,0,1,1,0,0,0,0,0,0.672968782474368,0,0.323870632593137,8.55691066526997e-318,0.526844804721963,0,4.07089687833366e-195,1.01613779659423e-246,1.05728470435082
1,0,0,0,1,0,1,1,1,0,1,1,0,0.72520121406599,0,0,0,0.522942247997359,0,0.155264608775061,1.97626258336499e-323,0.497551351688231,0,1.14535806252299e-187,2.47032822920623e-323,1.27811423012313
0,1,0,0,1,0,1,1,1,0,1,1,0,0,6.58859201488145e-48,0,0,0.672968782474366,0,0.323870632593137,2.47032822920623e-323,0.526844804721961,0,5.56659477096201e-199,1.23360067101762e-253,1.05728470435082
1,1,0,0,1,0,1,1,1,0,1,1,0,0.725201214065991,6.40970021159543e-44,0,0,0.522942247997359,0,0.155264608775061,1.97626258336499e-323,0.497551351688232,0,3.45947754588011e-191,2.47032822920623e-323,1.27811423012313
0,0,1,0,1,0,1,1,1,0,1,1,0,0,0,5.69972280425999e-57,0,0.672968782474366,0,0.323870632593137,2.47032822920623e-323,0.526844804721961,0,2.8262823858275e-199,9.48442152966614e-254,1.05728470435082
1,0,1,0,1,0,1,1,1,0,1,1,0,0.725201214065991,0,1.56235519866283e-52,0,0.522942247997359,0,0.155264608775062,1.97626258336499e-323,0.497551351688232,0,1.88611570725765e-191,2.47032822920623e-323,1.27811423012313
0,1,1,0,1,0,1,1,1,0,1,1,0,0,5.75661454267937e-48,6.35305055756985e-57,0,0.672968782474366,0,0.323870632593137,2.47032822920623e-323,0.526844804721961,0,5.80541301271729e-199,8.85989703492068e-254,1.05728470435082
1,1,1,0,1,0,1,1,1,0,1,1,0,0.725201214065991,5.77204315701752e-44,1.74741233537003e-52,0,0.522942247997359,0,0.155264608775061,1.97626258336499e-323,0.497551351688232,0,3.6147949286821e-191,2.47032822920623e-323,1.27811423012313
0,0,0,1,1,0,1,1,1,0,1,1,0,0,0,0,0.160163857866946,0.529344894883802,0,0.335717120260958,2.47032822920623e-323,0.671928021908426,0,2.0084268501411e-226,2.96439387504748e-323,1.27353194387727
1,0,0,1,1,0,1,1,1,0,1,1,0,0.754208561399579,0,0,0.0556355403461672,0.467051221025505,0,0.152635602453372,1.97626258336499e-323,0.546776674598566,0,6.46154166947026e-201,2.47032822920623e-323,1.3623284981771
0,1,0,1,1,0,1,1,1,0,1,1,0,0,4.38862955088491e-87,0,0.160163857866946,0.529344894883802,0,0.335717120260958,2.47032822920623e-323,0.671928021908426,0,3.44315100039933e-226,2.96439387504748e-323,1.27353194387727
1,1,0,1,1,0,1,1,1,0,1,1,0,0.754208561399577,7.7401299178293e-58,0,0.0556355403461631,0.467051221025509,0,0.152635602453372,1.97626258336499e-323,0.546776674598562,0,1.09119268342477e-200,2.47032822920623e-323,1.3623284981771
0,0,1,1,1,0,1,1,1,0,1,1,0,0,0,8.80332293409628e-88,0.160163857866946,0.529344894883802,0,0.335717120260958,2.47032822920623e-323,0.671928021908426,0,2.34194428202727e-226,2.96439387504748e-323,1.27353194387727
1,0,1,1,1,0,1,1,1,0,1,1,0,0.754208561399588,0,1.91146871171356e-63,0.0556355403461849,0.467051221025485,0,0.152635602453371,1.97626258336499e-323,0.546776674598581,0,7.38556963546253e-201,2.47032822920623e-323,1.36232849817712
0,1,1,1,1,0,1,1,1,0,1,1,0,0,4.181549677625e-87,1.04050236595207e-87,0.160163857866946,0.529344894883802,0,0.335717120260958,2.47032822920623e-323,0.671928021908426,0,3.78450092768595e-226,2.96439387504748e-323,1.27353194387727
1,1,1,1,1,0,1,1,1,0,1,1,0,0.754208561399586,7.38864448603323e-58,2.24962914794363e-63,0.0556355403461805,0.46705122102549,0,0.152635602453371,1.97626258336499e-323,0.546776674598577,0,1.17996450469462e-200,2.47032822920623e-323,1.36232849817711
0,0,0,0,0,1,1,1,1,0,1,1,0,0,0,0,0,0,5.02559664211188e-10,0.350450513894066,1.85510257656665e-252,0.163078019623442,0,0.0159789830914439,9.33430331565597e-96,0.741515281093757
1,0,0,0,0,1,1,1,1,0,1,1,0,0.418880527168264,0,0,0,0,3.01189190323439e-70,0.245350582858336,2.47032822920623e-323,0.197335737539027,0,1.92342198496483e-16,4.26309610225407e-170,1.04588685886861
0,1,0,0,0,1,1,1,1,0,1,1,0,0,0.45591559524274,0,0,0,3.00407059099053e-149,0.186616506065774,2.6762968936556e-164,0.494480083994745,0,1.93007950782795e-22,1.87624556895564e-192,1.02514687665451
1,1,0,0,0,1,1,1,1,0,1,1,0,0.619995116997151,0.350268050672631,0,0,0,9.26325865696914e-205,0.0751666254709726,2.83447443330716e-297,0.462177278564418,0,4.54970475369011e-48,1.02805403060379e-282,1.21649104672568
0,0,1,0,0,1,1,1,1,0,1,1,0,0,0,0.342255473177365,0,0,2.09371786756044e-157,0.325193651321926,2.51655845839367e-283,0.486297951420365,0,1.00392784562751e-113,3.7570285944745e-229,1.08157025577144
1,0,1,0,0,1,1,1,1,0,1,1,0,0.614895990392232,0,0.262868160149034,0,0,2.46620071637147e-212,0.182855920721107,1.97626258336499e-323,0.455462397515364,0,5.12658255096243e-119,2.21132384193587e-314,1.2862152613493
0,1,1,0,0,1,1,1,1,0,1,1,0,0,4.42686872001109e-06,0.342253167339085,0,0,5.74750516015106e-161,0.325192217267295,2.75630315144011e-289,0.486298984667463,0,1.02235333392361e-113,5.89566874262986e-235,1.08161710100415
1,1,1,0,0,1,1,1,1,0,1,1,0,0.614904913691793,5.13023823082812e-05,0.26284041006667,0,0,1.98840809649925e-213,0.182837095137685,1.97626258336499e-323,0.455474012579152,0,1.465812212852e-117,1.48987566330176e-314,1.28653217931026
0,0,0,1,0,1,1,1,1,0,1,1,0,0,0,0,0.482581502736361,0,9.15651861437582e-320,0.367295156831126,1.97626258336499e-323,0.835914156274976,0,2.31083312885808e-202,1.97626258336499e-323,1.03790424516878
1,0,0,1,0,1,1,1,1,0,1,1,0,0.789044319253964,0,0,0.333530348683293,0,2.47032822920623e-323,0.171869611935018,1.48219693752374e-323,0.684792909150441,0,5.87503468297791e-179,1.97626258336499e-323,1.24612492945393
0,1,0,1,0,1,1,1,1,0,1,1,0,0,3.3199622678916e-101,0,0.482581502736361,0,5.22573233606286e-320,0.367295156831125,1.97626258336499e-323,0.835914156274976,0,3.27224437605549e-202,1.97626258336499e-323,1.03790424516878
1,1,0,1,0,1,1,1,1,0,1,1,0,0.789044319253965,1.91430577751537e-69,0,0.333530348683293,0,2.47032822920623e-323,0.171869611935016,1.48219693752374e-323,0.684792909150441,0,4.29092051810687e-182,1.97626258336499e-323,1.24612492945393
0,0,1,1,0,1,1,1,1,0,1,1,0,0,0,9.66090889282402e-75,0.482581502736361,0,2.47032822920623e-323,0.367295156831125,1.97626258336499e-323,0.835914156274976,0,6.9638073020365e-207,1.97626258336499e-323,1.03790424516878
1,0,1,1,0,1,1,1,1,0,1,1,0,0.789044319253964,0,1.32788310622842e-50,0.333530348683293,0,2.47032822920623e-323,0.171869611935017,1.48219693752374e-323,0.684792909150441,0,2.34458092970155e-182,1.97626258336499e-323,1.24612492945393
0,1,1,1,0,1,1,1,1,0,1,1,0,0,2.77427185292743e-102,1.16699143320688e-74,0.482581502736361,0,2.47032822920623e-323,0.367295156831125,1.97626258336499e-323,0.835914156274976,0,1.27990622241676e-206,1.97626258336499e-323,1.03790424516878
1,1,1,1,0,1,1,1,1,0,1,1,0,0.789044319253964,1.90744863202604e-69,1.61126998994813e-50,0.333530348683293,0,2.47032822920623e-323,0.171869611935017,1.48219693752374e-323,0.684792909150441,0,4.4056051369148e-182,1.97626258336499e-323,1.24612492945393
0,0,0,0,1,1,1,1,1,0,1,1,0,0,0,0,0,0.672968782474368,2.47032822920623e-323,0.323870632593137,7.84378619337563e-318,0.526844804721963,0,3.15646141707652e-195,9.08278082063653e-247,1.05728470435082
1,0,0,0,1,1,1,1,1,0,1,1,0,0.725201214065993,0,0,0,0.522942247997361,1.97626258336499e-323,0.155264608775061,1.97626258336499e-323,0.497551351688233,0,8.81880003301801e-188,2.47032822920623e-323,1.27811423012313
0,1,0,0,1,1,1,1,1,0,1,1,0,0,6.83089024611778e-48,0,0,0.672968782474366,2.47032822920623e-323,0.323870632593137,2.47032822920623e-323,0.526844804721961,0,4.40777492976343e-199,1.11240704612359e-253,1.05728470435082
1,1,0,0,1,1,1,1,1,0,1,1,0,0.725201214065991,6.56528505923302e-44,0,0,0.522942247997359,1.97626258336499e-323,0.155264608775061,1.97626258336499e-323,0.497551351688232,0,2.81076324137942e-191,2.47032822920623e-323,1.27811423012313
0,0,1,0,1,1,1,1,1,0,1,1,0,0,0,5.89118727360565e-57,0,0.672968782474366,2.47032822920623e-323,0.323870632593137,2.47032822920623e-323,0.526844804721961,0,2.14967320022887e-199,8.39636219595749e-254,1.05728470435082
1,0,1,0,1,1,1,1,1,0,1,1,0,0.725201214065991,0,1.6010520904578e-52,0,0.522942247997359,1.97626258336499e-323,0.155264608775062,1.97626258336499e-323,0.497551351688232,0,1.49771682734124e-191,2.47032822920623e-323,1.27811423012313
0,1,1,0,1,1,1,1,1,0,1,1,0,0,5.89675748625496e-48,6.60148645390493e-57,0,0.672968782474366,2.47032822920623e-323,0.323870632593137,2.47032822920623e-323,0.526844804721961,0,4.52355999535793e-199,7.95538640860239e-254,1.05728470435082
1,1,1,0,1,1,1,1,1,0,1,1,0,0.725201214065991,5.8613266951001e-44,1.79276980406626e-52,0,0.522942247997359,1.97626258336499e-323,0.155264608775061,1.97626258336499e-323,0.497551351688232,0,2.90973942215048e-191,2.47032822920623e-323,1.27811423012313
0,0,0,1,1,1,1,1,1,0,1,1,0,0,0,0,0.160163857866946,0.529344894883802,1.97626258336499e-323,0.335717120260958,2.47032822920623e-323,0.671928021908426,0,1.55265549158675e-226,2.96439387504748e-323,1.27353194387727
1,0,0,1,1,1,1,1,1,0,1,1,0,0.754208561399582,0,0,0.0556355403461728,0.467051221025498,1.97626258336499e-323,0.152635602453372,1.97626258336499e-323,0.54677667459857,0,5.17012245794288e-201,2.47032822920623e-323,1.36232849817711
0,1,0,1,1,1,1,1,1,0,1,1,0,0,4.38195408096239e-87,0,0.160163857866946,0.529344894883802,1.97626258336499e-323,0.335717120260958,2.47032822920623e-323,0.671928021908426,0,2.68768416649617e-226,2.96439387504748e-323,1.27353194387727
1,1,0,1,1,1,1,1,1,0,1,1,0,0.75420856139958,7.71117540448938e-58,0,0.0556355403461692,0.467051221025502,1.97626258336499e-323,0.152635602453372,1.97626258336499e-323,0.546776674598568,0,8.78793739217947e-201,2.47032822920623e-323,1.3623284981771
0,0,1,1,1,1,1,1,1,0,1,1,0,0,0,8.87853525663842e-88,0.160163857866946,0.529344894883802,1.97626258336499e-323,0.335717120260958,2.47032822920623e-323,0.671928021908426,0,1.81311510896233e-226,2.96439387504748e-323,1.27353194387727
1,0,1,1,1,1,1,1,1,0,1,1,0,0.754208561399591,0,1.92198048217812e-63,0.0556355403461893,0.46705122102548,1.97626258336499e-323,0.152635602453371,1.97626258336499e-323,0.546776674598585,0,5.92268596181673e-201,2.47032822920623e-323,1.36232849817712
0,1,1,1,1,1,1,1,1,0,1,1,0,0,4.17250048084326e-87,1.04902929792266e-87,0.160163857866946,0.529344894883802,1.97626258336499e-323,0.335717120260958,2.47032822920623e-323,0.671928021908426,0,2.95795727433525e-226,2.96439387504748e-323,1.27353194387727
1,1,1,1,1,1,1,1,1,0,1,1,0,0.754208561399589,7.36024347795244e-58,2.25895784613675e-63,0.0556355403461853,0.467051221025485,1.97626258336499e-323,0.152635602453371,1.97626258336499e-323,0.546776674598581,0,9.52488788884497e-201,2.47032822920623e-323,1.36232849817712
0,0,0,0,0,0,0,0,0,1,1,1,0,0,0,0,0,0,0,0,0,0,1.18409390825743e-50,0.0829354797166899,0.328389797577433,0.502653677121587
1,0,0,0,0,0,0,0,0,1,1,1,0,0.398310815223071,0,0,0,0,0,0,0,0,1.21853595753838e-29,0.122625404473696,7.3099682790857e-12,0.545712599038793
0,1,0,0,0,0,0,0,0,1,1,1,0,0,0.513173850066245,0,0,0,0,0,0,0,2.31231433582174e-69,1.2332407469463e-20,0.382017050024126,0.682375468276941
1,1,0,0,0,0,0,0,0,1,1,1,0,0.26902835687306,0.517014074374933,0,0,0,0,0,0,0,2.24225795838441e-51,5.49934527092946e-08,0.153275824243919,0.98257882085338
0,0,1,0,0,0,0,0,0,1,1,1,0,0,0,0.531635853896199,0,0,0,0,0,0,9.02320695331199e-234,5.07853239925203e-134,0.382017050024126,0.67967810877571
1,0,1,0,0,0,0,0,0,1,1,1,0,0.269028295678878,0,0.527505813411478,0,0,0,0,0,0,4.87246657534486e-221,2.74402587155071e-121,0.153275925533447,0.97826983146062
0,1,1,0,0,0,0,0,0,1,1,1,0,0,5.72922711282268e-27,0.531635853896197,0,0,0,0,0,0,1.08560485323548e-238,2.23802958759786e-135,0.382017050024126,0.67967810877571
1,1,1,0,0,0,0,0,0,1,1,1,0,0.269028295678878,2.86133386174333e-24,0.527505813411476,0,0,0,0,0,0,7.78857853936102e-220,1.18354084401956e-120,0.153275925533447,0.978269831460621
0,0,0,1,0,0,0,0,0,1,1,1,0,0,0,0,0.52299077795001,0,0,0,0,0,1.02308097777375e-69,2.5544733668793e-151,0.382017050024129,0.680965374358566
1,0,0,1,0,0,0,0,0,1,1,1,0,0.269028295678878,0,0,0.537574563423307,0,0,0,0,0,2.41921566733419e-52,7.21949233854333e-143,0.153275925533447,0.974133050573838
0,1,0,1,0,0,0,0,0,1,1,1,0,0,8.54526084957828e-47,0,0.522990777950011,0,0,0,0,0,1.05105083376705e-69,7.45121603318807e-151,0.382017050024126,0.680965374358565
1,1,0,1,0,0,0,0,0,1,1,1,0,0.269028295678878,2.12620625325547e-51,0,0.537574563423307,0,0,0,0,0,2.50557142760931e-52,1.89557457356119e-142,0.153275925533447,0.974133050573838
0,0,1,1,0,0,0,0,0,1,1,1,0,0,0,0.266397646767748,0.294900652855136,0,0,0,0,0,8.19083852965368e-155,2.61342005456012e-155,0.382017050024128,1.08665042848421
1,0,1,1,0,0,0,0,0,1,1,1,0,0.269028295678878,0,0.191384585463794,0.37371075092602,0,0,0,0,0,4.15209768659804e-114,9.47238092176639e-146,0.153275925533447,1.32919902337916
0,1,1,1,0,0,0,0,0,1,1,1,0,0,1.43275430827887e-50,0.266397646767748,0.294900652855137,0,0,0,0,0,1.0792916003992e-154,5.35538651437433e-155,0.382017050024129,1.08665042848421
1,1,1,1,0,0,0,0,0,1,1,1,0,0.269028295678878,4.30919476668278e-54,0.191384585463801,0.373710750926014,0,0,0,0,0,5.74877082464522e-114,1.91808245200194e-145,0.153275925533447,1.32919902337916
0,0,0,0,1,0,0,0,0,1,1,1,0,0,0,0,0,0.576394059436309,0,0,0,0,1.01170246038824e-69,1.46008497112504e-133,0.382017050024126,0.672437519806545
1,0,0,0,1,0,0,0,0,1,1,1,0,0.358810006518179,0,0,0,0.599289633552526,0,0,0,0,6.47618982708556e-47,3.49766998666605e-122,0.0769390872679582,0.876859508164839
0,1,0,0,1,0,0,0,0,1,1,1,0,0,0.187808273081471,0,0,0.429780052104255,0,0,0,0,1.03202692627476e-69,4.91536398516062e-110,0.382017050024126,1.04464838796891
1,1,0,0,1,0,0,0,0,1,1,1,0,0.339973668030692,0.159519210714864,0,0,0.47355776361922,0,0,0,0,5.0841626396102e-48,9.32971096063521e-103,0.0929546711902478,1.22189375541442
0,0,1,0,1,0,0,0,0,1,1,1,0,0,0,0.531635853817125,0,1.06819512269838e-10,0,0,0,0,1.55024096766036e-236,1.00470038023294e-136,0.382017050024128,0.679678111498911
1,0,1,0,1,0,0,0,0,1,1,1,0,0.269039365069456,0,0.527454319292963,0,7.18370402518404e-05,0,0,0,0,6.78645893795823e-215,1.4882763345496e-122,0.153265789452027,0.979004611937804
0,1,1,0,1,0,0,0,0,1,1,1,0,0,9.2918298475422e-27,0.531635853810927,0,1.15193331955889e-10,0,0,0,0,1.10959293318967e-235,3.2492268444964e-136,0.382017050024126,0.679678111702873
1,1,1,0,1,0,0,0,0,1,1,1,0,0.269039775322128,6.92192544101315e-24,0.527452410865701,0,7.44993669336403e-05,0,0,0,0,6.60494395989058e-214,5.02154577245627e-122,0.15326541374871,0.979028988336663
0,0,0,1,1,0,0,0,0,1,1,1,0,0,0,0,0.314769136781805,0.31406258846066,0,0,0,0,9.31673085883241e-70,8.25668330494158e-168,0.382017050024129,1.09422984589174
1,0,0,1,1,0,0,0,0,1,1,1,0,0.318063214108183,0,0,0.323230568690746,0.327306285679664,0,0,0,0,2.19580292118243e-49,1.49564212928477e-158,0.111584019659667,1.31733895885929
0,1,0,1,1,0,0,0,0,1,1,1,0,0,1.99985505332412e-39,0,0.314769136781805,0.31406258846066,0,0,0,0,9.45317129683832e-70,2.21834412308233e-167,0.382017050024129,1.09422984589174
1,1,0,1,1,0,0,0,0,1,1,1,0,0.318063214108183,1.56865177774655e-44,0,0.323230568690748,0.327306285679662,0,0,0,0,2.18583325800626e-49,3.48733465351265e-158,0.111584019659667,1.31733895885929
0,0,1,1,1,0,0,0,0,1,1,1,0,0,0,0.214352904207506,0.268190690153125,0.107498331068897,0,0,0,0,5.42293480919026e-137,1.61683384442488e-160,0.382017050024128,1.29920254663303
1,0,1,1,1,0,0,0,0,1,1,1,0,0.312240778502203,0,0.0400361461311451,0.314391922286686,0.288452105676268,0,0,0,0,4.74166508392827e-67,7.46774345314706e-157,0.116540024326361,1.43641585798728
0,1,1,1,1,0,0,0,0,1,1,1,0,0,4.68052898883546e-47,0.214352929756485,0.268190695524376,0.107498290389067,0,0,0,0,5.42978162502591e-137,3.34540717477926e-160,0.382017050024128,1.29920251437831
1,1,1,1,1,0,0,0,0,1,1,1,0,0.312239153871936,2.38993417966066e-46,0.0400467235381386,0.31438981077845,0.288441409735293,0,0,0,0,4.74051798570519e-67,1.51088244464552e-156,0.116541484237827,1.4364371489695
0,0,0,0,0,1,0,0,0,1,1,1,0,0,0,0,0,0,0.144918539928384,0,0,0,5.85880647551125e-14,2.16911742739254e-18,0.225629968656099,0.669234025631858
1,0,0,0,0,1,0,0,0,1,1,1,0,0.352095290900258,0,0,0,0,0.167345307651026,0,0,0,1.42766726000609e-18,1.34241324402344e-23,1.04329700150372e-28,0.628490225420088
0,1,0,0,0,1,0,0,0,1,1,1,0,0,0.51474168633786,0,0,0,0.144918539794512,0,0,0,3.90584074680755e-14,1.15482979892431e-64,0.225629968823132,0.959939171099089
1,1,0,0,0,1,0,0,0,1,1,1,0,0.352095290900258,0.484698872731938,0,0,0,0.167345307651026,0,0,0,1.72361826951974e-18,3.39068121641348e-67,1.58374668838438e-28,1.01766605699238
0,0,1,0,0,1,0,0,0,1,1,1,0,0,0,0.540219166165475,0,0,0.144918539727397,0,0,0,4.97894203447108e-186,1.25000589906069e-182,0.225629968906873,0.947972472096987
1,0,1,0,0,1,0,0,0,1,1,1,0,0.352095290900256,0,0.503380196051605,0,0,0.167345307651026,0,0,0,4.65535460694066e-179,9.46492363672141e-177,2.37121117577409e-28,1.01220330910497
0,1,1,0,0,1,0,0,0,1,1,1,0,0,1.56021229403313e-29,0.540219166165501,0,0,0.144918539727615,0,0,0,4.23140930888237e-185,4.30596143616742e-182,0.225629968906602,0.947972472097055
1,1,1,0,0,1,0,0,0,1,1,1,0,0.352095290900256,5.84017992983144e-26,0.503380196051603,0,0,0.167345307651026,0,0,0,5.34185237065267e-178,3.74732697645886e-176,2.33242088512017e-28,1.01220330910497
0,0,0,1,0,1,0,0,0,1,1,1,0,0,0,0,0.53746237253551,0,0.144918539717982,0,0,0,2.86541108960875e-14,2.27586396136577e-200,0.22562996891862,0.949261648178474
1,0,0,1,0,1,0,0,0,1,1,1,0,0.352095290900258,0,0,0.522778575534089,0,0.167345307651026,0,0,0,1.78220215389643e-18,1.42893731102121e-200,2.01926933599097e-28,1.00638071302211
0,1,0,1,0,1,0,0,0,1,1,1,0,0,4.6561341848023e-52,0,0.537462372535731,0,0.144918539719292,0,0,0,2.88136745410293e-14,6.64261045898213e-200,0.225629968916986,0.949261648178857
1,1,0,1,0,1,0,0,0,1,1,1,0,0.352095290900258,1.1794808188766e-55,0,0.522778575534089,0,0.167345307651026,0,0,0,1.77807734713548e-18,3.75053046341423e-200,2.01225388229776e-28,1.00638071302211
0,0,1,1,0,1,0,0,0,1,1,1,0,0,0,0.247118400272238,0.325879171580013,0,0.144918539700823,0,0,0,1.3181476533139e-92,5.58725901303712e-204,0.225629968940031,1.34794978942527
1,0,1,1,0,1,0,0,0,1,1,1,0,0.352095290900256,0,0.144333752556895,0.399199767403923,0,0.167345307651026,0,0,0,1.40800785602424e-65,8.06125585470663e-203,2.51361671891911e-28,1.29596175194913
0,1,1,1,0,1,0,0,0,1,1,1,0,0,1.34998698113773e-55,0.247118400271604,0.325879171580843,0,0.144918539702257,0,0,0,1.55414408065308e-92,1.12286548587072e-203,0.225629968938241,1.34794978942567
1,1,1,1,0,1,0,0,0,1,1,1,0,0.352095290900256,9.77897208202303e-58,0.144333752557398,0.399199767403462,0,0.167345307651026,0,0,0,1.74812983113783e-65,1.62328978394997e-202,2.47666403175601e-28,1.2959617519496
0,0,0,0,1,1,0,0,0,1,1,1,0,0,0,0,0,0.576394059436309,1.12961975382689e-151,0,0,0,1.62660399602657e-69,9.66668703360725e-134,0.382017050024126,0.672437519806545
1,0,0,0,1,1,0,0,0,1,1,1,0,0.358810006518179,0,0,0,0.599289633552526,7.38446026885197e-132,0,0,0,1.19263609423301e-46,2.66621550719952e-122,0.0769390872679582,0.876859508164839
0,1,0,0,1,1,0,0,0,1,1,1,0,0,0.18780827308148,0,0,0.429780052104246,9.17459481657911e-110,0,0,0,1.93465019305341e-69,3.28513242952703e-110,0.382017050024126,1.04464838796891
1,1,0,0,1,1,0,0,0,1,1,1,0,0.339973668030692,0.159519210714864,0,0,0.47355776361922,3.08951790241771e-97,0,0,0,1.05789725005837e-47,7.43769628532325e-103,0.0929546711902478,1.22189375541442
0,0,1,0,1,1,0,0,0,1,1,1,0,0,0,0.540219156018375,0,1.83098939795018e-10,0.144918456178687,0,0,0,1.45731166330436e-197,8.2477024399296e-171,0.225630073053453,0.947972450844199
1,0,1,0,1,1,0,0,0,1,1,1,0,0.348205731578674,0,0.49526077570617,0,0.0188925420252758,0.153809210648492,0,0,0,4.80975945975085e-177,7.60758829148568e-165,4.47376900728607e-19,1.07715324649623
0,1,1,0,1,1,0,0,0,1,1,1,0,0,1.11223646776157e-28,0.540219156663779,0,1.96368059882564e-10,0.144918461604183,0,0,0,2.19808316909557e-196,1.24178992906175e-170,0.225630066276852,0.947972452827133
1,1,1,0,1,1,0,0,0,1,1,1,0,0.348196721147823,4.21889725137541e-25,0.495243092576367,0,0.0189341551993598,0.153778706544155,0,0,0,6.77659133294743e-176,2.33850758315251e-164,5.10709720424505e-19,1.07725422928241
0,0,0,1,1,1,0,0,0,1,1,1,0,0,0,0,0.314769136781806,0.31406258846066,2.84950459815559e-77,0,0,0,1.95102610573559e-69,3.52121739515272e-168,0.382017050024126,1.09422984589174
1,0,0,1,1,1,0,0,0,1,1,1,0,0.318063214108185,0,0,0.323230568690746,0.327306285679665,1.0030788104585e-57,0,0,0,5.22454955379279e-49,8.23794138366132e-159,0.111584019659665,1.31733895885929
0,1,0,1,1,1,0,0,0,1,1,1,0,0,1.87951559414893e-39,0,0.314769136781806,0.31406258846066,5.38959299449358e-77,0,0,0,2.23915177218749e-69,8.34670888139811e-168,0.382017050024126,1.09422984589174
1,1,0,1,1,1,0,0,0,1,1,1,0,0.318063214108185,1.46503634886413e-44,0,0.323230568690746,0.327306285679665,1.73078978225563e-57,0,0,0,5.83398455208874e-49,1.76113190440828e-158,0.111584019659665,1.31733895885929
0,0,1,1,1,1,0,0,0,1,1,1,0,0,0,0.21435292036821,0.268190693550645,0.107498305337356,3.07163878309236e-20,0,0,0,1.67607740649543e-136,4.58307960572274e-161,0.382017050024126,1.2992025262307
1,0,1,1,1,1,0,0,0,1,1,1,0,0.312241155530943,0,0.0400336913766508,0.314392412337733,0.288454587899608,1.71573376365326e-43,0,0,0,1.79279312834797e-66,3.0061024306554e-157,0.11653968553012,1.43641091647148
0,1,1,1,1,1,0,0,0,1,1,1,0,0,3.99920552283184e-47,0.214352947557231,0.268190699266701,0.107498262046182,4.83440926463119e-20,0,0,0,1.85938019490262e-136,8.19341780900151e-161,0.382017050024126,1.29920249190545
1,1,1,1,1,1,0,0,0,1,1,1,0,0.312239630630093,2.1228509293505e-46,0.0400436195669184,0.314390430390643,0.288444548519637,2.60143959452576e-43,0,0,0,2.04740823896072e-66,5.32039244712834e-157,0.116541055813014,1.43643090136214
0,0,0,0,0,0,1,0,0,1,1,1,0,0,0,0,0,0,0,0.357107133442787,0,0,0.000359287512518475,0.0367123727955602,3.27772930582672e-25,0.316937448628811
1,0,0,0,0,0,1,0,0,1,1,1,0,0.280780864978832,0,0,0,0,0,0.281812255815822,0,0,2.05392963406041e-55,0.0111473967055994,1.87442205261651e-60,0.775487945415725
0,1,0,0,0,0,1,0,0,1,1,1,0,0,0.475370164578974,0,0,0,0,0.203467049671697,0,0,5.28047983225098e-19,1.15875201908684e-17,0.129687799104264,0.953021652744831
1,1,0,0,0,0,1,0,0,1,1,1,0,0.269030301697396,0.496390638348762,0,0,0,0,0.111011837976271,0,0,7.11889701361578e-25,1.83247119903333e-06,0.015596295841468,1.0177910200351
0,0,1,0,0,0,1,0,0,1,1,1,0,0,0,0.436699088724511,0,0,0,0.3195830105254,0,0,1.89770253485852e-135,2.65192804761539e-110,1.37807800182802e-06,0.681133005353597
1,0,1,0,0,0,1,0,0,1,1,1,0,0.269028295678878,0,0.399346242924247,0,0,0,0.257463001701322,0,0,4.23173493151183e-175,5.50062354482695e-112,4.58418924944742e-47,1.07771883105994
0,1,1,0,0,0,1,0,0,1,1,1,0,0,5.91166084768854e-14,0.436698788290188,0,0,0,0.319583141233237,0,0,2.16667885604984e-134,1.40004237935939e-109,1.98370238017322e-06,0.681142971620863
1,1,1,0,0,0,1,0,0,1,1,1,0,0.269028295678878,2.84405038410252e-13,0.399346242924111,0,0,0,0.257463001701223,0,0,1.13802154616902e-173,3.7579519378612e-111,2.13368656041697e-46,1.07771883106878
0,0,0,1,0,0,1,0,0,1,1,1,0,0,0,0,0.599505359382452,0,0,0.372570409127284,0,0,1.45085665557576e-06,1.9008528472598e-192,6.2036887907539e-24,0.665664236212978
1,0,0,1,0,0,1,0,0,1,1,1,0,0.269028295678878,0,0,0.541478805374551,0,0,0.305612987963595,0,0,8.2755416185901e-57,1.31156205610017e-184,4.21541240521117e-63,1.04853265862421
0,1,0,1,0,0,1,0,0,1,1,1,0,0,9.63881020990549e-109,0,0.599505366478596,0,0,0.37257038273939,0,0,1.41551267011073e-06,3.45165313878926e-192,7.38634342400167e-24,0.665663762914865
1,1,0,1,0,0,1,0,0,1,1,1,0,0.269028295678878,6.41231919067154e-97,0,0.541478805374551,0,0,0.305612987963595,0,0,9.14077309587325e-57,2.58507851601564e-184,5.77386966562543e-63,1.04853265862421
0,0,1,1,0,0,1,0,0,1,1,1,0,0,0,1.71966990019414e-56,0.599505443334276,0,0,0.372570096941708,0,0,1.03271435095612e-06,2.64038234124408e-192,8.96858304165657e-24,0.665658573084876
1,0,1,1,0,0,1,0,0,1,1,1,0,0.269028295678878,0,3.58458130399311e-49,0.541478805374551,0,0,0.305612987963595,0,0,3.03657682321812e-57,1.50557038179148e-184,5.8899762773078e-63,1.04853265862421
0,1,1,1,0,0,1,0,0,1,1,1,0,0,1.12532036916351e-108,1.98757596754987e-56,0.599505449728053,0,0,0.372570073165609,0,0,1.00086852917108e-06,4.35286756802417e-192,1.01628044035067e-23,0.665658135385323
1,1,1,1,0,0,1,0,0,1,1,1,0,0.269028295678878,6.56480162744255e-97,4.25265855503481e-49,0.541478805374551,0,0,0.305612987963595,0,0,3.31031309668971e-57,2.67399189272949e-184,7.60363978711275e-63,1.04853265862421
0,0,0,0,1,0,1,0,0,1,1,1,0,0,0,0,0,0.712258253449538,0,0.32915387633611,0,0,0.00879158861336383,1.78928009265309e-177,1.69207287418156e-09,0.667020832989057
1,0,0,0,1,0,1,0,0,1,1,1,0,0.36428083538901,0,0,0,0.635807216015361,0,0.237947705248012,0,0,2.07904483904734e-66,8.83012160350787e-172,2.66302652755843e-62,1.01916992762669
0,1,0,0,1,0,1,0,0,1,1,1,0,0,1.03227499750488e-32,0,0,0.712258253339451,0,0.329153867352581,0,0,0.0087915768122695,4.25160737749211e-177,2.03457754556874e-09,0.667020788903436
1,1,0,0,1,0,1,0,0,1,1,1,0,0.364280835389008,1.42076080433178e-29,0,0,0.635807216015361,0,0.237947705248012,0,0,2.80932568966112e-66,2.49179390150532e-171,4.71482729483802e-62,1.01916992762669
0,0,1,0,1,0,1,0,0,1,1,1,0,0,0,6.30330613246256e-31,0,0.712258253187632,0,0.329153841420367,0,0,0.00879154289765516,3.51429792712049e-177,2.47709971629035e-09,0.667020651977975
1,0,1,0,1,0,1,0,0,1,1,1,0,0.364280835389008,0,1.37086215787475e-27,0,0.635807216015362,0,0.237947705248012,0,0,7.17283756025134e-67,1.12450498763896e-171,3.64627485033664e-62,1.01916992762669
0,1,1,0,1,0,1,0,0,1,1,1,0,0,1.14674815235908e-32,6.84107291940822e-31,0,0.712258253079175,0,0.329153830587104,0,0,0.00879152868876926,7.13376473334323e-177,2.81016918310932e-09,0.667020597300415
1,1,1,0,1,0,1,0,0,1,1,1,0,0.364280835389008,1.15890883039853e-29,1.58321963453876e-27,0,0.635807216015362,0,0.237947705248012,0,0,9.50624169874012e-67,2.65263989454535e-171,5.78782190751954e-62,1.01916992762669
0,0,0,1,1,0,1,0,0,1,1,1,0,0,0,0,0.292386752105109,0.46982631256918,0,0.345856753806222,0,0,0.00303445808705149,6.26082431391003e-213,4.49696173767984e-15,1.09468031147846
1,0,0,1,1,0,1,0,0,1,1,1,0,0.335851588538069,0,0,0.236058144339668,0.44604303388734,0,0.261501353083417,0,0,3.54511392031498e-64,1.01178476559775e-201,1.29218293772966e-63,1.35479596427659
0,1,0,1,1,0,1,0,0,1,1,1,0,0,3.65633188110397e-94,0,0.29238727542501,0.469825872281807,0,0.345855928576272,0,0,0.00303330996907006,1.03438832111911e-212,4.97454132065392e-15,1.09467549482496
1,1,0,1,1,0,1,0,0,1,1,1,0,0.335851588538069,4.30131097764719e-80,0,0.236058144339668,0.44604303388734,0,0.261501353083417,0,0,3.85484127246771e-64,1.73345264016091e-201,1.61590201525532e-63,1.35479596427659
0,0,1,1,1,0,1,0,0,1,1,1,0,0,0,1.39463042328935e-71,0.29238941079359,0.469824075784877,0,0.345852560833355,0,0,0.00302862447541427,8.88431105289741e-213,5.52081224051067e-15,1.09465583359985
1,0,1,1,1,0,1,0,0,1,1,1,0,0.335851588538069,0,2.27998372355012e-61,0.236058144339668,0.44604303388734,0,0.261501353083417,0,0,2.27532522696771e-64,1.19394259842241e-201,1.57383182214455e-63,1.35479596427659
0,1,1,1,1,0,1,0,0,1,1,1,0,0,3.77076814431877e-94,1.62632886684755e-71,0.292390050215192,0.469823537855928,0,0.345851552244242,0,0,0.00302722122299939,1.38689011766149e-212,5.99286381974913e-15,1.09464994392095
1,1,1,1,1,0,1,0,0,1,1,1,0,0.335851588538069,3.9725312641199e-80,2.67793748911971e-61,0.236058144339668,0.44604303388734,0,0.261501353083417,0,0,2.47015288463585e-64,1.93476935343395e-201,1.91163527603368e-63,1.35479596427659
0,0,0,0,0,1,1,0,0,1,1,1,0,0,0,0,0,0,0.185100432647839,0.385212354542365,0,0,1.11111230821803e-08,5.1272706312852e-82,5.3335440215184e-82,0.630258982646816
1,0,0,0,0,1,1,0,0,1,1,1,0,0.316635212877441,0,0,0,0,0.0959080581123547,0.290365402929696,0,0,3.83796685403572e-65,2.25211774074624e-49,3.71445542336725e-97,0.996218496394465
0,1,0,0,0,1,1,0,0,1,1,1,0,0,0.393818275660713,0,0,0,0.217109758536444,0.275242478960991,0,0,0.0274368002711853,9.48587057750631e-111,2.14587312945812e-54,1.17095234009016
1,1,0,0,0,1,1,0,0,1,1,1,0,0.33362050657427,0.408427959036165,0,0,0,0.130126332068977,0.15128106010943,0,0,8.84800362621444e-43,7.0429486661745e-74,1.58824186241025e-64,1.27680699898152
0,0,1,0,0,1,1,0,0,1,1,1,0,0,0,0.346922611314124,0,0,0.190747265090753,0.365812338333051,0,0,6.38367625950991e-115,5.9336672999074e-186,7.36367655387801e-77,1.06197250315764
1,0,1,0,0,1,1,0,0,1,1,1,0,0.319080277746696,0,0.344938235859657,0,0,0.10083384279593,0.270343951045311,0,0,7.38205326039496e-172,1.54103981808866e-152,2.5234563412213e-92,1.3064325051903
0,1,1,0,0,1,1,0,0,1,1,1,0,0,2.14066009713851e-14,0.34692261131411,0,0,0.190747265090756,0.365812338333045,0,0,1.1335677102337e-113,2.22978952106665e-185,1.99035556187031e-76,1.06197250315838
1,1,1,0,0,1,1,0,0,1,1,1,0,0.319080277746711,2.42252441718525e-13,0.34493823585952,0,0,0.100833842795957,0.270343951045231,0,0,1.64245314559014e-170,6.28989486964537e-152,7.35826487093969e-92,1.30643250519709
0,0,0,1,0,1,1,0,0,1,1,1,0,0,0,0,0.540422489940697,0,0.17842167865711,0.408157597982719,0,0,7.75012839306363e-13,3.2697424328414e-267,1.29048995780757e-87,1.01206835737674
1,0,0,1,0,1,1,0,0,1,1,1,0,0.313934362757646,0,0,0.501835452974005,0,0.0904669729616059,0.312481356334603,0,0,1.18716996589874e-68,1.67962726329239e-221,2.93264446333834e-102,1.25676088326328
0,1,0,1,0,1,1,0,0,1,1,1,0,0,7.9039362086206e-114,0,0.540422489940696,0,0.178421678657107,0.408157597982731,0,0,7.91179788090519e-13,5.44343735546252e-267,1.59546039437962e-87,1.01206835737713
1,1,0,1,0,1,1,0,0,1,1,1,0,0.313934362757649,1.46874244445986e-97,0,0.501835452974002,0,0.0904669729616067,0.312481356334604,0,0,1.33215316915486e-68,2.98750023960261e-221,3.78590767352571e-102,1.25676088326329
0,0,1,1,0,1,1,0,0,1,1,1,0,0,0,1.65494020694999e-66,0.54042248994072,0,0.178421678657152,0.408157597982598,0,0,6.05801327817192e-13,3.81695743451915e-267,1.74622822231879e-87,1.01206835737269
1,0,1,1,0,1,1,0,0,1,1,1,0,0.313934362757649,0,4.40067725763287e-53,0.501835452974002,0,0.0904669729616067,0.312481356334604,0,0,5.00399237071247e-69,1.67893665746949e-221,3.5608115898469e-102,1.25676088326329
0,1,1,1,0,1,1,0,0,1,1,1,0,0,8.73883455718715e-114,1.88580700041671e-66,0.540422489940717,0,0.178421678657147,0.408157597982612,0,0,6.25630032747037e-13,5.9030245527261e-267,2.07237475732668e-87,1.01206835737317
1,1,1,1,0,1,1,0,0,1,1,1,0,0.313934362757649,1.48394135263457e-97,5.17327839547983e-53,0.501835452974002,0,0.0904669729616067,0.312481356334604,0,0,5.60303140046614e-69,2.74089423446856e-221,4.39845079048345e-102,1.25676088326329
0,0,0,0,1,1,1,0,0,1,1,1,0,0,0,0,0,0.712258253590959,1.50541464937994e-132,0.329153888410163,0,0,0.00879160446833913,9.14263274919136e-178,1.25325527346722e-09,0.667020892519374
1,0,0,0,1,1,1,0,0,1,1,1,0,0.36428083538901,0,0,0,0.635807216015361,2.0794105082394e-149,0.237947705248012,0,0,2.19345263401695e-66,5.54264904204795e-172,1.6990199913801e-62,1.01916992762669
0,1,0,0,1,1,1,0,0,1,1,1,0,0,9.44574109284928e-33,0,0,0.71225825352586,4.18240965550096e-132,0.329153884060431,0,0,0.00879159874364543,1.82977727365014e-177,1.45791329391812e-09,0.667020871916822
1,1,0,0,1,1,1,0,0,1,1,1,0,0.364280835389008,1.41776698413162e-29,0,0,0.635807216015361,7.87405261693435e-149,0.237947705248012,0,0,2.98687651218022e-66,1.41407455982738e-171,2.79806479556565e-62,1.01916992762669
0,0,1,0,1,1,1,0,0,1,1,1,0,0,0,5.41547829844621e-31,0,0.712258253452418,5.96749537675855e-132,0.329153872145902,0,0,0.00879158315826092,1.37451227727277e-177,1.67336748409975e-09,0.667020809292213
1,0,1,0,1,1,1,0,0,1,1,1,0,0.364280835389008,0,1.35136525642021e-27,0,0.635807216015362,9.59396637623146e-149,0.237947705248012,0,0,7.97187254713638e-67,6.08000511112292e-172,2.07094144407811e-62,1.01916992762669
0,1,1,0,1,1,1,0,0,1,1,1,0,0,9.89921592785069e-33,5.70478429072136e-31,0,0.712258253401168,1.28558183253539e-131,0.329153869018141,0,0,0.0087915790377702,2.36236942634711e-177,1.83513883197556e-09,0.667020794698522
1,1,1,0,1,1,1,0,0,1,1,1,0,0.364280835389008,1.13905617303548e-29,1.54961115800063e-27,0,0.635807216015362,2.70210396555774e-148,0.237947705248012,0,0,1.06253969636171e-66,1.29211630624328e-171,3.05730305400949e-62,1.01916992762669
0,0,0,1,1,1,1,0,0,1,1,1,0,0,0,0,0.292384637140785,0.469828092025196,9.81651785337712e-66,0.345860088476191,0,0,0.00303909746283873,2.29507534112759e-213,2.67407185608534e-15,1.09469977058723
1,0,0,1,1,1,1,0,0,1,1,1,0,0.335851588538069,0,0,0.236058144339668,0.44604303388734,2.81229773667645e-94,0.261501353083417,0,0,3.62856264346407e-64,5.36243366121038e-202,7.08829653215301e-64,1.35479596427659
0,1,0,1,1,1,1,0,0,1,1,1,0,0,3.1533779211947e-94,0,0.292384703093525,0.469828036533387,1.23684720391302e-65,0.345859984499101,0,0,0.00303895280545984,3.2999595612232e-213,2.8226386455556e-15,1.09469916394889
1,1,0,1,1,1,1,0,0,1,1,1,0,0.335851588538069,4.2955175769351e-80,0,0.236058144339668,0.44604303388734,3.98636833383578e-94,0.261501353083417,0,0,3.96580094441123e-64,8.46883306775663e-202,8.35851230013515e-64,1.35479596427659
0,0,1,1,1,1,1,0,0,1,1,1,0,0,0,1.14499438833531e-71,0.292385576462711,0.469827301700671,1.85100742576682e-65,0.345858607532796,0,0,0.00303703710338952,2.61838805861482e-213,2.9549776134401e-15,1.09469112959042
1,0,1,1,1,1,1,0,0,1,1,1,0,0.335851588538069,0,2.23933678971969e-61,0.236058144339668,0.44604303388734,5.46431715002942e-94,0.261501353083417,0,0,2.38601231594011e-64,5.60485044607143e-202,7.76376756202052e-64,1.35479596427659
0,1,1,1,1,1,1,0,0,1,1,1,0,0,3.15733132814297e-94,1.29711246429534e-71,0.292385594269653,0.469827286718498,2.20998279558076e-65,0.345858579456853,0,0,0.00303699804263349,3.57666347999341e-213,3.06858983261464e-15,1.09469096575941
1,1,1,1,1,1,1,0,0,1,1,1,0,0.335851588538069,3.97342154527733e-80,2.60793523104886e-61,0.236058144339668,0.44604303388734,7.29866977612935e-94,0.261501353083417,0,0,2.60614578745902e-64,8.39141942842057e-202,8.91761746001252e-64,1.35479596427659
0,0,0,0,0,0,0,1,0,1,1,1,0,0,0,0,0,0,0,0,0.0855761971804982,0,1.17227291095215e-12,0.114649878167141,0.247763389895865,0.992575961752722
1,0,0,0,0,0,0,1,0,1,1,1,0,0.398310815224364,0,0,0,0,0,0,0.000146077643279146,0,1.72743049249016e-29,0.122625404474847,4.14103032203694e-12,0.54813292000809
0,1,0,0,0,0,0,1,0,1,1,1,0,0,0.513173850066245,0,0,0,0,0,2.95339491836391e-61,0,1.95053525948386e-68,2.0633874793825e-20,0.382017050024126,0.682375468276941
1,1,0,0,0,0,0,1,0,1,1,1,0,0.269028362233553,0.517014075389855,0,0,0,0,0,9.71234185856319e-69,0,4.54400038674966e-51,5.98107727847527e-08,0.153275815371145,0.98257889427173
0,0,1,0,0,0,0,1,0,1,1,1,0,0,0,0.531635853896199,0,0,0,0,1.6402411618993e-62,0,3.91415657237525e-239,1.10834605553123e-135,0.382017050024126,0.67967810877571
1,0,1,0,0,0,0,1,0,1,1,1,0,0.269028295678878,0,0.527505813411478,0,0,0,0,5.62277330632026e-71,0,8.37337788220357e-221,3.41862175304939e-121,0.153275925533447,0.97826983146062
0,1,1,0,0,0,0,1,0,1,1,1,0,0,5.43259058465715e-27,0.531635853896197,0,0,0,0,1.81041749562161e-62,0,4.17889894393378e-238,3.86970626821407e-135,0.382017050024126,0.67967810877571
1,1,1,0,0,0,0,1,0,1,1,1,0,0.269028295678878,2.82425409001607e-24,0.527505813411476,0,0,0,0,6.20454136925791e-71,0,1.27242077651765e-219,1.43196385343787e-120,0.153275925533447,0.978269831460621
0,0,0,1,0,0,0,1,0,1,1,1,0,0,0,0,0.522990777950013,0,0,0,1.35680038892388e-62,0,2.80402746943703e-69,4.04771654459724e-151,0.382017050024126,0.680965374358565
1,0,0,1,0,0,0,1,0,1,1,1,0,0.269028295678878,0,0,0.537574563423307,0,0,0,4.23196411478705e-71,0,3.77133753977234e-52,8.52848540691699e-143,0.153275925533447,0.974133050573838
0,1,0,1,0,0,0,1,0,1,1,1,0,0,7.11538041785957e-47,0,0.522990777950011,0,0,0,1.48172534229973e-62,0,2.95678548888258e-69,1.07438914945782e-150,0.382017050024126,0.680965374358565
1,1,0,1,0,0,0,1,0,1,1,1,0,0.269028295678878,1.97931821579136e-51,0,0.537574563423307,0,0,0,4.59770841320534e-71,0,3.9142835329227e-52,2.15338182575544e-142,0.153275925533447,0.974133050573838
0,0,1,1,0,0,0,1,0,1,1,1,0,0,0,0.266397646767748,0.294900652855137,0,0,0,1.12992429673042e-62,0,3.68683502203891e-154,4.17152726845333e-155,0.382017050024126,1.08665042848421
1,0,1,1,0,0,0,1,0,1,1,1,0,0.269028295678878,0,0.191384585463787,0.373710750926026,0,0,0,3.4271380093995e-71,0,7.90755524676997e-114,1.13259392183988e-145,0.153275925533447,1.32919902337915
0,1,1,1,0,0,0,1,0,1,1,1,0,0,1.21424634249206e-50,0.266397646767748,0.294900652855137,0,0,0,1.19968020312178e-62,0,4.85354611189549e-154,8.16384416562405e-155,0.382017050024126,1.08665042848421
1,1,1,1,0,0,0,1,0,1,1,1,0,0.269028295678878,4.02798269048005e-54,0.191384585463792,0.373710750926022,0,0,0,3.64023719479592e-71,0,1.08618751654113e-113,2.23721157050167e-145,0.153275925533447,1.32919902337915
0,0,0,0,1,0,0,1,0,1,1,1,0,0,0,0,0,0.576394059436309,0,0,3.63654673841861e-89,0,2.07170183807491e-69,1.81548208613184e-133,0.382017050024126,0.672437519806545
1,0,0,0,1,0,0,1,0,1,1,1,0,0.358810006518179,0,0,0,0.599289633552526,0,0,5.74756318537702e-102,0,9.23890952248874e-47,3.85755012350196e-122,0.0769390872679582,0.876859508164839
0,1,0,0,1,0,0,1,0,1,1,1,0,0,0.187808273081471,0,0,0.429780052104255,0,0,1.98180444780705e-82,0,2.21825624766831e-69,4.77674836988672e-110,0.382017050024126,1.04464838796891
1,1,0,0,1,0,0,1,0,1,1,1,0,0.339973668030692,0.159519210714864,0,0,0.47355776361922,0,0,1.80305791367288e-95,0,7.35655473306732e-48,9.43405067689102e-103,0.0929546711902478,1.22189375541442
0,0,1,0,1,0,0,1,0,1,1,1,0,0,0,0.531635853811934,0,1.13832468947246e-10,0,0,2.44123301294831e-63,0,8.09908111334828e-236,1.31803467496442e-136,0.382017050024126,0.679678111669773
1,0,1,0,1,0,0,1,0,1,1,1,0,0.269039459282706,0,0.527453881028309,0,7.24484358650338e-05,0,0,1.53008146709931e-72,0,1.50754150650362e-214,1.64040638059544e-122,0.153265703173187,0.979010218963378
0,1,1,0,1,0,0,1,0,1,1,1,0,0,9.39854602752954e-27,0.531635853805377,0,1.22689754451889e-10,0,0,2.57446584784504e-63,0,5.39029835111604e-235,3.99142953638779e-136,0.382017050024126,0.679678111884898
1,1,1,0,1,0,0,1,0,1,1,1,0,0.269039867221674,7.05013080364257e-24,0.527451983364703,0,7.50957463478128e-05,0,0,1.57063942752347e-72,0,1.51512421239917e-213,5.44051816147e-122,0.153265329588068,0.979034434948434
0,0,0,1,1,0,0,1,0,1,1,1,0,0,0,0,0.314769136781806,0.31406258846066,0,0,2.7258287081244e-77,0,1.87454912822866e-69,1.10379893952017e-167,0.382017050024126,1.09422984589174
1,0,0,1,1,0,0,1,0,1,1,1,0,0.318063214108185,0,0,0.323230568690746,0.327306285679665,0,0,3.43751042568167e-88,0,3.13491939463711e-49,1.69128887558704e-158,0.111584019659666,1.31733895885929
0,1,0,1,1,0,0,1,0,1,1,1,0,0,1.84499984649859e-39,0,0.314769136781806,0.31406258846066,0,0,3.08439051004219e-77,0,1.94893950371529e-69,2.74332038167438e-167,0.382017050024126,1.09422984589174
1,1,0,1,1,0,0,1,0,1,1,1,0,0.318063214108184,1.51098544870196e-44,0,0.323230568690746,0.327306285679665,0,0,3.92476176313887e-88,0,3.1412421222862e-49,3.80918186592814e-158,0.111584019659666,1.31733895885929
0,0,1,1,1,0,0,1,0,1,1,1,0,0,0,0.21435284490275,0.268190677685354,0.107498425495562,0,0,3.57780968649678e-68,0,2.95613799910538e-136,2.00370195850905e-160,0.382017050024126,1.29920262150309
1,0,1,1,1,0,0,1,0,1,1,1,0,0.312243373201413,0,0.0400192522077259,0.31439529504788,0.288469188339029,0,0,1.38823503883856e-85,0,1.09458477743067e-66,8.12930985526532e-157,0.116537692788646,1.43638184677268
0,1,1,1,1,0,0,1,0,1,1,1,0,0,4.69809273475356e-47,0.214352865517216,0.268190682019168,0.107498392672658,0,0,3.91703309523735e-68,0,3.06648247359571e-136,3.94079728542164e-160,0.382017050024126,1.29920259547812
1,1,1,1,1,0,0,1,0,1,1,1,0,0.312241866470138,2.39969214489712e-46,0.0400290625499731,0.314393336429029,0.288459268482174,0,0,1.54073376445968e-85,0,1.10706211058964e-66,1.56645229843929e-156,0.116539046689804,1.43640159804851
0,0,0,0,0,1,0,1,0,1,1,1,0,0,0,0,0,0,0.306606495780451,0,0.185161547666533,0,0.122628886265249,1.90368049119213e-64,1.37715929763132e-22,1.02997540410091
1,0,0,0,0,1,0,1,0,1,1,1,0,0.352095290900258,0,0,0,0,0.167345307651026,0,1.5901085457166e-39,0,1.56394320827465e-18,1.23851546355306e-23,7.22138958466367e-29,0.628490225420088
0,1,0,0,0,1,0,1,0,1,1,1,0,0,0.480373223209415,0,0,0,0.306606495780451,0,0.185161547666533,0,0.122628886265249,8.78455596524008e-108,1.86732760747735e-22,1.26366821525808
1,1,0,0,0,1,0,1,0,1,1,1,0,0.352095290900258,0.484698872731938,0,0,0,0.167345307651026,0,1.29161889969156e-39,0,1.87869466517307e-18,3.13816306654454e-67,1.0759717486128e-28,1.01766605699238
0,0,1,0,0,1,0,1,0,1,1,1,0,0,0,0.526082132321528,0,0,0.306606495780451,0,0.185161547666533,0,1.37461826452451e-103,6.6373015178616e-216,2.64778515028074e-22,1.01258229323584
1,0,1,0,0,1,0,1,0,1,1,1,0,0.352095290900256,0,0.503380196051605,0,0,0.167345307651026,0,1.93501945743352e-39,0,6.39699680283576e-179,9.1820414446826e-177,1.59776045698507e-28,1.01220330910497
0,1,1,0,0,1,0,1,0,1,1,1,0,0,3.00557303820257e-34,0.526082132321528,0,0,0.306606495780451,0,0.185161547666533,0,8.35351900338908e-103,1.9865262432627e-215,2.66492343394693e-22,1.01258229323584
1,1,1,0,0,1,0,1,0,1,1,1,0,0.352095290900256,5.79722728824987e-26,0.503380196051603,0,0,0.167345307651026,0,1.85678071563734e-39,0,6.90710929064085e-178,3.54133665974445e-176,1.57901779287658e-28,1.01220330910497
0,0,0,1,0,1,0,1,0,1,1,1,0,0,0,0,0.526796831464472,0,0.306606495780451,0,0.185161547666533,0,0.122628886265249,5.76635987208142e-243,2.82963203264187e-22,1.24471718266694
1,0,0,1,0,1,0,1,0,1,1,1,0,0.352095290900258,0,0,0.522778575534089,0,0.167345307651026,0,1.08257290599365e-39,0,1.96416110585906e-18,1.38841054615329e-200,1.38707304938338e-28,1.00638071302211
0,1,0,1,0,1,0,1,0,1,1,1,0,0,1.29778766353263e-58,0,0.526796831464472,0,0.306606495780451,0,0.185161547666533,0,0.122628886265249,1.50150340381538e-242,2.82299797193958e-22,1.24471718266694
1,1,0,1,0,1,0,1,0,1,1,1,0,0.352095290900258,1.14612835784112e-55,0,0.522778575534089,0,0.167345307651026,0,1.08497249015708e-39,0,1.95923093241816e-18,3.52835699351656e-200,1.38400778637264e-28,1.00638071302211
0,0,1,1,0,1,0,1,0,1,1,1,0,0,0,0.196314623960405,0.366646459739631,0,0.306606495780451,0,0.185161547666533,0,0.0086717937291717,2.60590577675696e-240,3.20933948231643e-22,1.38120278143657
1,0,1,1,0,1,0,1,0,1,1,1,0,0.352095290900256,0,0.1443337525565,0.399199767404284,0,0.167345307651026,0,1.683220977769e-39,0,1.98249633138154e-65,7.73059355845506e-203,1.72077916498292e-28,1.29596175194876
0,1,1,1,0,1,0,1,0,1,1,1,0,0,1.47408498243788e-63,0.196314634059578,0.366646449444958,0,0.306606495780451,0,0.185161547666533,0,0.00867181061174217,4.88181843896524e-240,3.18821620403306e-22,1.3812028418495
1,1,1,1,0,1,0,1,0,1,1,1,0,0.352095290900256,9.49054913278343e-58,0.144333752556986,0.399199767403839,0,0.167345307651026,0,1.64266897874246e-39,0,2.42552036410229e-65,1.52656663516619e-202,1.69890345434419e-28,1.29596175194922
0,0,0,0,1,1,0,1,0,1,1,1,0,0,0,0,0,0.576394059436309,2.20448094997616e-151,0,7.07570430514973e-89,0,3.73226228193262e-69,1.18886936036265e-133,0.382017050024126,0.672437519806545
1,0,0,0,1,1,0,1,0,1,1,1,0,0.358810006518179,0,0,0,0.599289633552526,9.18492686239529e-132,0,1.04563314654627e-101,0,1.72324721604957e-46,2.90873764253247e-122,0.0769390872679582,0.876859508164839
0,1,0,0,1,1,0,1,0,1,1,1,0,0,0.187808273081471,0,0,0.429780052104255,1.15501207033665e-109,0,4.86334601600355e-82,0,4.90880351650106e-69,3.03908701135972e-110,0.382017050024126,1.04464838796891
1,1,0,0,1,1,0,1,0,1,1,1,0,0.339973668030692,0.159519210714864,0,0,0.47355776361922,3.3531543526808e-97,0,3.88155502327831e-95,0,1.54694442938107e-47,7.51374069063456e-103,0.0929546711902478,1.22189375541442
0,0,1,0,1,1,0,1,0,1,1,1,0,0,0,0.540219155932666,0,1.98161215702939e-10,0.144918455533442,0,3.71479667976894e-14,0,1.36834790753526e-196,9.61725567244717e-171,0.225630073850427,0.947972450999311
1,0,1,0,1,1,0,1,0,1,1,1,0,0.348205788736636,0,0.495260887897073,0,0.0188922780180876,0.153809404165177,0,2.51619010465715e-44,0,8.96100659184894e-177,9.63783463356267e-165,4.73415271768519e-19,1.07715260552055
0,1,1,0,1,1,0,1,0,1,1,1,0,0,1.10336515218456e-28,0.540219156487813,0,2.12717024699029e-10,0.144918460214315,0,1.09408939106165e-13,0,1.98730102202012e-195,1.37701370980082e-170,0.225630068002187,0.947972452783932
1,1,1,0,1,1,0,1,0,1,1,1,0,0.348196872647282,4.29978799770852e-25,0.495243389851692,0,0.0189334556089191,0.153779219400235,0,3.6956106904809e-44,0,1.19627516416383e-175,2.88158656978634e-164,5.38983579496068e-19,1.07725253238366
0,0,0,1,1,1,0,1,0,1,1,1,0,0,0,0,0.314769136781806,0.31406258846066,4.69357296954273e-77,0,8.50104326947556e-77,0,4.96376193688491e-69,4.4744260076965e-168,0.382017050024126,1.09422984589174
1,0,0,1,1,1,0,1,0,1,1,1,0,0.318063214108185,0,0,0.323230568690746,0.327306285679665,1.18990083101564e-57,0,8.92971253926596e-88,0,7.61891539769152e-49,9.13972324702975e-159,0.111584019659665,1.31733895885929
0,1,0,1,1,1,0,1,0,1,1,1,0,0,1.67832379509809e-39,0,0.314769136781806,0.31406258846066,8.51276242725857e-77,0,1.14319861239963e-76,0,6.10402549061496e-69,9.51784381159932e-168,0.382017050024126,1.09422984589174
1,1,0,1,1,1,0,1,0,1,1,1,0,0.318063214108185,1.41173319716156e-44,0,0.323230568690746,0.327306285679665,2.0125150245563e-57,0,1.14661846538261e-87,0,8.55966662007322e-49,1.89023172909548e-158,0.111584019659665,1.31733895885929
0,0,1,1,1,1,0,1,0,1,1,1,0,0,0,0.214352838812434,0.268190676404979,0.107498435192723,2.06035170070269e-20,0,2.22418763840594e-67,0,2.12806007528111e-135,4.84524139043969e-161,0.382017050024126,1.29920262919188
1,0,1,1,1,1,0,1,0,1,1,1,0,0.312243526570538,0,0.0400182536028037,0.314395494425221,0.288470198078079,1.47473209397495e-43,0,5.82728830255439e-85,0,4.09793413426111e-66,3.2249012142258e-157,0.116537554978059,1.43637983613293
0,1,1,1,1,1,0,1,0,1,1,1,0,0,3.87762519259653e-47,0.21435285785911,0.26819068040919,0.107498404866102,3.03158285956087e-20,0,2.95895682299475e-67,0,2.69725448932993e-135,7.94426891077088e-161,0.382017050024126,1.29920260514619
1,1,1,1,1,1,0,1,0,1,1,1,0,0.312242083840734,2.1238839619085e-46,0.0400276472666166,0.314393618979796,0.288460699579429,2.19713140258889e-43,0,7.41636755137837e-85,0,4.70975869796709e-66,5.56494038931997e-157,0.116538851365173,1.43639874879278
0,0,0,0,0,0,1,1,0,1,1,1,0,0,0,0,0,0,0,0.357108199423473,4.88080711483883e-222,0,0.000361067453209859,0.0367115160494031,2.94616163604073e-25,0.316962556766334
1,0,0,0,0,0,1,1,0,1,1,1,0,0.280780865000812,0,0,0,0,0,0.281812255816651,2.98284811346243e-271,0,2.10039220461244e-55,0.0111473967252519,1.68779608333164e-60,0.775487945521727
0,1,0,0,0,0,1,1,0,1,1,1,0,0,0.475370164578974,0,0,0,0,0.203467049671697,8.0646717260094e-147,0,5.93106568869535e-19,1.21770787799294e-17,0.129687799104264,0.953021652744831
1,1,0,0,0,0,1,1,0,1,1,1,0,0.26903041269253,0.496390794113863,0,0,0,0,0.111011719388535,2.11698710830966e-117,0,8.40571706801958e-25,1.93386410534714e-06,0.0155959551736193,1.01779103852068
0,0,1,0,0,0,1,1,0,1,1,1,0,0,0,0.43669909909934,0,0,0,0.319583006011693,7.46460145866828e-203,0,2.21467186040599e-135,2.84143166674205e-110,1.35716407763614e-06,0.681132655637278
1,0,1,0,0,0,1,1,0,1,1,1,0,0.269028295678878,0,0.399346242924247,0,0,0,0.257463001701322,9.44835280186979e-249,0,4.51982748608036e-175,5.72195651138199e-112,4.20788615655487e-47,1.07771883105994
0,1,1,0,0,0,1,1,0,1,1,1,0,0,5.86427440208191e-14,0.436698795108148,0,0,0,0.319583138266996,8.24466485792481e-202,0,2.52195235892659e-134,1.488433945306e-109,1.96995855664653e-06,0.681142748496455
1,1,1,0,0,0,1,1,0,1,1,1,0,0.269028295678878,2.8357196549265e-13,0.399346242924112,0,0,0,0.257463001701223,9.69833860540396e-247,0,1.20132417180739e-173,3.87411197161225e-111,1.94759411201619e-46,1.07771883106875
0,0,0,1,0,0,1,1,0,1,1,1,0,0,0,0,0.599505352459983,0,0,0.372570434869344,2.55933496063291e-252,0,1.48533560234419e-06,1.99640429465046e-192,5.74749049866252e-24,0.665664697073404
1,0,0,1,0,0,1,1,0,1,1,1,0,0.269028295678878,0,0,0.541478805374551,0,0,0.305612987963595,6.71233664640189e-294,0,8.55688926359044e-57,1.37757631896274e-184,3.87925420066299e-63,1.04853265862421
0,1,0,1,0,0,1,1,0,1,1,1,0,0,9.39163978016791e-109,0,0.599505358070324,0,0,0.372570414006595,5.42170888647425e-252,0,1.45739201163711e-06,3.59468758932446e-192,6.82597970792688e-24,0.665664323631501
1,1,0,1,0,0,1,1,0,1,1,1,0,0.269028295678878,6.39229281524401e-97,0,0.541478805374551,0,0,0.305612987963595,1.90404992059631e-293,0,9.48946070326772e-57,2.69888601956191e-184,5.28616378507721e-63,1.04853265862421
0,0,1,1,0,0,1,1,0,1,1,1,0,0,0,1.70555813725831e-56,0.59950543193648,0,0,0.3725701393259,7.70894153624966e-252,0,1.08948392694094e-06,2.79235183677624e-192,8.39748318854765e-24,0.665659350858298
1,0,1,1,0,0,1,1,0,1,1,1,0,0.269028295678878,0,3.60391611397332e-49,0.541478805374551,0,0,0.305612987963595,1.30863037008949e-293,0,3.18932901856235e-57,1.58653821477544e-184,5.44734594927355e-63,1.04853265862421
0,1,1,1,0,0,1,1,0,1,1,1,0,0,1.09928817366472e-108,1.96450641565325e-56,0.599505436984524,0,0,0.372570120554088,1.37935722758865e-251,0,1.06434088079669e-06,4.58508122456777e-192,9.50634869947004e-24,0.66565900677031
1,1,1,1,0,0,1,1,0,1,1,1,0,0.269028295678878,6.54646831049911e-97,4.26831103316091e-49,0.541478805374551,0,0,0.305612987963595,3.09127396595456e-293,0,3.49103704193161e-57,2.80626155127042e-184,7.00643995078935e-63,1.04853265862421
0,0,0,0,1,0,1,1,0,1,1,1,0,0,0,0,0,0.712258253479612,0,0.329153879132129,1.83696850760078e-244,0,0.00879159228250883,1.78515707888757e-177,1.59925860891827e-09,0.667020846941287
1,0,0,0,1,0,1,1,0,1,1,1,0,0.36428083538901,0,0,0,0.635807216015361,0,0.237947705248012,3.33937670045144e-297,0,2.15532717422283e-66,9.04205410756496e-172,2.47041504079781e-62,1.01916992762669
0,1,0,0,1,0,1,1,0,1,1,1,0,0,9.7317298881814e-33,0,0,0.712258253378942,0,0.329153871225756,5.80658588417487e-244,0,0.00879158189296577,4.14995488913453e-177,1.91314591222449e-09,0.667020808377868
1,1,0,0,1,0,1,1,0,1,1,1,0,0.364280835389008,1.38330214281767e-29,0,0,0.635807216015361,0,0.237947705248012,1.98712671576039e-296,0,2.90376916912049e-66,2.48526025050427e-171,4.30291358141906e-62,1.01916992762669
0,0,1,0,1,0,1,1,0,1,1,1,0,0,0,5.89201196089277e-31,0,0.712258253242157,0,0.329153849074436,8.31750265451058e-244,0,0.00879155291661749,3.4783358057206e-177,2.31451795080619e-09,0.667020691846758
1,0,1,0,1,0,1,1,0,1,1,1,0,0.364280835389008,0,1.34234157181136e-27,0,0.635807216015362,0,0.237947705248012,6.93290501602492e-297,0,7.71042026090453e-67,1.15050809411361e-171,3.3791841980442e-62,1.01916992762669
0,1,1,0,1,0,1,1,0,1,1,1,0,0,1.07525803517541e-32,6.34068626440425e-31,0,0.712258253144581,0,0.32915384003915,1.97930115958375e-243,0,0.00879154105948245,6.90955891139387e-177,2.61573603701105e-09,0.667020646667343
1,1,1,0,1,0,1,1,0,1,1,1,0,0.364280835389008,1.13372610656505e-29,1.54388718669092e-27,0,0.635807216015362,0,0.237947705248012,2.92615991097043e-296,0,1.02051035589424e-66,2.664501208563e-171,5.30339945662486e-62,1.01916992762669
0,0,0,1,1,0,1,1,0,1,1,1,0,0,0,0,0.292386313684159,0.469826681432805,0,0.345857445124309,2.86056816294561e-249,0,0.00303541989351306,6.46862304497825e-213,4.22759528218004e-15,1.09468434618315
1,0,0,1,1,0,1,1,0,1,1,1,0,0.335851588538069,0,0,0.236058144339668,0.44604303388734,0,0.261501353083417,2.21479699280874e-299,0,3.66783361350523e-64,1.06169189377876e-201,1.2018836647166e-63,1.35479596427659
0,1,0,1,1,0,1,1,0,1,1,1,0,0,3.60121341615235e-94,0,0.292386740656358,0.469826322201484,0,0.345856771859418,4.92605059159336e-249,0,0.00303448320387211,1.06089414104901e-212,4.66128728539692e-15,1.09468041684536
1,1,0,1,1,0,1,1,0,1,1,1,0,0.335851588538069,4.33290128312158e-80,0,0.236058144339668,0.44604303388734,0,0.261501353083417,4.65787599324568e-299,0,3.99831990075854e-64,1.80570212290774e-201,1.49545502051258e-63,1.35479596427659
0,0,1,1,1,0,1,1,0,1,1,1,0,0,0,1.35627881659098e-71,0.292388603237019,0.469824755174518,0,0.34585383453637,6.25866045005147e-249,0,0.00303039657057467,9.20578637771312e-213,5.17140683120783e-15,1.09466327047317
1,0,1,1,1,0,1,1,0,1,1,1,0,0.335851588538069,0,2.28494315414947e-61,0.236058144339668,0.44604303388734,0,0.261501353083417,3.38611306183551e-299,0,2.38960891146242e-64,1.25339205778775e-201,1.46532935269966e-63,1.35479596427659
0,1,1,1,1,0,1,1,0,1,1,1,0,0,3.71224463614193e-94,1.57230841952605e-71,0.292389104567003,0.469824333408668,0,0.345853043835561,9.86117776252923e-249,0,0.00302929647483528,1.42326770096813e-212,5.59696578945478e-15,1.09465865386812
1,1,1,1,1,0,1,1,0,1,1,1,0,0.335851588538069,4.00660055952517e-80,2.67697238044962e-61,0.236058144339668,0.44604303388734,0,0.261501353083417,6.51394005013355e-299,0,2.60130920502833e-64,2.01939462051781e-201,1.77275311445545e-63,1.35479596427659
0,0,0,0,0,1,1,1,0,1,1,1,0,0,0,0,0,0,0.185100432631015,0.385212354595092,9.37936241333334e-264,0,1.11850622189755e-08,4.82857717703019e-82,4.51666214046524e-82,0.630258984829793
1,0,0,0,0,1,1,1,0,1,1,1,0,0.316635212877441,0,0,0,0,0.0959080581123547,0.290365402929696,2.82992217653474e-298,0,3.89895836121986e-65,2.20453464916836e-49,3.2920238416762e-97,0.996218496394465
0,1,0,0,0,1,1,1,0,1,1,1,0,0,0.393818275660713,0,0,0,0.217109758536444,0.275242478960991,1.19872147012815e-160,0,0.0274368002711853,8.9478253420258e-111,1.74198619226147e-54,1.17095234009016
1,1,0,0,0,1,1,1,0,1,1,1,0,0.33362050657427,0.408427959036165,0,0,0,0.130126332068977,0.15128106010943,2.36620906427698e-175,0,8.92784262601473e-43,6.94659270948106e-74,1.37445145388188e-64,1.27680699898152
0,0,1,0,0,1,1,1,0,1,1,1,0,0,0,0.346922611314124,0,0,0.190747265090753,0.365812338333051,8.66873040427798e-245,0,7.04286679982263e-115,5.85088852310544e-186,6.23862836170002e-77,1.06197250315764
1,0,1,0,0,1,1,1,0,1,1,1,0,0.319080277746696,0,0.344938235859657,0,0,0.10083384279593,0.270343951045311,2.043542671703e-280,0,7.80449832857345e-172,1.55672353263866e-152,2.22322961460653e-92,1.3064325051903
0,1,1,0,0,1,1,1,0,1,1,1,0,0,2.13618489116747e-14,0.34692261131411,0,0,0.190747265090756,0.365812338333045,3.36521651783057e-243,0,1.22562808420581e-113,2.15427178383779e-185,1.64621938832397e-76,1.06197250315838
1,1,1,0,0,1,1,1,0,1,1,1,0,0.319080277746711,2.41945290848154e-13,0.34493823585952,0,0,0.100833842795957,0.270343951045231,1.20745628950125e-278,0,1.7066321444233e-170,6.28749543532411e-152,6.39851115611935e-92,1.30643250519708
0,0,0,1,0,1,1,1,0,1,1,1,0,0,0,0,0.540422489940696,0,0.178421678657109,0.408157597982725,4.28087700667822e-285,0,7.8320142403147e-13,3.23236797777989e-267,1.09873757623125e-87,1.01206835737694
1,0,0,1,0,1,1,1,0,1,1,1,0,0.313934362757646,0,0,0.501835452974005,0,0.0904669729616059,0.312481356334603,5.85385281359022e-318,0,1.20491718485704e-68,1.71220576233899e-221,2.60136547235927e-102,1.25676088326328
0,1,0,1,0,1,1,1,0,1,1,1,0,0,7.7909436558651e-114,0,0.540422489940694,0,0.178421678657104,0.408157597982737,9.00464271949477e-285,0,8.00209694291569e-13,5.32377088618194e-267,1.33636450484982e-87,1.01206835737734
1,1,0,1,0,1,1,1,0,1,1,1,0,0.313934362757649,1.46905852375903e-97,0,0.501835452974002,0,0.0904669729616067,0.312481356334604,1.51782005872019e-317,0,1.35244155798256e-68,3.02141618944238e-221,3.32850622592135e-102,1.25676088326329
0,0,1,1,0,1,1,1,0,1,1,1,0,0,0,1.63729736619337e-66,0.540422489940718,0,0.178421678657149,0.408157597982609,1.1430992211667e-284,0,6.20969452666125e-13,3.76855750720667e-267,1.48011309419559e-87,1.01206835737306
1,0,1,1,0,1,1,1,0,1,1,1,0,0.313934362757649,0,4.41551129454141e-53,0.501835452974002,0,0.0904669729616067,0.312481356334604,1.02851226504839e-317,0,5.13586739376493e-69,1.71103758049057e-221,3.1518998398718e-102,1.25676088326329
0,1,1,1,0,1,1,1,0,1,1,1,0,0,8.60571198303369e-114,1.85821486906608e-66,0.540422489940715,0,0.178421678657143,0.408157597982624,2.07430812612451e-284,0,6.41888270784136e-13,5.75627344650185e-267,1.7313875234637e-87,1.01206835737356
1,1,1,1,0,1,1,1,0,1,1,1,0,0.313934362757649,1.48446907693488e-97,5.18039099107301e-53,0.501835452974002,0,0.0904669729616067,0.312481356334604,2.26520254843151e-317,0,5.75290755717924e-69,2.77570369055862e-221,3.86367587408427e-102,1.25676088326329
0,0,0,0,1,1,1,1,0,1,1,1,0,0,0,0,0,0.712258253620783,1.61443120696201e-132,0.329153890775644,1.798954849426e-244,0,0.00879160757648393,9.03783074383602e-178,1.16031453448266e-09,0.667020904041002
1,0,0,0,1,1,1,1,0,1,1,1,0,0.36428083538901,0,0,0,0.635807216015361,2.14334159386453e-149,0.237947705248012,2.77960781440302e-297,0,2.25322835660759e-66,5.61170118375705e-172,1.55472583969997e-62,1.01916992762669
0,1,0,0,1,1,1,1,0,1,1,1,0,0,8.9275499722198e-33,0,0,0.712258253564203,4.35372881881552e-132,0.329153887131582,5.39475958034099e-244,0,0.00879160277866581,1.75385350336103e-177,1.33849130282147e-09,0.667020886914672
1,1,0,0,1,1,1,1,0,1,1,1,0,0.364280835389008,1.37966809497986e-29,0,0,0.635807216015361,7.82938712358223e-149,0.237947705248012,1.54318506694782e-296,0,3.05034154384954e-66,1.39395369151485e-171,2.51443164184255e-62,1.01916992762669
0,0,1,0,1,1,1,1,0,1,1,1,0,0,0,5.07085943983494e-31,0,0.712258253499382,6.13303906242629e-132,0.329153876959204,7.43056582786139e-244,0,0.00879158947026325,1.33194005458463e-177,1.52941139254508e-09,0.667020833586531
1,0,1,0,1,1,1,1,0,1,1,1,0,0.364280835389008,0,1.32157357828895e-27,0,0.635807216015362,9.54894132838296e-149,0.237947705248012,5.4759578539052e-297,0,8.45435797704938e-67,6.14418350515942e-172,1.88745825230275e-62,1.01916992762669
0,1,1,0,1,1,1,1,0,1,1,1,0,0,9.30620157036686e-33,5.29973135495527e-31,0,0.712258253456132,1.29448863052751e-131,0.329153874540448,1.72097494281887e-243,0,0.0087915862805212,2.23178973691598e-177,1.66641810512427e-09,0.667020822522759
1,1,1,0,1,1,1,1,0,1,1,1,0,0.364280835389008,1.1133092718539e-29,1.50877895557776e-27,0,0.635807216015362,2.62390246271889e-148,0.237947705248012,2.14578983753498e-296,0,1.12206788777465e-66,1.2812267637999e-171,2.74939573240536e-62,1.01916992762669
0,0,0,1,1,1,1,1,0,1,1,1,0,0,0,0,0.292384380590982,0.469828307883913,9.78214200649354e-66,0.345860492930461,2.59213884544229e-249,0,0.00303966015616567,2.33406821111765e-213,2.44443889894349e-15,1.09470213024686
1,0,0,1,1,1,1,1,0,1,1,1,0,0.335851588538069,0,0,0.236058144339668,0.44604303388734,2.75907820848224e-94,0.261501353083417,1.77181701395434e-299,0,3.7160104237196e-64,5.56495950223908e-202,6.49403574946128e-64,1.35479596427659
0,1,0,1,1,1,1,1,0,1,1,1,0,0,3.11719270016129e-94,0,0.292384413987752,0.469828279784085,1.22513861459253e-65,0.345860440280592,4.31453446295129e-249,0,0.00303958690758265,3.31554371488077e-213,2.56201649502897e-15,1.09470182308397
1,1,0,1,1,1,1,1,0,1,1,1,0,0.335851588538069,4.3297899886801e-80,0,0.236058144339668,0.44604303388734,3.88285973379584e-94,0.261501353083417,3.55255276895316e-299,0,4.06313314357891e-64,8.71859558277629e-202,7.60790135286713e-64,1.35479596427659
0,0,1,1,1,1,1,1,0,1,1,1,0,0,0,1.11612807248062e-71,0.292385187968962,0.469827628568255,1.8166251842233e-65,0.345859220052591,5.3412597839197e-249,0,0.00303788927227671,2.64390615094794e-213,2.68334542745367e-15,1.09469470368835
1,0,1,1,1,1,1,1,0,1,1,1,0,0.335851588538069,0,2.24288002984156e-61,0.236058144339668,0.44604303388734,5.30861832882867e-94,0.261501353083417,2.57726231861519e-299,0,2.47198519487924e-64,5.81247385198266e-202,7.10167212035095e-64,1.35479596427659
0,1,1,1,1,1,1,1,0,1,1,1,0,0,3.11966308685957e-94,1.25775619788419e-71,0.292385173179754,0.469827641011541,2.15795241311682e-65,0.345859243369564,8.22136409958385e-249,0,0.00303792171198789,3.58169982675296e-213,2.76819140359195e-15,1.0946948397398
1,1,1,1,1,1,1,1,0,1,1,1,0,0.335851588538069,4.01048398036389e-80,2.60530684121892e-61,0.236058144339668,0.44604303388734,7.04957676061357e-94,0.261501353083417,4.7446394174378e-299,0,2.70151259938063e-64,8.64784470198634e-202,8.11113549695879e-64,1.35479596427659
0,0,0,0,0,0,0,0,1,1,1,1,0,0,0,0,0,0,0,0,0,0.0413101815398438,5.30402053798595e-19,0.112171527424558,0.237895216960443,0.898102747563864
1,0,0,0,0,0,0,0,1,1,1,1,0,0.484026785354386,0,0,0,0,0,0,0,0.175188401933832,2.32209073662925e-49,0.0777438608001085,1.32553454784869e-105,0.854896507102079
0,1,0,0,0,0,0,0,1,1,1,1,0,0,0.560319490312448,0,0,0,0,0,0,0.56078336168834,0.122628886265249,6.78561380320852e-05,2.50313353858914e-160,0.947333407159254
1,1,0,0,0,0,0,0,1,1,1,1,0,0.640897248548447,0.387453969778067,0,0,0,0,0,0,0.489702644752272,2.52480236139508e-86,1.19231543943772e-38,5.23972344168564e-275,1.07756420868573
0,0,1,0,0,0,0,0,1,1,1,1,0,0,0,0.535934623446375,0,0,0,0,0,0.663317991239175,1.34478995096989e-104,7.97148024884374e-113,9.06574796410057e-204,0.687495290621396
1,0,1,0,0,0,0,0,1,1,1,1,0,0.681564758125195,0,0.353974870123193,0,0,0,0,0,0.543256421806113,1.7804540489501e-204,1.89382244351738e-117,2.85096594202442e-299,1.06496250697098
0,1,1,0,0,0,0,0,1,1,1,1,0,0,1.35163332192629e-17,0.535934623446373,0,0,0,0,0,0.663317991239174,2.20172002007176e-104,1.99144466828586e-113,1.60404803274664e-208,0.687495290621397
1,1,1,0,0,0,0,0,1,1,1,1,0,0.681564758128003,1.34011889252374e-10,0.353974870023144,0,0,0,0,0,0.54325642180969,2.65146963640683e-207,5.62560061873749e-118,1.58594016017168e-309,1.06496250890621
0,0,0,1,0,0,0,0,1,1,1,1,0,0,0,0,0.529431524097282,0,0,0,0,0.890179979505979,0.12262888626525,2.35389551573583e-154,9.47137298955534e-315,0.885563110975294
1,0,0,1,0,0,0,0,1,1,1,1,0,0.810092396239883,0,0,0.353681770766745,0,0,0,0,0.712510466336691,1.66205513965321e-124,1.28257284885892e-152,1.97626258336499e-323,1.04486271452179
0,1,0,1,0,0,0,0,1,1,1,1,0,0,1.15774150096021e-50,0,0.529431524097282,0,0,0,0,0.890179979505979,0.12262888626525,6.62813144172432e-154,1.97256433945827e-314,0.885563110975294
1,1,0,1,0,0,0,0,1,1,1,1,0,0.810092396239882,4.33344590251986e-46,0,0.353681770766745,0,0,0,0,0.712510466336692,4.49555689014145e-126,9.03591029410918e-155,1.97626258336499e-323,1.04486271452179
0,0,1,1,0,0,0,0,1,1,1,1,0,0,0,0.0678955946390113,0.475367048555731,0,0,0,0,0.880789349014417,0.0832168404002806,4.54683714983575e-153,8.53480323575565e-310,0.977448839247572
1,0,1,1,0,0,0,0,1,1,1,1,0,0.810092396239882,0,3.89816334692873e-15,0.353681770766742,0,0,0,0,0.712510466336691,2.31607121415584e-127,4.06489854601515e-155,1.97626258336499e-323,1.04486271452186
0,1,1,1,0,0,0,0,1,1,1,1,0,0,1.42855406986424e-52,0.0678955956584359,0.475367047724748,0,0,0,0,0.880789348851086,0.0832168397137848,9.50144554797194e-153,1.42901809771036e-309,0.977448839759484
1,1,1,1,0,0,0,0,1,1,1,1,0,0.810092396239882,3.93829890196336e-46,3.98804015720448e-15,0.353681770766742,0,0,0,0,0.712510466336691,3.34726658859351e-127,8.21368604854379e-155,1.97626258336499e-323,1.04486271452186
0,0,0,0,1,0,0,0,1,1,1,1,0,0,0,0,0,0.64999270349582,0,0,0,0.50446244361779,0.122628886265249,3.85381535335148e-129,3.22625723506683e-134,0.935642403346917
1,0,0,0,1,0,0,0,1,1,1,1,0,0.719509517379292,0,0,0,0.515327634166497,0,0,0,0.491558381165937,1.04473479245986e-103,1.02114236002525e-151,4.10828678000678e-285,1.08332978985307
0,1,0,0,1,0,0,0,1,1,1,1,0,0,0.175890588235412,0,0,0.508853024686519,0,0,0,0.555703684373514,0.12262888626525,2.17802999159527e-109,2.08062942674538e-158,1.21453081085431
1,1,0,0,1,0,0,0,1,1,1,1,0,0.719509517398235,2.47799895260764e-10,0,0,0.515327633952378,0,0,0,0.491558381232401,6.54448645004199e-105,1.17310427677179e-153,8.26693959193885e-295,1.08332979308306
0,0,1,0,1,0,0,0,1,1,1,1,0,0,0,0.434768327176923,0,0.147087350125546,0,0,0,0.64765588695355,8.08184718666532e-71,9.07620513440043e-124,2.36374340651165e-200,0.959275462642168
1,0,1,0,1,0,0,0,1,1,1,1,0,0.719509538197086,0,5.52503672417331e-07,0,0.51532696345685,0,0,0,0.491558540430042,6.38917098856655e-107,4.22364866120422e-154,5.25314462774257e-295,1.08333451384879
0,1,1,0,1,0,0,0,1,1,1,1,0,0,3.33911432812948e-16,0.434768325566482,0,0.147087352382571,0,0,0,0.64765588665603,9.80964882643976e-70,3.67607175227703e-123,1.69444878922893e-200,0.959275464750928
1,1,1,0,1,0,0,0,1,1,1,1,0,0.719509533494594,1.36027134447124e-10,4.27423154440858e-07,0,0.515327115180349,0,0,0,0.491558504410972,1.89105232402005e-106,1.04854156668915e-153,2.52749316033191e-295,1.08333350976107
0,0,0,1,1,0,0,0,1,1,1,1,0,0,0,0,0.288420642632897,0.390159185572882,0,0,0,0.764878314899644,0.12262888626525,1.91843675820432e-172,4.52138367134165e-256,1.20727779227495
1,0,0,1,1,0,0,0,1,1,1,1,0,0.777977269266948,0,0,0.111768694679855,0.403304702078509,0,0,0,0.590653165531019,9.86914182200758e-119,9.49187920682177e-174,2.47032822920623e-323,1.22646445992118
0,1,0,1,1,0,0,0,1,1,1,1,0,0,2.12708464134013e-42,0,0.288420642632897,0.390159185572882,0,0,0,0.764878314899644,0.12262888626525,4.7986475894426e-172,5.77603656149375e-256,1.20727779227495
1,1,0,1,1,0,0,0,1,1,1,1,0,0.777977269266948,4.29781617804169e-38,0,0.111768694679855,0.403304702078509,0,0,0,0.590653165531019,1.12172847231622e-118,1.82358323381496e-173,2.47032822920623e-323,1.22646445992118
0,0,1,1,1,0,0,0,1,1,1,1,0,0,0,4.10318317056759e-09,0.288420642164547,0.390159181022354,0,0,0,0.764878315801302,0.122628883596622,5.85947435910511e-172,1.27815028047204e-256,1.20727784026283
1,0,1,1,1,0,0,0,1,1,1,1,0,0.777977269266948,0,2.67650656945922e-29,0.111768694679855,0.403304702078509,0,0,0,0.590653165531019,3.89176865230637e-119,1.20437510003135e-173,2.47032822920623e-323,1.22646445992118
0,1,1,1,1,0,0,0,1,1,1,1,0,0,1.0684217809084e-42,4.22550440286763e-09,0.288420642150584,0.390159180886697,0,0,0,0.764878315828181,0.122628883517067,1.19948302001222e-171,1.60345343925155e-256,1.20727784161415
1,1,1,1,1,0,0,0,1,1,1,1,0,0.777977269266948,3.84758722086216e-38,2.77015659366774e-29,0.111768694679855,0.403304702078509,0,0,0,0.590653165531019,4.75415477749736e-119,2.10408695223569e-173,2.47032822920623e-323,1.22646445992118
0,0,0,0,0,1,0,0,1,1,1,1,0,0,0,0,0,0,0.126838551194466,0,0,0.117473914313832,0.108525814051921,0.0307937494388609,0.021902954894593,1.42858714467745
1,0,0,0,0,1,0,0,1,1,1,1,0,0.484026785354386,0,0,0,0,8.17302192986677e-43,0,0,0.175188401933832,3.42050597276601e-49,0.0777438608001085,1.07377628192994e-105,0.854896507102079
0,1,0,0,0,1,0,0,1,1,1,1,0,0,0.560319721393496,0,0,0,5.14283201314954e-161,0,0,0.560784459771773,0.12262888626525,6.49043145797507e-05,1.88634196171928e-160,0.947312145728768
1,1,0,0,0,1,0,0,1,1,1,1,0,0.640897248548447,0.387453969778067,0,0,0,5.15394225494082e-213,0,0,0.489702644752272,2.88594448475267e-86,9.3157522146013e-39,4.69672052721265e-275,1.07756420868573
0,0,1,0,0,1,0,0,1,1,1,1,0,0,0,0.535934623446375,0,0,9.10430054205165e-206,0,0,0.663317991239175,1.63701341285064e-104,4.39532153786707e-113,7.0520787848888e-204,0.687495290621396
1,0,1,0,0,1,0,0,1,1,1,1,0,0.681564758125195,0,0.353974870123193,0,0,1.00204073558189e-237,0,0,0.543256421806113,2.11417321344891e-204,1.31205014866081e-117,2.52241115010209e-299,1.06496250697098
0,1,1,0,0,1,0,0,1,1,1,1,0,0,1.3472149026002e-17,0.535934623446373,0,0,1.450241999527e-210,0,0,0.663317991239174,2.35566786541309e-104,1.25469883330752e-113,1.3297482162339e-208,0.687495290621397
1,1,1,0,0,1,0,0,1,1,1,1,0,0.681564758127998,1.33771826601393e-10,0.353974870023323,0,0,3.2374555587064e-244,0,0,0.543256421809683,2.91060542319427e-207,4.09630489610092e-118,1.4108291235641e-309,1.0649625089029
0,0,0,1,0,1,0,0,1,1,1,1,0,0,0,0,0.529431524097282,0,8.95671846719762e-319,0,0,0.890179979505979,0.12262888626525,1.61512206623099e-154,9.41655428166698e-315,0.885563110975294
1,0,0,1,0,1,0,0,1,1,1,1,0,0.810092396239883,0,0,0.353681770766745,0,2.47032822920623e-323,0,0,0.712510466336691,1.78519441199952e-124,9.81919236025828e-153,1.97626258336499e-323,1.04486271452179
0,1,0,1,0,1,0,0,1,1,1,1,0,0,1.24129065343489e-50,0,0.529431524097282,0,1.99912794145452e-318,0,0,0.890179979505979,0.12262888626525,4.99827734831445e-154,2.01454076393562e-314,0.885563110975294
1,1,0,1,0,1,0,0,1,1,1,1,0,0.810092396239882,4.54002880455734e-46,0,0.353681770766745,0,2.47032822920623e-323,0,0,0.712510466336692,4.82550123585467e-126,7.25597951362473e-155,1.97626258336499e-323,1.04486271452179
0,0,1,1,0,1,0,0,1,1,1,1,0,0,0,0.0678955952318278,0.475367048072497,0,1.05472957717457e-313,0,0,0.880789348919437,0.0832168400010692,3.27526796597724e-153,9.12164135483523e-310,0.977448839545259
1,0,1,1,0,1,0,0,1,1,1,1,0,0.810092396239882,0,3.997318192789e-15,0.353681770766742,0,2.47032822920623e-323,0,0,0.712510466336691,2.33648637803083e-127,3.14906701703013e-155,1.97626258336499e-323,1.04486271452186
0,1,1,1,0,1,0,0,1,1,1,1,0,0,1.48945676648212e-52,0.0678955962810831,0.475367047217198,0,1.75507172472358e-313,0,0,0.880789348751327,0.083216839294485,7.18277401838015e-153,1.47522412524358e-309,0.977448840072152
1,1,1,1,0,1,0,0,1,1,1,1,0,0.810092396239882,4.07669517608291e-46,4.08970688105277e-15,0.353681770766742,0,2.47032822920623e-323,0,0,0.712510466336691,3.37514060933399e-127,6.55967125529416e-155,1.97626258336499e-323,1.04486271452186
0,0,0,0,1,1,0,0,1,1,1,1,0,0,0,0,0,0.64999270349582,1.45354113006495e-320,0,0,0.50446244361779,0.122628886265249,3.12267532626786e-129,3.06721960827166e-134,0.935642403346917
1,0,0,0,1,1,0,0,1,1,1,1,0,0.719509517379292,0,0,0,0.515327634166497,2.47032822920623e-323,0,0,0.491558381165937,1.12166694462064e-103,8.65685370972409e-152,3.97548031728343e-285,1.08332978985307
0,1,0,0,1,1,0,0,1,1,1,1,0,0,0.175890588235412,0,0,0.508853024686519,8.96452344411856e-305,0,0,0.555703684373514,0.12262888626525,1.98808019397193e-109,1.83012112451132e-158,1.21453081085431
1,1,0,0,1,1,0,0,1,1,1,1,0,0.719509517398752,2.54568915696225e-10,0,0,0.515327633946529,2.47032822920623e-323,0,0,0.491558381234216,6.95471532542213e-105,1.04558100956041e-153,7.82532588867857e-295,1.08332979316732
0,0,1,0,1,1,0,0,1,1,1,1,0,0,0,0.434768327384532,0,0.147087349834583,6.90768744435255e-248,0,0,0.647655886991904,6.03305887182332e-71,7.25743819312808e-124,1.87686665028779e-200,0.959275462370319
1,0,1,0,1,1,0,0,1,1,1,1,0,0.719509538788602,0,5.68202566327879e-07,0,0.515326944399235,2.47032822920623e-323,0,0,0.491558544955385,5.6806708711187e-107,3.51925095923872e-154,4.64325897640943e-295,1.08333463885542
0,1,1,0,1,1,0,0,1,1,1,1,0,0,3.24687071525265e-16,0.434768325799519,0,0.147087352055971,3.70581667559907e-248,0,0,0.647655886699082,7.32487175986364e-70,3.05439750220068e-123,1.35773741554663e-200,0.959275464445784
1,1,1,0,1,1,0,0,1,1,1,1,0,0.719509534028926,1.36231300761398e-10,4.41603933947799e-07,0,0.51532709796547,2.47032822920623e-323,0,0,0.491558508498762,1.73419433213711e-106,8.99835643886884e-154,2.27578002516975e-295,1.0833336247712
0,0,0,1,1,1,0,0,1,1,1,1,0,0,0,0,0.288420642632897,0.390159185572882,2.47032822920623e-323,0,0,0.764878314899644,0.12262888626525,1.515644892601e-172,4.04311828291064e-256,1.20727779227495
1,0,0,1,1,1,0,0,1,1,1,1,0,0.777977269266948,0,0,0.111768694679855,0.403304702078509,1.97626258336499e-323,0,0,0.590653165531019,1.01661629609036e-118,7.82848622666087e-174,2.47032822920623e-323,1.22646445992118
0,1,0,1,1,1,0,0,1,1,1,1,0,0,2.16848194615014e-42,0,0.288420642632897,0.390159185572882,2.47032822920623e-323,0,0,0.764878314899644,0.12262888626525,3.93800861218234e-172,5.19611115591703e-256,1.20727779227495
1,1,0,1,1,1,0,0,1,1,1,1,0,0.777977269266948,4.35996695523891e-38,0,0.111768694679855,0.403304702078509,1.97626258336499e-323,0,0,0.590653165531019,1.15511585365674e-118,1.53313840815742e-173,2.47032822920623e-323,1.22646445992118
0,0,1,1,1,1,0,0,1,1,1,1,0,0,0,4.19031013674619e-09,0.288420642154602,0.390159180925728,2.47032822920623e-323,0,0,0.764878315820448,0.122628883539957,4.7760411223074e-172,1.11344944001675e-256,1.20727784122558
1,0,1,1,1,1,0,0,1,1,1,1,0,0.777977269266948,0,2.76990648091981e-29,0.111768694679855,0.403304702078509,1.97626258336499e-323,0,0,0.590653165531019,3.91980726363198e-119,9.97077428639908e-174,2.47032822920623e-323,1.22646445992118
0,1,1,1,1,1,0,0,1,1,1,1,0,0,1.06592668901465e-42,4.31829026859665e-09,0.288420642139994,0.390159180783795,2.47032822920623e-323,0,0,0.764878315848571,0.122628883456721,1.0037981140627e-171,1.39887706601666e-256,1.20727784263767
1,1,1,1,1,1,0,0,1,1,1,1,0,0.777977269266948,3.88997394105686e-38,2.86732057594911e-29,0.111768694679855,0.403304702078509,1.97626258336499e-323,0,0,0.590653165531019,4.78881533293653e-119,1.7683986204952e-173,2.47032822920623e-323,1.22646445992118
0,0,0,0,0,0,1,0,1,1,1,1,0,0,0,0,0,0,0,0.351290835446503,0,0.163218916128263,0.00140686396407558,0.0153039304639985,7.11133229286732e-96,0.753971499750583
1,0,0,0,0,0,1,0,1,1,1,1,0,0.418880527168264,0,0,0,0,0,0.245350582858336,0,0.197335737539027,7.15483788434068e-81,2.56705171812641e-16,3.9875160720676e-170,1.04588685886862
0,1,0,0,0,0,1,0,1,1,1,1,0,0,0.431714894030148,0,0,0,0,0.227724743951159,0,0.474984400753256,0.0438707182273592,5.87237738442933e-31,5.6739573300957e-197,1.17430535746352
1,1,0,0,0,0,1,0,1,1,1,1,0,0.619995116997151,0.350268050672631,0,0,0,0,0.0751666254709726,0,0.462177278564418,7.8108799611406e-96,5.45206976765376e-48,9.26861507832644e-283,1.21649104672568
0,0,1,0,0,0,1,0,1,1,1,1,0,0,0,0.342255473177365,0,0,0,0.325193651321926,0,0.486297951420365,1.45168588073229e-104,1.65841693258137e-113,4.70350662647793e-229,1.08157025577144
1,0,1,0,0,0,1,0,1,1,1,1,0,0.614895990392232,0,0.262868160149034,0,0,0,0.182855920721107,0,0.455462397515364,6.11706664148248e-199,7.27162920057953e-119,2.37190401813901e-314,1.2862152613493
0,1,1,0,0,0,1,0,1,1,1,1,0,0,4.50800053009975e-06,0.342253125079599,0,0,0,0.325192190985141,0,0.486299003603854,2.87481448733447e-103,1.55876539860099e-113,7.71830602686254e-235,1.08161788858081
1,1,1,0,0,0,1,0,1,1,1,1,0,0.61490499091767,5.17463852983758e-05,0.262840169894879,0,0,0,0.182836932203547,0,0.45547411309898,1.63076032444201e-196,2.02518284069588e-117,1.5168279279671e-314,1.28653462793216
0,0,0,1,0,0,1,0,1,1,1,1,0,0,0,0,0.482579429652281,0,0,0.367304743692271,0,0.835910642780522,1.28628339745913e-05,3.02601834179424e-207,1.97626258336499e-323,1.03799706681597
1,0,0,1,0,0,1,0,1,1,1,1,0,0.789044319253964,0,0,0.333530348683293,0,0,0.171869611935018,0,0.684792909150441,1.33152103112533e-151,6.81509506730811e-179,1.97626258336499e-323,1.24612492945393
0,1,0,1,0,0,1,0,1,1,1,1,0,0,1.51925027950077e-102,0,0.482579413377382,0,0,0.367304818952565,0,0.835910615197648,1.29638079239654e-05,5.39068775983312e-207,1.97626258336499e-323,1.03799773533347
1,1,0,1,0,0,1,0,1,1,1,1,0,0.789044319253965,1.8296825242419e-69,0,0.333530348683293,0,0,0.171869611935016,0,0.684792909150441,6.22997607500049e-154,4.79004734626165e-182,1.97626258336499e-323,1.24612492945393
0,0,1,1,0,0,1,0,1,1,1,1,0,0,0,4.84188443537874e-75,0.482579510366271,0,0,0.36730437044471,0,0.835910779575473,1.23620606469635e-05,4.11801167339931e-207,1.97626258336499e-323,1.0379937443264
1,0,1,1,0,0,1,0,1,1,1,1,0,0.789044319253964,0,1.22076607376905e-50,0.333530348683293,0,0,0.171869611935017,0,0.684792909150441,2.57459042159055e-154,2.73982434654691e-182,1.97626258336499e-323,1.24612492945393
0,1,1,1,0,0,1,0,1,1,1,1,0,0,1.70719566039295e-102,5.55403363001651e-75,0.482579486159598,0,0,0.367304482384267,0,0.835910738549737,1.25122462311262e-05,6.73658468377369e-207,1.97626258336499e-323,1.03799474200713
1,1,1,1,0,0,1,0,1,1,1,1,0,0.789044319253964,1.841863786418e-69,1.47264364942306e-50,0.333530348683293,0,0,0.171869611935017,0,0.684792909150441,3.39827097975261e-154,4.95858612981352e-182,1.97626258336499e-323,1.24612492945393
0,0,0,0,1,0,1,0,1,1,1,1,0,0,0,0,0,0.672991912386693,0,0.330158717813126,0,0.526439735228394,0.00844413673285674,7.9830814359444e-202,6.73997423668216e-256,1.08750199781499
1,0,0,0,1,0,1,0,1,1,1,1,0,0.725201214065993,0,0,0,0.522942247997361,0,0.155264608775061,0,0.497551351688233,5.94972148891577e-134,8.47753266093633e-188,2.47032822920623e-323,1.27811423012313
0,1,0,0,1,0,1,0,1,1,1,1,0,0,1.48883476261295e-49,0,0,0.67299191238825,0,0.330158718103357,0,0.526439735210392,0.00844413711160937,1.5358607662961e-201,5.56894300825376e-256,1.08750199891396
1,1,0,0,1,0,1,0,1,1,1,1,0,0.725201214065991,5.80461498686578e-44,0,0,0.522942247997359,0,0.155264608775061,0,0.497551351688232,8.75876023364512e-136,2.66384717921104e-191,2.47032822920623e-323,1.27811423012313
0,0,1,0,1,0,1,0,1,1,1,1,0,0,0,5.73186173119166e-59,0,0.672991912381077,0,0.330158716766016,0,0.526439735293342,0.00844413536637954,1.25748931089463e-201,6.31130636621593e-256,1.08750199385009
1,0,1,0,1,0,1,0,1,1,1,1,0,0.725201214065991,0,1.3759901038413e-52,0,0.522942247997359,0,0.155264608775062,0,0.497551351688232,4.17439846747472e-136,1.56652007548836e-191,2.47032822920623e-323,1.27811423012313
0,1,1,0,1,0,1,0,1,1,1,1,0,0,1.58205963597133e-49,5.77189659506762e-59,0,0.672991912383787,0,0.33015871727121,0,0.526439735262007,0.00844413602565755,2.14395272373179e-201,5.39310581350661e-256,1.08750199576302
1,1,1,0,1,0,1,0,1,1,1,1,0,0.725201214065991,5.38592226486076e-44,1.52398052732233e-52,0,0.522942247997359,0,0.155264608775061,0,0.497551351688232,5.20238378212259e-136,2.90475228777121e-191,2.47032822920623e-323,1.27811423012313
0,0,0,1,1,0,1,0,1,1,1,1,0,0,0,0,0.15832132408239,0.531011475631662,0,0.339471626988198,0,0.670008342346709,0.00522483896683078,8.37279694550905e-228,2.96439387504748e-323,1.29028601916608
1,0,0,1,1,0,1,0,1,1,1,1,0,0.754208561399572,0,0,0.0556355403461537,0.467051221025519,0,0.152635602453372,0,0.546776674598554,1.89425798196754e-142,5.44248669683918e-201,2.47032822920623e-323,1.36232849817709
0,1,0,1,1,0,1,0,1,1,1,1,0,0,1.15220586948233e-87,0,0.158321320012771,0.531011479402006,0,0.339471634124259,0,0.670008338219097,0.00522484879673897,1.33001921519835e-227,2.96439387504748e-323,1.29028604445672
1,1,0,1,1,0,1,0,1,1,1,1,0,0.75420856139957,7.48607585214558e-58,0,0.0556355403461488,0.467051221025524,0,0.152635602453373,0,0.54677667459855,2.22893716253432e-142,8.98365286411073e-201,2.47032822920623e-323,1.36232849817708
0,0,1,1,1,0,1,0,1,1,1,1,0,0,0,8.45203505282336e-89,0.158321338607512,0.531011462174701,0,0.339471601518411,0,0.670008357078825,0.00522480388225081,1.08774678037339e-227,2.96439387504748e-323,1.29028592889948
1,0,1,1,1,0,1,0,1,1,1,1,0,0.754208561399582,0,1.73972445203569e-63,0.0556355403461736,0.467051221025497,0,0.152635602453371,0,0.546776674598571,1.38237192910404e-142,6.30081724028301e-201,2.47032822920623e-323,1.36232849817711
0,1,1,1,1,0,1,0,1,1,1,1,0,0,1.16462646843989e-87,9.57111893765509e-89,0.158321333205795,0.531011467179182,0,0.339471610990326,0,0.670008351600128,0.00522481692979444,1.64081830107354e-227,2.96439387504748e-323,1.29028596246859
1,1,1,1,1,0,1,0,1,1,1,1,0,0.754208561399579,7.19667718759113e-58,2.03263409821846e-63,0.0556355403461684,0.467051221025503,0,0.152635602453372,0,0.546776674598567,1.63372545130293e-142,9.89013865109472e-201,2.47032822920623e-323,1.3623284981771
0,0,0,0,0,1,1,0,1,1,1,1,0,0,0,0,0,0,2.25112827661967e-10,0.351306542973085,0,0.163222314640352,0.00143412321491519,0.0152887727968928,2.15399216658499e-96,0.75414975520263
1,0,0,0,0,1,1,0,1,1,1,1,0,0.418880527168264,0,0,0,0,2.2653591756472e-70,0.245350582858336,0,0.197335737539027,8.37879991515443e-81,1.75685397996957e-16,2.83909312721536e-170,1.04588685886861
0,1,0,0,0,1,1,0,1,1,1,1,0,0,0.431714894030148,0,0,0,2.69850295197412e-144,0.227724743951159,0,0.474984400753256,0.0438707182273592,3.24374381935094e-31,4.05314553910895e-197,1.17430535746352
1,1,0,0,0,1,1,0,1,1,1,1,0,0.619995116997151,0.350268050672631,0,0,0,8.70279163752311e-205,0.0751666254709726,0,0.462177278564418,8.39170430380326e-96,3.8030932714115e-48,7.98391645079887e-283,1.21649104672568
0,0,1,0,0,1,1,0,1,1,1,1,0,0,0,0.342255473177365,0,0,2.45790256001894e-157,0.325193651321926,0,0.486297951420365,1.74623909136384e-104,8.44913713547366e-114,3.53798824371444e-229,1.08157025577144
1,0,1,0,0,1,1,0,1,1,1,1,0,0.614895990392232,0,0.262868160149034,0,0,2.49387410893677e-212,0.182855920721107,0,0.455462397515364,7.15542102686473e-199,4.92423178830797e-119,2.02542152422368e-314,1.2862152613493
0,1,1,0,0,1,1,0,1,1,1,1,0,0,4.52141129716753e-06,0.342253118094272,0,0,7.25319049613132e-161,0.325192186640805,0,0.486299006733964,3.17918686299613e-103,9.22905237182854e-114,6.17280689255839e-235,1.08161801864161
1,1,1,0,0,1,1,0,1,1,1,1,0,0.614905003859062,5.1820790647641e-05,0.262840129647245,0,0,1.94120220270954e-213,0.182836904899282,0,0.455474129943933,1.82232828538437e-196,1.45354867705191e-117,1.34013470881751e-314,1.286535038022
0,0,0,1,0,1,1,0,1,1,1,1,0,0,0,0,0.482579429419426,0,2.47032822920623e-323,0.367304744769063,0,0.835910642385878,1.28642786676229e-05,1.99426500531485e-207,1.97626258336499e-323,1.03799707638414
1,0,0,1,0,1,1,0,1,1,1,1,0,0.789044319253964,0,0,0.333530348683293,0,2.47032822920623e-323,0.171869611935018,0,0.684792909150441,1.37571546018768e-151,4.98688434840649e-179,1.97626258336499e-323,1.24612492945393
0,1,0,1,0,1,1,0,1,1,1,1,0,0,1.54958343852296e-102,0,0.482579413421758,0,2.47032822920623e-323,0.367304818747356,0,0.835910615272857,1.29635326025375e-05,3.65718915003298e-207,1.97626258336499e-323,1.03799773351128
1,1,0,1,0,1,1,0,1,1,1,1,0,0.789044319253965,1.85505262475737e-69,0,0.333530348683293,0,2.47032822920623e-323,0.171869611935016,0,0.684792909150441,6.42824419384359e-154,3.59548091784325e-182,1.97626258336499e-323,1.24612492945393
0,0,1,1,0,1,1,0,1,1,1,1,0,0,0,4.82507761437579e-75,0.482579507358241,0,2.47032822920623e-323,0.367304384354827,0,0.83591077447743,1.23807233965615e-05,2.77565748273138e-207,1.97626258336499e-323,1.03799386836142
1,0,1,1,0,1,1,0,1,1,1,1,0,0.789044319253964,0,1.22429369376184e-50,0.333530348683293,0,2.47032822920623e-323,0.171869611935017,0,0.684792909150441,2.68580062614791e-154,2.04988009119694e-182,1.97626258336499e-323,1.24612492945393
0,1,1,1,0,1,1,0,1,1,1,1,0,0,1.72501026457978e-102,5.53941096070669e-75,0.482579484391585,0,2.47032822920623e-323,0.367304490560133,0,0.835910735553289,1.25232155138569e-05,4.66351243820301e-207,1.97626258336499e-323,1.03799481483385
1,1,1,1,0,1,1,0,1,1,1,1,0,0.789044319253964,1.85857395122298e-69,1.4740564058145e-50,0.333530348683293,0,2.47032822920623e-323,0.171869611935017,0,0.684792909150441,3.52218777954488e-154,3.77127232255416e-182,1.97626258336499e-323,1.24612492945393
0,0,0,0,1,1,1,0,1,1,1,1,0,0,0,0,0,0.672991912386765,2.47032822920623e-323,0.330158717826625,0,0.526439735227556,0.00844413675047344,5.93048134428627e-202,5.80301382312782e-256,1.0875019978661
1,0,0,0,1,1,1,0,1,1,1,1,0,0.725201214065993,0,0,0,0.522942247997361,1.97626258336499e-323,0.155264608775061,0,0.497551351688233,6.09212002249086e-134,6.66807924634988e-188,2.47032822920623e-323,1.27811423012313
0,1,0,0,1,1,1,0,1,1,1,1,0,0,1.51236066650727e-49,0,0,0.672991912388282,2.47032822920623e-323,0.330158718109346,0,0.526439735210021,0.0084441371194239,1.15780240664507e-201,4.88235672940193e-256,1.08750199893663
1,1,0,0,1,1,1,0,1,1,1,1,0,0.725201214065991,5.89146266483954e-44,0,0,0.522942247997359,1.97626258336499e-323,0.155264608775061,0,0.497551351688232,8.99209708915093e-136,2.13608155149931e-191,2.47032822920623e-323,1.27811423012313
0,0,1,0,1,1,1,0,1,1,1,1,0,0,0,5.76875894687086e-59,0,0.672991912381273,2.47032822920623e-323,0.330158716802607,0,0.526439735291073,0.00844413541413085,9.22437432969822e-202,5.45019164577923e-256,1.08750199398864
1,0,1,0,1,1,1,0,1,1,1,1,0,0.725201214065991,0,1.3972632417215e-52,0,0.522942247997359,1.97626258336499e-323,0.155264608775062,0,0.497551351688232,4.31069750641254e-136,1.23711561068792e-191,2.47032822920623e-323,1.27811423012313
0,1,1,0,1,1,1,0,1,1,1,1,0,0,1.59304805702036e-49,5.85439534324842e-59,0,0.672991912383845,2.47032822920623e-323,0.330158717282112,0,0.526439735261331,0.00844413603988501,1.6036039746461e-201,4.73479200837981e-256,1.0875019958043
1,1,1,0,1,1,1,0,1,1,1,1,0,0.725201214065991,5.43174606953396e-44,1.54870812248878e-52,0,0.522942247997359,1.97626258336499e-323,0.155264608775061,0,0.497551351688232,5.33858921424614e-136,2.31649807863739e-191,2.47032822920623e-323,1.27811423012313
0,0,0,1,1,1,1,0,1,1,1,1,0,0,0,0,0.158321324237497,0.531011475487961,1.97626258336499e-323,0.339471626716219,0,0.670008342504027,0.00522483859218002,6.37921053618056e-228,2.96439387504748e-323,1.29028601820217
1,0,0,1,1,1,1,0,1,1,1,1,0,0.754208561399575,0,0,0.0556355403461583,0.467051221025514,1.97626258336499e-323,0.152635602453372,0,0.546776674598558,1.91389364589968e-142,4.35553284123404e-201,2.47032822920623e-323,1.36232849817709
0,1,0,1,1,1,1,0,1,1,1,1,0,0,1.14588761212787e-87,0,0.158321320270622,0.531011479163117,1.97626258336499e-323,0.339471633672118,0,0.670008338480622,0.00522484817391641,1.01661143908557e-227,2.96439387504748e-323,1.2902860428543
1,1,0,1,1,1,1,0,1,1,1,1,0,0.754208561399572,7.4493313444388e-58,0,0.0556355403461539,0.467051221025519,1.97626258336499e-323,0.152635602453372,0,0.546776674598555,2.24582722977468e-142,7.21935799101603e-201,2.47032822920623e-323,1.36232849817709
0,0,1,1,1,1,1,0,1,1,1,1,0,0,0,8.45208575008506e-89,0.158321338479265,0.531011462293516,1.97626258336499e-323,0.339471601743292,0,0.67000835694875,0.00522480419202411,8.32016353711162e-228,2.96439387504748e-323,1.29028592969648
1,0,1,1,1,1,1,0,1,1,1,1,0,0.754208561399584,0,1.7446322186733e-63,0.055635540346177,0.467051221025494,1.97626258336499e-323,0.152635602453371,0,0.546776674598574,1.40241584106106e-142,5.05307922580076e-201,2.47032822920623e-323,1.36232849817711
0,1,1,1,1,1,1,0,1,1,1,1,0,0,1.15754330477444e-87,9.56882163479305e-89,0.158321333282515,0.531011467108103,1.97626258336499e-323,0.339471610855797,0,0.670008351677941,0.00522481674448134,1.26146996788148e-227,2.96439387504748e-323,1.29028596199181
1,1,1,1,1,1,1,0,1,1,1,1,0,0.754208561399582,7.16252507306331e-58,2.03495677036008e-63,0.0556355403461722,0.467051221025499,1.97626258336499e-323,0.152635602453372,0,0.54677667459857,1.65153862981069e-142,7.97054535208085e-201,2.47032822920623e-323,1.36232849817711
0,0,0,0,0,0,0,1,1,1,1,1,0,0,0,0,0,0,0,0,0.284948373092565,0.123770411445575,0.122628886265249,0.173086253775405,6.25286824259465e-40,1.32086749200885
1,0,0,0,0,0,0,1,1,1,1,1,0,0.484026785354386,0,0,0,0,0,0,1.24446947834341e-87,0.175188401933832,2.37033430200938e-49,0.0777438608001085,8.8201198869056e-106,0.854896507102079
0,1,0,0,0,0,0,1,1,1,1,1,0,0,0.559547278685169,0,0,0,0,0,0.00297598938975701,0.560433864588321,0.12262888626525,9.28616926120138e-05,6.48308101574971e-162,0.962188555788444
1,1,0,0,0,0,0,1,1,1,1,1,0,0.640897248548447,0.387453969778067,0,0,0,0,0,2.13422541341632e-238,0.489702644752272,2.59790399830234e-86,1.22145243978656e-38,4.33346965390428e-275,1.07756420868573
0,0,1,0,0,0,0,1,1,1,1,1,0,0,0,0.535934623446373,0,0,0,0,4.86773585520371e-19,0.663317991239174,1.54771116064004e-105,5.41681613807675e-114,9.53222635536644e-209,0.687495290621396
1,0,1,0,0,0,0,1,1,1,1,1,0,0.681564758125195,0,0.353974870123193,0,0,0,0,1.53696583539654e-256,0.543256421806113,1.96539192633383e-204,2.03026505312359e-117,2.35085415363901e-299,1.06496250697098
0,1,1,0,0,0,0,1,1,1,1,1,0,0,1.3071450716512e-17,0.535934623446373,0,0,0,0,5.02205700172334e-19,0.663317991239174,2.83273922687437e-104,2.75927887196317e-113,6.10443772047278e-209,0.687495290621397
1,1,1,0,0,0,0,1,1,1,1,1,0,0.681564758127998,1.33734403017919e-10,0.353974870023351,0,0,0,0,5.42393206887249e-264,0.543256421809682,2.79493128954535e-207,5.88139463265728e-118,1.34736267157084e-309,1.06496250890238
0,0,0,1,0,0,0,1,1,1,1,1,0,0,0,0,0.529431524097282,0,0,0,9.21427543839658e-59,0.890179979505979,0.12262888626525,3.07998698600459e-154,5.56688199656176e-315,0.885563110975294
1,0,0,1,0,0,0,1,1,1,1,1,0,0.810092396239883,0,0,0.353681770766745,0,0,0,2.47032822920623e-323,0.712510466336691,1.70799887079836e-124,1.36488746828068e-152,1.97626258336499e-323,1.04486271452179
0,1,0,1,0,0,0,1,1,1,1,1,0,0,1.09840317396429e-50,0,0.529431524097282,0,0,0,1.21656473545034e-58,0.890179979505979,0.12262888626525,8.19078202608841e-154,1.0789181539814e-314,0.885563110975294
1,1,0,1,0,0,0,1,1,1,1,1,0,0.810092396239882,4.275451892222e-46,0,0.353681770766745,0,0,0,2.47032822920623e-323,0.712510466336692,4.58926697160446e-126,9.40183857319634e-155,1.97626258336499e-323,1.04486271452179
0,0,1,1,0,0,0,1,1,1,1,1,0,0,0,0.0678955943957603,0.475367048754016,0,0,0,6.3502663285291e-57,0.88078934905339,0.0832168405640894,5.86226489073282e-153,4.98914840601172e-310,0.977448839125421
1,0,1,1,0,0,0,1,1,1,1,1,0,0.810092396239882,0,3.87505588475208e-15,0.353681770766742,0,0,0,2.47032822920623e-323,0.712510466336691,2.46453165795193e-127,4.3188197246877e-155,1.97626258336499e-323,1.04486271452185
0,1,1,1,0,0,0,1,1,1,1,1,0,0,1.37761666979701e-52,0.0678955953261431,0.475367047995616,0,0,0,7.70536541948492e-57,0.880789348904326,0.0832168399375558,1.18407343227293e-152,7.95366905472156e-310,0.977448839592621
1,1,1,1,0,0,0,1,1,1,1,1,0,0.810092396239882,3.89252551761359e-46,3.96275380498108e-15,0.353681770766742,0,0,0,2.47032822920623e-323,0.712510466336691,3.51934858078588e-127,8.58670658816306e-155,1.97626258336499e-323,1.04486271452186
0,0,0,0,1,0,0,1,1,1,1,1,0,0,0,0,0,0.649992703495818,0,0,6.90785749547935e-21,0.504462443617788,0.12262888626525,4.04351842149124e-129,1.00664291969503e-134,0.935642403346919
1,0,0,0,1,0,0,1,1,1,1,1,0,0.719509517379292,0,0,0,0.515327634166497,0,0,8.04565309764306e-285,0.491558381165937,1.05521237642922e-103,1.02728102723106e-151,3.11120628844042e-285,1.08332978985307
0,1,0,0,1,0,0,1,1,1,1,1,0,0,0.175890588235401,0,0,0.50885302468653,0,0,2.16385704760894e-23,0.555703684373512,0.12262888626525,1.59156051329578e-109,1.01099603637496e-158,1.2145308108543
1,1,0,0,1,0,0,1,1,1,1,1,0,0.719509517397754,2.4151207856393e-10,0,0,0.515327633957812,0,0,6.24671482369255e-294,0.491558381230714,6.63633993878954e-105,1.11901925064992e-153,6.8737318149222e-295,1.08332979300469
0,0,1,0,1,0,0,1,1,1,1,1,0,0,0,0.43476832635091,0,0.147087351283199,0,0,3.28426665538433e-23,0.647655886800948,2.58233686932464e-70,9.04474114826315e-124,1.53247775519544e-200,0.959275463723769
1,0,1,0,1,0,0,1,1,1,1,1,0,0.719509537583189,0,5.36210775669591e-07,0,0.515326983235554,0,0,1.02987996047785e-293,0.491558535733472,8.09936540347087e-107,4.22018928042024e-154,4.50619327118951e-295,1.08333438383888
0,1,1,0,1,0,0,1,1,1,1,1,0,0,3.46559695024492e-16,0.434768324799282,0,0.147087353457799,0,0,3.14213427131452e-23,0.647655886514293,2.38768925157089e-69,3.31088198127066e-123,1.12339715339795e-200,0.95927546575552
1,1,1,0,1,0,0,1,1,1,1,1,0,0.719509533047328,1.3477944469837e-10,4.15555223633395e-07,0,0.515327129588457,0,0,7.54635963858887e-294,0.491558500989602,2.21206183742727e-106,1.01641515185972e-153,2.21088912102688e-295,1.08333341328588
0,0,0,1,1,0,0,1,1,1,1,1,0,0,0,0,0.288420642632897,0.390159185572882,0,0,1.33131231814105e-54,0.764878314899644,0.12262888626525,2.35543687451254e-172,3.4571886518959e-256,1.20727779227495
1,0,0,1,1,0,0,1,1,1,1,1,0,0.777977269266948,0,0,0.111768694679855,0.403304702078509,0,0,2.47032822920623e-323,0.590653165531019,1.0230352516503e-118,1.0001916063949e-173,2.47032822920623e-323,1.22646445992118
0,1,0,1,1,0,0,1,1,1,1,1,0,0,2.11624490491706e-42,0,0.288420642632897,0.390159185572882,0,0,1.62560183090872e-54,0.764878314899644,0.12262888626525,5.53108449014348e-172,4.30861465970922e-256,1.20727779227495
1,1,0,1,1,0,0,1,1,1,1,1,0,0.777977269266948,4.28883215679142e-38,0,0.111768694679855,0.403304702078509,0,0,2.47032822920623e-323,0.590653165531019,1.15580992040092e-118,1.87683150672525e-173,2.47032822920623e-323,1.22646445992118
0,0,1,1,1,0,0,1,1,1,1,1,0,0,0,3.98944344123656e-09,0.288420642177529,0.390159181148494,0,0,1.66955322211583e-54,0.764878315776308,0.122628883670596,6.75904550685587e-172,1.05688252788212e-256,1.20727783900422
1,0,1,1,1,0,0,1,1,1,1,1,0,0.777977269266948,0,2.6310601420776e-29,0.111768694679855,0.403304702078509,0,0,2.47032822920623e-323,0.590653165531019,4.17095451576923e-119,1.2586113183389e-173,2.47032822920623e-323,1.22646445992118
0,1,1,1,1,0,0,1,1,1,1,1,0,0,1.10561178538649e-42,4.09721151597237e-09,0.288420642165228,0.390159181028977,0,0,1.96033286223181e-54,0.764878315799989,0.122628883600506,1.32809473742487e-171,1.30858171087106e-256,1.2072778401968
1,1,1,1,1,0,0,1,1,1,1,1,0,0.777977269266948,3.85205998040079e-38,2.72155327955715e-29,0.111768694679855,0.403304702078509,0,0,2.47032822920623e-323,0.590653165531019,5.04185451362865e-119,2.1621033218094e-173,2.47032822920623e-323,1.22646445992118
0,0,0,0,0,1,0,1,1,1,1,1,0,0,0,0,0,0,0.126044540480077,0,0.169456687295782,0.135725188350127,0.122628886265249,0.0352262978687845,6.35087886852085e-37,1.52169610377402
1,0,0,0,0,1,0,1,1,1,1,1,0,0.484026785354386,0,0,0,0,7.8918095598986e-43,0,5.9655800726968e-88,0.175188401933832,3.45016310630073e-49,0.0777438608001085,7.4702736603987e-106,0.854896507102079
0,1,0,0,0,1,0,1,1,1,1,1,0,0,0.559551150354619,0,0,0,3.53743922667548e-160,0,0.00296234481899784,0.560436965836655,0.12262888626525,8.87624959532566e-05,6.764425807447e-162,0.962103851502106
1,1,0,0,0,1,0,1,1,1,1,1,0,0.640897248548447,0.387453969778067,0,0,0,5.65407834708337e-213,0,1.73463673724894e-238,0.489702644752272,2.96656879983161e-86,9.53660478216892e-39,3.93371713932958e-275,1.07756420868573
0,0,1,0,0,1,0,1,1,1,1,1,0,0,0,0.535934623446373,0,0,3.45151118359699e-210,0,4.73050741827512e-19,0.663317991239174,1.79996237822452e-105,2.89280674860316e-114,7.6891062927431e-209,0.687495290621396
1,0,1,0,0,1,0,1,1,1,1,1,0,0.681564758125195,0,0.353974870123193,0,0,1.09147222390998e-237,0,1.43713312974223e-256,0.543256421806113,2.32437868512028e-204,1.40196782286432e-117,2.10370320303006e-299,1.06496250697098
0,1,1,0,0,1,0,1,1,1,1,1,0,0,1.30565394562286e-17,0.535934623446373,0,0,2.44094755594585e-210,0,4.81759304659441e-19,0.663317991239174,2.95554321399767e-104,1.69484033375286e-113,5.27589378651817e-209,0.687495290621397
1,1,1,0,0,1,0,1,1,1,1,1,0,0.681564758127993,1.33497617122673e-10,0.353974870023528,0,0,3.53959447172067e-244,0,4.96038324957717e-264,0.543256421809676,3.06317265244169e-207,4.27169405298355e-118,1.20715215347762e-309,1.06496250889911
0,0,0,1,0,1,0,1,1,1,1,1,0,0,0,0,0.529431524097282,0,1.38622962647554e-318,0,9.12465710051987e-59,0.890179979505979,0.12262888626525,2.10208836439447e-154,5.60907208022172e-315,0.885563110975294
1,0,0,1,0,1,0,1,1,1,1,1,0,0.810092396239883,0,0,0.353681770766745,0,2.47032822920623e-323,0,2.47032822920623e-323,0.712510466336691,1.83579533037431e-124,1.04396983075417e-152,1.97626258336499e-323,1.04486271452179
0,1,0,1,0,1,0,1,1,1,1,1,0,0,1.18730818737899e-50,0,0.529431524097282,0,2.98532249580531e-318,0,1.200066545331e-58,0.890179979505979,0.12262888626525,6.14770227507721e-154,1.1233923619159e-314,0.885563110975294
1,1,0,1,0,1,0,1,1,1,1,1,0,0.810092396239882,4.4888490776987e-46,0,0.353681770766745,0,2.47032822920623e-323,0,2.47032822920623e-323,0.712510466336692,4.92967687442423e-126,7.54614024533821e-155,1.97626258336499e-323,1.04486271452179
0,0,1,1,0,1,0,1,1,1,1,1,0,0,0,0.0678955950619446,0.475367048210977,0,1.50023843325974e-313,0,6.43447458270678e-57,0.880789348946655,0.083216840115471,4.19357654858555e-153,5.18912975216944e-310,0.977448839459951
1,0,1,1,0,1,0,1,1,1,1,1,0,0.810092396239882,0,3.97884522748436e-15,0.353681770766742,0,2.47032822920623e-323,0,2.47032822920623e-323,0.712510466336691,2.4787578718993e-127,3.34088122838109e-155,1.97626258336499e-323,1.04486271452186
0,1,1,1,0,1,0,1,1,1,1,1,0,0,1.44327849983489e-52,0.0678955960258428,0.475367047425257,0,2.53055417383291e-313,0,7.76316218036715e-57,0.880789348792221,0.0832168394663676,8.93060550594381e-153,8.33156148119074e-310,0.977448839943981
1,1,1,1,0,1,0,1,1,1,1,1,0,0.810092396239882,4.03600808387794e-46,4.06866264355661e-15,0.353681770766742,0,2.47032822920623e-323,0,2.47032822920623e-323,0.712510466336691,3.54136841028509e-127,6.85246715713664e-155,1.97626258336499e-323,1.04486271452186
0,0,0,0,1,1,0,1,1,1,1,1,0,0,0,0,0,0.649992703495818,1.54099074937885e-320,0,6.98149628982437e-21,0.504462443617788,0.12262888626525,3.28287983123197e-129,9.44730024054168e-135,0.935642403346919
1,0,0,0,1,1,0,1,1,1,1,1,0,0.719509517379292,0,0,0,0.515327634166497,2.47032822920623e-323,0,8.60206680870104e-285,0.491558381165937,1.13094598205286e-103,8.71222552665221e-152,3.04493118965507e-285,1.08332978985307
0,1,0,0,1,1,0,1,1,1,1,1,0,0,0.175890588235401,0,0,0.50885302468653,6.93149632898278e-305,0,2.16382147834978e-23,0.555703684373512,0.12262888626525,1.45501717759771e-109,8.85389960476026e-159,1.2145308108543
1,1,0,0,1,1,0,1,1,1,1,1,0,0.719509517398294,2.48578131120675e-10,0,0,0.515327633951706,2.47032822920623e-323,0,6.57585884093037e-294,0.491558381232609,7.043663668676e-105,9.97973672241508e-154,6.53514898189223e-295,1.08332979309275
0,0,1,0,1,1,0,1,1,1,1,1,0,0,0,0.434768326545225,0,0.147087351010868,3.06540995929299e-248,0,3.33389090407321e-23,0.647655886836847,1.93008914978642e-70,7.2746398488295e-124,1.20674077133338e-200,0.959275463469329
1,0,1,0,1,1,0,1,1,1,1,1,0,0.719509538209266,0,5.52826923903019e-07,0,0.51532696306444,2.47032822920623e-323,0,1.07840453115545e-293,0.491558540523222,7.14776077435116e-107,3.5219282147165e-154,4.01678968302833e-295,1.08333451642535
0,1,1,0,1,1,0,1,1,1,1,1,0,0,3.36519125798718e-16,0.43476832502404,0,0.147087353142801,1.74287854987843e-248,0,3.17488026692274e-23,0.647655886555816,1.79403580925658e-69,2.76886185473149e-123,8.95444446748417e-201,0.959275465461215
1,1,1,0,1,1,0,1,1,1,1,1,0,0.719509533600683,1.35110173777737e-10,4.30240597908741e-07,0,0.515327111760917,2.47032822920623e-323,0,7.84158578779132e-294,0.491558505222879,2.02057612176776e-106,8.73544572516529e-154,1.99642019349413e-295,1.08333353262049
0,0,0,1,1,1,0,1,1,1,1,1,0,0,0,0,0.288420642632897,0.390159185572882,2.47032822920623e-323,0,1.32395019246234e-54,0.764878314899644,0.12262888626525,1.86474696862785e-172,3.07912853772933e-256,1.20727779227495
1,0,0,1,1,1,0,1,1,1,1,1,0,0.777977269266948,0,0,0.111768694679855,0.403304702078509,1.97626258336499e-323,0,2.47032822920623e-323,0.590653165531019,1.05284416135962e-118,8.24343907212757e-174,2.47032822920623e-323,1.22646445992118
0,1,0,1,1,1,0,1,1,1,1,1,0,0,2.16075501791018e-42,0,0.288420642632897,0.390159185572882,2.47032822920623e-323,0,1.61159511302867e-54,0.764878314899644,0.12262888626525,4.54122144331919e-172,3.86799652901104e-256,1.20727779227495
1,1,0,1,1,1,0,1,1,1,1,1,0,0.777977269266948,4.35299711517323e-38,0,0.111768694679855,0.403304702078509,1.97626258336499e-323,0,2.47032822920623e-323,0.590653165531019,1.18946985871267e-118,1.57745030260941e-173,2.47032822920623e-323,1.22646445992118
0,0,1,1,1,1,0,1,1,1,1,1,0,0,0,4.08181857590378e-09,0.288420642166985,0.390159181046048,2.47032822920623e-323,0,1.67472600939767e-54,0.764878315796607,0.122628883610517,5.52249778955328e-172,9.16942685689734e-257,1.20727784002657
1,0,1,1,1,1,0,1,1,1,1,1,0,0.777977269266948,0,2.72654312757067e-29,0.111768694679855,0.403304702078509,1.97626258336499e-323,0,2.47032822920623e-323,0.590653165531019,4.19460703296859e-119,1.04149488387419e-173,2.47032822920623e-323,1.22646445992118
0,1,1,1,1,1,0,1,1,1,1,1,0,0,1.10422803847329e-42,4.19545821001328e-09,0.288420642154014,0.390159180920019,2.47032822920623e-323,0,1.95968591337104e-54,0.764878315821579,0.122628883536609,1.11497521527438e-171,1.14408507818899e-256,1.20727784128243
1,1,1,1,1,1,0,1,1,1,1,1,0,0.777977269266948,3.89604740108366e-38,2.82050442872631e-29,0.111768694679855,0.403304702078509,1.97626258336499e-323,0,2.47032822920623e-323,0.590653165531019,5.07311032099865e-119,1.81675132813737e-173,2.47032822920623e-323,1.22646445992118
0,0,0,0,0,0,1,1,1,1,1,1,0,0,0,0,0,0,0,0.351291056083729,1.56915120443997e-254,0.163218963466065,0.00140724633310487,0.0153037188793681,5.96320405917518e-96,0.753974012163277
1,0,0,0,0,0,1,1,1,1,1,1,0,0.418880527168264,0,0,0,0,0,0.245350582858336,2.47032822920623e-323,0.197335737539027,7.22103444502063e-81,2.57431619531337e-16,3.47868770902234e-170,1.04588685886862
0,1,0,0,0,0,1,1,1,1,1,1,0,0,0.431714894030148,0,0,0,0,0.227724743951159,1.08360476378292e-199,0.474984400753256,0.0438707182273592,5.93407726065434e-31,4.95357619116999e-197,1.17430535746352
1,1,0,0,0,0,1,1,1,1,1,1,0,0.619995116997151,0.350268050672631,0,0,0,0,0.0751666254709726,9.50706870442572e-298,0.462177278564418,7.9082959381404e-96,5.52641477011624e-48,8.47039758954662e-283,1.21649104672568
0,0,1,0,0,0,1,1,1,1,1,1,0,0,0,0.342255473177365,0,0,0,0.325193651321926,8.57832298191553e-284,0.486297951420365,1.53468704974687e-104,1.73075992036787e-113,4.17052406617024e-229,1.08157025577144
1,0,1,0,0,0,1,1,1,1,1,1,0,0.614895990392232,0,0.262868160149034,0,0,0,0.182855920721107,1.97626258336499e-323,0.455462397515364,6.38097067884699e-199,7.51650267174976e-119,2.17454962584699e-314,1.2862152613493
0,1,1,0,0,0,1,1,1,1,1,1,0,0,4.50393645858831e-06,0.342253127196469,0,0,0,0.325192192301672,8.82460969828644e-290,0.486299002655288,2.93044985883056e-103,1.60289841996742e-113,6.82175744291393e-235,1.08161784915966
1,1,1,0,0,0,1,1,1,1,1,1,0,0.614904985251715,5.1713809414905e-05,0.262840187515953,0,0,0,0.182836944157803,1.97626258336499e-323,0.455474105723982,1.66653849130222e-196,2.06891192411092e-117,1.39775949218536e-314,1.28653444836589
0,0,0,1,0,0,1,1,1,1,1,1,0,0,0,0,0.482579428174455,0,0,0.367304750526206,1.97626258336499e-323,0.835910640275887,1.28720028150858e-05,3.18539568128355e-207,1.97626258336499e-323,1.0379971275394
1,0,0,1,0,0,1,1,1,1,1,1,0,0.789044319253964,0,0,0.333530348683293,0,0,0.171869611935018,1.48219693752374e-323,0.684792909150441,1.35734196512616e-151,7.09090317088783e-179,1.97626258336499e-323,1.24612492945393
0,1,0,1,0,0,1,1,1,1,1,1,0,0,1.5077710226232e-102,0,0.482579412349053,0,0,0.367304823707881,1.97626258336499e-323,0.835910613454826,1.29701879531144e-05,5.60364461388495e-207,1.97626258336499e-323,1.03799777755797
1,1,0,1,0,0,1,1,1,1,1,1,0,0.789044319253965,1.8251803130352e-69,0,0.333530348683293,0,0,0.171869611935016,1.48219693752374e-323,0.684792909150441,6.3336747184115e-154,4.94952480050426e-182,1.97626258336499e-323,1.24612492945393
0,0,1,1,0,0,1,1,1,1,1,1,0,0,0,4.83115043163515e-75,0.482579506865854,0,0,0.367304386631784,1.97626258336499e-323,0.835910773642928,1.2383778315239e-05,4.31471051682814e-207,1.97626258336499e-323,1.03799388866321
1,0,1,1,0,0,1,1,1,1,1,1,0,0.789044319253964,0,1.22492618826119e-50,0.333530348683293,0,0,0.171869611935017,1.48219693752374e-323,0.684792909150441,2.63881912748875e-154,2.8516898046836e-182,1.97626258336499e-323,1.24612492945393
0,1,1,1,0,0,1,1,1,1,1,1,0,0,1.69454782806062e-102,5.53036662170831e-75,0.482579483512577,0,0,0.367304494624954,1.97626258336499e-323,0.835910734063536,1.25286691470186e-05,7.01978951220647e-207,1.97626258336499e-323,1.03799485103922
1,1,1,1,0,0,1,1,1,1,1,1,0,0.789044319253964,1.83801156766954e-69,1.47462955456911e-50,0.333530348683293,0,0,0.171869611935017,1.48219693752374e-323,0.684792909150441,3.47189959347262e-154,5.12945925033553e-182,1.97626258336499e-323,1.24612492945393
0,0,0,0,1,0,1,1,1,1,1,1,0,0,0,0,0,0.672991912386831,0,0.330158717838804,2.47032822920623e-323,0.526439735226801,0.00844413676636791,8.04418203866293e-202,5.75753489434911e-256,1.08750199791222
1,0,0,0,1,0,1,1,1,1,1,1,0,0.725201214065993,0,0,0,0.522942247997361,0,0.155264608775061,1.97626258336499e-323,0.497551351688233,6.02819983328128e-134,8.63063583094397e-188,2.47032822920623e-323,1.27811423012313
0,1,0,0,1,0,1,1,1,1,1,1,0,0,1.4171794261563e-49,0,0,0.672991912388289,0,0.330158718110716,2.47032822920623e-323,0.526439735209936,0.00844413712121171,1.5094424332474e-201,4.74289990297344e-256,1.08750199894182
1,1,0,0,1,0,1,1,1,1,1,1,0,0.725201214065991,5.63963303921e-44,0,0,0.522942247997359,0,0.155264608775061,1.97626258336499e-323,0.497551351688232,8.82063441086926e-136,2.65497761432787e-191,2.47032822920623e-323,1.27811423012313
0,0,1,0,1,0,1,1,1,1,1,1,0,0,0,5.41708935998513e-59,0,0.672991912381618,0,0.330158716866805,2.47032822920623e-323,0.526439735287091,0.00844413549790855,1.25265664033229e-201,5.42328433177706e-256,1.08750199423173
1,0,1,0,1,0,1,1,1,1,1,1,0,0.725201214065991,0,1.34034070877128e-52,0,0.522942247997359,0,0.155264608775062,1.97626258336499e-323,0.497551351688232,4.2970697632632e-136,1.58734388406409e-191,2.47032822920623e-323,1.27811423012313
0,1,1,0,1,0,1,1,1,1,1,1,0,0,1.5039284683071e-49,5.44199787660815e-59,0,0.67299191238411,0,0.330158717331574,2.47032822920623e-323,0.526439735258263,0.00844413610443271,2.09799405010789e-201,4.62305379560241e-256,1.08750199599159
1,1,1,0,1,0,1,1,1,1,1,1,0,0.725201214065991,5.24461981134301e-44,1.47983012626811e-52,0,0.522942247997358,0,0.155264608775061,1.97626258336499e-323,0.497551351688232,5.31723506524752e-136,2.89970033955655e-191,2.47032822920623e-323,1.27811423012313
0,0,0,1,1,0,1,1,1,1,1,1,0,0,0,0,0.158321323242534,0.531011476409756,0,0.339471628460884,2.47032822920623e-323,0.670008341494885,0.00522484099545209,8.75578705079815e-228,2.96439387504748e-323,1.29028602438537
1,0,0,1,1,0,1,1,1,1,1,1,0,0.754208561399569,0,0,0.0556355403461478,0.467051221025525,0,0.152635602453373,1.97626258336499e-323,0.546776674598549,1.94254359249062e-142,5.65343980658821e-201,2.47032822920623e-323,1.36232849817708
0,1,0,1,1,0,1,1,1,1,1,1,0,0,1.15484571339549e-87,0,0.158321319295501,0.53101148006653,0,0.339471635381989,2.47032822920623e-323,0.670008337491605,0.00522485052926056,1.36714304967329e-227,2.96439387504748e-323,1.29028604891419
1,1,0,1,1,0,1,1,1,1,1,1,0,0.754208561399567,7.51249552524395e-58,0,0.0556355403461425,0.467051221025531,0,0.152635602453373,1.97626258336499e-323,0.546776674598545,2.27925915675846e-142,9.24964752520249e-201,2.47032822920623e-323,1.36232849817708
0,0,1,1,1,0,1,1,1,1,1,1,0,0,0,8.39801956509022e-89,0.1583213371187,0.531011463554027,0,0.339471604129045,2.47032822920623e-323,0.670008355568796,0.00522480747839327,1.13869902170737e-227,2.96439387504748e-323,1.29028593815175
1,0,1,1,1,0,1,1,1,1,1,1,0,0.754208561399579,0,1.74059212622387e-63,0.0556355403461675,0.467051221025504,0,0.152635602453372,1.97626258336499e-323,0.546776674598566,1.42641893590078e-142,6.53006704369543e-201,2.47032822920623e-323,1.3623284981771
0,1,1,1,1,0,1,1,1,1,1,1,0,0,1.16795344188426e-87,9.48107655257221e-89,0.158321331930747,0.531011468360464,0,0.339471613226122,2.47032822920623e-323,0.670008350306909,0.00522482000959848,1.6950644229454e-227,2.96439387504748e-323,1.2902859703924
1,1,1,1,1,0,1,1,1,1,1,1,0,0.754208561399576,7.22703416920835e-58,2.02828879468899e-63,0.0556355403461618,0.46705122102551,0,0.152635602453372,1.97626258336499e-323,0.546776674598561,1.68077762525399e-142,1.01757627602549e-200,2.47032822920623e-323,1.3623284981771
0,0,0,0,0,1,1,1,1,1,1,1,0,0,0,0,0,0,2.24607509215028e-10,0.35130663486721,6.0928185134718e-256,0.16322233460449,0.00143428279227505,0.0152886838487565,1.82225211209775e-96,0.754150794584926
1,0,0,0,0,1,1,1,1,1,1,1,0,0.418880527168264,0,0,0,0,2.24219921507635e-70,0.245350582858336,2.47032822920623e-323,0.197335737539027,8.4471453262793e-81,1.76614560490068e-16,2.49672588083996e-170,1.04588685886861
0,1,0,0,0,1,1,1,1,1,1,1,0,0,0.431714894030148,0,0,0,2.87349049010283e-144,0.227724743951159,4.71967423163686e-200,0.474984400753256,0.0438707182273592,3.24703126376634e-31,3.54913671294968e-197,1.17430535746352
1,1,0,0,0,1,1,1,1,1,1,1,0,0.619995116997151,0.350268050672631,0,0,0,9.09767917356229e-205,0.0751666254709726,6.35454259410546e-298,0.462177278564418,8.49223054326633e-96,3.84976917592693e-48,7.3276897055929e-283,1.21649104672568
0,0,1,0,0,1,1,1,1,1,1,1,0,0,0,0.342255473177365,0,0,2.57999339122511e-157,0.325193651321926,5.52216147777561e-284,0.486297951420365,1.8357932240989e-104,8.72544110362525e-114,3.13668135949729e-229,1.08157025577144
1,0,1,0,0,1,1,1,1,1,1,1,0,0.614895990392232,0,0.262868160149034,0,0,2.57762875701491e-212,0.182855920721107,1.97626258336499e-323,0.455462397515364,7.45662879004161e-199,5.08082613148653e-119,1.86353772073533e-314,1.2862152613493
0,1,1,0,0,1,1,1,1,1,1,1,0,0,4.51793975922943e-06,0.342253119902508,0,0,7.75447919307899e-161,0.325192187765389,5.73962562547494e-290,0.486299005923697,3.23454397553917e-103,9.40955984979331e-114,5.47323720019973e-235,1.08161798497712
1,1,1,0,0,1,1,1,1,1,1,1,0,0.61490499856958,5.17903792535329e-05,0.262840146097496,0,0,2.02866304163227e-213,0.182836916059243,1.97626258336499e-323,0.455474123058965,1.86163077213257e-196,1.48218956197229e-117,1.23727235941278e-314,1.28653487041618
0,0,0,1,0,1,1,1,1,1,1,1,0,0,0,0,0.482579428141906,0,2.47032822920623e-323,0.367304750676724,1.97626258336499e-323,0.835910640220722,1.2872204759957e-05,2.08094687807543e-207,1.97626258336499e-323,1.0379971288768
1,0,0,1,0,1,1,1,1,1,1,1,0,0.789044319253964,0,0,0.333530348683293,0,2.47032822920623e-323,0.171869611935018,1.48219693752374e-323,0.684792909150441,1.4029477108467e-151,5.18162646799036e-179,1.97626258336499e-323,1.24612492945393
0,1,0,1,0,1,1,1,1,1,1,1,0,0,1.54125803938048e-102,0,0.482579412527662,0,2.47032822920623e-323,0.367304822881939,1.97626258336499e-323,0.835910613757534,1.29690798180028e-05,3.78372646345647e-207,1.97626258336499e-323,1.03799777022421
1,1,0,1,0,1,1,1,1,1,1,1,0,0.789044319253965,1.85189914617157e-69,0,0.333530348683293,0,2.47032822920623e-323,0.171869611935016,1.48219693752374e-323,0.684792909150441,6.53490841270081e-154,3.70848794618499e-182,1.97626258336499e-323,1.24612492945393
0,0,1,1,0,1,1,1,1,1,1,1,0,0,0,4.82136097010817e-75,0.482579504303932,0,2.47032822920623e-323,0.367304398478949,1.97626258336499e-323,0.835910769300954,1.23996732666576e-05,2.8950115301874e-207,1.97626258336499e-323,1.0379939942876
1,0,1,1,0,1,1,1,1,1,1,1,0,0.789044319253964,0,1.22892112360385e-50,0.333530348683293,0,2.47032822920623e-323,0.171869611935017,1.48219693752374e-323,0.684792909150441,2.75134695884108e-154,2.12896634402002e-182,1.97626258336499e-323,1.24612492945393
0,1,1,1,0,1,1,1,1,1,1,1,0,0,1.71533568514497e-102,5.52395282984899e-75,0.482579482063937,0,2.47032822920623e-323,0.367304501323935,1.97626258336499e-323,0.835910731608365,1.25376569406842e-05,4.8369849786043e-207,1.97626258336499e-323,1.03799491070397
1,1,1,1,0,1,1,1,1,1,1,1,0,0.789044319253964,1.85586823939107e-69,1.47668256435186e-50,0.333530348683293,0,2.47032822920623e-323,0.171869611935017,1.48219693752374e-323,0.684792909150441,3.59724246715804e-154,3.89413126007661e-182,1.97626258336499e-323,1.24612492945393
0,0,0,0,1,1,1,1,1,1,1,1,0,0,0,0,0,0.67299191238688,2.47032822920623e-323,0.330158717847984,2.47032822920623e-323,0.526439735226232,0.00844413677834693,5.97864330200289e-202,4.98780148492082e-256,1.08750199794698
1,0,0,0,1,1,1,1,1,1,1,1,0,0.725201214065993,0,0,0,0.522942247997361,1.97626258336499e-323,0.155264608775061,1.97626258336499e-323,0.497551351688233,6.16329978659731e-134,6.77801122495492e-188,2.47032822920623e-323,1.27811423012313
0,1,0,0,1,1,1,1,1,1,1,1,0,0,1.44381536380685e-49,0,0,0.67299191238831,2.47032822920623e-323,0.330158718114567,2.47032822920623e-323,0.526439735209697,0.00844413712623815,1.13902113742752e-201,4.18215890242182e-256,1.0875019989564
1,1,0,0,1,1,1,1,1,1,1,1,0,0.725201214065991,5.73016603677652e-44,0,0,0.522942247997359,1.97626258336499e-323,0.155264608775061,1.97626258336499e-323,0.497551351688232,9.04941283147639e-136,2.1288585266796e-191,2.47032822920623e-323,1.27811423012313
0,0,1,0,1,1,1,1,1,1,1,1,0,0,0,5.47237346801951e-59,0,0.672991912381754,2.47032822920623e-323,0.3301587168923,2.47032822920623e-323,0.526439735285509,0.00844413553118025,9.19092401838228e-202,4.69915764425522e-256,1.08750199432827
1,0,1,0,1,1,1,1,1,1,1,1,0,0.725201214065991,0,1.3627360765136e-52,0,0.522942247997359,1.97626258336499e-323,0.155264608775062,1.97626258336499e-323,0.497551351688232,4.42982876316141e-136,1.25308360639087e-191,2.47032822920623e-323,1.27811423012313
0,1,1,0,1,1,1,1,1,1,1,1,0,0,1.51866928714104e-49,5.54030617885243e-59,0,0.672991912384137,2.47032822920623e-323,0.330158717336527,2.47032822920623e-323,0.526439735257956,0.00844413611089576,1.5716058230621e-201,4.08084656862702e-256,1.08750199601034
1,1,1,0,1,1,1,1,1,1,1,1,0,0.725201214065991,5.29444829330922e-44,1.50580015533639e-52,0,0.522942247997358,1.97626258336499e-323,0.155264608775061,1.97626258336499e-323,0.497551351688232,5.45012130092656e-136,2.31255609531007e-191,2.47032822920623e-323,1.27811423012313
0,0,0,1,1,1,1,1,1,1,1,1,0,0,0,0,0.158321323462335,0.531011476206119,1.97626258336499e-323,0.339471628075463,2.47032822920623e-323,0.670008341717818,0.00522484046453627,6.66041929121008e-228,2.96439387504748e-323,1.29028602301942
1,0,0,1,1,1,1,1,1,1,1,1,0,0.754208561399572,0,0,0.0556355403461527,0.46705122102552,1.97626258336499e-323,0.152635602453372,1.97626258336499e-323,0.546776674598553,1.96070927721695e-142,4.51637595791324e-201,2.47032822920623e-323,1.36232849817709
0,1,0,1,1,1,1,1,1,1,1,1,0,0,1.14918409531483e-87,0,0.158321319605013,0.531011479779779,1.97626258336499e-323,0.339471634839261,2.47032822920623e-323,0.670008337805528,0.00522484978165363,1.04494412854466e-227,2.96439387504748e-323,1.29028604699073
1,1,0,1,1,1,1,1,1,1,1,1,0,0.754208561399569,7.47566815048079e-58,0,0.0556355403461479,0.467051221025526,1.97626258336499e-323,0.152635602453373,1.97626258336499e-323,0.546776674598549,2.29497171144011e-142,7.42579524526219e-201,2.47032822920623e-323,1.36232849817708
0,0,1,1,1,1,1,1,1,1,1,1,0,0,0,8.40749980241152e-89,0.158321337101161,0.531011463570276,1.97626258336499e-323,0.339471604159799,2.47032822920623e-323,0.670008355551006,0.0052248075207578,8.6894272919864e-228,2.96439387504748e-323,1.29028593826074
1,0,1,1,1,1,1,1,1,1,1,1,0,0.754208561399581,0,1.74597968037012e-63,0.0556355403461711,0.4670512210255,1.97626258336499e-323,0.152635602453372,1.97626258336499e-323,0.546776674598569,1.44554734228583e-142,5.23053259535926e-201,2.47032822920623e-323,1.3623284981771
0,1,1,1,1,1,1,1,1,1,1,1,0,0,1.16137765340073e-87,9.49040015813159e-89,0.158321332094591,0.531011468208669,1.97626258336499e-323,0.339471612938821,2.47032822920623e-323,0.670008350473088,0.0052248196138428,1.30145866841252e-227,2.96439387504748e-323,1.29028596937419
1,1,1,1,1,1,1,1,1,1,1,1,0,0.754208561399578,7.19261449353253e-58,2.03131319082758e-63,0.0556355403461659,0.467051221025506,1.97626258336499e-323,0.152635602453372,1.97626258336499e-323,0.546776674598565,1.69756752486906e-142,8.19232488646162e-201,2.47032822920623e-323,1.3623284981771
