"Cj.action","Dg.action","Sp.action","To.action","Dc.action","Lp.action","Pm.action","Ao.action","Be.action","Cb.action","Hl.action","Hp.action","Ra.action","Pt.action","Fr.action","Pg.action","Ga.action","Am.action","nitrogen.initial","fungicide.initial","Cj.outcome","Dg.outcome","Sp.outcome","To.outcome","Dc.outcome","Lp.outcome","Pm.outcome","Ao.outcome","Be.outcome","Cb.outcome","Hl.outcome","Hp.outcome","Ra.outcome","Pt.outcome","Fr.outcome","Pg.outcome","Ga.outcome","Am.outcome","herbivory.desirability","infection.desirability","direct_sown_sla.desirability","diversity.desirability"
1,1,1,1,0,0,0,0,0,0,0,0,0,0,0,0,0,0,1,1,0.333333333,0.133333333,0.133333333,0.4,0,0,0,0,0,0,0,0,0,0,0,0,0,0,NA,1.75,20.92078116,1.27002786067752
0,0,0,1,1,1,1,0,0,0,0,0,0,0,0,0,0,0,0,1,0,0,0,0.459770115,0.08045977,0.344827586,0.114942529,0,0,0,0,0,0,0,0,0,0,0,NA,1.55,19.19464873,1.17581246832731
1,0,0,1,0,1,0,1,1,1,1,1,0,0,0,0,0,0,1,0,0.212765957,0,0,0.265957447,0,0.212765957,0,0.010638298,0.010638298,0.265957447,0.010638298,0.010638298,0,0,0,0,0,0,NA,5.5,21.50242169,1.55634710088907
0,1,0,0,0,0,0,0,0,0,0,0,0,0,0,0,0,0,1,0,0,1,0,0,0,0,0,0,0,0,0,0,0,0,0,0,0,0,NA,0.9,22.74446252,0
0,1,0,0,0,0,0,1,0,0,0,1,1,0,0,0,0,0,0,0,0,0.125,0,0,0,0,0,0.1875,0,0,0,0.3125,0.375,0,0,0,0,0,NA,3.6,25.38088838,1.30509637194834
0,0,0,0,0,0,1,0,0,0,0,0,0,0,0,0,0,0,0,0,0,0,0,0,0,0,1,0,0,0,0,0,0,0,0,0,0,0,NA,0.05,16.38930548,0
0,1,0,0,0,0,0,0,0,0,1,0,0,1,0,0,0,0,1,1,0,0.571428571,0,0,0,0,0,0,0,0,0.142857143,0,0,0.285714286,0,0,0,0,NA,3,24.99139887,0.955699891508618
0,0,0,0,0,0,0,1,0,0,0,0,0,0,0,0,0,0,1,0,0,0,0,0,0,0,0,1,0,0,0,0,0,0,0,0,0,0,NA,1,26.31635653,0
0,1,0,1,0,1,0,0,0,0,0,0,0,0,0,0,0,0,0,1,0,0.071428571,0,0.5,0,0.428571429,0,0,0,0,0,0,0,0,0,0,0,0,NA,2.6,19.96523589,0.898205338936253
1,0,1,0,1,0,0,1,0,0,0,0,0,0,0,0,0,0,1,0,0.446428571,0,0.357142857,0,0.178571429,0,0,0.017857143,0,0,0,0,0,0,0,0,0,0,NA,1.5,20.77531408,1.10727326257857
1,0,1,0,1,0,1,1,1,0,0,0,0,0,1,1,0,0,0,1,0.178571429,0,0.267857143,0,0.089285714,0,0.089285714,0.017857143,0,0,0,0,0,0,0.089285714,0.267857143,0,0,NA,3.55,19.10541539,1.73233516089843
0,1,0,0,0,1,0,0,0,1,0,0,1,1,0,0,1,0,0,1,0,0.014705882,0,0,0,0.25,0,0,0,0.441176471,0,0,0.220588235,0.014705882,0,0,0.058823529,0,NA,2.63,24.82630578,1.33176536755176
0,0,0,0,0,0,0,0,0,1,1,0,0,0,0,0,1,0,0,1,0,0,0,0,0,0,0,0,0,0.660377358,0.113207547,0,0,0,0,0,0.226415094,0,NA,1.2,23.01370794,0.856959483803684
0,0,0,1,1,1,0,0,0,0,0,0,0,0,0,0,0,1,1,0,0,0,0,0.157894737,0.105263158,0.210526316,0,0,0,0,0,0,0,0,0,0,0,0.526315789,NA,2.15,18.29800282,1.19427268490074
0,0,1,0,1,0,0,0,0,0,0,1,0,0,0,1,0,0,0,0,0,0,0.705128205,0,0.064102564,0,0,0,0,0,0,0.012820513,0,0,0,0.217948718,0,0,NA,1.8,19.56330635,0.810360858006309
0,0,0,0,1,0,0,0,0,0,0,0,0,0,0,0,0,0,1,1,0,0,0,0,1,0,0,0,0,0,0,0,0,0,0,0,0,0,NA,0.2,17.40814705,0
0,0,0,0,0,0,0,0,0,0,0,0,1,0,0,0,0,0,1,0,0,0,0,0,0,0,0,0,0,0,0,0,1,0,0,0,0,0,NA,1,33.32426724,0
0,0,1,1,1,1,0,0,1,0,0,0,0,1,1,0,1,0,0,0,0,0,0.361445783,0.180722892,0.120481928,0.240963855,0,0,0,0,0,0,0,0.024096386,0.048192771,0,0.024096386,0,NA,3.3,21.99629718,1.60058835654737
0,1,0,1,0,0,0,0,0,1,0,0,0,1,0,0,0,0,1,0,0,0.080645161,0,0.403225806,0,0,0,0,0,0.483870968,0,0,0,0.032258065,0,0,0,0,NA,3.5,26.45443042,1.03130695035194
0,0,0,0,0,0,0,0,0,0,0,0,0,1,0,0,0,0,1,1,0,0,0,0,0,0,0,0,0,0,0,0,0,1,0,0,0,0,NA,0.05,39.00905368,0
1,1,1,1,1,1,1,1,1,1,1,1,1,1,1,1,1,1,0,0,0.033898305,0.011299435,0.011299435,0.203389831,0.011299435,0.11299435,0,0,0.011299435,0.225988701,0.011299435,0.011299435,0.056497175,0.033898305,0.033898305,0.016949153,0.02259887,0.192090395,NA,10.11,21.45168042,2.18852789544008
1,0,0,0,0,0,0,1,0,0,0,1,0,0,0,1,0,0,1,0,0.735294118,0,0,0,0,0,0,0.029411765,0,0,0,0.014705882,0,0,0,0.220588235,0,0,NA,2.55,22.04011337,0.725269503666536
1,0,0,0,0,0,0,0,0,0,0,1,0,0,1,0,0,1,0,1,0.304878049,0,0,0,0,0,0,0,0,0,0,0.024390244,0,0,0.304878049,0,0,0.365853659,NA,1.65,16.53690177,1.18274355164598
0,1,0,1,0,1,0,0,0,0,0,0,0,1,0,0,0,0,1,0,0,0.065934066,0,0.714285714,0,0.164835165,0,0,0,0,0,0,0,0.054945055,0,0,0,0,NA,3.25,26.18366465,0.876203771481984
0,0,1,0,0,0,1,0,0,0,0,1,0,0,0,1,0,0,1,0,0,0,0.588235294,0,0,0,0.058823529,0,0,0,0,0.117647059,0,0,0,0.235294118,0,0,NA,1.7,19.30859596,1.07101788868375
0,0,0,0,0,0,0,0,0,0,1,0,0,0,0,0,0,0,1,1,0,0,0,0,0,0,0,0,0,0,1,0,0,0,0,0,0,0,NA,1,24.07674063,0
0,1,0,0,0,1,0,0,0,0,0,0,1,0,0,0,0,0,0,0,0,0.0375,0,0,0,0.5625,0,0,0,0,0,0,0.4,0,0,0,0,0,NA,2.75,22.90582536,0.813286662233132
1,0,0,0,1,0,1,1,1,0,0,1,0,0,1,1,0,0,1,0,0.448717949,0,0,0,0.064102564,0,0.064102564,0.012820513,0,0,0,0.025641026,0,0,0.256410256,0.128205128,0,0,NA,3.7,19.09911541,1.47390944235907
1,0,1,0,1,0,1,0,1,0,0,1,0,0,0,1,0,1,0,1,0.164383562,0,0.205479452,0,0.04109589,0,0.01369863,0,0,0,0,0.02739726,0,0,0,0.068493151,0,0.479452055,NA,1.9,18.05620292,1.44653977193312
0,0,0,0,0,0,0,0,0,0,0,0,0,0,0,0,0,1,1,0,0,0,0,0,0,0,0,0,0,0,0,0,0,0,0,0,0,1,NA,0,12.80272186,0
0,0,0,0,0,1,0,0,0,0,0,0,0,0,0,0,0,0,1,0,0,0,0,0,0,1,0,0,0,0,0,0,0,0,0,0,0,0,NA,1,21.41923304,0
0,0,1,0,0,0,0,0,0,0,0,0,1,1,1,0,0,0,0,1,0,0,0.117647059,0,0,0,0,0,0,0,0,0,0.235294118,0.058823529,0.588235294,0,0,0,NA,1.9,26.38518008,1.07101788868375
0,1,1,0,0,0,0,1,0,1,0,1,1,0,0,1,1,0,1,0,0,0.036585366,0.036585366,0,0,0,0,0.012195122,0,0.670731707,0,0.06097561,0.12195122,0,0,0.012195122,0.048780488,0,NA,4.9,24.03507634,1.19192392212498
0,1,0,0,1,0,0,0,1,1,1,1,1,0,0,1,0,0,0,0,0,0.055555556,0,0,0.097222222,0,0,0,0.055555556,0.486111111,0.041666667,0.083333333,0.138888889,0,0,0.041666667,0,0,NA,5.5,22.31607622,1.64448571027198
0,1,0,1,0,1,0,0,0,1,1,0,0,1,0,0,0,0,0,1,0,0.023255814,0,0.197674419,0,0.197674419,0,0,0,0.546511628,0.011627907,0,0,0.023255814,0,0,0,0,NA,4.5,23.04708488,1.19784985846897
0,0,0,0,1,0,1,1,0,0,0,0,0,0,1,0,0,0,0,0,0,0,0,0,0.103092784,0,0.06185567,0.010309278,0,0,0,0,0,0,0.824742268,0,0,0,NA,2.1,18.53308535,0.612458003304438
0,1,0,1,1,0,0,1,0,0,0,0,0,0,0,0,0,0,0,0,0,0.043956044,0,0.879120879,0.054945055,0,0,0.021978022,0,0,0,0,0,0,0,0,0,0,NA,3.25,22.00771886,0.493927725105236
0,0,0,0,0,1,0,0,0,1,0,1,0,0,0,1,0,0,0,1,0,0,0,0,0,0.317647059,0,0,0,0.623529412,0,0.023529412,0,0,0,0.035294118,0,0,NA,3.5,21.39443511,0.86506069297181
0,0,0,1,0,1,0,0,0,0,1,0,1,1,0,0,1,0,1,0,0,0,0,0.244680851,0,0.457446809,0,0,0,0,0.010638298,0,0.212765957,0.042553191,0,0,0.031914894,0,NA,3.51,24.8752922,1.32410721070703
1,0,0,0,1,0,1,1,1,0,0,1,0,0,1,0,0,1,1,1,0.114942529,0,0,0,0.034482759,0,0.022988506,0,0.057471264,0,0,0.022988506,0,0,0.172413793,0,0,0.574712644,NA,4.38,17.88473764,1.32380042614531
1,0,0,0,1,0,1,0,1,0,0,0,0,0,0,0,0,0,1,0,0.78125,0,0,0,0.09375,0,0.078125,0,0.046875,0,0,0,0,0,0,0,0,0,NA,1,17.70045579,0.757402872188571
1,1,1,1,1,1,1,1,1,1,1,1,1,1,1,1,1,1,1,0,0.061538462,0.030769231,0.01025641,0.102564103,0.01025641,0.307692308,0.01025641,0.01025641,0.01025641,0.051282051,0.256410256,0.015384615,0,0.020512821,0.030769231,0.01025641,0.01025641,0.051282051,NA,8.75,21.45168042,2.10841883884603
0,1,0,0,0,0,1,1,0,0,1,0,1,0,0,1,0,1,0,1,0,0.036363636,0,0,0,0,0.054545455,0.018181818,0,0,0.054545455,0,0.545454545,0,0,0.109090909,0,0.181818182,NA,4.35,22.13740542,1.39296414417053
0,0,0,0,0,0,0,0,1,0,0,0,0,0,0,0,0,0,1,1,0,0,0,0,0,0,0,0,1,0,0,0,0,0,0,0,0,0,NA,0.5,16.81648496,0
0,0,0,0,0,0,0,1,0,0,0,1,0,0,1,0,0,1,0,0,0,0,0,0,0,0,0,0.015151515,0,0,0,0.075757576,0,0,0.757575758,0,0,0.151515152,NA,2.5,18.06901948,0.755197306483782
0,0,0,0,0,0,0,0,0,0,0,0,0,0,0,1,0,0,0,1,0,0,0,0,0,0,0,0,0,0,0,0,0,0,0,1,0,0,NA,0.8,22.51774405,0
0,1,0,1,0,0,0,0,0,1,1,0,0,1,0,0,1,0,1,1,0,0.042944785,0,0.552147239,0,0,0,0,0,0.306748466,0.024539877,0,0,0.024539877,0,0,0.049079755,0,NA,2.3,23.68819949,1.15552149490007
0,0,0,1,1,0,1,0,0,0,1,1,0,0,0,1,0,0,0,1,0,0,0,0.438596491,0.122807018,0,0.175438596,0,0,0,0.052631579,0.035087719,0,0,0,0.175438596,0,0,NA,3.6,19.26941218,1.50222495611104
0,0,1,0,1,0,1,1,1,0,0,1,0,0,1,0,0,1,1,1,0,0,0.194805195,0,0.038961039,0,0.064935065,0.012987013,0.064935065,0,0,0.038961039,0,0,0.12987013,0,0,0.454545455,NA,3.4,17.75986031,1.60653478607508
1,0,1,0,1,0,1,0,1,0,0,0,0,0,1,1,0,1,1,1,0.337837838,0,0.135135135,0,0.081081081,0,0.027027027,0,0.027027027,0,0,0,0,0,0.337837838,0.013513514,0,0.040540541,NA,2.5,17.41621106,1.59070530328213
0,0,0,1,0,0,0,0,0,0,0,0,0,0,0,0,0,0,1,0,0,0,0,1,0,0,0,0,0,0,0,0,0,0,0,0,0,0,NA,1,21.56190935,0
0,1,0,0,0,0,0,0,0,0,0,0,1,0,0,0,1,0,0,1,0,0.058823529,0,0,0,0,0,0,0,0,0,0,0.882352941,0,0,0,0.058823529,0,NA,1.8,24.18805459,0.443757282348584
1,0,1,0,1,0,1,1,1,0,0,0,0,0,0,1,0,1,0,0,0.289473684,0,0.131578947,0,0.039473684,0,0.026315789,0.013157895,0.026315789,0,0,0,0,0,0,0.039473684,0,0.434210526,NA,3.8,18.95343909,1.49155180035062
0,0,0,0,1,0,1,1,0,0,0,0,0,0,0,0,0,1,0,0,0,0,0,0,0.045454545,0,0.519480519,0.012987013,0,0,0,0,0,0,0,0,0,0.422077922,NA,1.1,18.22913273,0.901206051443831
1,0,0,0,0,0,0,0,0,0,0,0,0,0,0,0,0,0,0,0,1,0,0,0,0,0,0,0,0,0,0,0,0,0,0,0,0,0,NA,0.1,20.18788567,0
1,0,1,0,0,0,0,1,1,0,0,1,0,0,1,1,0,1,1,0,0.16,0,0.026666667,0,0,0,0,0.013333333,0.026666667,0,0,0.026666667,0,0,0.333333333,0.013333333,0,0.4,NA,4.26,18.87338246,1.43101371455098
0,1,0,0,0,0,0,0,0,0,0,0,1,0,0,0,1,0,0,0,0,0.052631579,0,0,0,0,0,0,0,0,0,0,0.868421053,0,0,0,0.078947368,0,NA,2,25.38613119,0.477931402140131
1,1,1,1,1,1,1,1,1,1,1,1,1,1,1,1,1,1,1,0,0.010152284,0.101522843,0.030456853,0.121827411,0.010152284,0.243654822,0.015228426,0.010152284,0,0.121827411,0.040609137,0.010152284,0.152284264,0.010152284,0.040609137,0.010152284,0.020304569,0.050761421,NA,7.63,21.45168042,2.31609178536776
0,0,0,0,0,0,0,0,0,1,0,0,0,0,0,0,0,0,0,1,0,0,0,0,0,0,0,0,0,1,0,0,0,0,0,0,0,0,NA,0.9,22.50229612,0
0,1,0,1,0,1,0,0,0,0,1,0,0,1,0,0,1,0,1,0,0,0.024691358,0,0.555555556,0,0.308641975,0,0,0,0,0.012345679,0,0,0.037037037,0,0,0.061728395,0,NA,5,23.55281661,1.12900435844401
0,0,1,0,0,0,1,1,1,0,0,1,0,0,1,1,0,1,0,0,0,0,0.555555556,0,0,0,0.066666667,0.022222222,0.022222222,0,0,0.022222222,0,0,0.066666667,0.022222222,0,0.222222222,NA,4.65,18.39855994,1.36023092626
0,1,0,1,0,1,0,0,0,1,1,0,0,0,0,0,1,0,0,1,0,0.012048193,0,0.301204819,0,0.240963855,0,0,0,0.421686747,0,0,0,0,0,0,0.024096386,0,NA,4.75,21.48947191,1.2114909998804
0,0,0,0,0,1,0,0,0,1,1,0,0,0,0,0,1,0,0,1,0,0,0,0,0,0.434782609,0,0,0,0.362318841,0.057971014,0,0,0,0,0,0.144927536,0,NA,3.51,23.63660494,1.17499280131049
0,1,0,1,0,1,0,0,0,1,0,0,1,1,0,0,1,0,0,1,0,0.032520325,0,0.243902439,0,0.243902439,0,0,0,0.243902439,0,0,0.195121951,0.016260163,0,0,0.024390244,0,NA,5.05,25.75462712,1.62024642979827
0,1,1,0,0,0,0,0,0,0,0,0,0,0,0,0,0,1,0,0,0,0.03030303,0.606060606,0,0,0,0,0,0,0,0,0,0,0,0,0,0,0.363636364,NA,1.99,18.41592412,0.777309825334261
0,0,0,0,0,0,0,0,0,0,0,1,0,0,0,0,0,0,0,0,0,0,0,0,0,0,0,0,0,0,0,1,0,0,0,0,0,0,NA,1,19.13846723,0
1,0,0,0,0,0,0,1,0,0,0,0,0,0,1,1,0,0,0,0,0.224719101,0,0,0,0,0,0,0.011235955,0,0,0,0,0,0,0.730337079,0.033707865,0,0,NA,2.4,20.76012964,0.729696426358271
0,1,0,1,0,0,0,0,0,1,1,0,1,0,0,0,1,0,1,1,0,0.212121212,0,0.227272727,0,0,0,0,0,0.151515152,0.121212121,0,0.242424242,0,0,0,0.045454545,0,NA,3.5,22.97760119,1.69137905497529
1,0,1,1,0,0,1,0,0,0,0,0,0,1,1,0,1,0,0,0,0.178571429,0,0.119047619,0.178571429,0,0,0.023809524,0,0,0,0,0,0,0.083333333,0.357142857,0,0.05952381,0,NA,1.47,21.37988027,1.70036283079417
0,0,0,0,0,0,0,0,0,0,0,0,0,0,1,0,0,0,0,1,0,0,0,0,0,0,0,0,0,0,0,0,0,0,1,0,0,0,NA,0.5,14.01853232,0
0,1,0,0,1,1,1,0,0,0,1,1,0,0,0,1,1,0,0,0,0,0.048387097,0,0,0.048387097,0.64516129,0.064516129,0,0,0,0.048387097,0.064516129,0,0,0,0.048387097,0.032258065,0,NA,4.45,21.28028124,1.3333412445865
0,0,0,0,1,1,1,0,1,0,0,0,1,0,0,1,1,0,1,0,0,0,0,0,0.238095238,0.555555556,0.047619048,0,0,0,0,0,0.079365079,0,0,0.079365079,0,0,NA,4.5,21.6688721,1.21538629473055
0,1,0,0,0,1,0,0,0,0,0,0,0,1,0,0,0,0,0,1,0,0.125,0,0,0,0.6875,0,0,0,0,0,0,0,0.1875,0,0,0,0,NA,1.85,24.32702197,0.831402520495638
0,0,0,1,0,0,1,0,1,0,0,0,0,0,0,0,1,0,1,0,0,0,0,0.581395349,0,0,0.186046512,0,0,0,0,0,0,0,0,0,0.23255814,0,NA,1,20.32896244,0.967402932744591
0,0,1,0,0,0,1,1,0,1,0,0,0,0,0,0,1,1,1,1,0,0,0.3125,0,0,0,0.046875,0.015625,0,0.390625,0,0,0,0,0,0,0.109375,0.125,NA,1.05,19.60133509,1.44108181249069
0,0,1,0,0,1,0,0,0,0,0,0,0,0,0,0,1,1,0,1,0,0,0.057471264,0,0,0.689655172,0,0,0,0,0,0,0,0,0,0,0.08045977,0.172413793,NA,1,19.98974299,0.926253090831171
0,0,0,0,0,0,0,0,0,0,0,0,0,0,0,0,1,0,1,0,0,0,0,0,0,0,0,0,0,0,0,0,0,0,0,0,1,0,NA,0,26.54814996,0
0,0,1,0,0,0,0,0,0,0,0,0,0,0,0,0,0,0,1,1,0,0,1,0,0,0,0,0,0,0,0,0,0,0,0,0,0,0,NA,0.2,19.18886709,0
0,0,0,1,0,1,0,0,0,1,0,0,1,1,0,0,1,0,1,0,0,0,0,0.172839506,0,0.37037037,0,0,0,0.12345679,0,0,0.185185185,0.12345679,0,0,0.024691358,0,NA,2.91,24.67848663,1.59146800279574
1,0,1,0,1,0,1,1,1,0,0,1,0,0,0,0,0,1,0,1,0.074074074,0,0.092592593,0,0.12962963,0,0.037037037,0.018518519,0.018518519,0,0,0.074074074,0,0,0,0,0,0.555555556,NA,3.5,18.53102948,1.46711124699729
1,1,1,1,1,1,1,1,1,1,1,1,1,1,1,1,1,1,1,1,0.126315789,0.010526316,0.031578947,0.021052632,0.042105263,0.157894737,0.010526316,0,0.031578947,0.010526316,0.073684211,0.021052632,0.042105263,0.073684211,0.157894737,0.010526316,0.021052632,0.157894737,NA,9.5,21.45168042,2.44056328753226
0,0,0,1,0,1,0,0,0,1,1,0,1,1,0,0,1,0,1,0,0,0,0,0.068965517,0,0.229885057,0,0,0,0.103448276,0.057471264,0,0.402298851,0.022988506,0,0,0.114942529,0,NA,5,25.92116188,1.62295707840167
1,0,1,0,1,0,1,0,1,0,0,0,0,0,1,1,0,1,0,0,0.281690141,0,0.14084507,0,0.14084507,0,0.028169014,0,0.014084507,0,0,0,0,0,0.281690141,0.056338028,0,0.056338028,NA,2.65,17.41621106,1.7506004105512
0,1,0,1,0,0,0,0,0,1,1,0,0,1,0,0,1,0,0,1,0,0.023809524,0,0.297619048,0,0,0,0,0,0.476190476,0,0,0,0.023809524,0,0,0.178571429,0,NA,4,23.68819949,1.19962137720918
0,0,0,0,1,1,1,0,1,0,0,0,1,0,0,1,1,0,1,1,0,0,0,0,0.142857143,0.214285714,0.071428571,0,0.028571429,0,0,0,0.214285714,0,0,0.114285714,0.214285714,0,NA,3,21.6688721,1.80625058206805
0,0,0,0,0,0,0,0,0,0,0,0,0,0,0,1,0,0,1,0,0,0,0,0,0,0,0,0,0,0,0,0,0,0,0,1,0,0,NA,0.3,22.51774405,0
0,0,0,1,0,1,0,0,0,1,0,0,1,1,0,0,1,0,1,1,0,0,0,0.229885057,0,0.229885057,0,0,0,0.459770115,0,0,0.011494253,0.034482759,0,0,0.034482759,0,NA,2.2,24.67848663,1.31675705332092
0,1,0,0,0,0,1,1,0,0,1,0,1,0,0,1,0,1,0,0,0,0.25974026,0,0,0,0,0.025974026,0.038961039,0,0,0.194805195,0,0.038961039,0,0,0.051948052,0,0.38961039,NA,4.05,22.13740542,1.53738379230712
0,0,0,0,0,0,0,1,0,0,0,0,0,0,0,0,0,0,1,1,0,0,0,0,0,0,0,1,0,0,0,0,0,0,0,0,0,0,NA,0.5,26.31635653,0
1,0,0,0,0,0,0,1,0,0,0,1,0,0,0,1,0,0,1,1,0.342465753,0,0,0,0,0,0,0.109589041,0,0,0,0.479452055,0,0,0,0.068493151,0,0,NA,2.71,22.04011337,1.14536629532031
0,0,0,0,0,1,0,0,0,0,0,0,0,0,0,0,0,0,0,0,0,0,0,0,0,1,0,0,0,0,0,0,0,0,0,0,0,0,NA,1,21.41923304,0
0,1,0,1,0,0,0,0,0,1,1,0,1,0,0,0,1,0,1,0,0,0.163043478,0,0.217391304,0,0,0,0,0,0.326086957,0.054347826,0,0.163043478,0,0,0,0.076086957,0,NA,4.26,22.97760119,1.64286864709126
0,0,0,0,1,0,0,0,0,0,0,0,0,0,0,0,0,0,0,0,0,0,0,0,1,0,0,0,0,0,0,0,0,0,0,0,0,0,NA,0.5,17.40814705,0
1,0,0,0,0,0,0,0,0,0,0,0,0,0,0,0,0,0,0,1,1,0,0,0,0,0,0,0,0,0,0,0,0,0,0,0,0,0,NA,1,20.18788567,0
0,0,0,0,0,0,0,0,0,0,0,0,0,0,1,0,0,0,1,1,0,0,0,0,0,0,0,0,0,0,0,0,0,0,1,0,0,0,NA,0.05,14.01853232,0
1,0,1,0,1,0,1,1,1,0,0,1,0,0,0,0,0,1,1,0,0.024691358,0,0.024691358,0,0.024691358,0,0.012345679,0.012345679,0.049382716,0,0,0.049382716,0,0,0,0,0,0.802469136,NA,1,18.53102948,0.856370011869029
1,1,1,1,1,1,1,1,1,1,1,1,1,1,1,1,1,1,1,0,0.093896714,0.014084507,0.093896714,0.112676056,0.093896714,0.14084507,0.009389671,0.009389671,0.009389671,0.112676056,0.009389671,0.009389671,0.009389671,0.009389671,0.028169014,0.009389671,0.093896714,0.14084507,NA,8.3,21.45168042,2.44385667970496
0,1,0,0,1,0,0,0,1,1,1,1,1,0,0,1,0,0,0,1,0,0.013793103,0,0,0.027586207,0,0,0,0.013793103,0.827586207,0.013793103,0.013793103,0.055172414,0,0,0.034482759,0,0,NA,2.05,22.31607622,0.767960731441424
0,1,0,1,0,1,0,0,0,0,0,0,0,0,0,0,0,0,0,0,0,0.023809524,0,0.892857143,0,0.083333333,0,0,0,0,0,0,0,0,0,0,0,0,NA,2.9,19.96523589,0.397254013984443
0,0,0,0,0,0,0,0,0,1,1,0,0,0,0,0,1,0,1,1,0,0,0,0,0,0,0,0,0,0.934065934,0.010989011,0,0,0,0,0,0.054945055,0,NA,2,23.01370794,0.272699656569172
0,0,0,1,0,1,0,0,0,1,1,0,1,1,0,0,1,0,0,1,0,0,0,0.425531915,0,0.074468085,0,0,0,0.425531915,0.010638298,0,0.010638298,0.010638298,0,0,0.042553191,0,NA,4,25.92116188,1.19992345453032
0,1,0,0,0,1,0,0,0,0,0,0,1,0,0,0,0,0,1,0,0,0.120481928,0,0,0,0.843373494,0,0,0,0,0,0,0.036144578,0,0,0,0,0,NA,1.9,22.90582536,0.518643562319549
0,0,1,0,0,0,1,1,0,1,0,0,0,0,0,0,1,1,0,1,0,0,0.011904762,0,0,0,0.011904762,0.023809524,0,0.773809524,0,0,0,0,0,0,0.035714286,0.142857143,NA,1.2,19.60133509,0.789909853652521
0,1,0,1,0,1,0,0,0,0,0,0,0,1,0,0,0,0,1,1,0,0.180722892,0,0.096385542,0,0.602409639,0,0,0,0,0,0,0,0.120481928,0,0,0,0,NA,2.77,26.18366465,1.09494558919635
0,0,1,1,1,1,0,0,1,0,0,0,0,1,1,0,1,0,1,1,0,0,0.027777778,0.208333333,0.069444444,0.208333333,0,0,0.069444444,0,0,0,0,0.055555556,0.277777778,0,0.083333333,0,NA,2.38,21.99629718,1.84704724051913
1,1,1,1,0,0,0,0,0,0,0,0,0,0,0,0,0,0,0,1,0.317647059,0.176470588,0.270588235,0.235294118,0,0,0,0,0,0,0,0,0,0,0,0,0,0,NA,2.3,20.92078116,1.36454112892724
0,0,1,0,0,0,1,0,0,0,0,1,0,0,0,1,0,0,0,1,0,0,0.4,0,0,0,0.066666667,0,0,0,0,0.4,0,0,0,0.133333333,0,0,NA,1.5,19.30859596,1.18222300187616
1,0,1,1,0,0,1,0,0,0,0,0,0,1,1,0,1,0,0,1,0.283018868,0,0.216981132,0.009433962,0,0,0.018867925,0,0,0,0,0,0,0.018867925,0.216981132,0,0.235849057,0,NA,1.5,21.37988027,1.55482456978578
0,1,0,0,0,0,0,1,0,0,0,1,1,0,0,0,0,0,1,1,0,0.2,0,0,0,0,0,0.066666667,0,0,0,0.333333333,0.4,0,0,0,0,0,NA,2.6,25.38088838,1.23514465206915
0,0,0,0,1,0,1,1,0,0,0,0,0,0,0,0,0,1,0,1,0,0,0,0,0.022988506,0,0.022988506,0.034482759,0,0,0,0,0,0,0,0,0,0.91954023,NA,0.5,18.22913273,0.366706324216687
0,0,0,0,0,0,0,0,0,1,0,0,0,0,0,0,0,0,1,1,0,0,0,0,0,0,0,0,0,1,0,0,0,0,0,0,0,0,NA,0.9,22.50229612,0
0,0,0,0,0,0,0,0,0,0,0,0,0,1,0,0,0,0,0,0,0,0,0,0,0,0,0,0,0,0,0,0,0,1,0,0,0,0,NA,0.2,39.00905368,0
0,0,0,1,0,0,0,0,0,0,0,0,0,0,0,0,0,0,1,1,0,0,0,1,0,0,0,0,0,0,0,0,0,0,0,0,0,0,NA,0.9,21.56190935,0
0,0,0,0,0,1,0,0,0,1,1,0,0,0,0,0,1,0,1,0,0,0,0,0,0,0.170454545,0,0,0,0.738636364,0.011363636,0,0,0,0,0,0.079545455,0,NA,3,23.63660494,0.777594806452848
1,1,1,1,1,1,1,1,1,1,1,1,1,1,1,1,1,1,0,0,0.06097561,0.012195122,0.024390244,0.182926829,0.012195122,0.12195122,0.012195122,0,0.012195122,0.182926829,0.048780488,0.048780488,0.024390244,0.048780488,0.036585366,0.036585366,0.012195122,0.12195122,NA,9.68,21.45168042,2.43915592871102
1,0,1,0,0,0,0,1,1,0,0,1,0,0,1,1,0,1,0,0,0.198675497,0,0.013245033,0,0,0,0,0.01986755,0.013245033,0,0,0.066225166,0,0,0.331125828,0.026490066,0,0.331125828,NA,3.55,18.87338246,1.52140118818846
1,0,0,0,1,0,1,1,1,0,0,1,0,0,1,0,0,1,0,1,0.340909091,0,0,0,0.056818182,0,0.056818182,0.011363636,0.113636364,0,0,0.022727273,0,0,0.170454545,0,0,0.227272727,NA,3.71,17.88473764,1.71508858332265
0,0,0,0,0,0,0,0,0,0,0,1,0,0,0,0,0,0,0,1,0,0,0,0,0,0,0,0,0,0,0,1,0,0,0,0,0,0,NA,0.8,19.13846723,0
0,0,0,1,1,0,1,0,0,0,1,1,0,0,0,1,0,0,0,0,0,0,0,0.347222222,0.055555556,0,0.138888889,0,0,0,0.208333333,0.138888889,0,0,0,0.111111111,0,0,NA,4.15,19.26941218,1.6471513936812
1,0,0,1,0,1,0,1,1,1,1,1,0,0,0,0,0,0,0,0,0.166666667,0,0,0.011111111,0,0.611111111,0,0.011111111,0.044444444,0.077777778,0.022222222,0.055555556,0,0,0,0,0,0,NA,5.11,21.50242169,1.28176399598998
1,0,0,0,1,0,1,0,1,0,0,0,0,0,0,0,0,0,1,1,0.634920635,0,0,0,0.079365079,0,0.126984127,0,0.158730159,0,0,0,0,0,0,0,0,0,NA,2.2,17.70045579,1.04371010714141
1,0,1,0,1,0,1,1,1,0,0,0,0,0,1,1,0,0,0,0,0.215053763,0,0.107526882,0,0.053763441,0,0.053763441,0.010752688,0.161290323,0,0,0,0,0,0.322580645,0.075268817,0,0,NA,3.65,19.10541539,1.7872992670064
0,0,1,0,0,0,0,0,0,0,0,0,0,0,0,0,0,0,0,1,0,0,1,0,0,0,0,0,0,0,0,0,0,0,0,0,0,0,NA,0.2,19.18886709,0
1,0,0,0,0,0,0,1,0,0,0,0,0,0,1,1,0,0,0,1,0.294117647,0,0,0,0,0,0,0.044117647,0,0,0,0,0,0,0.514705882,0.147058824,0,0,NA,2.05,20.76012964,1.12136777295359
1,0,1,0,1,0,0,1,0,0,0,0,0,0,0,0,0,0,1,1,0.696202532,0,0.164556962,0,0.101265823,0,0,0.037974684,0,0,0,0,0,0,0,0,0,0,NA,1.84,20.77531408,0.905156258257834
0,1,0,0,0,0,0,0,0,0,0,0,0,0,0,0,0,0,0,0,0,1,0,0,0,0,0,0,0,0,0,0,0,0,0,0,0,0,NA,1,22.74446252,0
0,0,0,0,0,0,0,0,0,0,1,0,0,0,0,0,0,0,1,0,0,0,0,0,0,0,0,0,0,0,1,0,0,0,0,0,0,0,NA,1,24.07674063,0
0,1,0,1,0,1,0,0,0,1,0,0,1,1,0,0,1,0,1,0,0,0.043010753,0,0.322580645,0,0.129032258,0,0,0,0.322580645,0,0,0.064516129,0.032258065,0,0,0.086021505,0,NA,4.6,25.75462712,1.62810673991653
0,1,0,0,0,1,0,0,0,1,0,0,1,1,0,0,1,0,1,0,0,0.0625,0,0,0,0.25,0,0,0,0.375,0,0,0.125,0.0625,0,0,0.125,0,NA,3.55,24.82630578,1.5808185358593
0,0,0,0,1,0,1,1,0,0,0,0,0,0,1,0,0,0,1,1,0,0,0,0,0.051020408,0,0.091836735,0.040816327,0,0,0,0,0,0,0.816326531,0,0,0,NA,1.91,18.53308535,0.667319327006191
0,0,0,0,0,0,0,0,0,0,0,0,0,0,0,0,0,1,0,1,0,0,0,0,0,0,0,0,0,0,0,0,0,0,0,0,0,1,NA,0.1,12.80272186,0
0,0,0,1,0,1,0,0,0,0,1,0,1,1,0,0,1,0,0,0,0,0,0,0.333333333,0,0.416666667,0,0,0,0,0.011904762,0,0.023809524,0.095238095,0,0,0.119047619,0,NA,3.2,24.8752922,1.35002410803292
0,1,0,1,0,1,0,0,0,1,1,0,0,1,0,0,0,0,0,0,0,0.015151515,0,0.227272727,0,0.303030303,0,0,0,0.378787879,0.015151515,0,0,0.060606061,0,0,0,0,NA,5.5,23.04708488,1.36310214232689
0,1,1,0,0,0,0,0,0,0,0,0,0,0,0,0,0,1,1,0,0,0.086021505,0.161290323,0,0,0,0,0,0,0,0,0,0,0,0,0,0,0.752688172,NA,1,18.41592412,0.719148393053616
0,0,0,1,0,0,1,0,1,0,0,0,0,0,0,0,1,0,0,0,0,0,0,0.045454545,0,0,0.272727273,0,0.227272727,0,0,0,0,0,0,0,0.454545455,0,NA,1,20.32896244,1.18996984737654
0,1,0,1,0,0,0,0,0,1,0,0,0,1,0,0,0,0,1,1,0,0.125,0,0.25,0,0,0,0,0,0.4375,0,0,0,0.1875,0,0,0,0,NA,1.7,26.45443042,1.28204624005285
0,1,0,0,0,0,0,0,0,0,0,0,1,0,0,0,1,0,0,1,0,0.285714286,0,0,0,0,0,0,0,0,0,0,0.357142857,0,0,0,0.357142857,0,NA,1.8,25.38613119,1.0933747176204
1,0,0,0,1,0,1,1,1,0,0,1,0,0,1,1,0,0,0,1,0.285714286,0,0,0,0.142857143,0,0.014285714,0.028571429,0.028571429,0,0,0.057142857,0,0,0.428571429,0.014285714,0,0,NA,4.48,19.09911541,1.48714975580632
0,1,0,0,0,0,0,0,0,0,0,0,1,0,0,0,1,0,1,0,0,0.057971014,0,0,0,0,0,0,0,0,0,0,0.579710145,0,0,0,0.362318841,0,NA,1.5,24.18805459,0.849001413359581
0,0,0,1,1,1,1,0,0,0,0,0,0,0,0,0,0,0,1,0,0,0,0,0.071428571,0.142857143,0.625,0.160714286,0,0,0,0,0,0,0,0,0,0,0,NA,2.3,19.19464873,1.05404967029597
0,0,0,0,0,1,0,0,0,1,0,1,0,0,0,1,0,0,1,1,0,0,0,0,0,0.459183673,0,0,0,0.510204082,0,0.020408163,0,0,0,0.010204082,0,0,NA,3.3,21.39443511,0.826934247855305
0,0,1,0,0,1,0,0,0,0,0,0,0,0,0,0,1,1,1,1,0,0,0,0,0,0.222222222,0,0,0,0,0,0,0,0,0,0,0.121212121,0.656565657,NA,1,19.98974299,0.8662614019137
0,0,0,0,0,0,0,0,0,0,0,0,0,0,0,0,1,0,1,1,0,0,0,0,0,0,0,0,0,0,0,0,0,0,0,0,1,0,NA,0,26.54814996,0
0,1,1,0,0,0,0,1,0,1,0,1,1,0,0,1,1,0,1,1,0,0.01010101,0.01010101,0,0,0,0,0,0,0.656565657,0,0.050505051,0.202020202,0,0,0.02020202,0.050505051,0,NA,3.95,24.03507634,1.07258963328211
0,0,0,0,0,0,0,0,1,0,0,0,0,0,0,0,0,0,0,1,0,0,0,0,0,0,0,0,1,0,0,0,0,0,0,0,0,0,NA,0.8,16.81648496,0
0,0,1,0,1,0,0,0,0,0,0,1,0,0,0,1,0,0,1,1,0,0,0.392156863,0,0.137254902,0,0,0,0,0,0,0.294117647,0,0,0,0.176470588,0,0,NA,2,19.56330635,1.30571208889351
1,0,1,0,1,0,1,1,1,0,0,0,0,0,0,1,0,1,1,1,0.252525253,0,0.02020202,0,0.02020202,0,0.015151515,0.02020202,0.015151515,0,0,0,0,0,0,0.03030303,0,0.626262626,NA,2.13,18.95343909,1.11001537467514
0,0,0,1,1,1,0,0,0,0,0,0,0,0,0,0,0,1,1,1,0,0,0,0.113636364,0.034090909,0.454545455,0,0,0,0,0,0,0,0,0,0,0,0.397727273,NA,1.8,18.29800282,1.08740444956804
0,0,1,0,0,0,0,0,0,0,0,0,1,1,1,0,0,0,1,1,0,0,0.145631068,0,0,0,0,0,0,0,0,0,0.048543689,0.029126214,0.776699029,0,0,0,NA,0.7,26.38518008,0.726710442933377
1,0,1,0,1,0,1,0,1,0,0,1,0,0,0,1,0,1,1,1,0.196721311,0,0.010928962,0,0.021857923,0,0.038251366,0,0.027322404,0,0,0.087431694,0,0,0,0.016393443,0,0.601092896,NA,3,18.05620292,1.26239975421001
0,1,0,1,0,1,0,0,0,0,1,0,0,1,0,0,1,0,0,1,0,0.026666667,0,0.133333333,0,0.533333333,0,0,0,0,0.2,0,0,0.053333333,0,0,0.053333333,0,NA,3.1,23.55281661,1.33510902842943
0,0,1,0,1,0,1,1,1,0,0,1,0,0,1,0,0,1,0,0,0,0,0.01459854,0,0.02189781,0,0.01459854,0.01459854,0.01459854,0,0,0.04379562,0,0,0.291970803,0,0,0.583941606,NA,4,17.75986031,1.14108398770334
0,0,0,0,0,0,0,1,0,0,0,1,0,0,1,0,0,1,1,1,0,0,0,0,0,0,0,0.011494253,0,0,0,0.011494253,0,0,0.287356322,0,0,0.689655172,NA,1.25,18.06901948,0.717257897359194
1,1,1,1,1,1,1,1,1,1,1,1,1,1,1,1,1,1,0,1,0.116959064,0.011695906,0.023391813,0.175438596,0.011695906,0.140350877,0.011695906,0.011695906,0.023391813,0.116959064,0.01754386,0.035087719,0.116959064,0.011695906,0.023391813,0.011695906,0.023391813,0.116959064,NA,7.91,21.45168042,2.43691112684597
0,1,0,0,0,1,0,0,0,0,0,0,0,1,0,0,0,0,0,0,0,0.051724138,0,0,0,0.689655172,0,0,0,0,0,0,0,0.25862069,0,0,0,0,NA,2.3,24.32702197,0.759205630940949
1,0,0,0,0,0,0,0,0,0,0,1,0,0,1,0,0,1,0,0,0.304878049,0,0,0,0,0,0,0,0,0,0,0.085365854,0,0,0.268292683,0,0,0.341463415,NA,2.4,16.53690177,1.29211038263717
0,1,0,1,0,1,0,0,0,1,1,0,0,0,0,0,1,0,0,0,0,0.032608696,0,0.217391304,0,0.27173913,0,0,0,0.326086957,0.065217391,0,0,0,0,0,0.086956522,0,NA,4.75,21.48947191,1.55326261490352
0,0,1,0,0,0,1,1,1,0,0,1,0,0,1,1,0,1,1,1,0,0,0.058139535,0,0,0,0.046511628,0.011627907,0.011627907,0,0,0.023255814,0,0,0.348837209,0.034883721,0,0.465116279,NA,2.76,18.39855994,1.33963104306536
0,1,0,0,1,1,1,0,0,0,1,1,0,0,0,1,1,0,1,1,0,0.066666667,0,0,0.011111111,0.5,0.022222222,0,0,0,0.044444444,0.088888889,0,0,0,0.044444444,0.222222222,0,NA,4.75,21.28028124,1.48784082510167
0,0,0,0,0,0,1,0,0,0,0,0,0,0,0,0,0,0,0,1,0,0,0,0,0,0,1,0,0,0,0,0,0,0,0,0,0,0,NA,0,16.38930548,0
0,1,0,0,0,0,0,0,0,0,1,0,0,1,0,0,0,0,0,1,0,0.23255814,0,0,0,0,0,0,0,0,0.069767442,0,0,0.697674419,0,0,0,0,NA,2,24.99139887,0.776139435974596
1,1,1,1,1,1,1,1,1,1,1,1,1,1,1,1,1,1,1,1,0.159574468,0.010638298,0.085106383,0.063829787,0.031914894,0.159574468,0.031914894,0,0.021276596,0.063829787,0.021276596,0.010638298,0,0.053191489,0.106382979,0.021276596,0.053191489,0.106382979,NA,7.18,21.45168042,2.49781829688863
0,0,0,0,0,0,0,0,0,0,0,0,1,0,0,0,0,0,0,1,0,0,0,0,0,0,0,0,0,0,0,0,1,0,0,0,0,0,NA,1,33.32426724,0
0,1,0,1,1,0,0,1,0,0,0,0,0,0,0,0,0,0,0,1,0,0.2,0,0.366666667,0.233333333,0,0,0.2,0,0,0,0,0,0,0,0,0,0,NA,1.7,22.00771886,1.3512196256813
0,1,0,0,0,0,0,0,0,0,0,0,0,0,0,0,0,0,0,1,0,1,0,0,0,0,0,0,0,0,0,0,0,0,0,0,0,0,NA,1,22.74446252,0
0,0,1,0,0,0,1,1,0,1,0,0,0,0,0,0,1,1,1,0,0,0,0.256410256,0,0,0,0.012820513,0.012820513,0,0.448717949,0,0,0,0,0,0,0.051282051,0.217948718,NA,2.59,19.60133509,1.30463662310199
1,1,1,1,1,1,1,1,1,1,1,1,1,1,1,1,1,1,0,1,0.060606061,0.024242424,0.024242424,0.181818182,0.036363636,0.181818182,0.012121212,0,0,0.121212121,0.084848485,0.012121212,0.048484848,0.060606061,0.084848485,0.012121212,0.018181818,0.036363636,NA,9.16,21.45168042,2.43556052440529
0,0,0,0,0,1,0,0,0,1,0,1,0,0,0,1,0,0,1,0,0,0,0,0,0,0.396825397,0,0,0,0.555555556,0,0.031746032,0,0,0,0.015873016,0,0,NA,3.5,21.39443511,0.868605010919997
0,0,0,0,1,0,1,1,0,0,0,0,0,0,0,0,0,1,1,1,0,0,0,0,0.132075472,0,0.056603774,0.056603774,0,0,0,0,0,0,0,0,0,0.754716981,NA,1.46,18.22913273,0.804853747026906
1,0,0,0,1,0,1,1,1,0,0,1,0,0,1,0,0,1,1,0,0.326530612,0,0,0,0.040816327,0,0.06122449,0.020408163,0.020408163,0,0,0.020408163,0,0,0.306122449,0,0,0.204081633,NA,5.16,17.88473764,1.59202122127504
1,0,1,0,1,0,0,1,0,0,0,0,0,0,0,0,0,0,0,1,0.350877193,0,0.438596491,0,0.175438596,0,0,0.035087719,0,0,0,0,0,0,0,0,0,0,NA,2,20.77531408,1.15184624268475
0,0,0,0,1,0,0,0,0,0,0,0,0,0,0,0,0,0,1,0,0,0,0,0,1,0,0,0,0,0,0,0,0,0,0,0,0,0,NA,0.5,17.40814705,0
0,1,0,1,0,1,0,0,0,1,1,0,0,0,0,0,1,0,1,0,0,0.172413793,0,0.206896552,0,0.25862069,0,0,0,0.051724138,0.051724138,0,0,0,0,0,0.25862069,0,NA,4.66,21.48947191,1.63496179511802
0,0,0,0,0,0,1,0,0,0,0,0,0,0,0,0,0,0,1,0,0,0,0,0,0,0,1,0,0,0,0,0,0,0,0,0,0,0,NA,0,16.38930548,0
0,1,0,1,1,0,0,1,0,0,0,0,0,0,0,0,0,0,1,0,0,0.454545455,0,0.03030303,0.303030303,0,0,0.212121212,0,0,0,0,0,0,0,0,0,0,NA,2.5,22.00771886,1.15505377296965
0,0,1,0,1,0,1,1,1,0,0,1,0,0,1,0,0,1,1,0,0,0,0.06557377,0,0.049180328,0,0.032786885,0,0.016393443,0,0,0.06557377,0,0,0.442622951,0,0,0.327868852,NA,3.3,17.75986031,1.41128817562343
0,0,1,0,1,0,0,0,0,0,0,1,0,0,0,1,0,0,1,0,0,0,0.222222222,0,0.296296296,0,0,0,0,0,0,0.37037037,0,0,0,0.111111111,0,0,NA,2.55,19.56330635,1.30665994212463
0,0,0,0,0,0,0,0,0,0,0,0,0,0,0,0,1,0,0,1,0,0,0,0,0,0,0,0,0,0,0,0,0,0,0,0,1,0,NA,0,26.54814996,0
0,1,0,1,0,1,0,0,0,1,1,0,0,1,0,0,0,0,1,0,0,0.011494253,0,0.32183908,0,0.08045977,0,0,0,0.195402299,0.356321839,0,0,0.034482759,0,0,0,0,NA,4.88,23.04708488,1.42180278211903
0,1,0,0,0,0,0,0,0,0,0,0,1,0,0,0,1,0,1,1,0,0.084745763,0,0,0,0,0,0,0,0,0,0,0.762711864,0,0,0,0.152542373,0,NA,1.75,25.38613119,0.702587905782974
0,0,0,1,1,0,1,0,0,0,1,1,0,0,0,1,0,0,1,1,0,0,0,0.587155963,0.055045872,0,0.073394495,0,0,0,0.183486239,0.055045872,0,0,0,0.04587156,0,0,NA,4,19.26941218,1.2760543215087
1,0,0,0,1,0,1,1,1,0,0,1,0,0,1,1,0,0,1,1,0.360655738,0,0,0,0.098360656,0,0.073770492,0,0.049180328,0,0,0.057377049,0,0,0.278688525,0.081967213,0,0,NA,4.2,19.09911541,1.66146136008932
0,1,1,0,0,0,0,1,0,1,0,1,1,0,0,1,1,0,0,1,0,0.037735849,0.188679245,0,0,0,0,0.018867925,0,0.377358491,0,0.018867925,0.226415094,0,0,0.056603774,0.075471698,0,NA,4.75,24.03507634,1.64978842769362
0,1,0,0,0,0,0,0,0,0,1,0,0,1,0,0,0,0,1,0,0,0.3,0,0,0,0,0,0,0,0,0.1,0,0,0.6,0,0,0,0,NA,2.5,24.99139887,0.89794572485678
1,0,1,1,0,0,1,0,0,0,0,0,0,1,1,0,1,0,1,1,0.165517241,0,0.055172414,0.275862069,0,0,0.034482759,0,0,0,0,0,0,0.206896552,0.206896552,0,0.055172414,0,NA,1.35,21.37988027,1.74074362461713
1,1,1,1,1,1,1,1,1,1,1,1,1,1,1,1,1,1,1,1,0.044444444,0.033333333,0.011111111,0.022222222,0.033333333,0.222222222,0.011111111,0,0,0.055555556,0.166666667,0.055555556,0.033333333,0.166666667,0.055555556,0.011111111,0.011111111,0.066666667,NA,7.91,21.45168042,2.35684011932024
0,1,1,0,0,0,0,0,0,0,0,0,0,0,0,0,0,1,0,1,0,0.107142857,0.357142857,0,0,0,0,0,0,0,0,0,0,0,0,0,0,0.535714286,NA,0.85,18.41592412,0.941403052298863
0,0,0,1,0,1,0,0,0,1,1,0,1,1,0,0,1,0,1,1,0,0,0,0.060240964,0,0.361445783,0,0,0,0.144578313,0.024096386,0,0.012048193,0.301204819,0,0,0.096385542,0,NA,2.68,25.92116188,1.54660310202955
0,0,0,1,1,1,0,0,0,0,0,0,0,0,0,0,0,1,0,1,0,0,0,0.059701493,0.119402985,0.52238806,0,0,0,0,0,0,0,0,0,0,0,0.298507463,NA,2.6,18.29800282,1.12211743489559
0,0,0,1,1,1,1,0,0,0,0,0,0,0,0,0,0,0,0,0,0,0,0,0.094339623,0.283018868,0.566037736,0.056603774,0,0,0,0,0,0,0,0,0,0,0,NA,2.7,19.19464873,1.06463718084715
0,0,0,1,0,0,1,0,1,0,0,0,0,0,0,0,1,0,1,1,0,0,0,0.27027027,0,0,0.162162162,0,0.027027027,0,0,0,0,0,0,0,0.540540541,0,NA,1.8,20.32896244,1.07872728471072
0,1,0,1,0,1,0,0,0,0,1,0,0,1,0,0,1,0,1,1,0,0.028985507,0,0.028985507,0,0.579710145,0,0,0,0,0,0,0,0.144927536,0,0,0.217391304,0,NA,4,23.55281661,1.13302866488294
0,0,0,0,0,1,0,0,0,0,0,0,0,0,0,0,0,0,1,1,0,0,0,0,0,1,0,0,0,0,0,0,0,0,0,0,0,0,NA,0.8,21.41923304,0
0,0,1,0,0,0,0,0,0,0,0,0,0,0,0,0,0,0,0,0,0,0,1,0,0,0,0,0,0,0,0,0,0,0,0,0,0,0,NA,0.1,19.18886709,0
0,0,0,0,0,0,0,0,0,0,0,0,0,0,1,0,0,0,0,0,0,0,0,0,0,0,0,0,0,0,0,0,0,0,1,0,0,0,NA,0.25,14.01853232,0
0,1,0,0,0,0,0,0,0,0,0,0,1,0,0,0,1,0,0,0,0,0.077922078,0,0,0,0,0,0,0,0,0,0,0.844155844,0,0,0,0.077922078,0,NA,2,24.18805459,0.540736770615222
0,0,0,0,0,0,0,1,0,0,0,1,0,0,1,0,0,1,1,0,0,0,0,0,0,0,0,0.013245033,0,0,0,0.01986755,0,0,0.582781457,0,0,0.38410596,NA,2.3,18.06901948,0.817323112146252
0,0,0,0,0,0,0,0,0,1,0,0,0,0,0,0,0,0,1,0,0,0,0,0,0,0,0,0,0,1,0,0,0,0,0,0,0,0,NA,1,22.50229612,0
1,0,1,0,1,0,1,0,1,0,0,0,0,0,1,1,0,1,1,0,0.303370787,0,0.213483146,0,0.112359551,0,0.028089888,0,0.033707865,0,0,0,0,0,0.235955056,0.04494382,0,0.028089888,NA,3.01,17.41621106,1.73228551565875
1,0,1,0,1,0,1,1,1,0,0,0,0,0,1,1,0,0,1,0,0.326241135,0,0.234042553,0,0,0,0.014184397,0.042553191,0,0,0,0,0,0,0.340425532,0.042553191,0,0,NA,4.28,19.10541539,1.4011903116166
0,0,0,1,0,1,0,0,0,1,0,0,1,1,0,0,1,0,0,1,0,0,0,0.015873016,0,0.285714286,0,0,0,0.222222222,0,0,0.19047619,0.111111111,0,0,0.174603175,0,NA,3.65,24.67848663,1.6226491218641
0,0,0,1,0,1,0,0,0,0,1,0,1,1,0,0,1,0,0,1,0,0,0,0.153846154,0,0.397435897,0,0,0,0,0.064102564,0,0.051282051,0.192307692,0,0,0.141025641,0,NA,2.9,24.8752922,1.57642099108416
1,1,1,1,0,0,0,0,0,0,0,0,0,0,0,0,0,0,0,0,0.413793103,0.24137931,0.25862069,0.086206897,0,0,0,0,0,0,0,0,0,0,0,0,0,0,NA,3,20.92078116,1.26926995740394
1,0,0,0,0,0,0,1,0,0,0,0,0,0,1,1,0,0,1,1,0.303797468,0,0,0,0,0,0,0.025316456,0,0,0,0,0,0,0.569620253,0.101265823,0,0,NA,3.13,20.76012964,1.00748670593427
1,0,0,0,0,0,0,1,0,0,0,1,0,0,0,1,0,0,0,1,0.692307692,0,0,0,0,0,0,0.057692308,0,0,0,0.019230769,0,0,0,0.230769231,0,0,NA,3.29,22.04011337,0.833524517851799
1,0,1,0,1,0,1,1,1,0,0,1,0,0,0,0,0,1,0,0,0.269230769,0,0.086538462,0,0.057692308,0,0.028846154,0.019230769,0.019230769,0,0,0.019230769,0,0,0,0,0,0.5,NA,3.41,18.53102948,1.40644188315676
0,0,0,1,0,0,0,0,0,0,0,0,0,0,0,0,0,0,0,1,0,0,0,1,0,0,0,0,0,0,0,0,0,0,0,0,0,0,NA,1,21.56190935,0
1,0,1,0,1,0,1,0,1,0,0,1,0,0,0,1,0,1,0,0,0.267605634,0,0.161971831,0,0.070422535,0,0.126760563,0,0.014084507,0,0,0.056338028,0,0,0,0.035211268,0,0.267605634,NA,4.22,18.05620292,1.7889645649586
0,1,0,0,0,1,0,0,0,0,0,0,1,0,0,0,0,0,0,1,0,0.036764706,0,0,0,0.654411765,0,0,0,0,0,0,0.308823529,0,0,0,0,0,NA,2.75,22.90582536,0.761787603146204
0,0,1,0,0,0,0,0,0,0,0,0,1,1,1,0,0,0,1,0,0,0,0.211267606,0,0,0,0,0,0,0,0,0,0.295774648,0.028169014,0.464788732,0,0,0,NA,1.98,26.38518008,1.14540145322521
0,0,0,0,0,0,0,0,0,0,0,1,0,0,0,0,0,0,1,0,0,0,0,0,0,0,0,0,0,0,0,1,0,0,0,0,0,0,NA,1,19.13846723,0
1,0,0,1,0,1,0,1,1,1,1,1,0,0,0,0,0,0,1,1,0.259259259,0,0,0.179012346,0,0.345679012,0,0.012345679,0.012345679,0.12962963,0.030864198,0.030864198,0,0,0,0,0,0,NA,7.15,21.50242169,1.61318067836926
0,1,0,1,0,1,0,0,0,0,0,0,0,1,0,0,0,0,0,0,0,0.145454545,0,0.018181818,0,0.618181818,0,0,0,0,0,0,0,0.218181818,0,0,0,0,NA,2.5,26.18366465,0.982775548467086
0,0,0,0,0,0,0,0,0,0,1,0,0,0,0,0,0,0,0,0,0,0,0,0,0,0,0,0,0,0,1,0,0,0,0,0,0,0,NA,1,24.07674063,0
0,0,0,0,0,1,0,0,0,1,1,0,0,0,0,0,1,0,1,1,0,0,0,0,0,0.406504065,0,0,0,0.113821138,0.024390244,0,0,0,0,0,0.455284553,0,NA,2.5,23.63660494,1.06207472582215
0,1,0,1,0,0,0,0,0,1,0,0,0,1,0,0,0,0,0,1,0,0.131147541,0,0.147540984,0,0,0,0,0,0.327868852,0,0,0,0.393442623,0,0,0,0,NA,2.9,26.45443042,1.28139040664279
0,1,0,0,0,0,1,1,0,0,1,0,1,0,0,1,0,1,1,1,0,0.118644068,0,0,0,0,0.033898305,0.016949153,0,0,0.169491525,0,0.13559322,0,0,0.084745763,0,0.440677966,NA,4.75,22.13740542,1.57877900073354
1,0,0,0,0,0,0,0,0,0,0,1,0,0,1,0,0,1,1,1,0.397590361,0,0,0,0,0,0,0,0,0,0,0.012048193,0,0,0.481927711,0,0,0.108433735,NA,2.12,16.53690177,1.01263640516349
0,0,0,0,0,0,0,0,1,0,0,0,0,0,0,0,0,0,1,0,0,0,0,0,0,0,0,0,1,0,0,0,0,0,0,0,0,0,NA,1,16.81648496,0
1,0,0,0,1,0,1,0,1,0,0,0,0,0,0,0,0,0,0,1,0.634920635,0,0,0,0.301587302,0,0.031746032,0,0.031746032,0,0,0,0,0,0,0,0,0,NA,1.24,17.70045579,0.868974291441247
0,0,1,0,0,1,0,0,0,0,0,0,0,0,0,0,1,1,0,0,0,0,0.537037037,0,0,0.277777778,0,0,0,0,0,0,0,0,0,0,0.018518519,0.166666667,NA,1.1,19.98974299,1.06218120972295
0,0,1,0,0,0,1,1,1,0,0,1,0,0,1,1,0,1,1,0,0,0,0.333333333,0,0,0,0.025641026,0.025641026,0.025641026,0,0,0.076923077,0,0,0.282051282,0.038461538,0,0.192307692,NA,4,18.39855994,1.64466429321441
0,1,0,1,0,0,0,0,0,1,1,0,0,1,0,0,1,0,1,0,0,0.121212121,0,0.090909091,0,0,0,0,0,0.03030303,0.606060606,0,0,0.090909091,0,0,0.060606061,0,NA,3.5,23.68819949,1.27111995514542
0,0,0,0,0,0,0,0,0,0,0,0,0,0,0,0,0,1,1,1,0,0,0,0,0,0,0,0,0,0,0,0,0,0,0,0,0,1,NA,0,12.80272186,0
1,0,1,0,1,0,1,1,1,0,0,0,0,0,0,1,0,1,0,1,0.363636364,0,0.297520661,0,0.107438017,0,0.033057851,0.033057851,0.033057851,0,0,0,0,0,0,0.049586777,0,0.082644628,NA,4.41,18.95343909,1.66134998750243
0,0,1,1,1,1,0,0,1,0,0,0,0,1,1,0,1,0,1,0,0,0,0.446153846,0.030769231,0.061538462,0.276923077,0,0,0.015384615,0,0,0,0,0.030769231,0.092307692,0,0.046153846,0,NA,4.89,21.99629718,1.52758064595454
0,0,0,0,0,0,0,0,0,0,0,0,0,1,0,0,0,0,1,0,0,0,0,0,0,0,0,0,0,0,0,0,0,1,0,0,0,0,NA,0.1,39.00905368,0
1,1,1,1,1,1,1,1,1,1,1,1,1,1,1,1,1,1,1,1,0.234741784,0.070422535,0.028169014,0.14084507,0.023474178,0.084507042,0.014084507,0.009389671,0.009389671,0.061032864,0.03286385,0.018779343,0.084507042,0.028169014,0.061032864,0.018779343,0.018779343,0.061032864,NA,7.21,21.45168042,2.50580923037049
1,0,0,0,0,0,0,0,0,0,0,0,0,0,0,0,0,0,1,1,1,0,0,0,0,0,0,0,0,0,0,0,0,0,0,0,0,0,NA,1,20.18788567,0
0,0,0,0,0,0,0,0,0,1,1,0,0,0,0,0,1,0,0,0,0,0,0,0,0,0,0,0,0,0.377358491,0.20754717,0,0,0,0,0,0.41509434,0,NA,1.88,23.01370794,1.05907630136057
0,0,0,0,1,1,1,0,1,0,0,0,1,0,0,1,1,0,0,1,0,0,0,0,0.20754717,0.471698113,0.132075472,0,0,0,0,0,0.037735849,0,0,0.113207547,0.037735849,0,NA,3.55,21.6688721,1.44211719274262
0,1,0,0,0,1,0,0,0,0,0,0,0,1,0,0,0,0,1,1,0,0.111111111,0,0,0,0.786324786,0,0,0,0,0,0,0,0.102564103,0,0,0,0,NA,1.9,24.32702197,0.666722905271896
0,1,0,0,0,0,0,1,0,0,0,1,1,0,0,0,0,0,1,0,0,0.431818182,0,0,0,0,0,0.022727273,0,0,0,0.068181818,0.477272727,0,0,0,0,0,NA,4,25.38088838,0.984754437541195
0,1,0,1,0,1,0,0,0,0,0,0,0,0,0,0,0,0,1,0,0,0.063291139,0,0.632911392,0,0.303797468,0,0,0,0,0,0,0,0,0,0,0,0,NA,2.9,19.96523589,0.826136057567014
0,1,0,0,1,1,1,0,0,0,1,1,0,0,0,1,1,0,1,0,0,0.074074074,0,0,0.074074074,0.148148148,0.018518519,0,0,0,0.574074074,0,0,0,0,0.092592593,0.018518519,0,NA,2.5,21.28028124,1.35515663961377
0,1,0,0,1,0,0,0,1,1,1,1,1,0,0,1,0,0,1,0,0,0.036697248,0,0,0.110091743,0,0,0,0.018348624,0.018348624,0.550458716,0.018348624,0.201834862,0,0,0.04587156,0,0,NA,5.41,22.31607622,1.37727689696791
0,0,0,0,0,0,0,1,0,0,0,0,0,0,0,0,0,0,0,0,0,0,0,0,0,0,0,1,0,0,0,0,0,0,0,0,0,0,NA,1,26.31635653,0
0,1,0,1,0,0,0,0,0,1,1,0,1,0,0,0,1,0,0,0,0,0.044117647,0,0.220588235,0,0,0,0,0,0.058823529,0.588235294,0,0.073529412,0,0,0,0.014705882,0,NA,3.5,22.97760119,1.20385865873967
0,0,1,0,0,0,1,0,0,0,0,1,0,0,0,1,0,0,1,1,0,0,0.666666667,0,0,0,0.047619048,0,0,0,0,0.19047619,0,0,0,0.095238095,0,0,NA,1.16,19.30859596,0.955080798611147
0,0,0,0,1,0,1,1,0,0,0,0,0,0,1,0,0,0,1,0,0,0,0,0,0.206896552,0,0.293103448,0.034482759,0,0,0,0,0,0,0.465517241,0,0,0,NA,1.95,18.53308535,1.15772928077372
0,1,0,1,0,1,0,0,0,1,0,0,1,1,0,0,1,0,1,1,0,0.12195122,0,0.390243902,0,0.256097561,0,0,0,0.097560976,0,0,0.073170732,0.036585366,0,0,0.024390244,0,NA,3.73,25.75462712,1.6026632562957
1,1,1,1,1,1,1,1,1,1,1,1,1,1,1,1,1,1,0,0,0.221518987,0,0.025316456,0.075949367,0.044303797,0.075949367,0.012658228,0,0,0.025316456,0.35443038,0.012658228,0.025316456,0.012658228,0.025316456,0.025316456,0.012658228,0.050632911,NA,9.3,21.45168042,2.06878108350375
0,0,0,0,0,0,0,0,0,0,0,0,1,0,0,0,0,0,1,1,0,0,0,0,0,0,0,0,0,0,0,0,1,0,0,0,0,0,NA,0.9,33.32426724,0
0,1,0,0,0,1,0,0,0,1,0,0,1,1,0,0,1,0,0,0,0,0.022222222,0,0,0,0.444444444,0,0,0,0.111111111,0,0,0.322222222,0.077777778,0,0,0.022222222,0,NA,4.21,24.82630578,1.33729224824555
0,0,0,0,0,0,0,0,0,0,0,0,0,0,0,1,0,0,0,0,0,0,0,0,0,0,0,0,0,0,0,0,0,0,0,1,0,0,NA,0.33,22.51774405,0
1,0,1,0,0,0,0,1,1,0,0,1,0,0,1,1,0,1,0,1,0.495867769,0,0.198347107,0,0,0,0,0.016528926,0,0,0,0.024793388,0,0,0.123966942,0.033057851,0,0.107438017,NA,4.1,18.87338246,1.43937427236524
0,0,1,0,0,0,0,0,0,0,0,0,1,1,1,0,0,0,0,0,0,0,0.076923077,0,0,0,0,0,0,0,0,0,0.128205128,0.025641026,0.769230769,0,0,0,NA,1.1,26.38518008,0.75640913746685
1,0,1,0,1,0,1,0,1,0,0,0,0,0,1,1,0,1,0,1,0.266666667,0,0.133333333,0,0.093333333,0,0.013333333,0,0.026666667,0,0,0,0,0,0.4,0.04,0,0.026666667,NA,4.05,17.41621106,1.58860525372492
0,1,0,1,0,0,0,0,0,1,0,0,0,1,0,0,0,0,0,0,0,0.240384615,0,0.336538462,0,0,0,0,0,0.384615385,0,0,0,0.038461538,0,0,0,0,NA,3,26.45443042,1.20199250004727
0,0,1,0,0,0,1,0,0,0,0,1,0,0,0,1,0,0,0,0,0,0,0.403225806,0,0,0,0.241935484,0,0,0,0,0.161290323,0,0,0,0.193548387,0,0,NA,1.9,19.30859596,1.3216927827527
0,0,0,0,1,0,1,1,0,0,0,0,0,0,1,0,0,0,0,1,0,0,0,0,0.23255814,0,0.104651163,0.081395349,0,0,0,0,0,0,0.581395349,0,0,0,NA,0.9,18.53308535,1.09490325050492
1,0,0,0,1,0,1,1,1,0,0,1,0,0,1,0,0,1,0,0,0.251572327,0,0,0,0.037735849,0,0.037735849,0.044025157,0.037735849,0,0,0.037735849,0,0,0.213836478,0,0,0.339622642,NA,3.41,17.88473764,1.67594713947364
0,0,0,0,0,1,0,0,0,1,1,0,0,0,0,0,1,0,0,0,0,0,0,0,0,0.252747253,0,0,0,0.681318681,0.032967033,0,0,0,0,0,0.032967033,0,NA,3,23.63660494,0.834042225965247
0,1,1,0,0,0,0,0,0,0,0,0,0,0,0,0,0,1,1,1,0,0.034090909,0.056818182,0,0,0,0,0,0,0,0,0,0,0,0,0,0,0.909090909,NA,0.5,18.41592412,0.364778210114669
0,1,0,0,0,0,0,0,0,0,1,0,0,1,0,0,0,0,0,0,0,0.238095238,0,0,0,0,0,0,0,0,0.047619048,0,0,0.714285714,0,0,0,0,NA,2.66,24.99139887,0.727001363474067
0,0,0,0,0,0,0,0,0,0,0,0,0,0,0,1,0,0,1,1,0,0,0,0,0,0,0,0,0,0,0,0,0,0,0,1,0,0,NA,0.33,22.51774405,0
0,0,0,1,0,1,0,0,0,1,0,0,1,1,0,0,1,0,0,0,0,0,0,0.067567568,0,0.405405405,0,0,0,0.202702703,0,0,0.054054054,0.135135135,0,0,0.135135135,0,NA,2.2,24.67848663,1.57027126495586
0,1,0,0,0,0,0,1,0,0,0,1,1,0,0,0,0,0,0,1,0,0.125,0,0,0,0,0,0.1875,0,0,0,0.3125,0.375,0,0,0,0,0,NA,3.2,25.38088838,1.30509637194834
0,0,0,1,1,1,0,0,0,0,0,0,0,0,0,0,0,1,0,0,0,0,0,0.133333333,0.111111111,0.366666667,0,0,0,0,0,0,0,0,0,0,0,0.388888889,NA,2.2,18.29800282,1.24795786532143
1,0,0,0,0,0,0,1,0,0,0,0,0,0,1,1,0,0,1,0,0.315789474,0,0,0,0,0,0,0.010526316,0,0,0,0,0,0,0.631578947,0.042105263,0,0,NA,2.65,20.76012964,0.835542443541491
0,0,0,1,0,1,0,0,0,0,1,0,1,1,0,0,1,0,1,1,0,0,0,0.1,0,0.4375,0,0,0,0,0.0125,0,0.1875,0.075,0,0,0.1875,0,NA,2.24,24.8752922,1.46871691799885
0,1,0,0,0,0,1,1,0,0,1,0,1,0,0,1,0,1,1,0,0,0.043478261,0,0,0,0,0.144927536,0.014492754,0,0,0.072463768,0,0.086956522,0,0,0.057971014,0,0.579710145,NA,2.85,22.13740542,1.3613559285646
0,0,0,1,1,0,1,0,0,0,1,1,0,0,0,1,0,0,1,0,0,0,0,0.175438596,0.175438596,0,0.350877193,0,0,0,0.175438596,0.035087719,0,0,0,0.087719298,0,0,NA,3.23,19.26941218,1.61453052684673
0,1,0,1,0,1,0,0,0,0,0,0,0,0,0,0,0,0,1,1,0,0.085365854,0,0.06097561,0,0.853658537,0,0,0,0,0,0,0,0,0,0,0,0,NA,2.15,19.96523589,0.515704278226781
1,0,1,0,1,0,1,1,1,0,0,0,0,0,1,1,0,0,1,1,0.425806452,0,0.058064516,0,0.064516129,0,0.038709677,0.064516129,0.025806452,0,0,0,0,0,0.296774194,0.025806452,0,0,NA,3.32,19.10541539,1.55760349153551
0,0,0,0,1,0,1,1,0,0,0,0,0,0,0,0,0,1,1,0,0,0,0,0,0.078947368,0,0.105263158,0.026315789,0,0,0,0,0,0,0,0,0,0.789473684,NA,1.1,18.22913273,0.71977205888472
1,1,1,1,0,0,0,0,0,0,0,0,0,0,0,0,0,0,1,0,0.602409639,0.072289157,0.084337349,0.240963855,0,0,0,0,0,0,0,0,0,0,0,0,0,0,NA,2.6,20.92078116,1.04669935921267
0,0,0,0,0,0,1,0,0,0,0,0,0,0,0,0,0,0,1,1,0,0,0,0,0,0,1,0,0,0,0,0,0,0,0,0,0,0,NA,0,16.38930548,0
0,0,0,0,0,0,0,0,0,0,0,0,0,0,1,0,0,0,1,0,0,0,0,0,0,0,0,0,0,0,0,0,0,0,1,0,0,0,NA,0.4,14.01853232,0
1,0,0,1,0,1,0,1,1,1,1,1,0,0,0,0,0,0,0,1,0.175257732,0,0,0.06185567,0,0.391752577,0,0.015463918,0.015463918,0.278350515,0.010309278,0.051546392,0,0,0,0,0,0,NA,3.63,21.50242169,1.52940543406209
0,0,0,1,0,1,0,0,0,1,1,0,1,1,0,0,1,0,0,0,0,0,0,0.110344828,0,0.344827586,0,0,0,0.165517241,0.068965517,0,0.137931034,0.034482759,0,0,0.137931034,0,NA,3.4,25.92116188,1.75509103125002
0,0,0,0,0,0,0,1,0,0,0,0,0,0,0,0,0,0,0,1,0,0,0,0,0,0,0,1,0,0,0,0,0,0,0,0,0,0,NA,0.2,26.31635653,0
0,0,1,0,0,0,0,0,0,0,0,0,0,0,0,0,0,0,1,0,0,0,1,0,0,0,0,0,0,0,0,0,0,0,0,0,0,0,NA,0.25,19.18886709,0
0,0,0,0,1,1,1,0,1,0,0,0,1,0,0,1,1,0,0,0,0,0,0,0,0.072463768,0.463768116,0.043478261,0,0.043478261,0,0,0,0.028985507,0,0,0.057971014,0.289855072,0,NA,3.88,21.6688721,1.4458669463535
0,0,0,0,0,0,0,0,0,0,0,0,0,0,0,0,0,1,0,0,0,0,0,0,0,0,0,0,0,0,0,0,0,0,0,0,0,1,NA,0.1,12.80272186,0
0,0,1,0,1,0,1,1,1,0,0,1,0,0,1,0,0,1,0,1,0,0,0.147058824,0,0.073529412,0,0.058823529,0.029411765,0.029411765,0,0,0.073529412,0,0,0.441176471,0,0,0.147058824,NA,2.5,17.75986031,1.68274640313468
0,0,0,1,1,1,1,0,0,0,0,0,0,0,0,0,0,0,1,1,0,0,0,0.071428571,0.171428571,0.642857143,0.114285714,0,0,0,0,0,0,0,0,0,0,0,NA,2.23,19.19464873,1.02276075873252
1,0,0,0,1,0,1,0,1,0,0,0,0,0,0,0,0,0,0,0,0.714285714,0,0,0,0.103896104,0,0.12987013,0,0.051948052,0,0,0,0,0,0,0,0,0,NA,2.5,17.70045579,0.894326384805764
0,0,1,0,0,0,1,1,1,0,0,1,0,0,1,1,0,1,0,1,0,0,0.1375,0,0,0,0.0875,0.025,0.0625,0,0,0.125,0,0,0.25,0.0625,0,0.25,NA,2.8,18.39855994,1.87785120465225
0,0,0,0,0,0,0,0,0,1,0,0,0,0,0,0,0,0,0,0,0,0,0,0,0,0,0,0,0,1,0,0,0,0,0,0,0,0,NA,1,22.50229612,0
0,1,0,1,0,1,0,0,0,0,0,0,0,1,0,0,0,0,0,1,0,0.046511628,0,0.104651163,0,0.755813953,0,0,0,0,0,0,0,0.093023256,0,0,0,0,NA,2.18,26.18366465,0.811429814558766
1,0,1,0,1,0,1,0,1,0,0,1,0,0,0,1,0,1,1,0,0.2,0,0.077777778,0,0.055555556,0,0.011111111,0,0.066666667,0,0,0.088888889,0,0,0,0.022222222,0,0.477777778,NA,3.51,18.05620292,1.56426255135867
0,1,0,0,0,1,0,0,0,0,0,0,0,1,0,0,0,0,1,0,0,0.091954023,0,0,0,0.862068966,0,0,0,0,0,0,0,0.045977011,0,0,0,0,NA,1.7,24.32702197,0.488984918459816
1,1,1,1,1,1,1,1,1,1,1,1,1,1,1,1,1,1,0,0,0.138888889,0.041666667,0.055555556,0.013888889,0.027777778,0.069444444,0.027777778,0,0.027777778,0.041666667,0.041666667,0.041666667,0.013888889,0.069444444,0.069444444,0.041666667,0.069444444,0.208333333,NA,5.85,21.45168042,2.58196324557323
1,0,1,1,0,0,1,0,0,0,0,0,0,1,1,0,1,0,1,0,0.195652174,0,0.086956522,0.010869565,0,0,0.02173913,0,0,0,0,0,0,0.032608696,0.543478261,0,0.108695652,0,NA,1.6,21.37988027,1.34818687602074
0,0,0,0,0,0,0,0,0,0,0,0,0,1,0,0,0,0,0,1,0,0,0,0,0,0,0,0,0,0,0,0,0,1,0,0,0,0,NA,0.2,39.00905368,0
0,1,1,0,0,0,0,1,0,1,0,1,1,0,0,1,1,0,0,0,0,0.035532995,0.081218274,0,0,0,0,0.253807107,0,0.182741117,0,0.152284264,0.050761421,0,0,0.020304569,0.223350254,0,NA,4.1,24.03507634,1.83294019422153
0,0,0,0,0,1,0,0,0,0,0,0,0,0,0,0,0,0,0,1,0,0,0,0,0,1,0,0,0,0,0,0,0,0,0,0,0,0,NA,1,21.41923304,0
1,1,1,1,1,1,1,1,1,1,1,1,1,1,1,1,1,1,0,1,0.063953488,0.011627907,0.058139535,0.011627907,0.040697674,0.220930233,0.023255814,0.011627907,0.011627907,0.023255814,0.081395349,0.011627907,0.023255814,0.093023256,0.186046512,0.058139535,0.011627907,0.058139535,NA,5.85,21.45168042,2.44709264219314
0,1,0,0,0,1,0,0,0,0,0,0,1,0,0,0,0,0,1,1,0,0.038961039,0,0,0,0.909090909,0,0,0,0,0,0,0.051948052,0,0,0,0,0,NA,1.95,22.90582536,0.366718652593417
0,1,0,0,0,0,0,0,0,0,0,0,1,0,0,0,1,0,1,1,0,0.090909091,0,0,0,0,0,0,0,0,0,0,0.303030303,0,0,0,0.606060606,0,NA,1.35,24.18805459,0.883285341405074
0,1,0,0,0,0,0,0,0,0,0,0,0,0,0,0,0,0,1,1,0,1,0,0,0,0,0,0,0,0,0,0,0,0,0,0,0,0,NA,0.9,22.74446252,0
0,0,0,0,0,0,0,0,0,0,1,0,0,0,0,0,0,0,0,1,0,0,0,0,0,0,0,0,0,0,1,0,0,0,0,0,0,0,NA,0.9,24.07674063,0
0,1,0,1,0,1,0,0,0,1,0,0,1,1,0,0,1,0,0,0,0,0.013888889,0,0.041666667,0,0.277777778,0,0,0,0.277777778,0,0,0.208333333,0.069444444,0,0,0.111111111,0,NA,5.5,25.75462712,1.65960219249653
0,1,0,0,0,1,0,0,0,1,0,0,1,1,0,0,1,0,1,1,0,0.040816327,0,0,0,0.12244898,0,0,0,0.510204082,0,0,0.091836735,0,0,0,0.234693878,0,NA,3.16,24.82630578,1.29051242216136
0,1,0,1,1,0,0,1,0,0,0,0,0,0,0,0,0,0,1,1,0,0.13559322,0,0.762711864,0.084745763,0,0,0.016949153,0,0,0,0,0,0,0,0,0,0,NA,2.2,22.00771886,0.75579958238563
0,0,1,0,0,0,1,1,0,1,0,0,0,0,0,0,1,1,0,0,0,0,0.178571429,0,0,0,0.05952381,0.011904762,0,0.178571429,0,0,0,0,0,0,0.095238095,0.476190476,NA,1.98,19.60133509,1.4132048226707
0,1,0,1,0,0,0,0,0,1,1,0,0,1,0,0,1,0,0,0,0,0.068493151,0,0.136986301,0,0,0,0,0,0.342465753,0.01369863,0,0,0.273972603,0,0,0.164383562,0,NA,4,23.68819949,1.5332202441766
0,0,0,0,0,0,0,0,0,1,1,0,0,0,0,0,1,0,1,0,0,0,0,0,0,0,0,0,0,0.639534884,0.011627907,0,0,0,0,0,0.348837209,0,NA,2.05,23.01370794,0.705053730609375
0,1,0,0,1,1,1,0,0,0,1,1,0,0,0,1,1,0,0,1,0,0.05,0,0,0.05,0.5,0.1,0,0,0,0.02,0.08,0,0,0,0.1,0.1,0,NA,5.3,21.28028124,1.61722109718681
1,0,1,0,1,0,1,1,1,0,0,1,0,0,0,0,0,1,1,1,0.134228188,0,0.134228188,0,0.053691275,0,0.020134228,0.026845638,0.040268456,0,0,0.187919463,0,0,0,0,0,0.402684564,NA,2.7,18.53102948,1.68167251736477
1,1,1,1,1,1,1,1,1,1,1,1,1,1,1,1,1,1,1,0,0.022346369,0.044692737,0.011173184,0.011173184,0.011173184,0.055865922,0,0.011173184,0.011173184,0.044692737,0.335195531,0.011173184,0.016759777,0.089385475,0.011173184,0.011173184,0.078212291,0.223463687,NA,6.45,21.45168042,2.11055697932918
0,0,0,0,0,0,0,1,0,0,0,1,0,0,1,0,0,1,0,1,0,0,0,0,0,0,0,0.022222222,0,0,0,0.033333333,0,0,0.666666667,0,0,0.277777778,NA,1.73,18.06901948,0.824090773413134
0,0,0,1,0,0,1,0,1,0,0,0,0,0,0,0,1,0,0,1,0,0,0,0.196078431,0,0,0.588235294,0,0.019607843,0,0,0,0,0,0,0,0.196078431,0,NA,0.91,20.32896244,1.02814674351006
0,1,0,1,0,1,0,0,0,0,1,0,0,1,0,0,1,0,0,0,0,0.05,0,0.016666667,0,0.75,0,0,0,0,0.033333333,0,0,0.083333333,0,0,0.066666667,0,NA,3.25,23.55281661,0.934772724636886
0,0,1,0,1,0,0,0,0,0,0,1,0,0,0,1,0,0,0,1,0,0,0.438596491,0,0.175438596,0,0,0,0,0,0,0.122807018,0,0,0,0.263157895,0,0,NA,2.1,19.56330635,1.27568511701942
0,0,0,0,0,0,0,0,0,0,0,0,1,0,0,0,0,0,0,0,0,0,0,0,0,0,0,0,0,0,0,0,1,0,0,0,0,0,NA,0.66,33.32426724,0
1,0,0,0,0,0,0,0,0,0,0,1,0,0,1,0,0,1,1,0,0.385416667,0,0,0,0,0,0,0,0,0,0,0.020833333,0,0,0.208333333,0,0,0.385416667,NA,2.25,16.53690177,1.14238084270818
1,0,1,0,1,0,0,1,0,0,0,0,0,0,0,0,0,0,0,0,0.588235294,0,0.235294118,0,0.117647059,0,0,0.058823529,0,0,0,0,0,0,0,0,0,0,NA,1.9,20.77531408,1.07101788868375
0,1,0,1,0,0,0,0,0,1,1,0,1,0,0,0,1,0,0,1,0,0.107692308,0,0.076923077,0,0,0,0,0,0.230769231,0.046153846,0,0.307692308,0,0,0,0.230769231,0,NA,2.96,22.97760119,1.61868651625374
0,0,0,1,0,0,0,0,0,0,0,0,0,0,0,0,0,0,0,0,0,0,0,1,0,0,0,0,0,0,0,0,0,0,0,0,0,0,NA,1,21.56190935,0
0,0,1,0,0,1,0,0,0,0,0,0,0,0,0,0,1,1,1,0,0,0,0.052631579,0,0,0.526315789,0,0,0,0,0,0,0,0,0,0,0.105263158,0.315789474,NA,1,19.98974299,1.09377044770106
1,0,1,0,0,0,0,1,1,0,0,1,0,0,1,1,0,1,1,1,0.166666667,0,0.022222222,0,0,0,0,0.011111111,0.033333333,0,0,0.088888889,0,0,0.388888889,0.011111111,0,0.277777778,NA,2.25,18.87338246,1.53483750915164
0,0,0,0,1,0,0,0,0,0,0,0,0,0,0,0,0,0,0,1,0,0,0,0,1,0,0,0,0,0,0,0,0,0,0,0,0,0,NA,0.6,17.40814705,0
0,0,0,0,0,1,0,0,0,1,0,1,0,0,0,1,0,0,0,0,0,0,0,0,0,0.581395349,0,0,0,0.290697674,0,0.11627907,0,0,0,0.011627907,0,0,NA,2.1,21.39443511,0.976453147323353
0,1,0,1,0,1,0,0,0,1,1,0,0,1,0,0,0,0,1,1,0,0.095890411,0,0.136986301,0,0.164383562,0,0,0,0.150684932,0.383561644,0,0,0.068493151,0,0,0,0,NA,3.03,23.04708488,1.6302968987367
1,0,0,0,1,0,1,1,1,0,0,1,0,0,1,1,0,0,0,0,0.483870968,0,0,0,0.193548387,0,0.161290323,0.016129032,0.016129032,0,0,0.016129032,0,0,0.032258065,0.080645161,0,0,NA,2.9,19.09911541,1.4769063819523
0,0,1,1,1,1,0,0,1,0,0,0,0,1,1,0,1,0,0,1,0,0,0.138888889,0.111111111,0.277777778,0.208333333,0,0,0.027777778,0,0,0,0,0.069444444,0.138888889,0,0.027777778,0,NA,1.55,21.99629718,1.85941041152764
0,1,0,0,0,0,0,0,0,0,0,0,1,0,0,0,1,0,1,0,0,0.06779661,0,0,0,0,0,0,0,0,0,0,0.508474576,0,0,0,0.423728814,0,NA,1.6,25.38613119,0.890198553542026
1,0,0,0,0,0,0,0,0,0,0,0,0,0,0,0,0,0,1,0,1,0,0,0,0,0,0,0,0,0,0,0,0,0,0,0,0,0,NA,0.5,20.18788567,0
1,1,1,1,1,1,1,1,1,1,1,1,1,1,1,1,1,1,0,1,0.233918129,0,0.116959064,0.023391813,0.093567251,0.093567251,0.011695906,0,0,0.023391813,0.093567251,0.011695906,0.140350877,0.035087719,0.01754386,0.011695906,0.023391813,0.070175439,NA,5.4,21.45168042,2.32594973506539
0,0,0,0,0,0,0,0,0,0,0,1,0,0,0,0,0,0,1,1,0,0,0,0,0,0,0,0,0,0,0,1,0,0,0,0,0,0,NA,0.3,19.13846723,0
1,0,0,0,0,0,0,1,0,0,0,1,0,0,0,1,0,0,0,0,0.483870968,0,0,0,0,0,0,0.080645161,0,0,0,0.322580645,0,0,0,0.112903226,0,0,NA,1.7,22.04011337,1.16553555366856
0,1,0,1,0,1,0,0,0,1,1,0,0,0,0,0,1,0,1,1,0,0.125,0,0.145833333,0,0.3125,0,0,0,0.125,0.208333333,0,0,0,0,0,0.083333333,0,NA,4,21.48947191,1.69798713425717
0,1,0,0,1,0,0,0,1,1,1,1,1,0,0,1,0,0,1,1,0,0.042553191,0,0,0.319148936,0,0,0,0.042553191,0.106382979,0.191489362,0.063829787,0.14893617,0,0,0.085106383,0,0,NA,3.95,22.31607622,1.85699998655058
0,0,0,0,0,0,0,0,0,0,0,0,0,0,0,0,1,0,0,0,0,0,0,0,0,0,0,0,0,0,0,0,0,0,0,0,1,0,NA,0,26.54814996,0
0,0,0,0,0,0,0,0,1,0,0,0,0,0,0,0,0,0,0,0,0,0,0,0,0,0,0,0,1,0,0,0,0,0,0,0,0,0,NA,0.5,16.81648496,0
1,0,1,0,1,0,1,1,1,0,0,0,0,0,0,1,0,1,1,0,0.337837838,0,0.135135135,0,0.040540541,0,0.027027027,0.013513514,0.013513514,0,0,0,0,0,0,0.027027027,0,0.405405405,NA,3.33,18.95343909,1.44457734555151
1,1,1,1,0,0,0,0,0,0,0,0,0,0,0,0,0,0,1,1,0.280373832,0.140186916,0.112149533,0.46728972,0,0,0,0,0,0,0,0,0,0,0,0,0,0,NA,NA,20.92078116,1.2328596333888
0,0,0,1,1,1,1,0,0,0,0,0,0,0,0,0,0,0,0,1,0,0,0,0.182926829,0.085365854,0.243902439,0.487804878,0,0,0,0,0,0,0,0,0,0,0,NA,NA,19.19464873,1.21511012934085
1,0,0,1,0,1,0,1,1,1,1,1,0,0,0,0,0,0,1,0,0.341880342,0,0,0.085470085,0,0.170940171,0,0.025641026,0.017094017,0.256410256,0.017094017,0.085470085,0,0,0,0,0,0,NA,NA,21.50242169,1.67135451101812
0,1,0,0,0,0,0,0,0,0,0,0,0,0,0,0,0,0,1,0,0,1,0,0,0,0,0,0,0,0,0,0,0,0,0,0,0,0,NA,NA,22.74446252,0
0,1,0,0,0,0,0,1,0,0,0,1,1,0,0,0,0,0,0,0,0,0.153846154,0,0,0,0,0,0.230769231,0,0,0,0.461538462,0.153846154,0,0,0,0,0,NA,NA,25.38088838,1.27118148026058
0,0,0,0,0,0,1,0,0,0,0,0,0,0,0,0,0,0,0,0,0,0,0,0,0,0,1,0,0,0,0,0,0,0,0,0,0,0,NA,NA,16.38930548,0
0,1,0,0,0,0,0,0,0,0,1,0,0,1,0,0,0,0,1,1,0,0.5,0,0,0,0,0,0,0,0,0.375,0,0,0.125,0,0,0,0,NA,NA,24.99139887,0.974314752869349
0,0,0,0,0,0,0,1,0,0,0,0,0,0,0,0,0,0,1,0,0,0,0,0,0,0,0,1,0,0,0,0,0,0,0,0,0,0,NA,NA,26.31635653,0
0,1,0,1,0,1,0,0,0,0,0,0,0,0,0,0,0,0,0,1,0,0.035087719,0,0.701754386,0,0.263157895,0,0,0,0,0,0,0,0,0,0,0,0,NA,NA,19.96523589,0.717398187511296
1,0,1,0,1,0,0,1,0,0,0,0,0,0,0,0,0,0,1,0,0.693069307,0,0.247524752,0,0.01980198,0,0,0.03960396,0,0,0,0,0,0,0,0,0,0,NA,NA,20.77531408,0.805238986529612
1,0,1,0,1,0,1,1,1,0,0,0,0,0,1,1,0,0,0,1,0.063291139,0,0.088607595,0,0.012658228,0,0.088607595,0.025316456,0,0,0,0,0,0,0.088607595,0.632911392,0,0,NA,NA,19.10541539,1.25680548265792
0,1,0,0,0,1,0,0,0,1,0,0,1,1,0,0,1,0,0,1,0,0.015625,0,0,0,0.234375,0,0,0,0.46875,0,0,0.015625,0.03125,0,0,0.234375,0,NA,NA,24.82630578,1.27351242954638
0,0,0,0,0,0,0,0,0,1,1,0,0,0,0,0,1,0,0,1,0,0,0,0,0,0,0,0,0,0.588235294,0.294117647,0,0,0,0,0,0.117647059,0,NA,NA,23.01370794,0.923840705874117
0,0,0,1,1,1,0,0,0,0,0,0,0,0,0,0,0,1,1,0,0,0,0,0.03125,0.03125,0.104166667,0,0,0,0,0,0,0,0,0,0,0,0.833333333,NA,NA,18.29800282,0.604143448037445
0,0,1,0,1,0,0,0,0,0,0,1,0,0,0,1,0,0,0,0,0,0,0.68627451,0,0.019607843,0,0,0,0,0,0,0.098039216,0,0,0,0.196078431,0,0,NA,NA,19.56330635,0.882605580532251
0,0,0,0,1,0,0,0,0,0,0,0,0,0,0,0,0,0,1,1,0,0,0,0,1,0,0,0,0,0,0,0,0,0,0,0,0,0,NA,NA,17.40814705,0
0,0,0,0,0,0,0,0,0,0,0,0,1,0,0,0,0,0,1,0,0,0,0,0,0,0,0,0,0,0,0,0,1,0,0,0,0,0,NA,NA,33.32426724,0
0,0,1,1,1,1,0,0,1,0,0,0,0,1,1,0,1,0,0,0,0,0,0.268817204,0.268817204,0.021505376,0.215053763,0,0,0.010752688,0,0,0,0,0.161290323,0,0,0.053763441,0,NA,NA,21.99629718,1.61955999071777
0,1,0,1,0,0,0,0,0,1,0,0,0,1,0,0,0,0,1,0,0,0.333333333,0,0.166666667,0,0,0,0,0,0.333333333,0,0,0,0.166666667,0,0,0,0,NA,NA,26.45443042,1.32966134931686
0,0,0,0,0,0,0,0,0,0,0,0,0,1,0,0,0,0,1,1,0,0,0,0,0,0,0,0,0,0,0,0,0,1,0,0,0,0,NA,NA,39.00905368,0
1,1,1,1,1,1,1,1,1,1,1,1,1,1,1,1,1,1,0,0,0.132450331,0.01986755,0.046357616,0.066225166,0.066225166,0.165562914,0.01986755,0,0.033112583,0.066225166,0,0.033112583,0,0.033112583,0.066225166,0.033112583,0.01986755,0.198675497,NA,NA,21.45168042,2.4330182092927
1,0,0,0,0,0,0,1,0,0,0,1,0,0,0,1,0,0,1,0,0.52173913,0,0,0,0,0,0,0.043478261,0,0,0,0.086956522,0,0,0,0.347826087,0,0,NA,NA,22.04011337,1.0554634996942
1,0,0,0,0,0,0,0,0,0,0,1,0,0,1,0,0,1,0,1,0.487804878,0,0,0,0,0,0,0,0,0,0,0.024390244,0,0,0.182926829,0,0,0.304878049,NA,NA,16.53690177,1.11362020881221
0,1,0,1,0,1,0,0,0,0,0,0,0,1,0,0,0,0,1,0,0,0.095238095,0,0.285714286,0,0.571428571,0,0,0,0,0,0,0,0.047619048,0,0,0,0,NA,NA,26.18366465,1.04663048730129
0,0,1,0,0,0,1,0,0,0,0,1,0,0,0,1,0,0,1,0,0,0,0.3,0,0,0,0.1,0,0,0,0,0.2,0,0,0,0.4,0,0,NA,NA,19.30859596,1.27985422583367
0,0,0,0,0,0,0,0,0,0,1,0,0,0,0,0,0,0,1,1,0,0,0,0,0,0,0,0,0,0,1,0,0,0,0,0,0,0,NA,NA,24.07674063,0
0,1,0,0,0,1,0,0,0,0,0,0,1,0,0,0,0,0,0,0,0,0.2,0,0,0,0.4,0,0,0,0,0,0,0.4,0,0,0,0,0,NA,NA,22.90582536,1.05492016798614
1,0,0,0,1,0,1,1,1,0,0,1,0,0,1,1,0,0,1,0,0.4,0,0,0,0.01,0,0.1,0.01,0.01,0,0,0.02,0,0,0.4,0.05,0,0,NA,NA,19.09911541,1.32947327416463
1,0,1,0,1,0,1,0,1,0,0,1,0,0,0,1,0,1,0,1,0.162601626,0,0.081300813,0,0.056910569,0,0.12195122,0,0,0,0,0.008130081,0,0,0,0.162601626,0,0.406504065,NA,NA,18.05620292,1.61951430409788
0,0,0,0,0,0,0,0,0,0,0,0,0,0,0,0,0,1,1,0,0,0,0,0,0,0,0,0,0,0,0,0,0,0,0,0,0,1,NA,NA,12.80272186,0
0,0,0,0,0,1,0,0,0,0,0,0,0,0,0,0,0,0,1,0,0,0,0,0,0,1,0,0,0,0,0,0,0,0,0,0,0,0,NA,NA,21.41923304,0
0,0,1,0,0,0,0,0,0,0,0,0,1,1,1,0,0,0,0,1,0,0,0.291666667,0,0,0,0,0,0,0,0,0,0.291666667,0.083333333,0.333333333,0,0,0,NA,NA,26.38518008,1.29203013075266
0,1,1,0,0,0,0,1,0,1,0,1,1,0,0,1,1,0,1,0,0,0.085470085,0.085470085,0,0,0,0,0.085470085,0,0.427350427,0,0.170940171,0.017094017,0,0,0.042735043,0.085470085,0,NA,NA,24.03507634,1.71044159722578
0,1,0,0,1,0,0,0,1,1,1,1,1,0,0,1,0,0,0,0,0,0.135135135,0,0,0.067567568,0,0,0,0.027027027,0.27027027,0.067567568,0.094594595,0.067567568,0,0,0.27027027,0,0,NA,NA,22.31607622,1.8445465006399
0,1,0,1,0,1,0,0,0,1,1,0,0,1,0,0,0,0,0,1,0,0.016,0,0.4,0,0.4,0,0,0,0.08,0.024,0,0,0.08,0,0,0,0,NA,NA,23.04708488,1.29282466826374
0,0,0,0,1,0,1,1,0,0,0,0,0,0,1,0,0,0,0,0,0,0,0,0,0.24,0,0.08,0.04,0,0,0,0,0,0,0.64,0,0,0,NA,NA,18.53308535,0.958944995575212
0,1,0,1,1,0,0,1,0,0,0,0,0,0,0,0,0,0,0,0,0,0.101265823,0,0.632911392,0.189873418,0,0,0.075949367,0,0,0,0,0,0,0,0,0,0,NA,NA,22.00771886,1.03263782216388
0,0,0,0,0,1,0,0,0,1,0,1,0,0,0,1,0,0,0,1,0,0,0,0,0,0.217391304,0,0,0,0.434782609,0,0.02173913,0,0,0,0.326086957,0,0,NA,NA,21.39443511,1.14252727731019
0,0,0,1,0,1,0,0,0,0,1,0,1,1,0,0,1,0,1,0,0,0,0,0.257731959,0,0.412371134,0,0,0,0,0.010309278,0,0.103092784,0.06185567,0,0,0.154639175,0,NA,NA,24.8752922,1.45693536366147
1,0,0,0,1,0,1,1,1,0,0,1,0,0,1,0,0,1,1,1,0.098039216,0,0,0,0.009803922,0,0.019607843,0,0.029411765,0,0,0.009803922,0,0,0.147058824,0,0,0.68627451,NA,NA,17.88473764,1.03944926723035
1,0,0,0,1,0,1,0,1,0,0,0,0,0,0,0,0,0,1,0,0.833333333,0,0,0,0.010416667,0,0.104166667,0,0.052083333,0,0,0,0,0,0,0,0,0,NA,NA,17.70045579,0.588981825343072
1,1,1,1,1,1,1,1,1,1,1,1,1,1,1,1,1,1,1,0,0.094339623,0.044025157,0.031446541,0.018867925,0.006289308,0.125786164,0.018867925,0.031446541,0,0.125786164,0.094339623,0.044025157,0.006289308,0.094339623,0.094339623,0.012578616,0.031446541,0.125786164,NA,NA,21.45168042,2.54318579017496
0,1,0,0,0,0,1,1,0,0,1,0,1,0,0,1,0,1,0,1,0,0.0625,0,0,0,0,0.125,0.0625,0,0,0.0625,0,0.25,0,0,0.1875,0,0.25,NA,NA,22.13740542,1.78680833998457
0,0,0,0,0,0,0,0,1,0,0,0,0,0,0,0,0,0,1,1,0,0,0,0,0,0,0,0,1,0,0,0,0,0,0,0,0,0,NA,NA,16.81648496,0
0,0,0,0,0,0,0,1,0,0,0,1,0,0,1,0,0,1,0,0,0,0,0,0,0,0,0,0.117647059,0,0,0,0.176470588,0,0,0.352941176,0,0,0.352941176,NA,NA,18.06901948,1.29302247034675
0,0,0,0,0,0,0,0,0,0,0,0,0,0,0,1,0,0,0,1,0,0,0,0,0,0,0,0,0,0,0,0,0,0,0,1,0,0,NA,NA,22.51774405,0
0,1,0,1,0,0,0,0,0,1,1,0,0,1,0,0,1,0,1,1,0,0.173913043,0,0.086956522,0,0,0,0,0,0.52173913,0.086956522,0,0,0.086956522,0,0,0.043478261,0,NA,NA,23.68819949,1.41710550733465
0,0,0,1,1,0,1,0,0,0,1,1,0,0,0,1,0,0,0,1,0,0,0,0.1171875,0.0234375,0,0.1171875,0,0,0,0.1171875,0.078125,0,0,0,0.546875,0,0,NA,NA,19.26941218,1.37094734369306
0,0,1,0,1,0,1,1,1,0,0,1,0,0,1,0,0,1,1,1,0,0,0.294117647,0,0.007352941,0,0.183823529,0.022058824,0.073529412,0,0,0.051470588,0,0,0.220588235,0,0,0.147058824,NA,NA,17.75986031,1.75147327195536
1,0,1,0,1,0,1,0,1,0,0,0,0,0,1,1,0,1,1,1,0.393700787,0,0.236220472,0,0.015748031,0,0.05511811,0,0.023622047,0,0,0,0,0,0.078740157,0.118110236,0,0.078740157,NA,NA,17.41621106,1.67400575422857
0,0,0,1,0,0,0,0,0,0,0,0,0,0,0,0,0,0,1,0,0,0,0,1,0,0,0,0,0,0,0,0,0,0,0,0,0,0,NA,NA,21.56190935,0
0,1,0,0,0,0,0,0,0,0,0,0,1,0,0,0,1,0,0,1,0,0.036144578,0,0,0,0,0,0,0,0,0,0,0.722891566,0,0,0,0.240963855,0,NA,NA,24.18805459,0.697501377003933
1,0,1,0,1,0,1,1,1,0,0,0,0,0,0,1,0,1,0,0,0.366972477,0,0.036697248,0,0.009174312,0,0.064220183,0.036697248,0.027522936,0,0,0,0,0,0,0.091743119,0,0.366972477,NA,NA,18.95343909,1.51571696524802
0,0,0,0,1,0,1,1,0,0,0,0,0,0,0,0,0,1,0,0,0,0,0,0,0.034883721,0,0.348837209,0.034883721,0,0,0,0,0,0,0,0,0,0.581395349,NA,NA,18.22913273,0.916803744709308
1,0,0,0,0,0,0,0,0,0,0,0,0,0,0,0,0,0,0,0,1,0,0,0,0,0,0,0,0,0,0,0,0,0,0,0,0,0,NA,NA,20.18788567,0
1,0,1,0,0,0,0,1,1,0,0,1,0,0,1,1,0,1,1,0,0.227272727,0,0.075757576,0,0,0,0,0.007575758,0.022727273,0,0,0.113636364,0,0,0.151515152,0.022727273,0,0.378787879,NA,NA,18.87338246,1.64196863109513
0,1,0,0,0,0,0,0,0,0,0,0,1,0,0,0,1,0,0,0,0,0.483870968,0,0,0,0,0,0,0,0,0,0,0.483870968,0,0,0,0.032258065,0,NA,NA,25.38613119,0.813293462705998
1,1,1,1,1,1,1,1,1,1,1,1,1,1,1,1,1,1,1,0,0.029411765,0.088235294,0.070588235,0.088235294,0.041176471,0.117647059,0.088235294,0.017647059,0,0.088235294,0.041176471,0.005882353,0.058823529,0.041176471,0.117647059,0.058823529,0.029411765,0.017647059,NA,NA,21.45168042,2.65501578774202
0,0,0,0,0,0,0,0,0,1,0,0,0,0,0,0,0,0,0,1,0,0,0,0,0,0,0,0,0,1,0,0,0,0,0,0,0,0,NA,NA,22.50229612,0
0,1,0,1,0,1,0,0,0,0,1,0,0,1,0,0,1,0,1,0,0,0.038461538,0,0.230769231,0,0.307692308,0,0,0,0,0.038461538,0,0,0.307692308,0,0,0.076923077,0,NA,NA,23.55281661,1.51163823460712
0,0,1,0,0,0,1,1,1,0,0,1,0,0,1,1,0,1,0,0,0,0,0.442477876,0,0,0,0.044247788,0.044247788,0.026548673,0,0,0.044247788,0,0,0.088495575,0.17699115,0,0.132743363,NA,NA,18.39855994,1.66013290757684
0,1,0,1,0,1,0,0,0,1,1,0,0,0,0,0,1,0,0,1,0,0.067307692,0,0.144230769,0,0.096153846,0,0,0,0.576923077,0.048076923,0,0,0,0,0,0.067307692,0,NA,NA,21.48947191,1.33095619272937
0,0,0,0,0,1,0,0,0,1,1,0,0,0,0,0,1,0,0,1,0,0,0,0,0,0.266666667,0,0,0,0.4,0.066666667,0,0,0,0,0,0.266666667,0,NA,NA,23.63660494,1.25198942134558
0,1,0,1,0,1,0,0,0,1,0,0,1,1,0,0,1,0,0,1,0,0.1,0,0.2,0,0.3,0,0,0,0.2,0,0,0,0.1,0,0,0.1,0,NA,NA,25.75462712,1.69574253416963
0,1,1,0,0,0,0,0,0,0,0,0,0,0,0,0,0,1,0,0,0,0.133333333,0.4,0,0,0,0,0,0,0,0,0,0,0,0,0,0,0.466666667,NA,NA,18.41592412,0.990835386026262
0,0,0,0,0,0,0,0,0,0,0,1,0,0,0,0,0,0,0,0,0,0,0,0,0,0,0,0,0,0,0,1,0,0,0,0,0,0,NA,NA,19.13846723,0
1,0,0,0,0,0,0,1,0,0,0,0,0,0,1,1,0,0,0,0,0.192307692,0,0,0,0,0,0,0.038461538,0,0,0,0,0,0,0.576923077,0.192307692,0,0,NA,NA,20.76012964,1.07674530043478
0,1,0,1,0,0,0,0,0,1,1,0,1,0,0,0,1,0,1,1,0,0.032258065,0,0.322580645,0,0,0,0,0,0.107526882,0.107526882,0,0.322580645,0,0,0,0.107526882,0,NA,NA,22.97760119,1.56007011244236
1,0,1,1,0,0,1,0,0,0,0,0,0,1,1,0,1,0,0,0,0.307692308,0,0.230769231,0.061538462,0,0,0.153846154,0,0,0,0,0,0,0.046153846,0.153846154,0,0.046153846,0,NA,NA,21.37988027,1.73248032325776
0,0,0,0,0,0,0,0,0,0,0,0,0,0,1,0,0,0,0,1,0,0,0,0,0,0,0,0,0,0,0,0,0,0,1,0,0,0,NA,NA,14.01853232,0
0,1,0,0,1,1,1,0,0,0,1,1,0,0,0,1,1,0,0,0,0,0.043859649,0,0,0.043859649,0.219298246,0.175438596,0,0,0,0.061403509,0.131578947,0,0,0,0.263157895,0.061403509,0,NA,NA,21.28028124,1.87321303796828
0,0,0,0,1,1,1,0,1,0,0,0,1,0,0,1,1,0,1,0,0,0,0,0,0.02,0.4,0.15,0,0.02,0,0,0,0,0,0,0.4,0.01,0,NA,NA,21.6688721,1.22013320530921
0,1,0,0,0,1,0,0,0,0,0,0,0,1,0,0,0,0,0,1,0,0.105263158,0,0,0,0.631578947,0,0,0,0,0,0,0,0.263157895,0,0,0,0,NA,NA,24.32702197,0.878525099546149
0,0,0,1,0,0,1,0,1,0,0,0,0,0,0,0,1,0,1,0,0,0,0,0.238095238,0,0,0.428571429,0,0.047619048,0,0,0,0,0,0,0,0.285714286,0,NA,NA,20.32896244,1.20772398237586
0,0,1,0,0,0,1,1,0,1,0,0,0,0,0,0,1,1,1,1,0,0,0.330578512,0,0,0,0.024793388,0.024793388,0,0.165289256,0,0,0,0,0,0,0.123966942,0.330578512,NA,NA,19.60133509,1.47151427481839
0,0,1,0,0,1,0,0,0,0,0,0,0,0,0,0,1,1,0,1,0,0,0.057377049,0,0,0.12295082,0,0,0,0,0,0,0,0,0,0,0.12295082,0.696721311,NA,NA,19.98974299,0.931166669370219
0,0,0,0,0,0,0,0,0,0,0,0,0,0,0,0,1,0,1,0,0,0,0,0,0,0,0,0,0,0,0,0,0,0,0,0,1,0,NA,NA,26.54814996,0
0,0,1,0,0,0,0,0,0,0,0,0,0,0,0,0,0,0,1,1,0,0,1,0,0,0,0,0,0,0,0,0,0,0,0,0,0,0,NA,NA,19.18886709,0
0,0,0,1,0,1,0,0,0,1,0,0,1,1,0,0,1,0,1,0,0,0,0,0.099009901,0,0.396039604,0,0,0,0.297029703,0,0,0.02970297,0.099009901,0,0,0.079207921,0,NA,NA,24.67848663,1.49062377709848
1,0,1,0,1,0,1,1,1,0,0,1,0,0,0,0,0,1,0,1,0.206185567,0,0.103092784,0,0.051546392,0,0.154639175,0.010309278,0,0,0,0.06185567,0,0,0,0,0,0.412371134,NA,NA,18.53102948,1.58590506084557
1,1,1,1,1,1,1,1,1,1,1,1,1,1,1,1,1,1,1,1,0.277777778,0.018518519,0.037037037,0.009259259,0.027777778,0.046296296,0.046296296,0.018518519,0.009259259,0,0.009259259,0.046296296,0.018518519,0.046296296,0.055555556,0.009259259,0.046296296,0.277777778,NA,NA,21.45168042,2.2001104397122
0,0,0,1,0,1,0,0,0,1,1,0,1,1,0,0,1,0,1,0,0,0,0,0.010638298,0,0.212765957,0,0,0,0.106382979,0.021276596,0,0.106382979,0.010638298,0,0,0.531914894,0,NA,NA,25.92116188,1.32038210341983
1,0,1,0,1,0,1,0,1,0,0,0,0,0,1,1,0,1,0,0,0.303030303,0,0.151515152,0,0.070707071,0,0.101010101,0,0.02020202,0,0,0,0,0,0.151515152,0.101010101,0,0.101010101,NA,NA,17.41621106,1.89448706533331
0,1,0,1,0,0,0,0,0,1,1,0,0,1,0,0,1,0,0,1,0,0.074626866,0,0.447761194,0,0,0,0,0,0.149253731,0.014925373,0,0,0.014925373,0,0,0.298507463,0,NA,NA,23.68819949,1.32374325444154
0,0,0,0,1,1,1,0,1,0,0,0,1,0,0,1,1,0,1,1,0,0,0,0,0.0625,0.223214286,0.133928571,0,0.044642857,0,0,0,0.044642857,0,0,0.133928571,0.357142857,0,NA,NA,21.6688721,1.69185306720091
0,0,0,0,0,0,0,0,0,0,0,0,0,0,0,1,0,0,1,0,0,0,0,0,0,0,0,0,0,0,0,0,0,0,0,1,0,0,NA,NA,22.51774405,0
0,0,0,1,0,1,0,0,0,1,0,0,1,1,0,0,1,0,1,1,0,0,0,0.086956522,0,0.260869565,0,0,0,0.347826087,0,0,0.043478261,0.173913043,0,0,0.086956522,0,NA,NA,24.67848663,1.58315268107195
0,1,0,0,0,0,1,1,0,0,1,0,1,0,0,1,0,1,0,0,0,0.048543689,0,0,0,0,0.194174757,0.097087379,0,0,0.116504854,0,0.009708738,0,0,0.145631068,0,0.388349515,NA,NA,22.13740542,1.63489892056604
0,0,0,0,0,0,0,1,0,0,0,0,0,0,0,0,0,0,1,1,0,0,0,0,0,0,0,1,0,0,0,0,0,0,0,0,0,0,NA,NA,26.31635653,0
1,0,0,0,0,0,0,1,0,0,0,1,0,0,0,1,0,0,1,1,0.526315789,0,0,0,0,0,0,0.105263158,0,0,0,0.315789474,0,0,0,0.052631579,0,0,NA,NA,22.04011337,1.09377044770106
0,0,0,0,0,1,0,0,0,0,0,0,0,0,0,0,0,0,0,0,0,0,0,0,0,1,0,0,0,0,0,0,0,0,0,0,0,0,NA,NA,21.41923304,0
0,1,0,1,0,0,0,0,0,1,1,0,1,0,0,0,1,0,1,0,0,0.103092784,0,0.051546392,0,0,0,0,0,0.154639175,0.154639175,0,0.12371134,0,0,0,0.412371134,0,NA,NA,22.97760119,1.58823052031923
0,0,0,0,1,0,0,0,0,0,0,0,0,0,0,0,0,0,0,0,0,0,0,0,1,0,0,0,0,0,0,0,0,0,0,0,0,0,NA,NA,17.40814705,0
1,0,0,0,0,0,0,0,0,0,0,0,0,0,0,0,0,0,0,1,1,0,0,0,0,0,0,0,0,0,0,0,0,0,0,0,0,0,NA,NA,20.18788567,0
0,0,0,0,0,0,0,0,0,0,0,0,0,0,1,0,0,0,1,1,0,0,0,0,0,0,0,0,0,0,0,0,0,0,1,0,0,0,NA,NA,14.01853232,0
1,0,1,0,1,0,1,1,1,0,0,1,0,0,0,0,0,1,1,0,0.036697248,0,0.091743119,0,0.04587156,0,0.009174312,0.018348624,0.04587156,0,0,0.110091743,0,0,0,0,0,0.642201835,NA,NA,18.53102948,1.26689606226233
1,1,1,1,1,1,1,1,1,1,1,1,1,1,1,1,1,1,1,0,0.16,0.024,0.056,0.04,0.016,0.08,0.04,0.08,0,0.08,0.04,0.024,0.016,0.04,0.04,0.024,0.12,0.12,NA,NA,21.45168042,2.61430475755462
0,1,0,0,1,0,0,0,1,1,1,1,1,0,0,1,0,0,0,1,0,0.019047619,0,0,0.142857143,0,0,0,0.047619048,0.476190476,0.047619048,0.00952381,0.066666667,0,0,0.19047619,0,0,NA,NA,22.31607622,1.537402321904
0,1,0,1,0,1,0,0,0,0,0,0,0,0,0,0,0,0,0,0,0,0.090909091,0,0.649350649,0,0.25974026,0,0,0,0,0,0,0,0,0,0,0,0,NA,NA,19.96523589,0.848517541934389
0,0,0,0,0,0,0,0,0,1,1,0,0,0,0,0,1,0,1,1,0,0,0,0,0,0,0,0,0,0.571428571,0.047619048,0,0,0,0,0,0.380952381,0,NA,NA,23.01370794,0.832407575313424
0,0,0,1,0,1,0,0,0,1,1,0,1,1,0,0,1,0,0,1,0,0,0,0.176470588,0,0.235294118,0,0,0,0.294117647,0.058823529,0,0.035294118,0.117647059,0,0,0.082352941,0,NA,NA,25.92116188,1.74856252105014
0,1,0,0,0,1,0,0,0,0,0,0,1,0,0,0,0,0,1,0,0,0.07,0,0,0,0.9,0,0,0,0,0,0,0.03,0,0,0,0,0,NA,NA,22.90582536,0.386169403596938
0,0,1,0,0,0,1,1,0,1,0,0,0,0,0,0,1,1,0,1,0,0,0.017241379,0,0,0,0.00862069,0.00862069,0,0.086206897,0,0,0,0,0,0,0.103448276,0.775862069,NA,NA,19.60133509,0.794849716006665
0,1,0,1,0,1,0,0,0,0,0,0,0,1,0,0,0,0,1,1,0,0.068627451,0,0.098039216,0,0.539215686,0,0,0,0,0,0,0,0.294117647,0,0,0,0,NA,NA,26.18366465,1.10451723920643
0,0,1,1,1,1,0,0,1,0,0,0,0,1,1,0,1,0,1,1,0,0,0.074626866,0.052238806,0.149253731,0.074626866,0,0,0.052238806,0,0,0,0,0.149253731,0.335820896,0,0.111940299,0,NA,NA,21.99629718,1.8751211439441
1,1,1,1,0,0,0,0,0,0,0,0,0,0,0,0,0,0,0,1,0.683760684,0.085470085,0.170940171,0.05982906,0,0,0,0,0,0,0,0,0,0,0,0,0,0,NA,NA,20.92078116,0.940601299975014
0,0,1,0,0,0,1,0,0,0,0,1,0,0,0,1,0,0,0,1,0,0,0.363636364,0,0,0,0.090909091,0,0,0,0,0.454545455,0,0,0,0.090909091,0,0,NA,NA,19.30859596,1.16222554492109
1,0,1,1,0,0,1,0,0,0,0,0,0,1,1,0,1,0,0,1,0.4,0,0.15,0,0,0,0.05,0,0,0,0,0,0,0.05,0.2,0,0.15,0,NA,NA,21.37988027,1.55711309805765
0,1,0,0,0,0,0,1,0,0,0,1,1,0,0,0,0,0,1,1,0,0.166666667,0,0,0,0,0,0.166666667,0,0,0,0.333333333,0.333333333,0,0,0,0,0,NA,NA,25.38088838,1.32966134931686
0,0,0,0,1,0,1,1,0,0,0,0,0,0,0,0,0,1,0,1,0,0,0,0,0.090909091,0,0.027272727,0.063636364,0,0,0,0,0,0,0,0,0,0.818181818,NA,NA,18.22913273,0.655699191729111
0,0,0,0,0,0,0,0,0,1,0,0,0,0,0,0,0,0,1,1,0,0,0,0,0,0,0,0,0,1,0,0,0,0,0,0,0,0,NA,NA,22.50229612,0
0,0,0,0,0,0,0,0,0,0,0,0,0,1,0,0,0,0,0,0,0,0,0,0,0,0,0,0,0,0,0,0,0,1,0,0,0,0,NA,NA,39.00905368,0
0,0,0,1,0,0,0,0,0,0,0,0,0,0,0,0,0,0,1,1,0,0,0,1,0,0,0,0,0,0,0,0,0,0,0,0,0,0,NA,NA,21.56190935,0
0,0,0,0,0,1,0,0,0,1,1,0,0,0,0,0,1,0,1,0,0,0,0,0,0,0.170940171,0,0,0,0.512820513,0.05982906,0,0,0,0,0,0.256410256,0,NA,NA,23.63660494,1.16189520248776
1,1,1,1,1,1,1,1,1,1,1,1,1,1,1,1,1,1,0,0,0.028846154,0.009615385,0.096153846,0.028846154,0.096153846,0.096153846,0.019230769,0.048076923,0.019230769,0.048076923,0.048076923,0.067307692,0,0.067307692,0.067307692,0.067307692,0.048076923,0.144230769,NA,NA,21.45168042,2.6661523354866
1,0,1,0,0,0,0,1,1,0,0,1,0,0,1,1,0,1,0,0,0.153846154,0,0.038461538,0,0,0,0,0.038461538,0.038461538,0,0,0.115384615,0,0,0.115384615,0.038461538,0,0.461538462,NA,NA,18.87338246,1.64441457374273
1,0,0,0,1,0,1,1,1,0,0,1,0,0,1,0,0,1,0,1,0.27173913,0,0,0,0.108695652,0,0.108695652,0.02173913,0.163043478,0,0,0.108695652,0,0,0.163043478,0,0,0.054347826,NA,NA,17.88473764,1.91065337663094
0,0,0,0,0,0,0,0,0,0,0,1,0,0,0,0,0,0,0,1,0,0,0,0,0,0,0,0,0,0,0,1,0,0,0,0,0,0,NA,NA,19.13846723,0
0,0,0,1,1,0,1,0,0,0,1,1,0,0,0,1,0,0,0,0,0,0,0,0.043010753,0.043010753,0,0.161290323,0,0,0,0.215053763,0.215053763,0,0,0,0.322580645,0,0,NA,NA,19.26941218,1.59091863092887
1,0,0,1,0,1,0,1,1,1,1,1,0,0,0,0,0,0,0,0,0.394736842,0,0,0.013157895,0,0.197368421,0,0.065789474,0.026315789,0,0.039473684,0.263157895,0,0,0,0,0,0,NA,NA,21.50242169,1.49783017259238
1,0,0,0,1,0,1,0,1,0,0,0,0,0,0,0,0,0,1,1,0.904761905,0,0,0,0.019047619,0,0.047619048,0,0.028571429,0,0,0,0,0,0,0,0,0,NA,NA,17.70045579,0.412554395203288
1,0,1,0,1,0,1,1,1,0,0,0,0,0,1,1,0,0,0,0,0.25,0,0.083333333,0,0.125,0,0.016666667,0.025,0.125,0,0,0,0,0,0.291666667,0.083333333,0,0,NA,NA,19.10541539,1.80042138688372
0,0,1,0,0,0,0,0,0,0,0,0,0,0,0,0,0,0,0,1,0,0,1,0,0,0,0,0,0,0,0,0,0,0,0,0,0,0,NA,NA,19.18886709,0
1,0,0,0,0,0,0,1,0,0,0,0,0,0,1,1,0,0,0,1,0.373831776,0,0,0,0,0,0,0.018691589,0,0,0,0,0,0,0.23364486,0.373831776,0,0,NA,NA,20.76012964,1.14975830874808
1,0,1,0,1,0,0,1,0,0,0,0,0,0,0,0,0,0,1,1,0.775862069,0,0.172413793,0,0.00862069,0,0,0.043103448,0,0,0,0,0,0,0,0,0,0,NA,NA,20.77531408,0.676480662713928
0,1,0,0,0,0,0,0,0,0,0,0,0,0,0,0,0,0,0,0,0,1,0,0,0,0,0,0,0,0,0,0,0,0,0,0,0,0,NA,NA,22.74446252,0
0,0,0,0,0,0,0,0,0,0,1,0,0,0,0,0,0,0,1,0,0,0,0,0,0,0,0,0,0,0,1,0,0,0,0,0,0,0,NA,NA,24.07674063,0
0,1,0,1,0,1,0,0,0,1,0,0,1,1,0,0,1,0,1,0,0,0.051094891,0,0.072992701,0,0.145985401,0,0,0,0.510948905,0,0,0.03649635,0.072992701,0,0,0.109489051,0,NA,NA,25.75462712,1.52107342342565
0,1,0,0,0,1,0,0,0,1,0,0,1,1,0,0,1,0,1,0,0,0.045454545,0,0,0,0.318181818,0,0,0,0.318181818,0,0,0.090909091,0.136363636,0,0,0.090909091,0,NA,NA,24.82630578,1.57689846759713
0,0,0,0,1,0,1,1,0,0,0,0,0,0,1,0,0,0,1,1,0,0,0,0,0.186915888,0,0.186915888,0.065420561,0,0,0,0,0,0,0.560747664,0,0,0,NA,NA,18.53308535,1.12973223927786
0,0,0,0,0,0,0,0,0,0,0,0,0,0,0,0,0,1,0,1,0,0,0,0,0,0,0,0,0,0,0,0,0,0,0,0,0,1,NA,NA,12.80272186,0
0,0,0,1,0,1,0,0,0,0,1,0,1,1,0,0,1,0,0,0,0,0,0,0.19047619,0,0.238095238,0,0,0,0,0.028571429,0,0.066666667,0.380952381,0,0,0.095238095,0,NA,NA,24.8752922,1.53124817879445
0,1,0,1,0,1,0,0,0,1,1,0,0,1,0,0,0,0,0,0,0,0.036585366,0,0.06097561,0,0.609756098,0,0,0,0.12195122,0.048780488,0,0,0.12195122,0,0,0,0,NA,NA,23.04708488,1.25377954141727
0,1,1,0,0,0,0,0,0,0,0,0,0,0,0,0,0,1,1,0,0,0.176470588,0.235294118,0,0,0,0,0,0,0,0,0,0,0,0,0,0,0.588235294,NA,NA,18.41592412,0.958691859365481
0,0,0,1,0,0,1,0,1,0,0,0,0,0,0,0,1,0,0,0,0,0,0,0,0,0,0.352941176,0,0.470588235,0,0,0,0,0,0,0,0.176470588,0,NA,NA,20.32896244,1.02839416662283
0,1,0,1,0,0,0,0,0,1,0,0,0,1,0,0,0,0,1,1,0,0.068627451,0,0.049019608,0,0,0,0,0,0.588235294,0,0,0,0.294117647,0,0,0,0,NA,NA,26.45443042,1.00374579613866
0,1,0,0,0,0,0,0,0,0,0,0,1,0,0,0,1,0,0,1,0,0.117647059,0,0,0,0,0,0,0,0,0,0,0.411764706,0,0,0,0.470588235,0,NA,NA,25.38613119,0.971848771496226
1,0,0,0,1,0,1,1,1,0,0,1,0,0,1,1,0,0,0,1,0.227272727,0,0,0,0.136363636,0,0.136363636,0.045454545,0.027272727,0,0,0.063636364,0,0,0.272727273,0.090909091,0,0,NA,NA,19.09911541,1.86648426039118
0,1,0,0,0,0,0,0,0,0,0,0,1,0,0,0,1,0,1,0,0,0.181818182,0,0,0,0,0,0,0,0,0,0,0.090909091,0,0,0,0.727272727,0,NA,NA,24.18805459,0.759547391915957
0,0,0,1,1,1,1,0,0,0,0,0,0,0,0,0,0,0,1,0,0,0,0,0.097087379,0.029126214,0.291262136,0.582524272,0,0,0,0,0,0,0,0,0,0,0,NA,NA,19.19464873,1.00348352386873
0,0,0,0,0,1,0,0,0,1,0,1,0,0,0,1,0,0,1,1,0,0,0,0,0,0.333333333,0,0,0,0.380952381,0,0.238095238,0,0,0,0.047619048,0,0,NA,NA,21.39443511,1.22051801275982
0,0,1,0,0,1,0,0,0,0,0,0,0,0,0,0,1,1,1,1,0,0,0.017857143,0,0,0.089285714,0,0,0,0,0,0,0,0,0,0,0.089285714,0.803571429,NA,NA,19.98974299,0.679026847809019
0,0,0,0,0,0,0,0,0,0,0,0,0,0,0,0,1,0,1,1,0,0,0,0,0,0,0,0,0,0,0,0,0,0,0,0,1,0,NA,NA,26.54814996,0
0,1,1,0,0,0,0,1,0,1,0,1,1,0,0,1,1,0,1,1,0,0.019607843,0,0,0,0,0,0.009803922,0,0.68627451,0,0.098039216,0.098039216,0,0,0.019607843,0.068627451,0,NA,NA,24.03507634,1.0971264561672
0,0,0,0,0,0,0,0,1,0,0,0,0,0,0,0,0,0,0,1,0,0,0,0,0,0,0,0,1,0,0,0,0,0,0,0,0,0,NA,NA,16.81648496,0
0,0,1,0,1,0,0,0,0,0,0,1,0,0,0,1,0,0,1,1,0,0,0.636363636,0,0.045454545,0,0,0,0,0,0,0.136363636,0,0,0,0.181818182,0,0,NA,NA,19.56330635,1.0097780466979
1,0,1,0,1,0,1,1,1,0,0,0,0,0,0,1,0,1,1,1,0.136363636,0,0.090909091,0,0.090909091,0,0.045454545,0.045454545,0.045454545,0,0,0,0,0,0,0.090909091,0,0.454545455,NA,NA,18.95343909,1.70556195662282
0,0,0,1,1,1,0,0,0,0,0,0,0,0,0,0,0,1,1,1,0,0,0,0.052631579,0.210526316,0.210526316,0,0,0,0,0,0,0,0,0,0,0,0.526315789,NA,NA,18.29800282,1.14884919973135
0,0,1,0,0,0,0,0,0,0,0,0,1,1,1,0,0,0,1,1,0,0,0.260416667,0,0,0,0,0,0,0,0,0,0.010416667,0.052083333,0.677083333,0,0,0,NA,NA,26.38518008,0.815866340998945
1,0,1,0,1,0,1,0,1,0,0,1,0,0,0,1,0,1,1,1,0.047169811,0,0.141509434,0,0.141509434,0,0.037735849,0,0.028301887,0,0,0.235849057,0,0,0,0.037735849,0,0.330188679,NA,NA,18.05620292,1.75226961164729
0,1,0,1,0,1,0,0,0,0,1,0,0,1,0,0,1,0,0,1,0,0.01369863,0,0.136986301,0,0.684931507,0,0,0,0,0.02739726,0,0,0.136986301,0,0,0,0,NA,NA,23.55281661,0.96115606251446
0,0,1,0,1,0,1,1,1,0,0,1,0,0,1,0,0,1,0,0,0,0,0.036866359,0,0.161290323,0,0.064516129,0.023041475,0.00921659,0,0,0.013824885,0,0,0.34562212,0,0,0.34562212,NA,NA,17.75986031,1.51643166358079
0,0,0,0,0,0,0,1,0,0,0,1,0,0,1,0,0,1,1,1,0,0,0,0,0,0,0,0.018691589,0,0,0,0.046728972,0,0,0.140186916,0,0,0.794392523,NA,NA,18.06901948,0.675823286582338
1,1,1,1,1,1,1,1,1,1,1,1,1,1,1,1,1,1,0,1,0.31496063,0,0.007874016,0.039370079,0.039370079,0.078740157,0.023622047,0.007874016,0.007874016,0.039370079,0.007874016,0.078740157,0.007874016,0.039370079,0.039370079,0.031496063,0,0.236220472,NA,NA,21.45168042,2.12985824355062
0,1,0,0,0,1,0,0,0,0,0,0,0,1,0,0,0,0,0,0,0,0.05,0,0,0,0.6,0,0,0,0,0,0,0,0.35,0,0,0,0,NA,NA,24.32702197,0.823719731511831
1,0,0,0,0,0,0,0,0,0,0,1,0,0,1,0,0,1,0,0,0.363636364,0,0,0,0,0,0,0,0,0,0,0.136363636,0,0,0.136363636,0,0,0.363636364,NA,NA,16.53690177,1.27909979815017
0,1,0,1,0,1,0,0,0,1,1,0,0,0,0,0,1,0,0,0,0,0.010752688,0,0.053763441,0,0.215053763,0,0,0,0.537634409,0.107526882,0,0,0,0,0,0.075268817,0,NA,NA,21.48947191,1.30453274752183
0,0,1,0,0,0,1,1,1,0,0,1,0,0,1,1,0,1,1,1,0,0,0.125,0,0,0,0.016666667,0.008333333,0,0,0,0.041666667,0,0,0.166666667,0.016666667,0,0.625,NA,NA,18.39855994,1.16110186701756
0,1,0,0,1,1,1,0,0,0,1,1,0,0,0,1,1,0,1,1,0,0.089285714,0,0,0.267857143,0.357142857,0.017857143,0,0,0,0.044642857,0.089285714,0,0,0,0.044642857,0.089285714,0,NA,NA,21.28028124,1.71716560379696
0,0,0,0,0,0,1,0,0,0,0,0,0,0,0,0,0,0,0,1,0,0,0,0,0,0,1,0,0,0,0,0,0,0,0,0,0,0,NA,NA,16.38930548,0
0,1,0,0,0,0,0,0,0,0,1,0,0,1,0,0,0,0,0,1,0,0.421052632,0,0,0,0,0,0,0,0,0.052631579,0,0,0.526315789,0,0,0,0,NA,NA,24.99139887,0.856997754993208
1,1,1,1,1,1,1,1,1,1,1,1,1,1,1,1,1,1,1,1,0.038095238,0.028571429,0.028571429,0.028571429,0.019047619,0.047619048,0.047619048,0.019047619,0.095238095,0.019047619,0.019047619,0.095238095,0,0.076190476,0.19047619,0.047619048,0.00952381,0.19047619,NA,NA,21.45168042,2.4859988364551
0,0,0,0,0,0,0,0,0,0,0,0,1,0,0,0,0,0,0,1,0,0,0,0,0,0,0,0,0,0,0,0,1,0,0,0,0,0,NA,NA,33.32426724,0
0,1,0,1,1,0,0,1,0,0,0,0,0,0,0,0,0,0,0,1,0,0.235294118,0,0.176470588,0.235294118,0,0,0.352941176,0,0,0,0,0,0,0,0,0,0,NA,NA,22.00771886,1.35458107533629
0,1,0,0,0,0,0,0,0,0,0,0,0,0,0,0,0,0,0,1,0,1,0,0,0,0,0,0,0,0,0,0,0,0,0,0,0,0,NA,NA,22.74446252,0
0,0,1,0,0,0,1,1,0,1,0,0,0,0,0,0,1,1,1,0,0,0,0.238095238,0,0,0,0.19047619,0.095238095,0,0.238095238,0,0,0,0,0,0,0.095238095,0.142857143,NA,NA,19.60133509,1.72509471577884
1,1,1,1,1,1,1,1,1,1,1,1,1,1,1,1,1,1,0,1,0.046511628,0.034883721,0.011627907,0.11627907,0.046511628,0.209302326,0.034883721,0.023255814,0,0.139534884,0.058139535,0.023255814,0.034883721,0.11627907,0.023255814,0.034883721,0.023255814,0.023255814,NA,NA,21.45168042,2.5107468657859
0,0,0,0,0,1,0,0,0,1,0,1,0,0,0,1,0,0,1,0,0,0,0,0,0,0.392156863,0,0,0,0.392156863,0,0.117647059,0,0,0,0.098039216,0,0,NA,NA,21.39443511,1.21364843074712
0,0,0,0,1,0,1,1,0,0,0,0,0,0,0,0,0,1,1,1,0,0,0,0,0.03125,0,0.15625,0.083333333,0,0,0,0,0,0,0,0,0,0.729166667,NA,NA,18.22913273,0.835735803667409
1,0,0,0,1,0,1,1,1,0,0,1,0,0,1,0,0,1,1,0,0.148148148,0,0,0,0.012345679,0,0.432098765,0.098765432,0,0,0,0.037037037,0,0,0.185185185,0,0,0.086419753,NA,NA,17.88473764,1.57433118912986
1,0,1,0,1,0,0,1,0,0,0,0,0,0,0,0,0,0,0,1,0.406976744,0,0.465116279,0,0.011627907,0,0,0.11627907,0,0,0,0,0,0,0,0,0,0,NA,NA,20.77531408,1.0239029798156
0,0,0,0,1,0,0,0,0,0,0,0,0,0,0,0,0,0,1,0,0,0,0,0,1,0,0,0,0,0,0,0,0,0,0,0,0,0,NA,NA,17.40814705,0
0,1,0,1,0,1,0,0,0,1,1,0,0,0,0,0,1,0,1,0,0,0.095238095,0,0.00952381,0,0.057142857,0,0,0,0.238095238,0.028571429,0,0,0,0,0,0.571428571,0,NA,NA,21.48947191,1.19486688620603
0,0,0,0,0,0,1,0,0,0,0,0,0,0,0,0,0,0,1,0,0,0,0,0,0,0,1,0,0,0,0,0,0,0,0,0,0,0,NA,NA,16.38930548,0
0,1,0,1,1,0,0,1,0,0,0,0,0,0,0,0,0,0,1,0,0,0.466666667,0,0.026666667,0.04,0,0,0.466666667,0,0,0,0,0,0,0,0,0,0,NA,NA,22.00771886,0.936734840564007
0,0,1,0,1,0,1,1,1,0,0,1,0,0,1,0,0,1,1,0,0,0,0.102040816,0,0.030612245,0,0.102040816,0.020408163,0,0,0,0.102040816,0,0,0.285714286,0,0,0.357142857,NA,NA,17.75986031,1.61049204437545
0,0,1,0,1,0,0,0,0,0,0,1,0,0,0,1,0,0,1,0,0,0,0.21978022,0,0.010989011,0,0,0,0,0,0,0.494505495,0,0,0,0.274725275,0,0,NA,NA,19.56330635,1.08573474681961
0,0,0,0,0,0,0,0,0,0,0,0,0,0,0,0,1,0,0,1,0,0,0,0,0,0,0,0,0,0,0,0,0,0,0,0,1,0,NA,NA,26.54814996,0
0,1,0,1,0,1,0,0,0,1,1,0,0,1,0,0,0,0,1,0,0,0.00990099,0,0.079207921,0,0.247524752,0,0,0,0.01980198,0.544554455,0,0,0.099009901,0,0,0,0,NA,NA,23.04708488,1.22974528443349
0,1,0,0,0,0,0,0,0,0,0,0,1,0,0,0,1,0,1,1,0,0.210526316,0,0,0,0,0,0,0,0,0,0,0.315789474,0,0,0,0.473684211,0,NA,NA,25.38613119,1.04597816569939
0,0,0,1,1,0,1,0,0,0,1,1,0,0,0,1,0,0,1,1,0,0,0,0.21978022,0.021978022,0,0.43956044,0,0,0,0.21978022,0.065934066,0,0,0,0.032967033,0,0,NA,NA,19.26941218,1.40297865872334
1,0,0,0,1,0,1,1,1,0,0,1,0,0,1,1,0,0,1,1,0.192307692,0,0,0,0.009615385,0,0.173076923,0.096153846,0,0,0,0.096153846,0,0,0.240384615,0.192307692,0,0,NA,NA,19.09911541,1.77535647657437
0,1,1,0,0,0,0,1,0,1,0,1,1,0,0,1,1,0,0,1,0,0.021052632,0.263157895,0,0,0,0,0.010526316,0,0.126315789,0,0.105263158,0.073684211,0,0,0.368421053,0.031578947,0,NA,NA,24.03507634,1.64801046329907
0,1,0,0,0,0,0,0,0,0,1,0,0,1,0,0,0,0,1,0,0,0.571428571,0,0,0,0,0,0,0,0,0.238095238,0,0,0.19047619,0,0,0,0,NA,NA,24.99139887,0.977320208767645
1,0,1,1,0,0,1,0,0,0,0,0,0,1,1,0,1,0,1,1,0.257731959,0,0.103092784,0.020618557,0,0,0.154639175,0,0,0,0,0,0,0.257731959,0.051546392,0,0.154639175,0,NA,NA,21.37988027,1.74332301935926
1,1,1,1,1,1,1,1,1,1,1,1,1,1,1,1,1,1,1,1,0.073394495,0.027522936,0.04587156,0.018348624,0.027522936,0.110091743,0.110091743,0.009174312,0,0.110091743,0.064220183,0.073394495,0.036697248,0.183486239,0.027522936,0.027522936,0,0.055045872,NA,NA,21.45168042,2.53376727615043
0,1,1,0,0,0,0,0,0,0,0,0,0,0,0,0,0,1,0,1,0,0.010416667,0.15625,0,0,0,0,0,0,0,0,0,0,0,0,0,0,0.833333333,NA,NA,18.41592412,0.489526486778057
0,0,0,1,0,1,0,0,0,1,1,0,1,1,0,0,1,0,1,1,0,0,0,0.04587156,0,0.229357798,0,0,0,0.04587156,0.073394495,0,0.009174312,0.137614679,0,0,0.458715596,0,NA,NA,25.92116188,1.48562576999409
0,0,0,1,1,1,0,0,0,0,0,0,0,0,0,0,0,1,0,1,0,0,0,0.024390244,0.06097561,0.609756098,0,0,0,0,0,0,0,0,0,0,0,0.304878049,NA,NA,18.29800282,0.924932298881293
0,0,0,1,1,1,1,0,0,0,0,0,0,0,0,0,0,0,0,0,0,0,0,0.058823529,0.176470588,0.235294118,0.529411765,0,0,0,0,0,0,0,0,0,0,0,NA,NA,19.19464873,1.1499171369139
0,0,0,1,0,0,1,0,1,0,0,0,0,0,0,0,1,0,1,1,0,0,0,0.084210526,0,0,0.157894737,0,0.021052632,0,0,0,0,0,0,0,0.736842105,0,NA,NA,20.32896244,0.8061164015553
0,1,0,1,0,1,0,0,0,0,1,0,0,1,0,0,1,0,1,1,0,0.033707865,0,0.011235955,0,0.280898876,0,0,0,0,0.056179775,0,0,0.112359551,0,0,0.505617978,0,NA,NA,23.55281661,1.27357361583809
0,0,0,0,0,1,0,0,0,0,0,0,0,0,0,0,0,0,1,1,0,0,0,0,0,1,0,0,0,0,0,0,0,0,0,0,0,0,NA,NA,21.41923304,0
0,0,1,0,0,0,0,0,0,0,0,0,0,0,0,0,0,0,0,0,0,0,1,0,0,0,0,0,0,0,0,0,0,0,0,0,0,0,NA,NA,19.18886709,0
0,0,0,0,0,0,0,0,0,0,0,0,0,0,1,0,0,0,0,0,0,0,0,0,0,0,0,0,0,0,0,0,0,0,1,0,0,0,NA,NA,14.01853232,0
0,1,0,0,0,0,0,0,0,0,0,0,1,0,0,0,1,0,0,0,0,0.203389831,0,0,0,0,0,0,0,0,0,0,0.677966102,0,0,0,0.118644068,0,NA,NA,24.18805459,0.840326783291851
0,0,0,0,0,0,0,1,0,0,0,1,0,0,1,0,0,1,1,0,0,0,0,0,0,0,0,0.066666667,0,0,0,0.028571429,0,0,0.523809524,0,0,0.380952381,NA,NA,18.06901948,0.988477387367098
0,0,0,0,0,0,0,0,0,1,0,0,0,0,0,0,0,0,1,0,0,0,0,0,0,0,0,0,0,1,0,0,0,0,0,0,0,0,NA,NA,22.50229612,0
1,0,1,0,1,0,1,0,1,0,0,0,0,0,1,1,0,1,1,0,0.471698113,0,0.094339623,0,0.009433962,0,0.094339623,0,0.018867925,0,0,0,0,0,0.141509434,0.075471698,0,0.094339623,NA,NA,17.41621106,1.61323831443315
1,0,1,0,1,0,1,1,1,0,0,0,0,0,1,1,0,0,1,0,0.131868132,0,0.494505495,0,0,0,0.087912088,0.065934066,0.021978022,0,0,0,0,0,0.164835165,0.032967033,0,0,NA,NA,19.10541539,1.5019840644335
0,0,0,1,0,1,0,0,0,1,0,0,1,1,0,0,1,0,0,1,0,0,0,0.041666667,0,0.208333333,0,0,0,0.0625,0,0,0.010416667,0.208333333,0,0,0.46875,0,NA,NA,24.67848663,1.36200613840214
0,0,0,1,0,1,0,0,0,0,1,0,1,1,0,0,1,0,0,1,0,0,0,0.06,0,0.12,0,0,0,0,0.2,0,0.05,0.12,0,0,0.45,0,NA,NA,24.8752922,1.50867055115614
1,1,1,1,0,0,0,0,0,0,0,0,0,0,0,0,0,0,0,0,0.632183908,0.137931034,0.229885057,0,0,0,0,0,0,0,0,0,0,0,0,0,0,0,NA,NA,20.92078116,0.901116733330007
1,0,0,0,0,0,0,1,0,0,0,0,0,0,1,1,0,0,1,1,0.153061224,0,0,0,0,0,0,0.030612245,0,0,0,0,0,0,0.714285714,0.102040816,0,0,NA,NA,20.76012964,0.8672418887866
1,0,0,0,0,0,0,1,0,0,0,1,0,0,0,1,0,0,0,1,0.489130435,0,0,0,0,0,0,0.086956522,0,0,0,0.043478261,0,0,0,0.380434783,0,0,NA,NA,22.04011337,1.06616136050054
1,0,1,0,1,0,1,1,1,0,0,1,0,0,0,0,0,1,0,0,0.301204819,0,0.120481928,0,0.060240964,0,0.120481928,0.012048193,0.012048193,0,0,0.012048193,0,0,0,0,0,0.361445783,NA,NA,18.53102948,1.56815737556281
0,0,0,1,0,0,0,0,0,0,0,0,0,0,0,0,0,0,0,1,0,0,0,1,0,0,0,0,0,0,0,0,0,0,0,0,0,0,NA,NA,21.56190935,0
1,0,1,0,1,0,1,0,1,0,0,1,0,0,0,1,0,1,0,0,0.181818182,0,0.101010101,0,0.01010101,0,0.252525253,0,0.01010101,0,0,0.04040404,0,0,0,0.050505051,0,0.353535354,NA,NA,18.05620292,1.62992805774095
0,1,0,0,0,1,0,0,0,0,0,0,1,0,0,0,0,0,0,1,0,0.155844156,0,0,0,0.519480519,0,0,0,0,0,0,0.324675325,0,0,0,0,0,NA,NA,22.90582536,0.995156674353415
0,0,1,0,0,0,0,0,0,0,0,0,1,1,1,0,0,0,1,0,0,0,0.127118644,0,0,0,0,0,0,0,0,0,0.06779661,0.127118644,0.677966102,0,0,0,NA,NA,26.38518008,0.970352681980488
0,0,0,0,0,0,0,0,0,0,0,1,0,0,0,0,0,0,1,0,0,0,0,0,0,0,0,0,0,0,0,1,0,0,0,0,0,0,NA,NA,19.13846723,0
1,0,0,1,0,1,0,1,1,1,1,1,0,0,0,0,0,0,1,1,0.336538462,0,0,0.009615385,0,0.240384615,0,0.028846154,0.057692308,0.115384615,0.019230769,0.192307692,0,0,0,0,0,0,NA,NA,21.50242169,1.6628977165473
0,1,0,1,0,1,0,0,0,0,0,0,0,1,0,0,0,0,0,0,0,0.256410256,0,0.012820513,0,0.576923077,0,0,0,0,0,0,0,0.153846154,0,0,0,0,NA,NA,26.18366465,1.01012757970247
0,0,0,0,0,0,0,0,0,0,1,0,0,0,0,0,0,0,0,0,0,0,0,0,0,0,0,0,0,0,1,0,0,0,0,0,0,0,NA,NA,24.07674063,0
0,0,0,0,0,1,0,0,0,1,1,0,0,0,0,0,1,0,1,1,0,0,0,0,0,0.157894737,0,0,0,0.052631579,0.105263158,0,0,0,0,0,0.684210526,0,NA,NA,23.63660494,0.943045670565565
0,1,0,1,0,0,0,0,0,1,0,0,0,1,0,0,0,0,0,1,0,0.204545455,0,0.113636364,0,0,0,0,0,0.454545455,0,0,0,0.227272727,0,0,0,0,NA,NA,26.45443042,1.26685538049933
0,1,0,0,0,0,1,1,0,0,1,0,1,0,0,1,0,1,1,1,0,0.206896552,0,0,0,0,0.206896552,0.091954023,0,0,0.287356322,0,0,0,0,0.172413793,0,0.034482759,NA,NA,22.13740542,1.64892649710712
1,0,0,0,0,0,0,0,0,0,0,1,0,0,1,0,0,1,1,1,0.561797753,0,0,0,0,0,0,0,0,0,0,0.011235955,0,0,0.337078652,0,0,0.08988764,NA,NA,16.53690177,0.95748351430213
0,0,0,0,0,0,0,0,1,0,0,0,0,0,0,0,0,0,1,0,0,0,0,0,0,0,0,0,1,0,0,0,0,0,0,0,0,0,NA,NA,16.81648496,0
1,0,0,0,1,0,1,0,1,0,0,0,0,0,0,0,0,0,0,1,0.494505495,0,0,0,0.010989011,0,0.43956044,0,0.054945055,0,0,0,0,0,0,0,0,0,NA,NA,17.70045579,0.918527860732319
0,0,1,0,0,1,0,0,0,0,0,0,0,0,0,0,1,1,0,0,0,0,0.384615385,0,0,0.197802198,0,0,0,0,0,0,0,0,0,0,0.032967033,0.384615385,NA,NA,19.98974299,1.16803650857845
0,0,1,0,0,0,1,1,1,0,0,1,0,0,1,1,0,1,1,0,0,0,0.213675214,0,0,0,0.085470085,0.034188034,0.008547009,0,0,0.068376068,0,0,0.213675214,0.034188034,0,0.341880342,NA,NA,18.39855994,1.69165506661442
0,1,0,1,0,0,0,0,0,1,1,0,0,1,0,0,1,0,1,0,0,0.111111111,0,0.033333333,0,0,0,0,0,0.111111111,0.555555556,0,0,0.133333333,0,0,0.055555556,0,NA,NA,23.68819949,1.35742346561671
0,0,0,0,0,0,0,0,0,0,0,0,0,0,0,0,0,1,1,1,0,0,0,0,0,0,0,0,0,0,0,0,0,0,0,0,0,1,NA,NA,12.80272186,0
1,0,1,0,1,0,1,1,1,0,0,0,0,0,0,1,0,1,0,1,0.25,0,0.35,0,0.01,0,0.03,0.12,0.07,0,0,0,0,0,0,0.05,0,0.12,NA,NA,18.95343909,1.71005783758501
0,0,1,1,1,1,0,0,1,0,0,0,0,1,1,0,1,0,1,0,0,0,0.7,0,0,0.03,0,0,0,0,0,0,0,0.04,0.05,0,0.18,0,NA,NA,21.99629718,0.942074561405686
0,0,0,0,0,0,0,0,0,0,0,0,0,1,0,0,0,0,1,0,0,0,0,0,0,0,0,0,0,0,0,0,0,1,0,0,0,0,NA,NA,39.00905368,0
1,1,1,1,1,1,1,1,1,1,1,1,1,1,1,1,1,1,1,1,0.010204082,0.12244898,0.040816327,0.020408163,0.010204082,0.204081633,0.153061224,0.010204082,0,0,0.102040816,0.020408163,0,0.153061224,0.071428571,0.010204082,0.010204082,0.06122449,NA,NA,21.45168042,2.27179833704042
1,0,0,0,0,0,0,0,0,0,0,0,0,0,0,0,0,0,1,1,1,0,0,0,0,0,0,0,0,0,0,0,0,0,0,0,0,0,NA,NA,20.18788567,0
0,0,0,0,0,0,0,0,0,1,1,0,0,0,0,0,1,0,0,0,0,0,0,0,0,0,0,0,0,0.090909091,0.454545455,0,0,0,0,0,0.454545455,0,NA,NA,23.01370794,0.934769897858279
0,0,0,0,1,1,1,0,1,0,0,0,1,0,0,1,1,0,0,1,0,0,0,0,0.139534884,0.348837209,0.290697674,0,0.023255814,0,0,0,0,0,0,0.139534884,0.058139535,0,NA,NA,21.6688721,1.52900938318835
0,1,0,0,0,1,0,0,0,0,0,0,0,1,0,0,0,0,1,1,0,0.285714286,0,0,0,0.476190476,0,0,0,0,0,0,0,0.238095238,0,0,0,0,NA,NA,24.32702197,1.05292256601863
0,1,0,0,0,0,0,1,0,0,0,1,1,0,0,0,0,0,1,0,0,0.510204082,0,0,0,0,0,0.204081633,0,0,0,0.204081633,0.081632653,0,0,0,0,0,NA,NA,25.38088838,1.19653917717051
0,1,0,1,0,1,0,0,0,0,0,0,0,0,0,0,0,0,1,0,0,0.454545455,0,0.181818182,0,0.363636364,0,0,0,0,0,0,0,0,0,0,0,0,NA,NA,19.96523589,1.03619878481928
0,1,0,0,1,1,1,0,0,0,1,1,0,0,0,1,1,0,1,0,0,0.035294118,0,0,0.094117647,0,0.176470588,0,0,0,0.588235294,0.047058824,0,0,0,0.047058824,0.011764706,0,NA,NA,21.28028124,1.29860858414582
0,1,0,0,1,0,0,0,1,1,1,1,1,0,0,1,0,0,1,0,0,0.12244898,0,0,0.010204082,0,0,0,0.020408163,0.204081633,0.510204082,0.081632653,0,0,0,0.051020408,0,0,NA,NA,22.31607622,1.4073787871287
0,0,0,0,0,0,0,1,0,0,0,0,0,0,0,0,0,0,0,0,0,0,0,0,0,0,0,1,0,0,0,0,0,0,0,0,0,0,NA,NA,26.31635653,0
0,1,0,1,0,0,0,0,0,1,1,0,1,0,0,0,1,0,0,0,0,0.075949367,0,0.025316456,0,0,0,0,0,0.025316456,0.759493671,0,0.012658228,0,0,0,0.101265823,0,NA,NA,22.97760119,0.878063657258391
0,0,1,0,0,0,1,0,0,0,0,1,0,0,0,1,0,0,1,1,0,0,0.343137255,0,0,0,0.196078431,0,0,0,0,0.117647059,0,0,0,0.343137255,0,0,NA,NA,19.30859596,1.30528762137454
0,0,0,0,1,0,1,1,0,0,0,0,0,0,1,0,0,0,1,0,0,0,0,0,0,0,0.56122449,0.255102041,0,0,0,0,0,0,0.183673469,0,0,0,NA,NA,18.53308535,0.98392755540655
0,1,0,1,0,1,0,0,0,1,0,0,1,1,0,0,1,0,1,1,0,0,0,0.252525253,0,0.202020202,0,0,0,0.252525253,0,0,0.121212121,0.101010101,0,0,0.070707071,0,NA,NA,25.75462712,1.6928517845136
1,1,1,1,1,1,1,1,1,1,1,1,1,1,1,1,1,1,0,0,0.518867925,0.028301887,0.047169811,0.047169811,0.009433962,0.047169811,0.047169811,0.018867925,0,0,0.141509434,0.009433962,0.028301887,0.018867925,0.009433962,0.009433962,0,0.018867925,NA,NA,21.45168042,1.7958599109706
0,0,0,0,0,0,0,0,0,0,0,0,1,0,0,0,0,0,1,1,0,0,0,0,0,0,0,0,0,0,0,0,1,0,0,0,0,0,NA,NA,33.32426724,0
0,1,0,0,0,1,0,0,0,1,0,0,1,1,0,0,1,0,0,0,0,0.1875,0,0,0,0.625,0,0,0,0.025,0,0,0.1,0.0625,0,0,0,0,NA,NA,24.82630578,1.10339014036551
0,0,0,0,0,0,0,0,0,0,0,0,0,0,0,1,0,0,0,0,0,0,0,0,0,0,0,0,0,0,0,0,0,0,0,1,0,0,NA,NA,22.51774405,0
1,0,1,0,0,0,0,1,1,0,0,1,0,0,1,1,0,1,0,1,0.542168675,0,0.144578313,0,0,0,0,0.048192771,0,0,0,0.048192771,0,0,0.048192771,0.144578313,0,0.024096386,NA,NA,18.87338246,1.41932978469825
0,0,1,0,0,0,0,0,0,0,0,0,1,1,1,0,0,0,0,0,0,0,0.047619048,0,0,0,0,0,0,0,0,0,0.114285714,0.028571429,0.80952381,0,0,0,NA,NA,26.38518008,0.665510227586848
1,0,1,0,1,0,1,0,1,0,0,0,0,0,1,1,0,1,0,1,0.173611111,0,0.055555556,0,0.013888889,0,0.013888889,0,0.013888889,0,0,0,0,0,0.590277778,0.083333333,0,0.055555556,NA,NA,17.41621106,1.3215766348777
0,1,0,1,0,0,0,0,0,1,0,0,0,1,0,0,0,0,0,0,0,0.090909091,0,0.113636364,0,0,0,0,0,0.568181818,0,0,0,0.227272727,0,0,0,0,NA,NA,26.45443042,1.1230506899135
0,0,1,0,0,0,1,0,0,0,0,1,0,0,0,1,0,0,0,0,0,0,0.35,0,0,0,0.12,0,0,0,0,0.08,0,0,0,0.45,0,0,NA,NA,19.30859596,1.18325612276121
0,0,0,0,1,0,1,1,0,0,0,0,0,0,1,0,0,0,0,1,0,0,0,0,0.048543689,0,0.097087379,0.077669903,0,0,0,0,0,0,0.776699029,0,0,0,NA,NA,18.53308535,0.768023128100578
1,0,0,0,1,0,1,1,1,0,0,1,0,0,1,0,0,1,0,0,0.108695652,0,0,0,0.130434783,0,0.130434783,0.02173913,0.02173913,0,0,0.010869565,0,0,0.25,0,0,0.326086957,NA,NA,17.88473764,1.70017457814034
0,0,0,0,0,1,0,0,0,1,1,0,0,0,0,0,1,0,0,0,0,0,0,0,0,0.588235294,0,0,0,0.352941176,0.035294118,0,0,0,0,0,0.023529412,0,NA,NA,23.63660494,0.88595475272503
0,1,1,0,0,0,0,0,0,0,0,0,0,0,0,0,0,1,1,1,0,0.019607843,0.049019608,0,0,0,0,0,0,0,0,0,0,0,0,0,0,0.931372549,NA,NA,18.41592412,0.291131748261909
0,1,0,0,0,0,0,0,0,0,1,0,0,1,0,0,0,0,0,0,0,0.142857143,0,0,0,0,0,0,0,0,0.357142857,0,0,0.5,0,0,0,0,NA,NA,24.99139887,0.992281974983473
0,0,0,0,0,0,0,0,0,0,0,0,0,0,0,1,0,0,1,1,0,0,0,0,0,0,0,0,0,0,0,0,0,0,0,1,0,0,NA,NA,22.51774405,0
0,0,0,1,0,1,0,0,0,1,0,0,1,1,0,0,1,0,0,0,0,0,0,0.070707071,0,0.202020202,0,0,0,0.404040404,0,0,0.02020202,0.202020202,0,0,0.101010101,0,NA,NA,24.67848663,1.51008969402659
0,1,0,0,0,0,0,1,0,0,0,1,1,0,0,0,0,0,0,1,0,0.160164608,0,0,0,0,0,0.179964727,0,0,0,0.359929454,0.299941212,0,0,0,0,0,NA,NA,25.38088838,1.33096125848247
0,0,0,1,1,1,0,0,0,0,0,0,0,0,0,0,0,1,0,0,0,0,0,0.031914894,0.010638298,0.106382979,0,0,0,0,0,0,0,0,0,0,0,0.85106383,NA,NA,18.29800282,0.533892459078203
1,0,0,0,0,0,0,1,0,0,0,0,0,0,1,1,0,0,1,0,0.392156863,0,0,0,0,0,0,0.009803922,0,0,0,0,0,0,0.588235294,0.009803922,0,0,NA,NA,20.76012964,0.769915445132836
0,0,0,1,0,1,0,0,0,0,1,0,1,1,0,0,1,0,1,1,0,0,0,0.103092784,0,0.309278351,0,0,0,0,0.020618557,0,0.103092784,0.154639175,0,0,0.309278351,0,NA,NA,24.8752922,1.56305539039861
0,1,0,0,0,0,1,1,0,0,1,0,1,0,0,1,0,1,1,0,0,0.029126214,0,0,0,0,0.029126214,0.029126214,0,0,0.009708738,0,0.009708738,0,0,0.019417476,0,0.873786408,NA,NA,22.13740542,0.593402049179421
0,0,0,1,1,0,1,0,0,0,1,1,0,0,0,1,0,0,1,0,0,0,0,0.037037037,0.012345679,0,0.37037037,0,0,0,0.37037037,0.061728395,0,0,0,0.148148148,0,0,NA,NA,19.26941218,1.36687200497663
0,1,0,1,0,1,0,0,0,0,0,0,0,0,0,0,0,0,1,1,0,0.12371134,0,0.103092784,0,0.773195876,0,0,0,0,0,0,0,0,0,0,0,0,NA,NA,19.96523589,0.691655935384249
1,0,1,0,1,0,1,1,1,0,0,0,0,0,1,1,0,0,1,1,0.336538462,0,0.115384615,0,0.048076923,0,0.115384615,0.076923077,0.019230769,0,0,0,0,0,0.240384615,0.048076923,0,0,NA,NA,19.10541539,1.77263086737534
0,0,0,0,1,0,1,1,0,0,0,0,0,0,0,0,0,1,1,0,0,0,0,0,0.010638298,0,0.265957447,0.085106383,0,0,0,0,0,0,0,0,0,0.638297872,NA,NA,18.22913273,0.896825616104585
1,1,1,1,0,0,0,0,0,0,0,0,0,0,0,0,0,0,1,0,0.490196078,0.196078431,0.245098039,0.068627451,0,0,0,0,0,0,0,0,0,0,0,0,0,0,NA,NA,20.92078116,1.19743298579115
0,0,0,0,0,0,1,0,0,0,0,0,0,0,0,0,0,0,1,1,0,0,0,0,0,0,1,0,0,0,0,0,0,0,0,0,0,0,NA,NA,16.38930548,0
0,0,0,0,0,0,0,0,0,0,0,0,0,0,1,0,0,0,1,0,0,0,0,0,0,0,0,0,0,0,0,0,0,0,1,0,0,0,NA,NA,14.01853232,0
1,0,0,1,0,1,0,1,1,1,1,1,0,0,0,0,0,0,0,1,0.37037037,0,0,0.024691358,0,0.148148148,0,0.012345679,0.12345679,0.296296296,0,0.024691358,0,0,0,0,0,0,NA,NA,21.50242169,1.50646726790884
0,0,0,1,0,1,0,0,0,1,1,0,1,1,0,0,1,0,0,0,0,0,0,0.054945055,0,0.32967033,0,0,0,0.131868132,0.010989011,0,0.032967033,0.21978022,0,0,0.21978022,0,NA,NA,25.92116188,1.62045160961954
0,0,0,0,0,0,0,1,0,0,0,0,0,0,0,0,0,0,0,1,0,0,0,0,0,0,0,1,0,0,0,0,0,0,0,0,0,0,NA,NA,26.31635653,0
0,0,1,0,0,0,0,0,0,0,0,0,0,0,0,0,0,0,1,0,0,0,1,0,0,0,0,0,0,0,0,0,0,0,0,0,0,0,NA,NA,19.18886709,0
0,0,0,0,1,1,1,0,1,0,0,0,1,0,0,1,1,0,0,0,0,0,0,0,0.022727273,0.340909091,0.170454545,0,0.056818182,0,0,0,0.011363636,0,0,0.113636364,0.284090909,0,NA,NA,21.6688721,1.57292880367662
0,0,0,0,0,0,0,0,0,0,0,0,0,0,0,0,0,1,0,0,0,0,0,0,0,0,0,0,0,0,0,0,0,0,0,0,0,1,NA,NA,12.80272186,0
0,0,1,0,1,0,1,1,1,0,0,1,0,0,1,0,0,1,0,1,0,0,0.265957447,0,0.106382979,0,0.159574468,0.021276596,0.063829787,0,0,0.106382979,0,0,0.191489362,0,0,0.085106383,NA,NA,17.75986031,1.90559876503012
0,0,0,1,1,1,1,0,0,0,0,0,0,0,0,0,0,0,1,1,0,0,0,0.028571429,0.019047619,0.619047619,0.333333333,0,0,0,0,0,0,0,0,0,0,0,NA,NA,19.19464873,0.840108104222925
1,0,0,0,1,0,1,0,1,0,0,0,0,0,0,0,0,0,0,0,0.641025641,0,0,0,0.064102564,0,0.256410256,0,0.038461538,0,0,0,0,0,0,0,0,0,NA,NA,17.70045579,0.935441874363851
0,0,1,0,0,0,1,1,1,0,0,1,0,0,1,1,0,1,0,1,0,0,0.193548387,0,0,0,0.053763441,0.021505376,0.086021505,0,0,0.053763441,0,0,0.430107527,0.032258065,0,0.129032258,NA,NA,18.39855994,1.6636447374003
0,0,0,0,0,0,0,0,0,1,0,0,0,0,0,0,0,0,0,0,0,0,0,0,0,0,0,0,0,1,0,0,0,0,0,0,0,0,NA,NA,22.50229612,0
0,1,0,1,0,1,0,0,0,0,0,0,0,1,0,0,0,0,0,1,0,0,0,0.034883721,0,0.872093023,0,0,0,0,0,0,0,0.093023256,0,0,0,0,NA,NA,26.18366465,0.457335928119272
1,0,1,0,1,0,1,0,1,0,0,1,0,0,0,1,0,1,1,0,0.192307692,0,0.028846154,0,0.009615385,0,0.048076923,0,0.019230769,0,0,0.019230769,0,0,0,0.009615385,0,0.673076923,NA,NA,18.05620292,1.07299736638628
0,1,0,0,0,1,0,0,0,0,0,0,0,1,0,0,0,0,1,0,0,0.052631579,0,0,0,0.842105263,0,0,0,0,0,0,0,0.105263158,0,0,0,0,NA,NA,24.32702197,0.536664562849339
1,1,1,1,1,1,1,1,1,1,1,1,1,1,1,1,1,1,0,0,0.112359551,0.02247191,0.08988764,0,0.112359551,0.02247191,0.033707865,0.011235955,0.011235955,0.02247191,0.02247191,0.056179775,0,0.056179775,0.224719101,0.056179775,0.08988764,0.056179775,NA,NA,21.45168042,2.4631623844211
1,0,1,1,0,0,1,0,0,0,0,0,0,1,1,0,1,0,1,0,0.215053763,0,0.032258065,0,0,0,0.032258065,0,0,0,0,0,0,0.021505376,0.376344086,0,0.322580645,0,NA,NA,21.37988027,1.36737672904634
0,0,0,0,0,0,0,0,0,0,0,0,0,1,0,0,0,0,0,1,0,0,0,0,0,0,0,0,0,0,0,0,0,1,0,0,0,0,NA,NA,39.00905368,0
0,1,1,0,0,0,0,1,0,1,0,1,1,0,0,1,1,0,0,0,0,0.06097561,0.146341463,0,0,0,0,0.06097561,0,0.012195122,0,0.12195122,0.097560976,0,0,0.012195122,0.487804878,0,NA,NA,24.03507634,1.56367265896688
0,0,0,0,0,1,0,0,0,0,0,0,0,0,0,0,0,0,0,1,0,0,0,0,0,1,0,0,0,0,0,0,0,0,0,0,0,0,NA,NA,21.41923304,0
1,1,1,1,1,1,1,1,1,1,1,1,1,1,1,1,1,1,0,1,0.063291139,0.025316456,0.101265823,0.012658228,0.063291139,0.151898734,0.101265823,0.012658228,0,0,0.025316456,0,0,0.025316456,0.253164557,0.126582278,0,0.037974684,NA,NA,21.45168042,2.22287139986983
0,1,0,0,0,1,0,0,0,0,0,0,1,0,0,0,0,0,1,1,0,0.0625,0,0,0,0.6875,0,0,0,0,0,0,0.25,0,0,0,0,0,NA,NA,22.90582536,0.777462131910929
0,1,0,0,0,0,0,0,0,0,0,0,1,0,0,0,1,0,1,1,0,0.15,0,0,0,0,0,0,0,0,0,0,0.15,0,0,0,0.7,0,NA,NA,24.18805459,0.818808456222877
0,1,0,0,0,0,0,0,0,0,0,0,0,0,0,0,0,0,1,1,0,1,0,0,0,0,0,0,0,0,0,0,0,0,0,0,0,0,NA,NA,22.74446252,0
0,0,0,0,0,0,0,0,0,0,1,0,0,0,0,0,0,0,0,1,0,0,0,0,0,0,0,0,0,0,1,0,0,0,0,0,0,0,NA,NA,24.07674063,0
0,1,0,1,0,1,0,0,0,1,0,0,1,1,0,0,1,0,0,0,0,0.012195122,0,0.036585366,0,0.243902439,0,0,0,0.280487805,0,0,0.182926829,0.024390244,0,0,0.219512195,0,NA,NA,25.75462712,1.60963890240023
0,1,0,0,0,1,0,0,0,1,0,0,1,1,0,0,1,0,1,1,0,0.036363636,0,0,0,0.072727273,0,0,0,0.318181818,0,0,0.072727273,0.090909091,0,0,0.409090909,0,NA,NA,24.82630578,1.44976139109916
0,1,0,1,1,0,0,1,0,0,0,0,0,0,0,0,0,0,1,1,0,0.38961039,0,0.38961039,0.025974026,0,0,0.194805195,0,0,0,0,0,0,0,0,0,0,NA,NA,22.00771886,1.14797567799158
0,0,1,0,0,0,1,1,0,1,0,0,0,0,0,0,1,1,0,0,0,0,0.294117647,0,0,0,0.196078431,0.009803922,0,0.009803922,0,0,0,0,0,0,0.098039216,0.392156863,NA,NA,19.60133509,1.36485912977192
0,1,0,1,0,0,0,0,0,1,1,0,0,1,0,0,1,0,0,0,0,0.12987013,0,0.025974026,0,0,0,0,0,0.233766234,0.064935065,0,0,0.155844156,0,0,0.38961039,0,NA,NA,23.68819949,1.53418428233833
0,0,0,0,0,0,0,0,0,1,1,0,0,0,0,0,1,0,1,0,0,0,0,0,0,0,0,0,0,0.55,0.05,0,0,0,0,0,0.4,0,NA,NA,23.01370794,0.845113256842953
0,1,0,0,1,1,1,0,0,0,1,1,0,0,0,1,1,0,0,1,0,0.064102564,0,0,0.064102564,0.320512821,0.192307692,0,0,0,0,0.064102564,0,0,0,0.192307692,0.102564103,0,NA,NA,21.28028124,1.76067674080335
1,0,1,0,1,0,1,1,1,0,0,1,0,0,0,0,0,1,1,1,0.1,0,0.1,0,0.01,0,0.08,0.02,0.12,0,0,0.45,0,0,0,0,0,0.12,NA,NA,18.53102948,1.65505918409793
1,1,1,1,1,1,1,1,1,1,1,1,1,1,1,1,1,1,1,0,0.052083333,0.010416667,0,0.010416667,0,0.052083333,0,0,0.020833333,0.010416667,0.260416667,0.010416667,0.010416667,0.15625,0.15625,0.010416667,0.03125,0.208333333,NA,NA,21.45168042,2.03930072150046
0,0,0,0,0,0,0,1,0,0,0,1,0,0,1,0,0,1,0,1,0,0,0,0,0,0,0,0.020618557,0,0,0,0.051546392,0,0,0.773195876,0,0,0.154639175,NA,NA,18.06901948,0.720423913295304
0,0,0,1,0,0,1,0,1,0,0,0,0,0,0,0,1,0,0,1,0,0,0,0.046296296,0,0,0.648148148,0,0.074074074,0,0,0,0,0,0,0,0.231481481,0,NA,NA,20.32896244,0.954823036755483
0,1,0,1,0,1,0,0,0,0,1,0,0,1,0,0,1,0,0,0,0,0.068493151,0,0.04109589,0,0.342465753,0,0,0,0,0.205479452,0,0,0.068493151,0,0,0.273972603,0,NA,NA,23.55281661,1.54528807009304
0,0,1,0,1,0,0,0,0,0,0,1,0,0,0,1,0,0,0,1,0,0,0.489130435,0,0.02173913,0,0,0,0,0,0,0.217391304,0,0,0,0.27173913,0,0,NA,NA,19.56330635,1.11882501584871
0,0,0,0,0,0,0,0,0,0,0,0,1,0,0,0,0,0,0,0,0,0,0,0,0,0,0,0,0,0,0,0,1,0,0,0,0,0,NA,NA,33.32426724,0
1,0,0,0,0,0,0,0,0,0,0,1,0,0,1,0,0,1,1,0,0.205607477,0,0,0,0,0,0,0,0,0,0,0.093457944,0,0,0.23364486,0,0,0.46728972,NA,NA,16.53690177,1.24197060278281
1,0,1,0,1,0,0,1,0,0,0,0,0,0,0,0,0,0,0,0,0.57,0,0.37,0,0.01,0,0,0.05,0,0,0,0,0,0,0,0,0,0,NA,NA,20.77531408,0.88411944002233
0,1,0,1,0,0,0,0,0,1,1,0,1,0,0,0,1,0,0,1,0,0.055555556,0,0.022222222,0,0,0,0,0,0.277777778,0.033333333,0,0.166666667,0,0,0,0.444444444,0,NA,NA,22.97760119,1.37339691913348
0,0,0,1,0,0,0,0,0,0,0,0,0,0,0,0,0,0,0,0,0,0,0,1,0,0,0,0,0,0,0,0,0,0,0,0,0,0,NA,NA,21.56190935,0
0,0,1,0,0,1,0,0,0,0,0,0,0,0,0,0,1,1,1,0,0,0,0.090909091,0,0,0.363636364,0,0,0,0,0,0,0,0,0,0,0.272727273,0.272727273,NA,NA,19.98974299,1.2945451658449
1,0,1,0,0,0,0,1,1,0,0,1,0,0,1,1,0,1,1,1,0.223214286,0,0.026785714,0,0,0,0,0.017857143,0.008928571,0,0,0.223214286,0,0,0.267857143,0.008928571,0,0.223214286,NA,NA,18.87338246,1.61016190806768
0,0,0,0,1,0,0,0,0,0,0,0,0,0,0,0,0,0,0,1,0,0,0,0,1,0,0,0,0,0,0,0,0,0,0,0,0,0,NA,NA,17.40814705,0
0,0,0,0,0,1,0,0,0,1,0,1,0,0,0,1,0,0,0,0,0,0,0,0,0,0.470588235,0,0,0,0.352941176,0,0.117647059,0,0,0,0.058823529,0,0,NA,NA,21.39443511,1.14072019605343
0,1,0,1,0,1,0,0,0,1,1,0,0,1,0,0,0,0,1,1,0,0.075471698,0,0.141509434,0,0.283018868,0,0,0,0.028301887,0.283018868,0,0,0.188679245,0,0,0,0,NA,NA,23.04708488,1.60175408881602
1,0,0,0,1,0,1,1,1,0,0,1,0,0,1,1,0,0,0,0,0.510204082,0,0,0,0.040816327,0,0.306122449,0.030612245,0,0,0,0.010204082,0,0,0.020408163,0.081632653,0,0,NA,NA,19.09911541,1.2737438807756
0,0,1,1,1,1,0,0,1,0,0,0,0,1,1,0,1,0,0,1,0,0,0.434782609,0.086956522,0.032608696,0.163043478,0,0,0,0,0,0,0,0.108695652,0.163043478,0,0.010869565,0,NA,NA,21.99629718,1.56794179065197
0,1,0,0,0,0,0,0,0,0,0,0,1,0,0,0,1,0,1,0,0,0.2,0,0,0,0,0,0,0,0,0,0,0.133333333,0,0,0,0.666666667,0,NA,NA,25.38613119,0.860851390094752
1,0,0,0,0,0,0,0,0,0,0,0,0,0,0,0,0,0,1,0,1,0,0,0,0,0,0,0,0,0,0,0,0,0,0,0,0,0,NA,NA,20.18788567,0
1,1,1,1,1,1,1,1,1,1,1,1,1,1,1,1,1,1,0,1,0.412371134,0,0.082474227,0.020618557,0.030927835,0.082474227,0.051546392,0.020618557,0,0.010309278,0.082474227,0.020618557,0,0.010309278,0.082474227,0.030927835,0.010309278,0.051546392,NA,NA,21.45168042,2.09077032412906
0,0,0,0,0,0,0,0,0,0,0,1,0,0,0,0,0,0,1,1,0,0,0,0,0,0,0,0,0,0,0,1,0,0,0,0,0,0,NA,NA,19.13846723,0
1,0,0,0,0,0,0,1,0,0,0,1,0,0,0,1,0,0,0,0,0.388888889,0,0,0,0,0,0,0.2,0,0,0,0.277777778,0,0,0,0.133333333,0,0,NA,NA,22.04011337,1.31364690101021
0,1,0,1,0,1,0,0,0,1,1,0,0,0,0,0,1,0,1,1,0,0.309278351,0,0.051546392,0,0.154639175,0,0,0,0.051546392,0.412371134,0,0,0,0,0,0.020618557,0,NA,NA,21.48947191,1.40262308169044
0,1,0,0,1,0,0,0,1,1,1,1,1,0,0,1,0,0,1,1,0,0.012345679,0,0,0.012345679,0,0,0,0.061728395,0.308641975,0.148148148,0.086419753,0,0,0,0.37037037,0,0,NA,NA,22.31607622,1.50561881548005
0,0,0,0,0,0,0,0,0,0,0,0,0,0,0,0,1,0,0,0,0,0,0,0,0,0,0,0,0,0,0,0,0,0,0,0,1,0,NA,NA,26.54814996,0
0,0,0,0,0,0,0,0,1,0,0,0,0,0,0,0,0,0,0,0,0,0,0,0,0,0,0,0,1,0,0,0,0,0,0,0,0,0,NA,NA,16.81648496,0
1,0,1,0,1,0,1,1,1,0,0,0,0,0,0,1,0,1,1,0,0.242718447,0,0.038834951,0,0.019417476,0,0.019417476,0.019417476,0.009708738,0,0,0,0,0,0,0.019417476,0,0.631067961,NA,NA,18.95343909,1.11145303906003
1,1,1,1,0,0,0,0,0,0,0,0,0,0,0,0,0,0,1,1,0.37037037,0.049382716,0.148148148,0.432098765,0,0,0,0,0,0,0,0,0,0,0,0,0,0,NA,3,20.92078116,1.16189161338936
0,0,0,1,1,1,1,0,0,0,0,0,0,0,0,0,0,0,0,1,0,0,0,0.211764706,0.058823529,0.141176471,0.588235294,0,0,0,0,0,0,0,0,0,0,0,NA,2,19.19464873,1.08389935891867
1,0,0,1,0,1,0,1,1,1,1,1,0,0,0,0,0,0,1,0,0.324675325,0,0,0.25974026,0,0.038961039,0,0.012987013,0.012987013,0.25974026,0.012987013,0.077922078,0,0,0,0,0,0,NA,6.11,21.50242169,1.56007061347398
0,1,0,0,0,0,0,0,0,0,0,0,0,0,0,0,0,0,1,0,0,1,0,0,0,0,0,0,0,0,0,0,0,0,0,0,0,0,NA,1,22.74446252,0
0,1,0,0,0,0,0,1,0,0,0,1,1,0,0,0,0,0,0,0,0,0.222222222,0,0,0,0,0,0.111111111,0,0,0,0.555555556,0.111111111,0,0,0,0,0,NA,3.5,25.38088838,1.14905969640935
0,0,0,0,0,0,1,0,0,0,0,0,0,0,0,0,0,0,0,0,0,0,0,0,0,0,1,0,0,0,0,0,0,0,0,0,0,0,NA,0.03,16.38930548,0
0,1,0,0,0,0,0,0,0,0,1,0,0,1,0,0,0,0,1,1,0,0.78125,0,0,0,0,0,0,0,0,0.21875,0,0,0,0,0,0,0,NA,2,24.99139887,0.525321319515595
0,0,0,0,0,0,0,1,0,0,0,0,0,0,0,0,0,0,1,0,0,0,0,0,0,0,0,1,0,0,0,0,0,0,0,0,0,0,NA,0.9,26.31635653,0
0,1,0,1,0,1,0,0,0,0,0,0,0,0,0,0,0,0,0,1,0,0.025974026,0,0.844155844,0,0.12987013,0,0,0,0,0,0,0,0,0,0,0,0,NA,2.9,19.96523589,0.502931164599187
1,0,1,0,1,0,0,1,0,0,0,0,0,0,0,0,0,0,1,0,0.268817204,0,0.698924731,0,0.010752688,0,0,0.021505376,0,0,0,0,0,0,0,0,0,0,NA,2.15,20.77531408,0.7348213996483
1,0,1,0,1,0,1,1,1,0,0,0,0,0,1,1,0,0,0,1,0.162162162,0,0.135135135,0,0.013513514,0,0.202702703,0.027027027,0.013513514,0,0,0,0,0,0.040540541,0.405405405,0,0,NA,4.5,19.10541539,1.5988821721042
0,1,0,0,0,1,0,0,0,1,0,0,1,1,0,0,1,0,0,1,0,0.03125,0,0,0,0.083333333,0,0,0,0.677083333,0,0,0,0,0,0,0.208333333,0,NA,5,24.82630578,0.906210824083102
0,0,0,0,0,0,0,0,0,1,1,0,0,0,0,0,1,0,0,1,0,0,0,0,0,0,0,0,0,0.8125,0.0875,0,0,0,0,0,0.1,0,NA,3,23.01370794,0.612125685673353
0,0,0,1,1,1,0,0,0,0,0,0,0,0,0,0,0,1,1,0,0,0,0,0.114942529,0.034482759,0.045977011,0,0,0,0,0,0,0,0,0,0,0,0.804597701,NA,2.95,18.29800282,0.681292806490767
0,0,1,0,1,0,0,0,0,0,0,1,0,0,0,1,0,0,0,0,0,0,0.8,0,0.013333333,0,0,0,0,0,0,0.053333333,0,0,0,0.133333333,0,0,NA,2.5,19.56330635,0.661065416339567
0,0,0,0,1,0,0,0,0,0,0,0,0,0,0,0,0,0,1,1,0,0,0,0,1,0,0,0,0,0,0,0,0,0,0,0,0,0,NA,0.75,17.40814705,0
0,0,0,0,0,0,0,0,0,0,0,0,1,0,0,0,0,0,1,0,0,0,0,0,0,0,0,0,0,0,0,0,1,0,0,0,0,0,NA,0.95,33.32426724,0
0,0,1,1,1,1,0,0,1,0,0,0,0,1,1,0,1,0,0,0,0,0,0.37037037,0.49382716,0.012345679,0.061728395,0,0,0.012345679,0,0,0,0,0.012345679,0.012345679,0,0.024691358,0,NA,3.73,21.99629718,1.19661479000932
0,1,0,1,0,0,0,0,0,1,0,0,0,1,0,0,0,0,1,0,0,0.384615385,0,0.274725275,0,0,0,0,0,0.32967033,0,0,0,0.010989011,0,0,0,0,NA,3.5,26.45443042,1.13783753702565
0,0,0,0,0,0,0,0,0,0,0,0,0,1,0,0,0,0,1,1,0,0,0,0,0,0,0,0,0,0,0,0,0,1,0,0,0,0,NA,0.7,39.00905368,0
1,1,1,1,1,1,1,1,1,1,1,1,1,1,1,1,1,1,0,0,0.11627907,0.011627907,0.069767442,0.093023256,0.058139535,0.034883721,0.058139535,0.011627907,0.011627907,0.058139535,0,0.034883721,0,0,0.023255814,0.034883721,0.034883721,0.348837209,NA,11.72,21.45168042,2.23156738998703
1,0,0,0,0,0,0,1,0,0,0,1,0,0,0,1,0,0,1,0,0.714285714,0,0,0,0,0,0,0.028571429,0,0,0,0.042857143,0,0,0,0.214285714,0,0,NA,3.8,22.04011337,0.807009036128734
1,0,0,0,0,0,0,0,0,0,0,1,0,0,1,0,0,1,0,1,0.481927711,0,0,0,0,0,0,0,0,0,0,0.012048193,0,0,0.024096386,0,0,0.481927711,NA,3.4,16.53690177,0.846591806399145
0,1,0,1,0,1,0,0,0,0,0,0,0,1,0,0,0,0,1,0,0,0.157894737,0,0.631578947,0,0.210526316,0,0,0,0,0,0,0,0,0,0,0,0,NA,2.6,26.18366465,0.909707710777674
0,0,1,0,0,0,1,0,0,0,0,1,0,0,0,1,0,0,1,0,0,0,0.348837209,0,0,0,0.209302326,0,0,0,0,0.209302326,0,0,0,0.23255814,0,0,NA,2.4,19.30859596,1.361278108129
0,0,0,0,0,0,0,0,0,0,1,0,0,0,0,0,0,0,1,1,0,0,0,0,0,0,0,0,0,0,1,0,0,0,0,0,0,0,NA,1,24.07674063,0
0,1,0,0,0,1,0,0,0,0,0,0,1,0,0,0,0,0,0,0,0,0.375,0,0,0,0.416666667,0,0,0,0,0,0,0.208333333,0,0,0,0,0,NA,3,22.90582536,1.05938459311119
1,0,0,0,1,0,1,1,1,0,0,1,0,0,1,1,0,0,1,0,0.632911392,0,0,0,0,0,0.101265823,0,0.037974684,0,0,0.037974684,0,0,0.063291139,0.126582278,0,0,NA,4.66,19.09911541,1.20613903347773
1,0,1,0,1,0,1,0,1,0,0,1,0,0,0,1,0,1,0,1,0.222222222,0,0.222222222,0,0.011111111,0,0.133333333,0,0.011111111,0,0,0.011111111,0,0,0,0.055555556,0,0.333333333,NA,4.5,18.05620292,1.61390653944863
0,0,0,0,0,0,0,0,0,0,0,0,0,0,0,0,0,1,1,0,0,0,0,0,0,0,0,0,0,0,0,0,0,0,0,0,0,1,NA,0.3,12.80272186,0
0,0,0,0,0,1,0,0,0,0,0,0,0,0,0,0,0,0,1,0,0,0,0,0,0,1,0,0,0,0,0,0,0,0,0,0,0,0,NA,1,21.41923304,0
0,0,1,0,0,0,0,0,0,0,0,0,1,1,1,0,0,0,0,1,0,0,0.689655172,0,0,0,0,0,0,0,0,0,0.051724138,0,0.25862069,0,0,0,NA,3.16,26.38518008,0.759205630940949
0,1,1,0,0,0,0,1,0,1,0,1,1,0,0,1,1,0,1,0,0,0.049382716,0.222222222,0,0,0,0,0,0,0.308641975,0,0.24691358,0.012345679,0,0,0.098765432,0.061728395,0,NA,6.3,24.03507634,1.64579320312917
0,1,0,0,1,0,0,0,1,1,1,1,1,0,0,1,0,0,0,0,0,0.1,0,0,0.05,0,0,0,0.05,0.2,0.033333333,0.25,0.016666667,0,0,0.3,0,0,NA,6.5,22.31607622,1.74109707304287
0,1,0,1,0,1,0,0,0,1,1,0,0,1,0,0,0,0,0,1,0,0.03030303,0,0.606060606,0,0.181818182,0,0,0,0.151515152,0.02020202,0,0,0.01010101,0,0,0,0,NA,5.7,23.04708488,1.13057187306651
0,0,0,0,1,0,1,1,0,0,0,0,0,0,1,0,0,0,0,0,0,0,0,0,0.136363636,0,0.284090909,0.011363636,0,0,0,0,0,0,0.568181818,0,0,0,NA,2.6,18.53308535,1.00129220278957
0,1,0,1,1,0,0,1,0,0,0,0,0,0,0,0,0,0,0,0,0,0.084210526,0,0.789473684,0.105263158,0,0,0.021052632,0,0,0,0,0,0,0,0,0,0,NA,2.65,22.00771886,0.713252828003267
0,0,0,0,0,1,0,0,0,1,0,1,0,0,0,1,0,0,0,1,0,0,0,0,0,0.430107527,0,0,0,0.107526882,0,0.032258065,0,0,0,0.430107527,0,0,NA,3.7,21.39443511,1.07634095558242
0,0,0,1,0,1,0,0,0,0,1,0,1,1,0,0,1,0,1,0,0,0,0,0.222222222,0,0.388888889,0,0,0,0,0.011111111,0,0.166666667,0.044444444,0,0,0.166666667,0,NA,6,24.8752922,1.48715954606998
1,0,0,0,1,0,1,1,1,0,0,1,0,0,1,0,0,1,1,1,0.117647059,0,0,0,0.009803922,0,0.117647059,0.019607843,0.098039216,0,0,0.029411765,0,0,0.019607843,0,0,0.588235294,NA,5.65,17.88473764,1.34661291485694
1,0,0,0,1,0,1,0,1,0,0,0,0,0,0,0,0,0,1,0,0.594059406,0,0,0,0.00990099,0,0.297029703,0,0.099009901,0,0,0,0,0,0,0,0,0,NA,1.85,17.70045579,0.944601248027364
1,1,1,1,1,1,1,1,1,1,1,1,1,1,1,1,1,1,1,0,0.153061224,0.153061224,0.06122449,0.153061224,0.020408163,0.020408163,0.020408163,0.020408163,0.010204082,0.051020408,0.020408163,0.040816327,0,0.010204082,0.010204082,0,0,0.255102041,NA,12.71,21.45168042,2.20120676250469
0,1,0,0,0,0,1,1,0,0,1,0,1,0,0,1,0,1,0,1,0,0.090909091,0,0,0,0,0.155844156,0.064935065,0,0,0.051948052,0,0.051948052,0,0,0.25974026,0,0.324675325,NA,5.45,22.13740542,1.70790494932436
0,0,0,0,0,0,0,0,1,0,0,0,0,0,0,0,0,0,1,1,0,0,0,0,0,0,0,0,1,0,0,0,0,0,0,0,0,0,NA,1,16.81648496,0
0,0,0,0,0,0,0,1,0,0,0,1,0,0,1,0,0,1,0,0,0,0,0,0,0,0,0,0.058823529,0,0,0,0.352941176,0,0,0.098039216,0,0,0.490196078,NA,3.6,18.06901948,1.11140183471749
0,0,0,0,0,0,0,0,0,0,0,0,0,0,0,1,0,0,0,1,0,0,0,0,0,0,0,0,0,0,0,0,0,0,0,1,0,0,NA,0.8,22.51774405,0
0,1,0,1,0,0,0,0,0,1,1,0,0,1,0,0,1,0,1,1,0,0.131578947,0,0.394736842,0,0,0,0,0,0.328947368,0.078947368,0,0,0.026315789,0,0,0.039473684,0,NA,4.9,23.68819949,1.42328128513657
0,0,0,1,1,0,1,0,0,0,1,1,0,0,0,1,0,0,0,1,0,0,0,0.211764706,0.011764706,0,0.294117647,0,0,0,0.070588235,0.058823529,0,0,0,0.352941176,0,0,NA,3.95,19.26941218,1.46227178448786
0,0,1,0,1,0,1,1,1,0,0,1,0,0,1,0,0,1,1,1,0,0,0.368421053,0,0.010526316,0,0.210526316,0.021052632,0.052631579,0,0,0.063157895,0,0,0.084210526,0,0,0.189473684,NA,5,17.75986031,1.6781074999272
1,0,1,0,1,0,1,0,1,0,0,0,0,0,1,1,0,1,1,1,0.161290323,0,0.376344086,0,0.010752688,0,0.086021505,0,0.021505376,0,0,0,0,0,0.107526882,0.107526882,0,0.129032258,NA,4.9,17.41621106,1.74818719606804
0,0,0,1,0,0,0,0,0,0,0,0,0,0,0,0,0,0,1,0,0,0,0,1,0,0,0,0,0,0,0,0,0,0,0,0,0,0,NA,1,21.56190935,0
0,1,0,0,0,0,0,0,0,0,0,0,1,0,0,0,1,0,0,1,0,0.153846154,0,0,0,0,0,0,0,0,0,0,0.461538462,0,0,0,0.384615385,0,NA,2.7,24.18805459,1.01233083910317
1,0,1,0,1,0,1,1,1,0,0,0,0,0,0,1,0,1,0,0,0.384615385,0,0.10989011,0,0.010989011,0,0.131868132,0.021978022,0.032967033,0,0,0,0,0,0,0.032967033,0,0.274725275,NA,4.88,18.95343909,1.59073009339202
0,0,0,0,1,0,1,1,0,0,0,0,0,0,0,0,0,1,0,0,0,0,0,0,0.0375,0,0.3125,0.025,0,0,0,0,0,0,0,0,0,0.625,NA,1.7,18.22913273,0.872586920670925
1,0,0,0,0,0,0,0,0,0,0,0,0,0,0,0,0,0,0,0,1,0,0,0,0,0,0,0,0,0,0,0,0,0,0,0,0,0,NA,1,20.18788567,0
1,0,1,0,0,0,0,1,1,0,0,1,0,0,1,1,0,1,1,0,0.222222222,0,0.12345679,0,0,0,0,0.012345679,0.061728395,0,0,0.037037037,0,0,0.012345679,0.037037037,0,0.49382716,NA,6.7,18.87338246,1.46547898145259
0,1,0,0,0,0,0,0,0,0,0,0,1,0,0,0,1,0,0,0,0,0.531914894,0,0,0,0,0,0,0,0,0,0,0.085106383,0,0,0,0.382978723,0,NA,2.9,25.38613119,0.913046224843579
1,1,1,1,1,1,1,1,1,1,1,1,1,1,1,1,1,1,1,0,0.054945055,0.087912088,0.054945055,0.21978022,0.032967033,0.032967033,0.10989011,0.010989011,0.010989011,0.054945055,0.032967033,0,0.021978022,0,0.054945055,0.065934066,0.131868132,0.021978022,NA,11.85,21.45168042,2.47795485908588
0,0,0,0,0,0,0,0,0,1,0,0,0,0,0,0,0,0,0,1,0,0,0,0,0,0,0,0,0,1,0,0,0,0,0,0,0,0,NA,1,22.50229612,0
0,1,0,1,0,1,0,0,0,0,1,0,0,1,0,0,1,0,1,0,0,0.053333333,0,0.533333333,0,0.16,0,0,0,0,0.04,0,0,0.013333333,0,0,0.2,0,NA,5,23.55281661,1.29301044168315
0,0,1,0,0,0,1,1,1,0,0,1,0,0,1,1,0,1,0,0,0,0,0.476190476,0,0,0,0.047619048,0.035714286,0.035714286,0,0,0.035714286,0,0,0.011904762,0.119047619,0,0.238095238,NA,6,18.39855994,1.50309819892182
0,1,0,1,0,1,0,0,0,1,1,0,0,0,0,0,1,0,0,1,0,0.12195122,0,0.365853659,0,0.073170732,0,0,0,0.365853659,0.024390244,0,0,0,0,0,0.048780488,0,NA,6,21.48947191,1.42160068162522
0,0,0,0,0,1,0,0,0,1,1,0,0,0,0,0,1,0,0,1,0,0,0,0,0,0.126582278,0,0,0,0.506329114,0.050632911,0,0,0,0,0,0.316455696,0,NA,4,23.63660494,1.12137060870198
0,1,0,1,0,1,0,0,0,1,0,0,1,1,0,0,1,0,0,1,0,0.096385542,0,0.421686747,0,0.120481928,0,0,0,0.301204819,0,0,0.012048193,0.012048193,0,0,0.036144578,0,NA,6.9,25.75462712,1.43249967008184
0,1,1,0,0,0,0,0,0,0,0,0,0,0,0,0,0,1,0,0,0,0.085365854,0.548780488,0,0,0,0,0,0,0,0,0,0,0,0,0,0,0.365853659,NA,1.95,18.41592412,0.907242363232586
0,0,0,0,0,0,0,0,0,0,0,1,0,0,0,0,0,0,0,0,0,0,0,0,0,0,0,0,0,0,0,1,0,0,0,0,0,0,NA,1,19.13846723,0
1,0,0,0,0,0,0,1,0,0,0,0,0,0,1,1,0,0,0,0,0.352941176,0,0,0,0,0,0,0.058823529,0,0,0,0,0,0,0.352941176,0.235294118,0,0,NA,3.8,20.76012964,1.24225504512021
0,1,0,1,0,0,0,0,0,1,1,0,1,0,0,0,1,0,1,1,0,0.137931034,0,0.287356322,0,0,0,0,0,0.229885057,0.137931034,0,0.091954023,0,0,0,0.114942529,0,NA,6,22.97760119,1.71090025705335
1,0,1,1,0,0,1,0,0,0,0,0,0,1,1,0,1,0,0,0,0.287356322,0,0.287356322,0.068965517,0,0,0.229885057,0,0,0,0,0,0,0.011494253,0.091954023,0,0.022988506,0,NA,4.7,21.37988027,1.59658834656927
0,0,0,0,0,0,0,0,0,0,0,0,0,0,1,0,0,0,0,1,0,0,0,0,0,0,0,0,0,0,0,0,0,0,1,0,0,0,NA,0.9,14.01853232,0
0,1,0,0,1,1,1,0,0,0,1,1,0,0,0,1,1,0,0,0,0,0.012345679,0,0,0.061728395,0.074074074,0.308641975,0,0,0,0.061728395,0.185185185,0,0,0,0.24691358,0.049382716,0,NA,6,21.28028124,1.75991325969087
0,0,0,0,1,1,1,0,1,0,0,0,1,0,0,1,1,0,1,0,0,0,0,0,0.01369863,0.273972603,0.273972603,0,0.02739726,0,0,0,0,0,0,0.342465753,0.068493151,0,NA,5.1,21.6688721,1.41738176273248
0,1,0,0,0,1,0,0,0,0,0,0,0,1,0,0,0,0,0,1,0,0.18,0,0,0,0.8,0,0,0,0,0,0,0,0.02,0,0,0,0,NA,3,24.32702197,0.565419018216477
0,0,0,1,0,0,1,0,1,0,0,0,0,0,0,0,1,0,1,0,0,0,0,0.197802198,0,0,0.43956044,0,0.032967033,0,0,0,0,0,0,0,0.32967033,0,NA,2.8,20.32896244,1.16016029637886
0,0,1,0,0,0,1,1,0,1,0,0,0,0,0,0,1,1,1,1,0,0,0.46875,0,0,0,0.104166667,0.03125,0,0.104166667,0,0,0,0,0,0,0.083333333,0.208333333,NA,3.3,19.60133509,1.46854060235296
0,0,1,0,0,1,0,0,0,0,0,0,0,0,0,0,1,1,0,1,0,0,0.1,0,0,0.05,0,0,0,0,0,0,0,0,0,0,0.1,0.75,NA,2.4,19.98974299,0.826065186615344
0,0,0,0,0,0,0,0,0,0,0,0,0,0,0,0,1,0,1,0,0,0,0,0,0,0,0,0,0,0,0,0,0,0,0,0,1,0,NA,1,26.54814996,0
0,0,1,0,0,0,0,0,0,0,0,0,0,0,0,0,0,0,1,1,0,0,1,0,0,0,0,0,0,0,0,0,0,0,0,0,0,0,NA,0.2,19.18886709,0
0,0,0,1,0,1,0,0,0,1,0,0,1,1,0,0,1,0,1,0,0,0,0,0.361445783,0,0.180722892,0,0,0,0.361445783,0,0,0.060240964,0.012048193,0,0,0.024096386,0,NA,5,24.67848663,1.35708061196837
1,0,1,0,1,0,1,1,1,0,0,1,0,0,0,0,0,1,0,1,0.117647059,0,0.147058824,0,0.058823529,0,0.147058824,0.009803922,0,0,0,0.078431373,0,0,0,0,0,0.441176471,NA,3.9,18.53102948,1.58824451049523
1,1,1,1,1,1,1,1,1,1,1,1,1,1,1,1,1,1,1,1,0.296610169,0.025423729,0.059322034,0.016949153,0.008474576,0.025423729,0.042372881,0.008474576,0.025423729,0,0.016949153,0.025423729,0,0,0.016949153,0.008474576,0.127118644,0.296610169,NA,13.15,21.45168042,1.98673624985241
0,0,0,1,0,1,0,0,0,1,1,0,1,1,0,0,1,0,1,0,0,0,0,0.028169014,0,0.169014085,0,0,0,0.281690141,0.098591549,0,0,0,0,0,0.422535211,0,NA,5.7,25.92116188,1.3503261850246
1,0,1,0,1,0,1,0,1,0,0,0,0,0,1,1,0,1,0,0,0.308641975,0,0.185185185,0,0.037037037,0,0.185185185,0,0.012345679,0,0,0,0,0,0.024691358,0.12345679,0,0.12345679,NA,4.66,17.41621106,1.77164378749001
0,1,0,1,0,0,0,0,0,1,1,0,0,1,0,0,1,0,0,1,0,0.011764706,0,0.211764706,0,0,0,0,0,0.588235294,0.011764706,0,0,0,0,0,0.176470588,0,NA,4.25,23.68819949,1.05149131689392
0,0,0,0,1,1,1,0,1,0,0,0,1,0,0,1,1,0,1,1,0,0,0,0,0.029411765,0.196078431,0.117647059,0,0.029411765,0,0,0,0.009803922,0,0,0.078431373,0.539215686,0,NA,4.13,21.6688721,1.3566977528072
0,0,0,0,0,0,0,0,0,0,0,0,0,0,0,1,0,0,1,0,0,0,0,0,0,0,0,0,0,0,0,0,0,0,0,1,0,0,NA,1,22.51774405,0
0,0,0,1,0,1,0,0,0,1,0,0,1,1,0,0,1,0,1,1,0,0,0,0.376344086,0,0.107526882,0,0,0,0.376344086,0,0,0.021505376,0.010752688,0,0,0.107526882,0,NA,4.8,24.67848663,1.3464450780071
0,1,0,0,0,0,1,1,0,0,1,0,1,0,0,1,0,1,0,0,0,0.061728395,0,0,0,0,0.308641975,0.037037037,0,0,0.037037037,0,0,0,0,0.12345679,0,0.432098765,NA,5.75,22.13740542,1.39971098185819
0,0,0,0,0,0,0,1,0,0,0,0,0,0,0,0,0,0,1,1,0,0,0,0,0,0,0,1,0,0,0,0,0,0,0,0,0,0,NA,0.85,26.31635653,0
1,0,0,0,0,0,0,1,0,0,0,1,0,0,0,1,0,0,1,1,0.547945205,0,0,0,0,0,0,0.109589041,0,0,0,0.205479452,0,0,0,0.136986301,0,0,NA,3.85,22.04011337,1.16940033901636
0,0,0,0,0,1,0,0,0,0,0,0,0,0,0,0,0,0,0,0,0,0,0,0,0,1,0,0,0,0,0,0,0,0,0,0,0,0,NA,1,21.41923304,0
0,1,0,1,0,0,0,0,0,1,1,0,1,0,0,0,1,0,1,0,0,0.114942529,0,0.057471264,0,0,0,0,0,0.229885057,0.068965517,0,0.011494253,0,0,0,0.517241379,0,NA,6,22.97760119,1.32753967233864
0,0,0,0,1,0,0,0,0,0,0,0,0,0,0,0,0,0,0,0,0,0,0,0,1,0,0,0,0,0,0,0,0,0,0,0,0,0,NA,0.5,17.40814705,0
1,0,0,0,0,0,0,0,0,0,0,0,0,0,0,0,0,0,0,1,1,0,0,0,0,0,0,0,0,0,0,0,0,0,0,0,0,0,NA,1,20.18788567,0
0,0,0,0,0,0,0,0,0,0,0,0,0,0,1,0,0,0,1,1,0,0,0,0,0,0,0,0,0,0,0,0,0,0,1,0,0,0,NA,0.95,14.01853232,0
1,0,1,0,1,0,1,1,1,0,0,1,0,0,0,0,0,1,1,0,0.036697248,0,0.073394495,0,0.04587156,0,0.027522936,0,0.073394495,0,0,0.055045872,0,0,0,0,0,0.688073394,NA,4.05,18.53102948,1.16179344488108
1,1,1,1,1,1,1,1,1,1,1,1,1,1,1,1,1,1,1,0,0.255102041,0.030612245,0.153061224,0.06122449,0.010204082,0.020408163,0.010204082,0.020408163,0.010204082,0.040816327,0.010204082,0.020408163,0.010204082,0,0.020408163,0.010204082,0.06122449,0.255102041,NA,12.25,21.45168042,2.16198942529331
0,1,0,0,1,0,0,0,1,1,1,1,1,0,0,1,0,0,0,1,0,0.011235955,0,0,0.112359551,0,0,0,0.011235955,0.674157303,0.02247191,0.011235955,0.02247191,0,0,0.134831461,0,0,NA,6.1,22.31607622,1.10349037876754
0,1,0,1,0,1,0,0,0,0,0,0,0,0,0,0,0,0,0,0,0,0.083333333,0,0.833333333,0,0.083333333,0,0,0,0,0,0,0,0,0,0,0,0,NA,3,19.96523589,0.566085737808336
0,0,0,0,0,0,0,0,0,1,1,0,0,0,0,0,1,0,1,1,0,0,0,0,0,0,0,0,0,0.515463918,0.020618557,0,0,0,0,0,0.463917526,0,NA,2.9,23.01370794,0.77793513739302
0,0,0,1,0,1,0,0,0,1,1,0,1,1,0,0,1,0,0,1,0,0,0,0.37037037,0,0.24691358,0,0,0,0.308641975,0.024691358,0,0,0.024691358,0,0,0.024691358,0,NA,5.63,25.92116188,1.35023501114146
0,1,0,0,0,1,0,0,0,0,0,0,1,0,0,0,0,0,1,0,0,0.056603774,0,0,0,0.943396226,0,0,0,0,0,0,0,0,0,0,0,0,NA,3,22.90582536,0.217518572504639
0,0,1,0,0,0,1,1,0,1,0,0,0,0,0,0,1,1,0,1,0,0,0.023255814,0,0,0,0.058139535,0.011627907,0,0.174418605,0,0,0,0,0,0,0.034883721,0.697674419,NA,4.3,19.60133509,0.977478139438961
0,1,0,1,0,1,0,0,0,0,0,0,0,1,0,0,0,0,1,1,0,0.091954023,0,0.287356322,0,0.574712644,0,0,0,0,0,0,0,0.045977011,0,0,0,0,NA,3.8,26.18366465,1.03770402936608
0,0,1,1,1,1,0,0,1,0,0,0,0,1,1,0,1,0,1,1,0,0,0.242718447,0.194174757,0.058252427,0.116504854,0,0,0.097087379,0,0,0,0,0,0.048543689,0,0.242718447,0,NA,5.63,21.99629718,1.79491429017031
1,1,1,1,0,0,0,0,0,0,0,0,0,0,0,0,0,0,0,1,0.588235294,0.058823529,0.294117647,0.058823529,0,0,0,0,0,0,0,0,0,0,0,0,0,0,NA,2.85,20.92078116,1.00538743129331
0,0,1,0,0,0,1,0,0,0,0,1,0,0,0,1,0,0,0,1,0,0,0.4,0,0,0,0.25,0,0,0,0,0.25,0,0,0,0.1,0,0,NA,2.35,19.30859596,1.28992198260901
1,0,1,1,0,0,1,0,0,0,0,0,0,1,1,0,1,0,0,1,0.459183673,0,0.255102041,0,0,0,0.102040816,0,0,0,0,0,0,0.010204082,0.051020408,0,0.12244898,0,NA,3.65,21.37988027,1.39452229669371
0,1,0,0,0,0,0,1,0,0,0,1,1,0,0,0,0,0,1,1,0,0.266666667,0,0,0,0,0,0.04,0,0,0,0.533333333,0.16,0,0,0,0,0,NA,3.25,25.38088838,1.10969424311272
0,0,0,0,1,0,1,1,0,0,0,0,0,0,0,0,0,1,0,1,0,0,0,0,0.053191489,0,0.085106383,0.010638298,0,0,0,0,0,0,0,0,0,0.85106383,NA,1.6,18.22913273,0.551328264114703
0,0,0,0,0,0,0,0,0,1,0,0,0,0,0,0,0,0,1,1,0,0,0,0,0,0,0,0,0,1,0,0,0,0,0,0,0,0,NA,1,22.50229612,0
0,0,0,0,0,0,0,0,0,0,0,0,0,1,0,0,0,0,0,0,0,0,0,0,0,0,0,0,0,0,0,0,0,1,0,0,0,0,NA,0.15,39.00905368,0
0,0,0,1,0,0,0,0,0,0,0,0,0,0,0,0,0,0,1,1,0,0,0,1,0,0,0,0,0,0,0,0,0,0,0,0,0,0,NA,1,21.56190935,0
0,0,0,0,0,1,0,0,0,1,1,0,0,0,0,0,1,0,1,0,0,0,0,0,0,0.08988764,0,0,0,0.449438202,0.011235955,0,0,0,0,0,0.449438202,0,NA,4,23.63660494,0.985873575026397
1,1,1,1,1,1,1,1,1,1,1,1,1,1,1,1,1,1,0,0,0.045977011,0.011494253,0.172413793,0.137931034,0.022988506,0.091954023,0.022988506,0,0.011494253,0.057471264,0.011494253,0.045977011,0,0,0.057471264,0.114942529,0.022988506,0.172413793,NA,12.4,21.45168042,2.37320253132037
1,0,1,0,0,0,0,1,1,0,0,1,0,0,1,1,0,1,0,0,0.333333333,0,0.111111111,0,0,0,0,0.011111111,0.088888889,0,0,0.033333333,0,0,0.033333333,0.055555556,0,0.333333333,NA,5.45,18.87338246,1.62900867579896
1,0,0,0,1,0,1,1,1,0,0,1,0,0,1,0,0,1,0,1,0.421686747,0,0,0,0.060240964,0,0.240963855,0.012048193,0.144578313,0,0,0.036144578,0,0,0.024096386,0,0,0.060240964,NA,5.35,17.88473764,1.58815123845859
0,0,0,0,0,0,0,0,0,0,0,1,0,0,0,0,0,0,0,1,0,0,0,0,0,0,0,0,0,0,0,1,0,0,0,0,0,0,NA,1,19.13846723,0
0,0,0,1,1,0,1,0,0,0,1,1,0,0,0,1,0,0,0,0,0,0,0,0.022222222,0.033333333,0,0.388888889,0,0,0,0.111111111,0.166666667,0,0,0,0.277777778,0,0,NA,3.85,19.26941218,1.4638339696774
1,0,0,1,0,1,0,1,1,1,1,1,0,0,0,0,0,0,0,0,0.428571429,0,0,0.014285714,0,0.257142857,0,0,0.171428571,0.014285714,0.042857143,0.071428571,0,0,0,0,0,0,NA,7.2,21.50242169,1.45957353527595
1,0,0,0,1,0,1,0,1,0,0,0,0,0,0,0,0,0,1,1,0.747663551,0,0,0,0.009345794,0,0.168224299,0,0.074766355,0,0,0,0,0,0,0,0,0,NA,1.95,17.70045579,0.754844208958606
1,0,1,0,1,0,1,1,1,0,0,0,0,0,1,1,0,0,0,0,0.357142857,0,0.297619048,0,0.023809524,0,0.071428571,0.011904762,0.095238095,0,0,0,0,0,0.071428571,0.071428571,0,0,NA,3.65,19.10541539,1.65961067642432
0,0,1,0,0,0,0,0,0,0,0,0,0,0,0,0,0,0,0,1,0,0,1,0,0,0,0,0,0,0,0,0,0,0,0,0,0,0,NA,0.1,19.18886709,0
1,0,0,0,0,0,0,1,0,0,0,0,0,0,1,1,0,0,0,1,0.588235294,0,0,0,0,0,0,0,0,0,0,0,0,0,0.176470588,0.235294118,0,0,NA,3.46,20.76012964,0.958691859365481
1,0,1,0,1,0,0,1,0,0,0,0,0,0,0,0,0,0,1,1,0.747126437,0,0.206896552,0,0.011494253,0,0,0.034482759,0,0,0,0,0,0,0,0,0,0,NA,1.35,20.77531408,0.711221901302509
0,1,0,0,0,0,0,0,0,0,0,0,0,0,0,0,0,0,0,0,0,1,0,0,0,0,0,0,0,0,0,0,0,0,0,0,0,0,NA,1,22.74446252,0
0,0,0,0,0,0,0,0,0,0,1,0,0,0,0,0,0,0,1,0,0,0,0,0,0,0,0,0,0,0,1,0,0,0,0,0,0,0,NA,0.95,24.07674063,0
0,1,0,1,0,1,0,0,0,1,0,0,1,1,0,0,1,0,1,0,0,0.117647059,0,0.196078431,0,0.078431373,0,0,0,0.441176471,0,0,0.009803922,0.009803922,0,0,0.147058824,0,NA,6.28,25.75462712,1.50448631977443
0,1,0,0,0,1,0,0,0,1,0,0,1,1,0,0,1,0,1,0,0,0.025641026,0,0,0,0.320512821,0,0,0,0.384615385,0,0,0.038461538,0,0,0,0.230769231,0,NA,5,24.82630578,1.28982882723003
0,0,0,0,1,0,1,1,0,0,0,0,0,0,1,0,0,0,1,1,0,0,0,0,0.154639175,0,0.412371134,0.020618557,0,0,0,0,0,0,0.412371134,0,0,0,NA,2.15,18.53308535,1.09927382753006
0,0,0,0,0,0,0,0,0,0,0,0,0,0,0,0,0,1,0,1,0,0,0,0,0,0,0,0,0,0,0,0,0,0,0,0,0,1,NA,0.95,12.80272186,0
0,0,0,1,0,1,0,0,0,0,1,0,1,1,0,0,1,0,0,0,0,0,0,0.533333333,0,0.266666667,0,0,0,0,0.013333333,0,0.013333333,0.013333333,0,0,0.16,0,NA,4.56,24.8752922,1.1536387314956
0,1,0,1,0,1,0,0,0,1,1,0,0,1,0,0,0,0,0,0,0,0.06097561,0,0.12195122,0,0.304878049,0,0,0,0.487804878,0.012195122,0,0,0.012195122,0,0,0,0,NA,5,23.04708488,1.24696175718194
0,1,1,0,0,0,0,0,0,0,0,0,0,0,0,0,0,1,1,0,0,0.125,0.25,0,0,0,0,0,0,0,0,0,0,0,0,0,0,0.625,NA,2,18.41592412,0.900256051268537
0,0,0,1,0,0,1,0,1,0,0,0,0,0,0,0,1,0,0,0,0,0,0,0,0,0,0.448717949,0,0.320512821,0,0,0,0,0,0,0,0.230769231,0,NA,2.05,20.32896244,1.06266050089996
0,1,0,1,0,0,0,0,0,1,0,0,0,1,0,0,0,0,1,1,0,0.069767442,0,0.23255814,0,0,0,0,0,0.581395349,0,0,0,0.11627907,0,0,0,0,NA,3.2,26.45443042,1.09048446554823
0,1,0,0,0,0,0,0,0,0,0,0,1,0,0,0,1,0,0,1,0,0.108695652,0,0,0,0,0,0,0,0,0,0,0.076086957,0,0,0,0.815217391,0,NA,2.1,25.38613119,0.603757811652954
1,0,0,0,1,0,1,1,1,0,0,1,0,0,1,1,0,0,0,1,0.37037037,0,0,0,0.12345679,0,0.185185185,0.012345679,0.024691358,0,0,0.098765432,0,0,0.148148148,0.037037037,0,0,NA,5.75,19.09911541,1.71767052807544
0,1,0,0,0,0,0,0,0,0,0,0,1,0,0,0,1,0,1,0,0,0.21978022,0,0,0,0,0,0,0,0,0,0,0.010989011,0,0,0,0.769230769,0,NA,2.85,24.18805459,0.584383546239584
0,0,0,1,1,1,1,0,0,0,0,0,0,0,0,0,0,0,1,0,0,0,0,0.247524752,0.00990099,0.198019802,0.544554455,0,0,0,0,0,0,0,0,0,0,0,NA,2.1,19.19464873,1.04294362265793
0,0,0,0,0,1,0,0,0,1,0,1,0,0,0,1,0,0,1,1,0,0,0,0,0,0.172413793,0,0,0,0.459770115,0,0.344827586,0,0,0,0.022988506,0,0,NA,4,21.39443511,1.11420528026177
0,0,1,0,0,1,0,0,0,0,0,0,0,0,0,0,1,1,1,1,0,0,0.046296296,0,0,0.027777778,0,0,0,0,0,0,0,0,0,0,0.092592593,0.833333333,NA,2.6,19.98974299,0.614059490068438
0,0,0,0,0,0,0,0,0,0,0,0,0,0,0,0,1,0,1,1,0,0,0,0,0,0,0,0,0,0,0,0,0,0,0,0,1,0,NA,1,26.54814996,0
0,1,1,0,0,0,0,1,0,1,0,1,1,0,0,1,1,0,1,1,0,0.027027027,0.027027027,0,0,0,0,0,0,0.608108108,0,0.162162162,0.040540541,0,0,0.027027027,0.108108108,0,NA,6.4,24.03507634,1.26070098406621
0,0,0,0,0,0,0,0,1,0,0,0,0,0,0,0,0,0,0,1,0,0,0,0,0,0,0,0,1,0,0,0,0,0,0,0,0,0,NA,1,16.81648496,0
0,0,1,0,1,0,0,0,0,0,0,1,0,0,0,1,0,0,1,1,0,0,0.714285714,0,0.023809524,0,0,0,0,0,0,0.238095238,0,0,0,0.023809524,0,0,NA,2.25,19.56330635,0.760008372336216
1,0,1,0,1,0,1,1,1,0,0,0,0,0,0,1,0,1,1,1,0.19047619,0,0.142857143,0,0.047619048,0,0.114285714,0.00952381,0.028571429,0,0,0,0,0,0,0.038095238,0,0.428571429,NA,5.05,18.95343909,1.62022421714434
0,0,0,1,1,1,0,0,0,0,0,0,0,0,0,0,0,1,1,1,0,0,0,0.070707071,0.070707071,0.101010101,0,0,0,0,0,0,0,0,0,0,0,0.757575758,NA,2.6,18.29800282,0.816531956702745
0,0,1,0,0,0,0,0,0,0,0,0,1,1,1,0,0,0,1,1,0,0,0.820895522,0,0,0,0,0,0,0,0,0,0,0,0.179104478,0,0,0,NA,0.95,26.38518008,0.470032844082625
1,0,1,0,1,0,1,0,1,0,0,1,0,0,0,1,0,1,1,1,0.12,0,0.08,0,0.05,0,0.05,0,0.05,0,0,0.08,0,0,0,0.02,0,0.55,NA,4.85,18.05620292,1.51495885899058
0,1,0,1,0,1,0,0,0,0,1,0,0,1,0,0,1,0,0,1,0,0.016666667,0,0.416666667,0,0.5,0,0,0,0,0.033333333,0,0,0.016666667,0,0,0.016666667,0,NA,4.36,23.55281661,1.0294427072336
0,0,1,0,1,0,1,1,1,0,0,1,0,0,1,0,0,1,0,0,0,0,0.108695652,0,0.086956522,0,0.130434783,0,0.02173913,0,0,0.02173913,0,0,0.086956522,0,0,0.543478261,NA,5.08,17.75986031,1.42951102778989
0,0,0,0,0,0,0,1,0,0,0,1,0,0,1,0,0,1,1,1,0,0,0,0,0,0,0,0.009803922,0,0,0,0.039215686,0,0,0.019607843,0,0,0.931372549,NA,2.3,18.06901948,0.315661279460518
1,1,1,1,1,1,1,1,1,1,1,1,1,1,1,1,1,1,0,1,0.364583333,0.010416667,0.020833333,0.041666667,0.020833333,0.041666667,0.03125,0.010416667,0.010416667,0.104166667,0,0.03125,0,0.010416667,0.020833333,0.010416667,0.010416667,0.260416667,NA,10.48,21.45168042,1.96251652486735
0,1,0,0,0,1,0,0,0,0,0,0,0,1,0,0,0,0,0,0,0,0.115384615,0,0,0,0.865384615,0,0,0,0,0,0,0,0.019230769,0,0,0,0,NA,2,24.32702197,0.450275085406146
1,0,0,0,0,0,0,0,0,0,0,1,0,0,1,0,0,1,0,0,0.519480519,0,0,0,0,0,0,0,0,0,0,0.064935065,0,0,0.025974026,0,0,0.38961039,NA,3.1,16.53690177,0.979849791818705
0,1,0,1,0,1,0,0,0,1,1,0,0,0,0,0,1,0,0,0,0,0.015625,0,0.28125,0,0.1875,0,0,0,0.3125,0.015625,0,0,0,0,0,0.1875,0,NA,5.9,21.48947191,1.47795969729525
0,0,1,0,0,0,1,1,1,0,0,1,0,0,1,1,0,1,1,1,0,0,0.162162162,0,0,0,0.009009009,0.009009009,0.009009009,0,0,0.054054054,0,0,0.027027027,0.009009009,0,0.720720721,NA,5.5,18.39855994,0.956059785391759
0,1,0,0,1,1,1,0,0,0,1,1,0,0,0,1,1,0,1,1,0,0.056818182,0,0,0.113636364,0.204545455,0.090909091,0,0,0,0.022727273,0.136363636,0,0,0,0.090909091,0.284090909,0,NA,5.65,21.28028124,1.88588378592094
0,0,0,0,0,0,1,0,0,0,0,0,0,0,0,0,0,0,0,1,0,0,0,0,0,0,1,0,0,0,0,0,0,0,0,0,0,0,NA,0.2,16.38930548,0
0,1,0,0,0,0,0,0,0,0,1,0,0,1,0,0,0,0,0,1,0,0.609756098,0,0,0,0,0,0,0,0,0.365853659,0,0,0.024390244,0,0,0,0,NA,2.1,24.99139887,0.760092831910692
1,1,1,1,1,1,1,1,1,1,1,1,1,1,1,1,1,1,1,1,0.337078652,0.011235955,0.134831461,0.02247191,0.02247191,0.056179775,0.112359551,0.011235955,0.02247191,0,0.011235955,0.033707865,0,0,0.02247191,0.033707865,0.033707865,0.134831461,NA,11.3,21.45168042,2.14954187769686
0,0,0,0,0,0,0,0,0,0,0,0,1,0,0,0,0,0,0,1,0,0,0,0,0,0,0,0,0,0,0,0,1,0,0,0,0,0,NA,1,33.32426724,0
0,1,0,1,1,0,0,1,0,0,0,0,0,0,0,0,0,0,0,1,0,0.157894737,0,0.526315789,0.052631579,0,0,0.263157895,0,0,0,0,0,0,0,0,0,0,NA,2.6,22.00771886,1.13555069765407
0,1,0,0,0,0,0,0,0,0,0,0,0,0,0,0,0,0,0,1,0,1,0,0,0,0,0,0,0,0,0,0,0,0,0,0,0,0,NA,1,22.74446252,0
0,0,1,0,0,0,1,1,0,1,0,0,0,0,0,0,1,1,1,0,0,0,0.367647059,0,0,0,0.147058824,0.051470588,0,0.036764706,0,0,0,0,0,0,0.029411765,0.367647059,NA,4.2,19.60133509,1.39551750350047
1,1,1,1,1,1,1,1,1,1,1,1,1,1,1,1,1,1,0,1,0.059405941,0.01980198,0.01980198,0.198019802,0.059405941,0.198019802,0.069306931,0.01980198,0.00990099,0.04950495,0.03960396,0.01980198,0.01980198,0.00990099,0.059405941,0.099009901,0.03960396,0.00990099,NA,12.13,21.45168042,2.48841556765885
0,0,0,0,0,1,0,0,0,1,0,1,0,0,0,1,0,0,1,0,0,0,0,0,0,0.2,0,0,0,0.266666667,0,0.266666667,0,0,0,0.266666667,0,0,NA,3.5,21.39443511,1.37929225441514
0,0,0,0,1,0,1,1,0,0,0,0,0,0,0,0,0,1,1,1,0,0,0,0,0.010526316,0,0.105263158,0.042105263,0,0,0,0,0,0,0,0,0,0.842105263,NA,1.9,18.22913273,0.56300153281284
1,0,0,0,1,0,1,1,1,0,0,1,0,0,1,0,0,1,1,0,0.253164557,0,0,0,0.012658228,0,0.379746835,0.063291139,0.012658228,0,0,0.025316456,0,0,0.126582278,0,0,0.126582278,NA,3.95,17.88473764,1.61709655344732
1,0,1,0,1,0,0,1,0,0,0,0,0,0,0,0,0,0,0,1,0.337837838,0,0.472972973,0,0.013513514,0,0,0.175675676,0,0,0,0,0,0,0,0,0,0,NA,1.7,20.77531408,1.08442429198961
0,0,0,0,1,0,0,0,0,0,0,0,0,0,0,0,0,0,1,0,0,0,0,0,1,0,0,0,0,0,0,0,0,0,0,0,0,0,NA,0.5,17.40814705,0
0,1,0,1,0,1,0,0,0,1,1,0,0,0,0,0,1,0,1,0,0,0.104166667,0,0.020833333,0,0.03125,0,0,0,0.072916667,0.041666667,0,0,0,0,0,0.729166667,0,NA,5.9,21.48947191,0.978210717111568
0,0,0,0,0,0,1,0,0,0,0,0,0,0,0,0,0,0,1,0,0,0,0,0,0,0,1,0,0,0,0,0,0,0,0,0,0,0,NA,0.05,16.38930548,0
0,1,0,1,1,0,0,1,0,0,0,0,0,0,0,0,0,0,1,0,0,0.769230769,0,0.064102564,0.038461538,0,0,0.128205128,0,0,0,0,0,0,0,0,0,0,NA,2.7,22.00771886,0.766586375298492
0,0,1,0,1,0,1,1,1,0,0,1,0,0,1,0,0,1,1,0,0,0,0.212765957,0,0.010638298,0,0.106382979,0.010638298,0.010638298,0,0,0.074468085,0,0,0.042553191,0,0,0.531914894,NA,3.75,17.75986031,1.37618632320676
0,0,1,0,1,0,0,0,0,0,0,1,0,0,0,1,0,0,1,0,0,0,0.377358491,0,0.009433962,0,0,0,0,0,0,0.424528302,0,0,0,0.188679245,0,0,NA,2.2,19.56330635,1.09014064316114
0,0,0,0,0,0,0,0,0,0,0,0,0,0,0,0,1,0,0,1,0,0,0,0,0,0,0,0,0,0,0,0,0,0,0,0,1,0,NA,1,26.54814996,0
0,1,0,1,0,1,0,0,0,1,1,0,0,1,0,0,0,0,1,0,0,0.010869565,0,0.434782609,0,0.163043478,0,0,0,0.217391304,0.163043478,0,0,0.010869565,0,0,0,0,NA,4.85,23.04708488,1.38362194840933
0,1,0,0,0,0,0,0,0,0,0,0,1,0,0,0,1,0,1,1,0,0.5,0,0,0,0,0,0,0,0,0,0,0.285714286,0,0,0,0.214285714,0,NA,2.95,25.38613119,1.03460123282799
0,0,0,1,1,0,1,0,0,0,1,1,0,0,0,1,0,0,1,1,0,0,0,0.425531915,0.010638298,0,0.265957447,0,0,0,0.106382979,0.063829787,0,0,0,0.127659574,0,0,NA,4,19.26941218,1.44092923615332
1,0,0,0,1,0,1,1,1,0,0,1,0,0,1,1,0,0,1,1,0.416666667,0,0,0,0.011904762,0,0.178571429,0.095238095,0.023809524,0,0,0.05952381,0,0,0.119047619,0.095238095,0,0,NA,5.5,19.09911541,1.6833366245802
0,1,1,0,0,0,0,1,0,1,0,1,1,0,0,1,1,0,0,1,0,0.033333333,0.222222222,0,0,0,0,0.044444444,0,0.388888889,0,0.077777778,0.011111111,0,0,0.166666667,0.055555556,0,NA,6.55,24.03507634,1.66111905224638
0,1,0,0,0,0,0,0,0,0,1,0,0,1,0,0,0,0,1,0,0,0.869565217,0,0,0,0,0,0,0,0,0.108695652,0,0,0.02173913,0,0,0,0,NA,2.15,24.99139887,0.445981226857465
1,0,1,1,0,0,1,0,0,0,0,0,0,1,1,0,1,0,1,1,0.454545455,0,0.227272727,0.068181818,0,0,0.170454545,0,0,0,0,0,0,0.011363636,0.022727273,0,0.045454545,0,NA,3.89,21.37988027,1.45719357085591
1,1,1,1,1,1,1,1,1,1,1,1,1,1,1,1,1,1,1,1,0.042553191,0.031914894,0.127659574,0.021276596,0.021276596,0.042553191,0.074468085,0,0.010638298,0.042553191,0.010638298,0.063829787,0.010638298,0.010638298,0.042553191,0.063829787,0.010638298,0.372340426,NA,12.65,21.45168042,2.22810667616314
0,1,1,0,0,0,0,0,0,0,0,0,0,0,0,0,0,1,0,1,0,0.047619048,0.238095238,0,0,0,0,0,0,0,0,0,0,0,0,0,0,0.714285714,NA,1.9,18.41592412,0.727001363474067
0,0,0,1,0,1,0,0,0,1,1,0,1,1,0,0,1,0,1,1,0,0,0,0.185185185,0,0.185185185,0,0,0,0.024691358,0.074074074,0,0.012345679,0.024691358,0,0,0.49382716,0,NA,6.5,25.92116188,1.40284631843501
0,0,0,1,1,1,0,0,0,0,0,0,0,0,0,0,0,1,0,1,0,0,0,0.011627907,0.058139535,0.23255814,0,0,0,0,0,0,0,0,0,0,0,0.697674419,NA,2.5,18.29800282,0.807573938950191
0,0,0,1,1,1,1,0,0,0,0,0,0,0,0,0,0,0,0,0,0,0,0,0.047619048,0.05952381,0.178571429,0.714285714,0,0,0,0,0,0,0,0,0,0,0,NA,2.15,19.19464873,0.860890684979029
0,0,0,1,0,0,1,0,1,0,0,0,0,0,0,0,1,0,1,1,0,0,0,0.106382979,0,0,0.212765957,0,0.042553191,0,0,0,0,0,0,0,0.638297872,0,NA,2.85,20.32896244,0.98854640299096
0,1,0,1,0,1,0,0,0,0,1,0,0,1,0,0,1,0,1,1,0,0.08,0,0.026666667,0,0.266666667,0,0,0,0,0.08,0,0,0.013333333,0,0,0.533333333,0,NA,4.9,23.55281661,1.24605835850306
0,0,0,0,0,1,0,0,0,0,0,0,0,0,0,0,0,0,1,1,0,0,0,0,0,1,0,0,0,0,0,0,0,0,0,0,0,0,NA,1,21.41923304,0
0,0,1,0,0,0,0,0,0,0,0,0,0,0,0,0,0,0,0,0,0,0,1,0,0,0,0,0,0,0,0,0,0,0,0,0,0,0,NA,0.2,19.18886709,0
0,0,0,0,0,0,0,0,0,0,0,0,0,0,1,0,0,0,0,0,0,0,0,0,0,0,0,0,0,0,0,0,0,0,1,0,0,0,NA,1,14.01853232,0
0,1,0,0,0,0,0,0,0,0,0,0,1,0,0,0,1,0,0,0,0,0.333333333,0,0,0,0,0,0,0,0,0,0,0.288888889,0,0,0,0.377777778,0,NA,3,24.18805459,1.09266867836977
0,0,0,0,0,0,0,1,0,0,0,1,0,0,1,0,0,1,1,0,0,0,0,0,0,0,0,0.023529412,0,0,0,0.058823529,0,0,0.094117647,0,0,0.823529412,NA,3.15,18.06901948,0.637196159639852
0,0,0,0,0,0,0,0,0,1,0,0,0,0,0,0,0,0,1,0,0,0,0,0,0,0,0,0,0,1,0,0,0,0,0,0,0,0,NA,1,22.50229612,0
1,0,1,0,1,0,1,0,1,0,0,0,0,0,1,1,0,1,1,0,0.485436893,0,0.165048544,0,0.009708738,0,0.058252427,0,0.029126214,0,0,0,0,0,0.029126214,0.097087379,0,0.126213592,NA,4.2,17.41621106,1.55241636669964
1,0,1,0,1,0,1,1,1,0,0,0,0,0,1,1,0,0,1,0,0.180722892,0,0.602409639,0,0,0,0.060240964,0.024096386,0.036144578,0,0,0,0,0,0.060240964,0.036144578,0,0,NA,5.3,19.10541539,1.28276530062565
0,0,0,1,0,1,0,0,0,1,0,0,1,1,0,0,1,0,0,1,0,0,0,0.328947368,0,0.065789474,0,0,0,0.131578947,0,0,0.013157895,0,0,0,0.460526316,0,NA,5.1,24.67848663,1.2257054693129
0,0,0,1,0,1,0,0,0,0,1,0,1,1,0,0,1,0,0,1,0,0,0,0.134615385,0,0.096153846,0,0,0,0,0.25,0,0.019230769,0.019230769,0,0,0.480769231,0,NA,5,24.8752922,1.34576683514043
1,1,1,1,0,0,0,0,0,0,0,0,0,0,0,0,0,0,0,0,0.606060606,0.151515152,0.227272727,0.015151515,0,0,0,0,0,0,0,0,0,0,0,0,0,0,NA,3.25,20.92078116,0.989627740189859
1,0,0,0,0,0,0,1,0,0,0,0,0,0,1,1,0,0,1,1,0.661764706,0,0,0,0,0,0,0.029411765,0,0,0,0,0,0,0.088235294,0.220588235,0,0,NA,3.4,20.76012964,0.924545702109828
1,0,0,0,0,0,0,1,0,0,0,1,0,0,0,1,0,0,0,1,0.615384615,0,0,0,0,0,0,0.061538462,0,0,0,0.092307692,0,0,0,0.230769231,0,0,NA,3.2,22.04011337,1.02866934074039
1,0,1,0,1,0,1,1,1,0,0,1,0,0,0,0,0,1,0,0,0.185185185,0,0.185185185,0,0.012345679,0,0.209876543,0.012345679,0.012345679,0,0,0.012345679,0,0,0,0,0,0.37037037,NA,5.2,18.53102948,1.5371398419331
0,0,0,1,0,0,0,0,0,0,0,0,0,0,0,0,0,0,0,1,0,0,0,1,0,0,0,0,0,0,0,0,0,0,0,0,0,0,NA,1,21.56190935,0
1,0,1,0,1,0,1,0,1,0,0,1,0,0,0,1,0,1,0,0,0.23255814,0,0.174418605,0,0.023255814,0,0.348837209,0,0.011627907,0,0,0.011627907,0,0,0,0.081395349,0,0.11627907,NA,4.51,18.05620292,1.65661664253226
0,1,0,0,0,1,0,0,0,0,0,0,1,0,0,0,0,0,0,1,0,0.263157895,0,0,0,0.394736842,0,0,0,0,0,0,0.342105263,0,0,0,0,0,NA,2.5,22.90582536,1.08519285471908
0,0,1,0,0,0,0,0,0,0,0,0,1,1,1,0,0,0,1,0,0,0,0.774647887,0,0,0,0,0,0,0,0,0,0.14084507,0.014084507,0.070422535,0,0,0,NA,2.7,26.38518008,0.720759232731661
0,0,0,0,0,0,0,0,0,0,0,1,0,0,0,0,0,0,1,0,0,0,0,0,0,0,0,0,0,0,0,1,0,0,0,0,0,0,NA,1,19.13846723,0
1,0,0,1,0,1,0,1,1,1,1,1,0,0,0,0,0,0,1,1,0.574712644,0,0,0.034482759,0,0.114942529,0,0.011494253,0.022988506,0.08045977,0.034482759,0.126436782,0,0,0,0,0,0,NA,7.02,21.50242169,1.40150365753088
0,1,0,1,0,1,0,0,0,0,0,0,0,1,0,0,0,0,0,0,0,0.517241379,0,0.034482759,0,0.344827586,0,0,0,0,0,0,0,0.103448276,0,0,0,0,NA,3.3,26.18366465,1.05893580313529
0,0,0,0,0,0,0,0,0,0,1,0,0,0,0,0,0,0,0,0,0,0,0,0,0,0,0,0,0,0,1,0,0,0,0,0,0,0,NA,1,24.07674063,0
0,0,0,0,0,1,0,0,0,1,1,0,0,0,0,0,1,0,1,1,0,0,0,0,0,0.113636364,0,0,0,0.068181818,0.079545455,0,0,0,0,0,0.738636364,0,NA,3.5,23.63660494,0.85537145914172
0,1,0,1,0,0,0,0,0,1,0,0,0,1,0,0,0,0,0,1,0,0.163934426,0,0.491803279,0,0,0,0,0,0.327868852,0,0,0,0.016393443,0,0,0,0,NA,3.05,26.45443042,1.07847357238002
0,1,0,0,0,0,1,1,0,0,1,0,1,0,0,1,0,1,1,1,0,0.069767442,0,0,0,0,0.348837209,0.034883721,0,0,0.11627907,0,0,0,0,0.23255814,0,0.197674419,NA,6,22.13740542,1.580074757464
1,0,0,0,0,0,0,0,0,0,0,1,0,0,1,0,0,1,1,1,0.875,0,0,0,0,0,0,0,0,0,0,0.0125,0,0,0.0125,0,0,0.1,NA,3.1,16.53690177,0.456649143712709
0,0,0,0,0,0,0,0,1,0,0,0,0,0,0,0,0,0,1,0,0,0,0,0,0,0,0,0,1,0,0,0,0,0,0,0,0,0,NA,1,16.81648496,0
1,0,0,0,1,0,1,0,1,0,0,0,0,0,0,0,0,0,0,1,0.581395349,0,0,0,0.023255814,0,0.348837209,0,0.046511628,0,0,0,0,0,0,0,0,0,NA,1.55,17.70045579,0.912852604310815
0,0,1,0,0,1,0,0,0,0,0,0,0,0,0,0,1,1,0,0,0,0,0.675675676,0,0,0.108108108,0,0,0,0,0,0,0,0,0,0,0.013513514,0.202702703,NA,2,19.98974299,0.887072721510226
0,0,1,0,0,0,1,1,1,0,0,1,0,0,1,1,0,1,1,0,0,0,0.550458716,0,0,0,0.073394495,0.018348624,0.009174312,0,0,0.119266055,0,0,0.027522936,0.018348624,0,0.183486239,NA,6.45,18.39855994,1.37370000437092
0,1,0,1,0,0,0,0,0,1,1,0,0,1,0,0,1,0,1,0,0,0.184615385,0,0.123076923,0,0,0,0,0,0.015384615,0.615384615,0,0,0.015384615,0,0,0.046153846,0,NA,5.2,23.68819949,1.13891915747596
0,0,0,0,0,0,0,0,0,0,0,0,0,0,0,0,0,1,1,1,0,0,0,0,0,0,0,0,0,0,0,0,0,0,0,0,0,1,NA,0.9,12.80272186,0
1,0,1,0,1,0,1,1,1,0,0,0,0,0,0,1,0,1,0,1,0.275229358,0,0.366972477,0,0.009174312,0,0.137614679,0.073394495,0.027522936,0,0,0,0,0,0,0.036697248,0,0.073394495,NA,5.05,18.95343909,1.64250447332375
0,0,1,1,1,1,0,0,1,0,0,0,0,1,1,0,1,0,1,0,0,0,0.823529412,0,0.011764706,0.058823529,0,0,0.011764706,0,0,0,0,0.011764706,0.023529412,0,0.058823529,0,NA,6.5,21.99629718,0.738235486901043
0,0,0,0,0,0,0,0,0,0,0,0,0,1,0,0,0,0,1,0,0,0,0,0,0,0,0,0,0,0,0,0,0,1,0,0,0,0,NA,0.3,39.00905368,0
1,1,1,1,1,1,1,1,1,1,1,1,1,1,1,1,1,1,1,1,0.021978022,0.10989011,0.142857143,0.087912088,0.010989011,0.087912088,0.175824176,0.021978022,0.010989011,0,0.065934066,0.043956044,0,0.010989011,0.032967033,0.021978022,0.021978022,0.131868132,NA,14.3,21.45168042,2.43439461456694
1,0,0,0,0,0,0,0,0,0,0,0,0,0,0,0,0,0,1,1,1,0,0,0,0,0,0,0,0,0,0,0,0,0,0,0,0,0,NA,1,20.18788567,0
0,0,0,0,0,0,0,0,0,1,1,0,0,0,0,0,1,0,0,0,0,0,0,0,0,0,0,0,0,0.126984127,0.317460317,0,0,0,0,0,0.555555556,0,NA,3,23.01370794,0.95285917128993
0,0,0,0,1,1,1,0,1,0,0,0,1,0,0,1,1,0,0,1,0,0,0,0,0.058139535,0.23255814,0.465116279,0,0.046511628,0,0,0,0,0,0,0.174418605,0.023255814,0,NA,5.1,21.6688721,1.3954026687446
0,1,0,0,0,1,0,0,0,0,0,0,0,1,0,0,0,0,1,1,0,0.723684211,0,0,0,0.263157895,0,0,0,0,0,0,0,0.013157895,0,0,0,0,NA,2,24.32702197,0.642338990513615
0,1,0,0,0,0,0,1,0,0,0,1,1,0,0,0,0,0,1,0,0,0.714285714,0,0,0,0,0,0.023809524,0,0,0,0.238095238,0.023809524,0,0,0,0,0,NA,3.5,25.38088838,0.760008372336216
0,1,0,1,0,1,0,0,0,0,0,0,0,0,0,0,0,0,1,0,0,0.483870968,0,0.129032258,0,0.387096774,0,0,0,0,0,0,0,0,0,0,0,0,NA,3,19.96523589,0.982864292793176
0,1,0,0,1,1,1,0,0,0,1,1,0,0,0,1,1,0,1,0,0,0.081395349,0,0,0.11627907,0.058139535,0.23255814,0,0,0,0.23255814,0.069767442,0,0,0,0.11627907,0.093023256,0,NA,5.1,21.28028124,1.95509563862089
0,1,0,0,1,0,0,0,1,1,1,1,1,0,0,1,0,0,1,0,0,0.342465753,0,0,0,0,0,0,0.01369863,0.01369863,0.342465753,0.178082192,0,0,0,0.109589041,0,0,NA,6.85,22.31607622,1.40109416359106
0,0,0,0,0,0,0,1,0,0,0,0,0,0,0,0,0,0,0,0,0,0,0,0,0,0,0,1,0,0,0,0,0,0,0,0,0,0,NA,1,26.31635653,0
0,1,0,1,0,0,0,0,0,1,1,0,1,0,0,0,1,0,0,0,0,0.090909091,0,0.218181818,0,0,0,0,0,0.090909091,0.545454545,0,0,0,0,0,0.054545455,0,NA,5.4,22.97760119,1.25742378211708
0,0,1,0,0,0,1,0,0,0,0,1,0,0,0,1,0,0,1,1,0,0,0.64516129,0,0,0,0.161290323,0,0,0,0,0.086021505,0,0,0,0.107526882,0,0,NA,2.3,19.30859596,1.02783809548542
0,0,0,0,1,0,1,1,0,0,0,0,0,0,1,0,0,0,1,0,0,0,0,0,0.010416667,0,0.625,0.3125,0,0,0,0,0,0,0.052083333,0,0,0,NA,2.2,18.53308535,0.85868376757347
0,1,0,1,0,1,0,0,0,1,0,0,1,1,0,0,1,0,1,1,0,0,0,0.588235294,0,0.294117647,0,0,0,0.014705882,0,0,0.029411765,0.014705882,0,0,0.058823529,0,NA,5.3,25.75462712,1.0665474759233
1,1,1,1,1,1,1,1,1,1,1,1,1,1,1,1,1,1,0,0,0.660377358,0.047169811,0.037735849,0.037735849,0,0.028301887,0.037735849,0,0.009433962,0,0.075471698,0.018867925,0,0.009433962,0,0.028301887,0,0.009433962,NA,9.28,21.45168042,1.39277032647273
0,0,0,0,0,0,0,0,0,0,0,0,1,0,0,0,0,0,1,1,0,0,0,0,0,0,0,0,0,0,0,0,1,0,0,0,0,0,NA,1,33.32426724,0
0,1,0,0,0,1,0,0,0,1,0,0,1,1,0,0,1,0,0,0,0,0.367647059,0,0,0,0.367647059,0,0,0,0.220588235,0,0,0.029411765,0.014705882,0,0,0,0,NA,4.51,24.82630578,1.23493654844055
0,0,0,0,0,0,0,0,0,0,0,0,0,0,0,1,0,0,0,0,0,0,0,0,0,0,0,0,0,0,0,0,0,0,0,1,0,0,NA,1,22.51774405,0
1,0,1,0,0,0,0,1,1,0,0,1,0,0,1,1,0,1,0,1,0.405405405,0,0.135135135,0,0,0,0,0.040540541,0.013513514,0,0,0.054054054,0,0,0.040540541,0.27027027,0,0.040540541,NA,6.25,18.87338246,1.5958339362514
0,0,1,0,0,0,0,0,0,0,0,0,1,1,1,0,0,0,0,0,0,0,0.444444444,0,0,0,0,0,0,0,0,0,0.066666667,0.044444444,0.444444444,0,0,0,NA,2.6,26.38518008,1.03974199695738
1,0,1,0,1,0,1,0,1,0,0,0,0,0,1,1,0,1,0,1,0.309278351,0,0.12371134,0,0.030927835,0,0.103092784,0,0.051546392,0,0,0,0,0,0.154639175,0.154639175,0,0.072164948,NA,5.2,17.41621106,1.88309700206336
0,1,0,1,0,0,0,0,0,1,0,0,0,1,0,0,0,0,0,0,0,0.136986301,0,0.479452055,0,0,0,0,0,0.342465753,0,0,0,0.04109589,0,0,0,0,NA,3.05,26.45443042,1.12291470608775
0,0,1,0,0,0,1,0,0,0,0,1,0,0,0,1,0,0,0,0,0,0,0.285714286,0,0,0,0.19047619,0,0,0,0,0.142857143,0,0,0,0.380952381,0,0,NA,2.5,19.30859596,1.31942227288753
0,0,0,0,1,0,1,1,0,0,0,0,0,0,1,0,0,0,0,1,0,0,0,0,0.104477612,0,0.447761194,0.149253731,0,0,0,0,0,0,0.298507463,0,0,0,NA,1.85,18.53308535,1.24054651632822
1,0,0,0,1,0,1,1,1,0,0,1,0,0,1,0,0,1,0,0,0.101010101,0,0,0,0.121212121,0,0.151515152,0.02020202,0.050505051,0,0,0.03030303,0,0,0.070707071,0,0,0.454545455,NA,5.65,17.88473764,1.65455431821102
0,0,0,0,0,1,0,0,0,1,1,0,0,0,0,0,1,0,0,0,0,0,0,0,0,0.38961039,0,0,0,0.519480519,0.025974026,0,0,0,0,0,0.064935065,0,NA,4,23.63660494,0.979849791818705
0,1,1,0,0,0,0,0,0,0,0,0,0,0,0,0,0,1,1,1,0,0.047619048,0.095238095,0,0,0,0,0,0,0,0,0,0,0,0,0,0,0.857142857,NA,1.8,18.41592412,0.501046914337042
0,1,0,0,0,0,0,0,0,0,1,0,0,1,0,0,0,0,0,0,0,0.416666667,0,0,0,0,0,0,0,0,0.520833333,0,0,0.0625,0,0,0,0,NA,2,24.99139887,0.877818136840831
0,0,0,0,0,0,0,0,0,0,0,0,0,0,0,1,0,0,1,1,0,0,0,0,0,0,0,0,0,0,0,0,0,0,0,1,0,0,NA,0.75,22.51774405,0
0,0,0,1,0,1,0,0,0,1,0,0,1,1,0,0,1,0,0,0,0,0,0,0.205479452,0,0.273972603,0,0,0,0.342465753,0,0,0,0.01369863,0,0,0.164383562,0,NA,5.1,24.67848663,1.4024296614541
0,1,0,0,0,0,0,1,0,0,0,1,1,0,0,0,0,0,0,1,0,0.182926829,0,0,0,0,0,0.182926829,0,0,0,0.487804878,0.146341463,0,0,0,0,0,NA,3.9,25.38088838,1.25287090537037
0,0,0,1,1,1,0,0,0,0,0,0,0,0,0,0,0,1,0,0,0,0,0,0.052083333,0.010416667,0.104166667,0,0,0,0,0,0,0,0,0,0,0,0.833333333,NA,2.9,18.29800282,0.588981825343072
1,0,0,0,0,0,0,1,0,0,0,0,0,0,1,1,0,0,1,0,0.909090909,0,0,0,0,0,0,0.02020202,0,0,0,0,0,0,0.050505051,0.02020202,0,0,NA,2.7,20.76012964,0.39509309634901
0,0,0,1,0,1,0,0,0,0,1,0,1,1,0,0,1,0,1,1,0,0,0,0.173913043,0,0.217391304,0,0,0,0,0.026086957,0,0.104347826,0.043478261,0,0,0.434782609,0,NA,4.35,24.8752922,1.46537041103334
0,1,0,0,0,0,1,1,0,0,1,0,1,0,0,1,0,1,1,0,0,0.066037736,0,0,0,0,0.075471698,0.018867925,0,0,0.018867925,0,0,0,0,0.066037736,0,0.754716981,NA,5.6,22.13740542,0.916146701994779
0,0,0,1,1,0,1,0,0,0,1,1,0,0,0,1,0,0,1,0,0,0,0,0.114942529,0,0,0.229885057,0,0,0,0.287356322,0.08045977,0,0,0,0.287356322,0,0,NA,4.05,19.26941218,1.50607296131411
0,1,0,1,0,1,0,0,0,0,0,0,0,0,0,0,0,0,1,1,0,0.157894737,0,0.105263158,0,0.736842105,0,0,0,0,0,0,0,0,0,0,0,0,NA,2.9,19.96523589,0.753442461628299
1,0,1,0,1,0,1,1,1,0,0,0,0,0,1,1,0,0,1,1,0.545454545,0,0.136363636,0,0.027272727,0,0.063636364,0.027272727,0.063636364,0,0,0,0,0,0.109090909,0.027272727,0,0,NA,5.05,19.10541539,1.48929346302658
0,0,0,0,1,0,1,1,0,0,0,0,0,0,0,0,0,1,1,0,0,0,0,0,0.02020202,0,0.202020202,0.070707071,0,0,0,0,0,0,0,0,0,0.707070707,NA,1.78,18.22913273,0.834342296337827
1,1,1,1,0,0,0,0,0,0,0,0,0,0,0,0,0,0,1,0,0.636363636,0.090909091,0.227272727,0.045454545,0,0,0,0,0,0,0,0,0,0,0,0,0,0,NA,3.2,20.92078116,0.982847609953702
0,0,0,0,0,0,1,0,0,0,0,0,0,0,0,0,0,0,1,1,0,0,0,0,0,0,1,0,0,0,0,0,0,0,0,0,0,0,NA,0.2,16.38930548,0
0,0,0,0,0,0,0,0,0,0,0,0,0,0,1,0,0,0,1,0,0,0,0,0,0,0,0,0,0,0,0,0,0,0,1,0,0,0,NA,1,14.01853232,0
1,0,0,1,0,1,0,1,1,1,1,1,0,0,0,0,0,0,0,1,0.384615385,0,0,0.064102564,0,0.08974359,0,0.038461538,0.128205128,0.256410256,0,0.038461538,0,0,0,0,0,0,NA,7.8,21.50242169,1.62290559184393
0,0,0,1,0,1,0,0,0,1,1,0,1,1,0,0,1,0,0,0,0,0,0,0.053191489,0,0.212765957,0,0,0,0.212765957,0.074468085,0,0.010638298,0.010638298,0,0,0.425531915,0,NA,6.5,25.92116188,1.46826255128708
0,0,0,0,0,0,0,1,0,0,0,0,0,0,0,0,0,0,0,1,0,0,0,0,0,0,0,1,0,0,0,0,0,0,0,0,0,0,NA,0.9,26.31635653,0
0,0,1,0,0,0,0,0,0,0,0,0,0,0,0,0,0,0,1,0,0,0,1,0,0,0,0,0,0,0,0,0,0,0,0,0,0,0,NA,0.8,19.18886709,0
0,0,0,0,1,1,1,0,1,0,0,0,1,0,0,1,1,0,0,0,0,0,0,0,0.058823529,0.235294118,0.117647059,0,0.058823529,0,0,0,0,0,0,0.235294118,0.294117647,0,NA,3.75,21.6688721,1.62592870703533
0,0,0,0,0,0,0,0,0,0,0,0,0,0,0,0,0,1,0,0,0,0,0,0,0,0,0,0,0,0,0,0,0,0,0,0,0,1,NA,0.9,12.80272186,0
0,0,1,0,1,0,1,1,1,0,0,1,0,0,1,0,0,1,0,1,0,0,0.252525253,0,0.070707071,0,0.101010101,0.02020202,0.101010101,0,0,0.101010101,0,0,0.202020202,0,0,0.151515152,NA,4.55,17.75986031,1.91741770519018
0,0,0,1,1,1,1,0,0,0,0,0,0,0,0,0,0,0,1,1,0,0,0,0.020408163,0.010204082,0.612244898,0.357142857,0,0,0,0,0,0,0,0,0,0,0,NA,2.05,19.19464873,0.794312884842449
1,0,0,0,1,0,1,0,1,0,0,0,0,0,0,0,0,0,0,0,0.625,0,0,0,0.0625,0,0.25,0,0.0625,0,0,0,0,0,0,0,0,0,NA,2.3,17.70045579,0.98689944883853
0,0,1,0,0,0,1,1,1,0,0,1,0,0,1,1,0,1,0,1,0,0,0.129310345,0,0,0,0.086206897,0.017241379,0.086206897,0,0,0.060344828,0,0,0.129310345,0.060344828,0,0.431034483,NA,5.41,18.39855994,1.72321610034444
0,0,0,0,0,0,0,0,0,1,0,0,0,0,0,0,0,0,0,0,0,0,0,0,0,0,0,0,0,1,0,0,0,0,0,0,0,0,NA,0.95,22.50229612,0
0,1,0,1,0,1,0,0,0,0,0,0,0,1,0,0,0,0,0,1,0,0.011363636,0,0.170454545,0,0.795454545,0,0,0,0,0,0,0,0.022727273,0,0,0,0,NA,3.2,26.18366465,0.620499150854529
1,0,1,0,1,0,1,0,1,0,0,1,0,0,0,1,0,1,1,0,0.189393939,0,0.015151515,0,0,0,0.075757576,0,0.053030303,0,0,0.037878788,0,0,0,0.022727273,0,0.606060606,NA,4.95,18.05620292,1.24332791445654
0,1,0,0,0,1,0,0,0,0,0,0,0,1,0,0,0,0,1,0,0,0.120481928,0,0,0,0.843373494,0,0,0,0,0,0,0,0.036144578,0,0,0,0,NA,2,24.32702197,0.518643562319549
1,1,1,1,1,1,1,1,1,1,1,1,1,1,1,1,1,1,0,0,0.168539326,0.02247191,0.112359551,0.011235955,0.056179775,0.056179775,0.056179775,0,0.056179775,0.011235955,0.02247191,0.112359551,0,0,0.056179775,0.112359551,0.033707865,0.112359551,NA,11.21,21.45168042,2.47707984949635
1,0,1,1,0,0,1,0,0,0,0,0,0,1,1,0,1,0,1,0,0.431034483,0,0.129310345,0.00862069,0,0,0.129310345,0,0,0,0,0,0,0,0.086206897,0,0.215517241,0,NA,4.1,21.37988027,1.47479361634997
0,0,0,0,0,0,0,0,0,0,0,0,0,1,0,0,0,0,0,1,0,0,0,0,0,0,0,0,0,0,0,0,0,1,0,0,0,0,NA,0.5,39.00905368,0
0,1,1,0,0,0,0,1,0,1,0,1,1,0,0,1,1,0,0,0,0,0.021052632,0.210526316,0,0,0,0,0.031578947,0,0.157894737,0,0.157894737,0,0,0,0.052631579,0.368421053,0,NA,7.15,24.03507634,1.62416473970409
0,0,0,0,0,1,0,0,0,0,0,0,0,0,0,0,0,0,0,1,0,0,0,0,0,1,0,0,0,0,0,0,0,0,0,0,0,0,NA,1,21.41923304,0
1,1,1,1,1,1,1,1,1,1,1,1,1,1,1,1,1,1,0,1,0.034482759,0.057471264,0.172413793,0.011494253,0.022988506,0.229885057,0.114942529,0.011494253,0.011494253,0,0.022988506,0.034482759,0,0,0.08045977,0.08045977,0,0.114942529,NA,11.55,21.45168042,2.26773232289879
0,1,0,0,0,1,0,0,0,0,0,0,1,0,0,0,0,0,1,1,0,0.151898734,0,0,0,0.696202532,0,0,0,0,0,0,0.151898734,0,0,0,0,0,NA,2.7,22.90582536,0.824623993918593
0,1,0,0,0,0,0,0,0,0,0,0,1,0,0,0,1,0,1,1,0,0.260869565,0,0,0,0,0,0,0,0,0,0,0.130434783,0,0,0,0.608695652,0,NA,2.9,24.18805459,0.918398725217899
0,1,0,0,0,0,0,0,0,0,0,0,0,0,0,0,0,0,1,1,0,1,0,0,0,0,0,0,0,0,0,0,0,0,0,0,0,0,NA,1,22.74446252,0
0,0,0,0,0,0,0,0,0,0,1,0,0,0,0,0,0,0,0,1,0,0,0,0,0,0,0,0,0,0,1,0,0,0,0,0,0,0,NA,1,24.07674063,0
0,1,0,1,0,1,0,0,0,1,0,0,1,1,0,0,1,0,0,0,0,0.010989011,0,0.10989011,0,0.21978022,0,0,0,0.21978022,0,0,0,0,0,0,0.43956044,0,NA,4.8,25.75462712,1.31953730831182
0,1,0,0,0,1,0,0,0,1,0,0,1,1,0,0,1,0,1,1,0,0.041322314,0,0,0,0.165289256,0,0,0,0.330578512,0,0,0.041322314,0.008264463,0,0,0.41322314,0,NA,5,24.82630578,1.33161407495581
0,1,0,1,1,0,0,1,0,0,0,0,0,0,0,0,0,0,1,1,0,0.315789474,0,0.421052632,0.052631579,0,0,0.210526316,0,0,0,0,0,0,0,0,0,0,NA,2.8,22.00771886,1.21121442162504
0,0,1,0,0,0,1,1,0,1,0,0,0,0,0,0,1,1,0,0,0,0,0.404040404,0,0,0,0.151515152,0.02020202,0,0.02020202,0,0,0,0,0,0,0.101010101,0.303030303,NA,4.1,19.60133509,1.40309669500192
0,1,0,1,0,0,0,0,0,1,1,0,0,1,0,0,1,0,0,0,0,0.10989011,0,0.21978022,0,0,0,0,0,0.21978022,0.10989011,0,0,0.010989011,0,0,0.32967033,0,NA,5.4,23.68819949,1.56671759166075
0,0,0,0,0,0,0,0,0,1,1,0,0,0,0,0,1,0,1,0,0,0,0,0,0,0,0,0,0,0.210526316,0.052631579,0,0,0,0,0,0.736842105,0,NA,3,23.01370794,0.70801897645891
0,1,0,0,1,1,1,0,0,0,1,1,0,0,0,1,1,0,0,1,0,0.021978022,0,0,0.10989011,0.274725275,0.21978022,0,0,0,0.021978022,0.054945055,0,0,0,0.21978022,0.076923077,0,NA,6.1,21.28028124,1.78813217880693
1,0,1,0,1,0,1,1,1,0,0,1,0,0,0,0,0,1,1,1,0.256410256,0,0.128205128,0,0.017094017,0,0.085470085,0.042735043,0.085470085,0,0,0.170940171,0,0,0,0,0,0.213675214,NA,5.05,18.53102948,1.86876879475585
1,1,1,1,1,1,1,1,1,1,1,1,1,1,1,1,1,1,1,0,0.140186916,0.009345794,0.028037383,0.009345794,0.009345794,0.018691589,0.009345794,0.028037383,0.028037383,0.028037383,0.140186916,0.009345794,0,0,0.009345794,0.018691589,0.140186916,0.373831776,NA,12.15,21.45168042,2.00578795469476
0,0,0,0,0,0,0,1,0,0,0,1,0,0,1,0,0,1,0,1,0,0,0,0,0,0,0,0,0,0,0,0.125,0,0,0.25,0,0,0.625,NA,3.45,18.06901948,0.900256051268537
0,0,0,1,0,0,1,0,1,0,0,0,0,0,0,0,1,0,0,1,0,0,0,0.067307692,0,0,0.673076923,0,0.067307692,0,0,0,0,0,0,0,0.192307692,0,NA,2.9,20.32896244,0.946774989223375
0,1,0,1,0,1,0,0,0,0,1,0,0,1,0,0,1,0,0,0,0,0.135135135,0,0.040540541,0,0.405405405,0,0,0,0,0.135135135,0,0,0.013513514,0,0,0.27027027,0,NA,4.8,23.55281661,1.448685289472
0,0,1,0,1,0,0,0,0,0,0,1,0,0,0,1,0,0,0,1,0,0,0.388349515,0,0.029126214,0,0,0,0,0,0,0.194174757,0,0,0,0.388349515,0,0,NA,2.1,19.56330635,1.15588589503407
0,0,0,0,0,0,0,0,0,0,0,0,1,0,0,0,0,0,0,0,0,0,0,0,0,0,0,0,0,0,0,0,1,0,0,0,0,0,NA,1,33.32426724,0
1,0,0,0,0,0,0,0,0,0,0,1,0,0,1,0,0,1,1,0,0.333333333,0,0,0,0,0,0,0,0,0,0,0.142857143,0,0,0.095238095,0,0,0.428571429,NA,3.65,16.53690177,1.23125941522242
1,0,1,0,1,0,0,1,0,0,0,0,0,0,0,0,0,0,0,0,0.581395349,0,0.348837209,0,0.011627907,0,0,0.058139535,0,0,0,0,0,0,0,0,0,0,NA,2.15,20.77531408,0.899879141999159
0,1,0,1,0,0,0,0,0,1,1,0,1,0,0,0,1,0,0,1,0,0.161290323,0,0.107526882,0,0,0,0,0,0.215053763,0.161290323,0,0.032258065,0,0,0,0.322580645,0,NA,6,22.97760119,1.63460206705507
0,0,0,1,0,0,0,0,0,0,0,0,0,0,0,0,0,0,0,0,0,0,0,1,0,0,0,0,0,0,0,0,0,0,0,0,0,0,NA,1,21.56190935,0
0,0,1,0,0,1,0,0,0,0,0,0,0,0,0,0,1,1,1,0,0,0,0.125,0,0,0.125,0,0,0,0,0,0,0,0,0,0,0.166666667,0.583333333,NA,3.05,19.98974299,1.13290158946962
1,0,1,0,0,0,0,1,1,0,0,1,0,0,1,1,0,1,1,1,0.260869565,0,0.086956522,0,0,0,0,0.008695652,0.034782609,0,0,0.043478261,0,0,0.026086957,0.017391304,0,0.52173913,NA,5.55,18.87338246,1.36235000461025
0,0,0,0,1,0,0,0,0,0,0,0,0,0,0,0,0,0,0,1,0,0,0,0,1,0,0,0,0,0,0,0,0,0,0,0,0,0,NA,0.66,17.40814705,0
0,0,0,0,0,1,0,0,0,1,0,1,0,0,0,1,0,0,0,0,0,0,0,0,0,0.333333333,0,0,0,0.222222222,0,0.333333333,0,0,0,0.111111111,0,0,NA,3.5,21.39443511,1.31078367809971
0,1,0,1,0,1,0,0,0,1,1,0,0,1,0,0,0,0,1,1,0,0.117647059,0,0.235294118,0,0.176470588,0,0,0,0.176470588,0.235294118,0,0,0.058823529,0,0,0,0,NA,4.9,23.04708488,1.71154728570247
1,0,0,0,1,0,1,1,1,0,0,1,0,0,1,1,0,0,0,0,0.341880342,0,0,0,0.042735043,0,0.341880342,0.042735043,0.025641026,0,0,0.017094017,0,0,0.017094017,0.170940171,0,0,NA,6.1,19.09911541,1.5383465297505
0,0,1,1,1,1,0,0,1,0,0,0,0,1,1,0,1,0,0,1,0,0,0.523255814,0.11627907,0.058139535,0.11627907,0,0,0.058139535,0,0,0,0,0.011627907,0.11627907,0,0,0,NA,5.4,21.99629718,1.47211771621949
0,1,0,0,0,0,0,0,0,0,0,0,1,0,0,0,1,0,1,0,0,0.384615385,0,0,0,0,0,0,0,0,0,0,0.038461538,0,0,0,0.576923077,0,NA,2.6,25.38613119,0.81015023129396
1,0,0,0,0,0,0,0,0,0,0,0,0,0,0,0,0,0,1,0,1,0,0,0,0,0,0,0,0,0,0,0,0,0,0,0,0,0,NA,1,20.18788567,0
1,1,1,1,1,1,1,1,1,1,1,1,1,1,1,1,1,1,0,1,0.267857143,0.008928571,0.133928571,0.017857143,0.008928571,0.0625,0.133928571,0.044642857,0,0.026785714,0.089285714,0.026785714,0.026785714,0,0.017857143,0.044642857,0.044642857,0.044642857,NA,13.07,21.45168042,2.35444969849164
0,0,0,0,0,0,0,0,0,0,0,1,0,0,0,0,0,0,1,1,0,0,0,0,0,0,0,0,0,0,0,1,0,0,0,0,0,0,NA,1,19.13846723,0
1,0,0,0,0,0,0,1,0,0,0,1,0,0,0,1,0,0,0,0,0.447761194,0,0,0,0,0,0,0.104477612,0,0,0,0.223880597,0,0,0,0.223880597,0,0,NA,3.9,22.04011337,1.26590458175092
0,1,0,1,0,1,0,0,0,1,1,0,0,0,0,0,1,0,1,1,0,0.333333333,0,0.166666667,0,0.222222222,0,0,0,0.033333333,0.222222222,0,0,0,0,0,0.022222222,0,NA,5.8,21.48947191,1.53127526238132
0,1,0,0,1,0,0,0,1,1,1,1,1,0,0,1,0,0,1,1,0,0.024390244,0,0,0.024390244,0,0,0,0.085365854,0.12195122,0.182926829,0.06097561,0.012195122,0,0,0.487804878,0,0,NA,5.6,22.31607622,1.53302496288961
0,0,0,0,0,0,0,0,0,0,0,0,0,0,0,0,1,0,0,0,0,0,0,0,0,0,0,0,0,0,0,0,0,0,0,0,1,0,NA,1,26.54814996,0
0,0,0,0,0,0,0,0,1,0,0,0,0,0,0,0,0,0,0,0,0,0,0,0,0,0,0,0,1,0,0,0,0,0,0,0,0,0,NA,1,16.81648496,0
1,0,1,0,1,0,1,1,1,0,0,0,0,0,0,1,0,1,1,0,0.416666667,0,0.041666667,0,0.016666667,0,0.033333333,0.016666667,0.041666667,0,0,0,0,0,0,0.016666667,0,0.416666667,NA,4.13,18.95343909,1.31248557752841
1,1,1,1,0,0,0,0,0,0,0,0,0,0,0,0,0,0,1,1,0.663636364,0.072727273,0.163636364,0.1,0,0,0,0,0,0,0,0,0,0,0,0,0,0,5.28,0.25,20.92078116,0.989183901050978
0,0,0,1,1,1,1,0,0,0,0,0,0,0,0,0,0,0,0,1,0,0,0,0.206185567,0.020618557,0.154639175,0.618556701,0,0,0,0,0,0,0,0,0,0,0,0,0.95,19.19464873,0.991387612326268
1,0,0,1,0,1,0,1,1,1,1,1,0,0,0,0,0,0,1,0,0.693069307,0,0,0.099009901,0,0.03960396,0,0,0.03960396,0.02970297,0.02970297,0.069306931,0,0,0,0,0,0,0,3.35,21.50242169,1.13270548906879
0,1,0,0,0,0,0,0,0,0,0,0,0,0,0,0,0,0,1,0,0,1,0,0,0,0,0,0,0,0,0,0,0,0,0,0,0,0,0.84,0.35,22.74446252,0
0,1,0,0,0,0,0,1,0,0,0,1,1,0,0,0,0,0,0,0,0,0.083333333,0,0,0,0,0,0.095238095,0,0,0,0.773809524,0.047619048,0,0,0,0,0,0,2.85,25.38088838,0.774420925276657
0,0,0,0,0,0,1,0,0,0,0,0,0,0,0,0,0,0,0,0,0,0,0,0,0,0,1,0,0,0,0,0,0,0,0,0,0,0,0.8,0.05,16.38930548,0
0,1,0,0,0,0,0,0,0,0,1,0,0,1,0,0,0,0,1,1,0,0.85106383,0,0,0,0,0,0,0,0,0.085106383,0,0,0.063829787,0,0,0,0,0,2,24.99139887,0.522569037854065
0,0,0,0,0,0,0,1,0,0,0,0,0,0,0,0,0,0,1,0,0,0,0,0,0,0,0,1,0,0,0,0,0,0,0,0,0,0,0.24,0.5,26.31635653,0
0,1,0,1,0,1,0,0,0,0,0,0,0,0,0,0,0,0,0,1,0,0.0625,0,0.729166667,0,0.208333333,0,0,0,0,0,0,0,0,0,0,0,0,0,0.8,19.96523589,0.730391219905423
1,0,1,0,1,0,0,1,0,0,0,0,0,0,0,0,0,0,1,0,0.412371134,0,0.567010309,0,0.020618557,0,0,0,0,0,0,0,0,0,0,0,0,0,0,0.35,20.77531408,0.767032652544736
1,0,1,0,1,0,1,1,1,0,0,0,0,0,1,1,0,0,0,1,0.153153153,0,0,0,0.054054054,0,0.135135135,0.018018018,0.009009009,0,0,0,0,0,0.09009009,0.540540541,0,0,3.598095238,1.2,19.10541539,1.37972159059065
0,1,0,0,0,1,0,0,0,1,0,0,1,1,0,0,1,0,0,1,0,0.046511628,0,0,0,0.046511628,0,0,0,0.604651163,0,0,0.046511628,0.023255814,0,0,0.23255814,0,0,2.1,24.82630578,1.15898513956203
0,0,0,0,0,0,0,0,0,1,1,0,0,0,0,0,1,0,0,1,0,0,0,0,0,0,0,0,0,0.675675676,0.054054054,0,0,0,0,0,0.27027027,0,0.84,0.85,23.01370794,0.776214103806934
0,0,0,1,1,1,0,0,0,0,0,0,0,0,0,0,0,1,1,0,0,0,0,0.066666667,0.028571429,0.028571429,0,0,0,0,0,0,0,0,0,0,0,0.876190476,0,1,18.29800282,0.499507078688608
0,0,1,0,1,0,0,0,0,0,0,1,0,0,0,1,0,0,0,0,0,0,0.817307692,0,0,0,0,0,0,0,0,0.038461538,0,0,0,0.144230769,0,0,1.4,0.9,19.56330635,0.569474674018481
0,0,0,0,1,0,0,0,0,0,0,0,0,0,0,0,0,0,1,1,0,0,0,0,1,0,0,0,0,0,0,0,0,0,0,0,0,0,0.12,0.05,17.40814705,0
0,0,0,0,0,0,0,0,0,0,0,0,1,0,0,0,0,0,1,0,0,0,0,0,0,0,0,0,0,0,0,0,1,0,0,0,0,0,1.92,0.5,33.32426724,0
0,0,1,1,1,1,0,0,1,0,0,0,0,1,1,0,1,0,0,0,0,0,0.641025641,0.11965812,0.034188034,0.017094017,0,0,0.025641026,0,0,0,0,0.008547009,0.085470085,0,0.068376068,0,5.26,3.3,21.99629718,1.25236963610279
0,1,0,1,0,0,0,0,0,1,0,0,0,1,0,0,0,0,1,0,0,0.412371134,0,0.12371134,0,0,0,0,0,0.412371134,0,0,0,0.051546392,0,0,0,0,0,1.65,26.45443042,1.14196432218468
0,0,0,0,0,0,0,0,0,0,0,0,0,1,0,0,0,0,1,1,0,0,0,0,0,0,0,0,0,0,0,0,0,1,0,0,0,0,0.68,0,39.00905368,0
1,1,1,1,1,1,1,1,1,1,1,1,1,1,1,1,1,1,0,0,0.113333333,0,0.073333333,0.026666667,0,0.013333333,0.093333333,0.006666667,0.033333333,0,0,0.04,0.026666667,0,0.026666667,0.08,0,0.466666667,7.176623377,7.2,21.45168042,1.84049264616898
1,0,0,0,0,0,0,1,0,0,0,1,0,0,0,1,0,0,1,0,0.564516129,0,0,0,0,0,0,0.032258065,0,0,0,0.080645161,0,0,0,0.322580645,0,0,0,1.1,22.04011337,1.00156484470225
1,0,0,0,0,0,0,0,0,0,0,1,0,0,1,0,0,1,0,1,0.707964602,0,0,0,0,0,0,0,0,0,0,0.026548673,0,0,0.07079646,0,0,0.194690265,0,0.7,16.53690177,0.84688840363796
0,1,0,1,0,1,0,0,0,0,0,0,0,1,0,0,0,0,1,0,0,0.108695652,0,0.815217391,0,0.054347826,0,0,0,0,0,0,0,0.02173913,0,0,0,0,3,2.45,26.18366465,0.649278321327381
0,0,1,0,0,0,1,0,0,0,0,1,0,0,0,1,0,0,1,0,0,0,0.25,0,0,0,0.15,0,0,0,0,0.13,0,0,0,0.47,0,0,3,1.5,19.30859596,1.25123091033198
0,0,0,0,0,0,0,0,0,0,1,0,0,0,0,0,0,0,1,1,0,0,0,0,0,0,0,0,0,0,1,0,0,0,0,0,0,0,0.36,0.9,24.07674063,0
0,1,0,0,0,1,0,0,0,0,0,0,1,0,0,0,0,0,0,0,0,0.131868132,0,0,0,0.747252747,0,0,0,0,0,0,0.120879121,0,0,0,0,0,0,2.35,22.90582536,0.740285311908494
1,0,0,0,1,0,1,1,1,0,0,1,0,0,1,1,0,0,1,0,0.546218487,0,0,0,0,0,0.075630252,0.016806723,0.042016807,0,0,0.084033613,0,0,0.092436975,0.142857143,0,0,0,2.35,19.09911541,1.43365287727555
1,0,1,0,1,0,1,0,1,0,0,1,0,0,0,1,0,1,0,1,0.163934426,0,0.081967213,0,0,0,0.081967213,0,0.016393443,0,0,0.024590164,0,0,0,0.098360656,0,0.532786885,0,1.9,18.05620292,1.42859046485323
0,0,0,0,0,0,0,0,0,0,0,0,0,0,0,0,0,1,1,0,0,0,0,0,0,0,0,0,0,0,0,0,0,0,0,0,0,1,0.36,0.1,12.80272186,0
0,0,0,0,0,1,0,0,0,0,0,0,0,0,0,0,0,0,1,0,0,0,0,0,0,1,0,0,0,0,0,0,0,0,0,0,0,0,0.88,1,21.41923304,0
0,0,1,0,0,0,0,0,0,0,0,0,1,1,1,0,0,0,0,1,0,0,0.560344828,0,0,0,0,0,0,0,0,0,0.034482759,0.017241379,0.387931034,0,0,0,2.04,0.15,26.38518008,0.878017291005318
0,1,1,0,0,0,0,1,0,1,0,1,1,0,0,1,1,0,1,0,0,0.0625,0.169642857,0,0,0,0,0.044642857,0,0.3125,0,0.080357143,0.035714286,0,0,0.071428571,0.223214286,0,0,3.75,24.03507634,1.82137646087237
0,1,0,0,1,0,0,0,1,1,1,1,1,0,0,1,0,0,0,0,0,0.02970297,0,0,0.01980198,0,0,0,0.03960396,0.396039604,0.059405941,0.158415842,0.03960396,0,0,0.257425743,0,0,3.29,4.95,22.31607622,1.61363387498538
0,1,0,1,0,1,0,0,0,1,1,0,0,1,0,0,0,0,0,1,0,0.04040404,0,0.353535354,0,0.101010101,0,0,0,0.404040404,0.060606061,0,0,0.04040404,0,0,0,0,4.12,1.75,23.04708488,1.39452264754451
0,0,0,0,1,0,1,1,0,0,0,0,0,0,1,0,0,0,0,0,0,0,0,0,0.073394495,0,0.275229358,0.027522936,0,0,0,0,0,0,0.623853211,0,0,0,0,0.55,18.53308535,0.940028482186193
0,1,0,1,1,0,0,1,0,0,0,0,0,0,0,0,0,0,0,0,0,0.023529412,0,0.905882353,0.070588235,0,0,0,0,0,0,0,0,0,0,0,0,0,0,1.9,22.00771886,0.364888095901965
0,0,0,0,0,1,0,0,0,1,0,1,0,0,0,1,0,0,0,1,0,0,0,0,0,0.12195122,0,0,0,0.081300813,0,0.06504065,0,0,0,0.731707317,0,0,1.8,2.05,21.39443511,0.86694039906879
0,0,0,1,0,1,0,0,0,0,1,0,1,1,0,0,1,0,1,0,0,0,0,0.144230769,0,0.096153846,0,0,0,0,0.057692308,0,0.134615385,0.038461538,0,0,0.528846154,0,4.48,3.65,24.8752922,1.40119411003214
1,0,0,0,1,0,1,1,1,0,0,1,0,0,1,0,0,1,1,1,0.349056604,0,0,0,0,0,0.028301887,0.009433962,0.047169811,0,0,0.028301887,0,0,0.113207547,0,0,0.424528302,3.8,2.2,17.88473764,1.36757571693879
1,0,0,0,1,0,1,0,1,0,0,0,0,0,0,0,0,0,1,0,0.62992126,0,0,0,0,0,0.31496063,0,0.05511811,0,0,0,0,0,0,0,0,0,2,1.05,17.70045579,0.814748660883731
1,1,1,1,1,1,1,1,1,1,1,1,1,1,1,1,1,1,1,0,0.111111111,0.02962963,0.051851852,0.074074074,0,0,0.014814815,0.007407407,0.022222222,0.044444444,0.014814815,0.022222222,0,0.014814815,0.022222222,0.037037037,0.088888889,0.444444444,8.64,6.55,21.45168042,2.00796480740933
0,1,0,0,0,0,1,1,0,0,1,0,1,0,0,1,0,1,0,1,0,0.044247788,0,0,0,0,0.123893805,0.026548673,0,0,0.053097345,0,0.017699115,0,0,0.265486726,0,0.469026549,1.615555556,2.65,22.13740542,1.42749336745039
0,0,0,0,0,0,0,0,1,0,0,0,0,0,0,0,0,0,1,1,0,0,0,0,0,0,0,0,1,0,0,0,0,0,0,0,0,0,0.96,0.35,16.81648496,0
0,0,0,0,0,0,0,1,0,0,0,1,0,0,1,0,0,1,0,0,0,0,0,0,0,0,0,0.030927835,0,0,0,0.350515464,0,0,0.360824742,0,0,0.257731959,0.6,0.9,18.06901948,1.19222466426523
0,0,0,0,0,0,0,0,0,0,0,0,0,0,0,1,0,0,0,1,0,0,0,0,0,0,0,0,0,0,0,0,0,0,0,1,0,0,0.24,0.6,22.51774405,0
0,1,0,1,0,0,0,0,0,1,1,0,0,1,0,0,1,0,1,1,0,0.361445783,0,0.421686747,0,0,0,0,0,0.060240964,0.072289157,0,0,0,0,0,0.084337349,0,3.32,1.95,23.68819949,1.29965722225798
0,0,0,1,1,0,1,0,0,0,1,1,0,0,0,1,0,0,0,1,0,0,0,0.098901099,0,0,0.21978022,0,0,0,0.10989011,0.076923077,0,0,0,0.494505495,0,0,2.88,2.7,19.26941218,1.35001664190039
0,0,1,0,1,0,1,1,1,0,0,1,0,0,1,0,0,1,1,1,0,0,0.336538462,0,0.038461538,0,0.134615385,0.028846154,0.125,0,0,0.076923077,0,0,0.163461538,0,0,0.096153846,3.48,2.1,17.75986031,1.84251252502968
1,0,1,0,1,0,1,0,1,0,0,0,0,0,1,1,0,1,1,1,0.428571429,0,0.178571429,0,0,0,0.014285714,0,0.057142857,0,0,0,0,0,0.107142857,0.071428571,0,0.142857143,0,0.6,17.41621106,1.60081638186488
0,0,0,1,0,0,0,0,0,0,0,0,0,0,0,0,0,0,1,0,0,0,0,1,0,0,0,0,0,0,0,0,0,0,0,0,0,0,1.72,1,21.56190935,0
0,1,0,0,0,0,0,0,0,0,0,0,1,0,0,0,1,0,0,1,0,0.276315789,0,0,0,0,0,0,0,0,0,0,0.328947368,0,0,0,0.394736842,0,3.68,1.65,24.18805459,1.0880650735707
1,0,1,0,1,0,1,1,1,0,0,0,0,0,0,1,0,1,0,0,0.367886348,0,0.089105171,0,0.002165609,0,0.094497317,0.021672241,0.039649258,0,0,0,0,0,0,0.048504682,0,0.336519374,3.76,1.85,18.95343909,1.54385301982231
0,0,0,0,1,0,1,1,0,0,0,0,0,0,0,0,0,1,0,0,0,0,0,0,0,0,0.242718447,0.029126214,0,0,0,0,0,0,0,0,0,0.72815534,0,0.45,18.22913273,0.677648009008095
1,0,0,0,0,0,0,0,0,0,0,0,0,0,0,0,0,0,0,0,1,0,0,0,0,0,0,0,0,0,0,0,0,0,0,0,0,0,1.16,0.6,20.18788567,0
1,0,1,0,0,0,0,1,1,0,0,1,0,0,1,1,0,1,1,0,0.504201681,0,0.050420168,0,0,0,0,0.008403361,0.033613445,0,0,0.033613445,0,0,0.016806723,0.016806723,0,0.336134454,0,2.2,18.87338246,1.26795246376503
0,1,0,0,0,0,0,0,0,0,0,0,1,0,0,0,1,0,0,0,0,0.795454545,0,0,0,0,0,0,0,0,0,0,0.090909091,0,0,0,0.113636364,0,1.52,1.8,25.38613119,0.647154426668971
1,1,1,1,1,1,1,1,1,1,1,1,1,1,1,1,1,1,1,0,0.04950495,0.03960396,0.079207921,0.059405941,0.01980198,0.01980198,0.178217822,0.00990099,0.00990099,0.148514851,0.01980198,0,0.00990099,0.01980198,0.099009901,0.099009901,0.118811881,0.01980198,7.67047619,8.25,21.45168042,2.47226948208788
0,0,0,0,0,0,0,0,0,1,0,0,0,0,0,0,0,0,0,1,0,0,0,0,0,0,0,0,0,1,0,0,0,0,0,0,0,0,0.56,0.1,22.50229612,0
0,1,0,1,0,1,0,0,0,0,1,0,0,1,0,0,1,0,1,0,0,0.045454545,0,0.511363636,0,0.056818182,0,0,0,0,0.034090909,0,0,0.011363636,0,0,0.340909091,0,0,4.25,23.55281661,1.179337524486
0,0,1,0,0,0,1,1,1,0,0,1,0,0,1,1,0,1,0,0,0,0,0.421052632,0,0,0,0.105263158,0.021052632,0.042105263,0,0,0.084210526,0,0,0.010526316,0.210526316,0,0.105263158,0,3.9,18.39855994,1.63715552785804
0,1,0,1,0,1,0,0,0,1,1,0,0,0,0,0,1,0,0,1,0,0.112359551,0,0.202247191,0,0.02247191,0,0,0,0.617977528,0.02247191,0,0,0,0,0,0.02247191,0,0,3.65,21.48947191,1.12217849470659
0,0,0,0,0,1,0,0,0,1,1,0,0,0,0,0,1,0,0,1,0,0,0,0,0,0.041666667,0,0,0,0.583333333,0.041666667,0,0,0,0,0,0.333333333,0,0,1.8,23.63660494,0.945456542418599
0,1,0,1,0,1,0,0,0,1,0,0,1,1,0,0,1,0,0,1,0,0.163043478,0,0.380434783,0,0.054347826,0,0,0,0.27173913,0,0,0.010869565,0.010869565,0,0,0.108695652,0,0,2.5,25.75462712,1.51523562657503
0,1,1,0,0,0,0,0,0,0,0,0,0,0,0,0,0,1,0,0,0,0.08045977,0.344827586,0,0,0,0,0,0,0,0,0,0,0,0,0,0,0.574712644,1.84,1.6,18.41592412,0.88822486815441
0,0,0,0,0,0,0,0,0,0,0,1,0,0,0,0,0,0,0,0,0,0,0,0,0,0,0,0,0,0,0,1,0,0,0,0,0,0,0.4,0.6,19.13846723,0
1,0,0,0,0,0,0,1,0,0,0,0,0,0,1,1,0,0,0,0,0.449751478,0,0,0,0,0,0,0.027757661,0,0,0,0,0,0,0.327918918,0.194571943,0,0,1.2,2.15,20.76012964,1.14299982143208
0,1,0,1,0,0,0,0,0,1,1,0,1,0,0,0,1,0,1,1,0,0.106382979,0,0.319148936,0,0,0,0,0,0.085106383,0.085106383,0,0.031914894,0,0,0,0.372340426,0,4.8,3.1,22.97760119,1.50004099515828
1,0,1,1,0,0,1,0,0,0,0,0,0,1,1,0,1,0,0,0,0.322580645,0,0.215053763,0,0,0,0.161290323,0,0,0,0,0,0,0.021505376,0.139784946,0,0.139784946,0,4.938823529,3.15,21.37988027,1.6224242494976
0,0,0,0,0,0,0,0,0,0,0,0,0,0,1,0,0,0,0,1,0,0,0,0,0,0,0,0,0,0,0,0,0,0,1,0,0,0,0.08,0.35,14.01853232,0
0,1,0,0,1,1,1,0,0,0,1,1,0,0,0,1,1,0,0,0,0,0,0,0,0.048780488,0.016260163,0.081300813,0,0,0,0.024390244,0.243902439,0,0,0,0.487804878,0.097560976,0,0,5,21.28028124,1.43028180488901
0,0,0,0,1,1,1,0,1,0,0,0,1,0,0,1,1,0,1,0,0,0,0,0,0.008474576,0.118644068,0.211864407,0,0.084745763,0,0,0,0.008474576,0,0,0.550847458,0.016949153,0,0,3.1,21.6688721,1.26927770833136
0,1,0,0,0,1,0,0,0,0,0,0,0,1,0,0,0,0,0,1,0,0.217391304,0,0,0,0.706521739,0,0,0,0,0,0,0,0.076086957,0,0,0,0,1.04,1.55,24.32702197,0.77318869664309
0,0,0,1,0,0,1,0,1,0,0,0,0,0,0,0,1,0,1,0,0,0,0,0.074380165,0,0,0.578512397,0,0.05785124,0,0,0,0,0,0,0,0.289256198,0,2.72,2.05,20.32896244,1.03357367498682
0,0,1,0,0,0,1,1,0,1,0,0,0,0,0,0,1,1,1,1,0,0,0.2,0,0,0,0.071428571,0.028571429,0,0.028571429,0,0,0,0,0,0,0.171428571,0.5,0,1.45,19.60133509,1.36245748822982
0,0,1,0,0,1,0,0,0,0,0,0,0,0,0,0,1,1,0,1,0,0,0.076923077,0,0,0.057692308,0,0,0,0,0,0,0,0,0,0,0.096153846,0.769230769,0,1.25,19.98974299,0.788870987750797
0,0,0,0,0,0,0,0,0,0,0,0,0,0,0,0,1,0,1,0,0,0,0,0,0,0,0,0,0,0,0,0,0,0,0,0,1,0,1.12,1,26.54814996,0
0,0,1,0,0,0,0,0,0,0,0,0,0,0,0,0,0,0,1,1,0,0,1,0,0,0,0,0,0,0,0,0,0,0,0,0,0,0,1.84,0.2,19.18886709,0
0,0,0,1,0,1,0,0,0,1,0,0,1,1,0,0,1,0,1,0,0,0,0,0.2,0,0.04,0,0,0,0.7,0,0,0.01,0.01,0,0,0.04,0,6.04,3.8,24.67848663,0.921173512953151
1,0,1,0,1,0,1,1,1,0,0,1,0,0,0,0,0,1,0,1,0.315315315,0,0.072072072,0,0,0,0.135135135,0.009009009,0.009009009,0,0,0.054054054,0,0,0,0,0,0.405405405,3.6,1.2,18.53102948,1.43255870259941
1,1,1,1,1,1,1,1,1,1,1,1,1,1,1,1,1,1,1,1,0.257352941,0.036764706,0.110294118,0.014705882,0,0.022058824,0.051470588,0.022058824,0.066176471,0.007352941,0.044117647,0.044117647,0,0,0.029411765,0,0.205882353,0.088235294,11.28,5.55,21.45168042,2.23143148787925
0,0,0,1,0,1,0,0,0,1,1,0,1,1,0,0,1,0,1,0,0,0,0,0.021978022,0,0.10989011,0,0,0,0.43956044,0.076923077,0,0.010989011,0.010989011,0,0,0.32967033,0,0,4.35,25.92116188,1.35014944114466
1,0,1,0,1,0,1,0,1,0,0,0,0,0,1,1,0,1,0,0,0.330188679,0,0.188679245,0,0.009433962,0,0.094339623,0,0.028301887,0,0,0,0,0,0.094339623,0.141509434,0,0.113207547,0,1.4,17.41621106,1.79420325311167
0,1,0,1,0,0,0,0,0,1,1,0,0,1,0,0,1,0,0,1,0,0.021276596,0,0.159574468,0,0,0,0,0,0.425531915,0.010638298,0,0,0.010638298,0,0,0.372340426,0,3.739220779,1.25,23.68819949,1.20287555281643
0,0,0,0,1,1,1,0,1,0,0,0,1,0,0,1,1,0,1,1,0,0,0,0,0,0.048076923,0.096153846,0,0.076923077,0,0,0,0.009615385,0,0,0.288461538,0.480769231,0,0,1.9,21.6688721,1.32375970256088
0,0,0,0,0,0,0,0,0,0,0,0,0,0,0,1,0,0,1,0,0,0,0,0,0,0,0,0,0,0,0,0,0,0,0,1,0,0,0.32,0.5,22.51774405,0
0,0,0,1,0,1,0,0,0,1,0,0,1,1,0,0,1,0,1,1,0,0,0,0.518867925,0,0.028301887,0,0,0,0.235849057,0,0,0.009433962,0.018867925,0,0,0.188679245,0,2.16,1,24.67848663,1.21559006159568
0,1,0,0,0,0,1,1,0,0,1,0,1,0,0,1,0,1,0,0,0,0.021276596,0,0,0,0,0.212765957,0.010638298,0,0,0.010638298,0,0,0,0,0.265957447,0,0.478723404,1.142857143,3.8,22.13740542,1.21273470406826
0,0,0,0,0,0,0,1,0,0,0,0,0,0,0,0,0,0,1,1,0,0,0,0,0,0,0,1,0,0,0,0,0,0,0,0,0,0,0.12,0.3,26.31635653,0
1,0,0,0,0,0,0,1,0,0,0,1,0,0,0,1,0,0,1,1,0.754716981,0,0,0,0,0,0,0.009433962,0,0,0,0.094339623,0,0,0,0.141509434,0,0,0,2.2,22.04011337,0.755809520929367
0,0,0,0,0,1,0,0,0,0,0,0,0,0,0,0,0,0,0,0,0,0,0,0,0,1,0,0,0,0,0,0,0,0,0,0,0,0,0.28,1,21.41923304,0
0,1,0,1,0,0,0,0,0,1,1,0,1,0,0,0,1,0,1,0,0,0.12,0,0.01,0,0,0,0,0,0.45,0.02,0,0,0,0,0,0.4,0,3.506666667,3.35,22.97760119,1.10456854236011
0,0,0,0,1,0,0,0,0,0,0,0,0,0,0,0,0,0,0,0,0,0,0,0,1,0,0,0,0,0,0,0,0,0,0,0,0,0,0,0.1,17.40814705,0
1,0,0,0,0,0,0,0,0,0,0,0,0,0,0,0,0,0,0,1,1,0,0,0,0,0,0,0,0,0,0,0,0,0,0,0,0,0,1.24,0.15,20.18788567,0
0,0,0,0,0,0,0,0,0,0,0,0,0,0,1,0,0,0,1,1,0,0,0,0,0,0,0,0,0,0,0,0,0,0,1,0,0,0,0.16,0.1,14.01853232,0
1,0,1,0,1,0,1,1,1,0,0,1,0,0,0,0,0,1,1,0,0.026315789,0,0.070175439,0,0.01754386,0,0.026315789,0.00877193,0.035087719,0,0,0.070175439,0,0,0,0,0,0.745614035,2,3.1,18.53102948,1.0132197903683
1,1,1,1,1,1,1,1,1,1,1,1,1,1,1,1,1,1,1,0,0.283018868,0.037735849,0.075471698,0.037735849,0,0.009433962,0.075471698,0.009433962,0.066037736,0.037735849,0.009433962,0,0,0.018867925,0.009433962,0.018867925,0.075471698,0.235849057,5.04,5.67,21.45168042,2.15925129850839
0,1,0,0,1,0,0,0,1,1,1,1,1,0,0,1,0,0,0,1,0,0.023529412,0,0,0.023529412,0,0,0,0.058823529,0.529411765,0.035294118,0.023529412,0.011764706,0,0,0.294117647,0,0,4.536666667,3.1,22.31607622,1.29825576233832
0,1,0,1,0,1,0,0,0,0,0,0,0,0,0,0,0,0,0,0,0,0.076923077,0,0.833333333,0,0.08974359,0,0,0,0,0,0,0,0,0,0,0,0,0,2.6,19.96523589,0.565592155624122
0,0,0,0,0,0,0,0,0,1,1,0,0,0,0,0,1,0,1,1,0,0,0,0,0,0,0,0,0,0.211864407,0.025423729,0,0,0,0,0,0.762711864,0,1.84,1.2,23.01370794,0.628730364217338
0,0,0,1,0,1,0,0,0,1,1,0,1,1,0,0,1,0,0,1,0,0,0,0.118811881,0,0.02970297,0,0,0,0.693069307,0.03960396,0,0.00990099,0.02970297,0,0,0.079207921,0,0,1.81,25.92116188,1.09050734345859
0,1,0,0,0,1,0,0,0,0,0,0,1,0,0,0,0,0,1,0,0,0.4,0,0,0,0.6,0,0,0,0,0,0,0,0,0,0,0,0,0,1.75,22.90582536,0.673011667009257
0,0,1,0,0,0,1,1,0,1,0,0,0,0,0,0,1,1,0,1,0,0,0.009090909,0,0,0,0.054545455,0.018181818,0,0.009090909,0,0,0,0,0,0,0.045454545,0.863636364,0,1.15,19.60133509,0.584095405627704
0,1,0,1,0,1,0,0,0,0,0,0,0,1,0,0,0,0,1,1,0,0.12987013,0,0.38961039,0,0.454545455,0,0,0,0,0,0,0,0.025974026,0,0,0,0,1.36,1.25,26.18366465,1.0855554362296
0,0,1,1,1,1,0,0,1,0,0,0,0,1,1,0,1,0,1,1,0,0,0.285714286,0.19047619,0.028571429,0.019047619,0,0,0.114285714,0,0,0,0,0.00952381,0.114285714,0,0.238095238,0,2.8,1.9,21.99629718,1.73260460557063
1,1,1,1,0,0,0,0,0,0,0,0,0,0,0,0,0,0,0,1,0.769230769,0.042735043,0.170940171,0.017094017,0,0,0,0,0,0,0,0,0,0,0,0,0,0,3.04,0.7,20.92078116,0.708062826542737
0,0,1,0,0,0,1,0,0,0,0,1,0,0,0,1,0,0,0,1,0,0,0.285714286,0,0,0,0.380952381,0,0,0,0,0.19047619,0,0,0,0.142857143,0,0,2.32,1.25,19.30859596,1.31942227288753
1,0,1,1,0,0,1,0,0,0,0,0,0,1,1,0,1,0,0,1,0.476190476,0,0.198412698,0,0,0,0.119047619,0,0,0,0,0,0,0.015873016,0.031746032,0,0.158730159,0,5.084210526,0.9,21.37988027,1.39501651390659
0,1,0,0,0,0,0,1,0,0,0,1,1,0,0,0,0,0,1,1,0,0.357142857,0,0,0,0,0,0.142857143,0,0,0,0.476190476,0.023809524,0,0,0,0,0,0,1.25,25.38088838,1.08800401653295
0,0,0,0,1,0,1,1,0,0,0,0,0,0,0,0,0,1,0,1,0,0,0,0,0.018348624,0,0.055045872,0.027522936,0,0,0,0,0,0,0,0,0,0.899082569,0,0.45,18.22913273,0.427499251887906
0,0,0,0,0,0,0,0,0,1,0,0,0,0,0,0,0,0,1,1,0,0,0,0,0,0,0,0,0,1,0,0,0,0,0,0,0,0,0.4,0.3,22.50229612,0
0,0,0,0,0,0,0,0,0,0,0,0,0,1,0,0,0,0,0,0,0,0,0,0,0,0,0,0,0,0,0,0,0,1,0,0,0,0,0.48,0.2,39.00905368,0
0,0,0,1,0,0,0,0,0,0,0,0,0,0,0,0,0,0,1,1,0,0,0,1,0,0,0,0,0,0,0,0,0,0,0,0,0,0,1.2,0.35,21.56190935,0
0,0,0,0,0,1,0,0,0,1,1,0,0,0,0,0,1,0,1,0,0,0,0,0,0,0.018867925,0,0,0,0.188679245,0.037735849,0,0,0,0,0,0.754716981,0,0,2.35,23.63660494,0.725625434435567
1,1,1,1,1,1,1,1,1,1,1,1,1,1,1,1,1,1,0,0,0.107526882,0.010752688,0.107526882,0.053763441,0.010752688,0.032258065,0.021505376,0,0.010752688,0.021505376,0.010752688,0.086021505,0,0.021505376,0.043010753,0.215053763,0.032258065,0.215053763,5.090434783,8.7,21.45168042,2.30830434197993
1,0,1,0,0,0,0,1,1,0,0,1,0,0,1,1,0,1,0,0,0.387931034,0,0.068965517,0,0,0,0,0.051724138,0.086206897,0,0,0.017241379,0,0,0.043103448,0.043103448,0,0.301724138,0,3.55,18.87338246,1.61885219211681
1,0,0,0,1,0,1,1,1,0,0,1,0,0,1,0,0,1,0,1,0.688073394,0,0,0,0.009174312,0,0.137614679,0.009174312,0.036697248,0,0,0.018348624,0,0,0.009174312,0,0,0.091743119,3.08,2.05,17.88473764,1.07309390009504
0,0,0,0,0,0,0,0,0,0,0,1,0,0,0,0,0,0,0,1,0,0,0,0,0,0,0,0,0,0,0,1,0,0,0,0,0,0,0.52,0.5,19.13846723,0
0,0,0,1,1,0,1,0,0,0,1,1,0,0,0,1,0,0,0,0,0,0,0,0.032967033,0.021978022,0,0.384615385,0,0,0,0.010989011,0.164835165,0,0,0,0.384615385,0,0,3.96,3.5,19.26941218,1.27814248950678
1,0,0,1,0,1,0,1,1,1,1,1,0,0,0,0,0,0,0,0,0.537634409,0,0,0.010752688,0,0.064516129,0,0.043010753,0.193548387,0.010752688,0.010752688,0.129032258,0,0,0,0,0,0,0,5.2,21.50242169,1.37407845971786
1,0,0,0,1,0,1,0,1,0,0,0,0,0,0,0,0,0,1,1,0.805084746,0,0,0,0,0,0.127118644,0,0.06779661,0,0,0,0,0,0,0,0,0,2.166666667,1,17.70045579,0.619205047209067
1,0,1,0,1,0,1,1,1,0,0,0,0,0,1,1,0,0,0,0,0.436893204,0,0.174757282,0,0.019417476,0,0.048543689,0.009708738,0.048543689,0,0,0,0,0,0.194174757,0.067961165,0,0,3.73,3,19.10541539,1.58285332146323
0,0,1,0,0,0,0,0,0,0,0,0,0,0,0,0,0,0,0,1,0,0,1,0,0,0,0,0,0,0,0,0,0,0,0,0,0,0,1.16,0,19.18886709,0
1,0,0,0,0,0,0,1,0,0,0,0,0,0,1,1,0,0,0,1,0.701754386,0,0,0,0,0,0,0.00877193,0,0,0,0,0,0,0.070175439,0.219298246,0,0,1.4,0.95,20.76012964,0.809272496322586
1,0,1,0,1,0,0,1,0,0,0,0,0,0,0,0,0,0,1,1,0.909090909,0,0.072727273,0,0,0,0,0.018181818,0,0,0,0,0,0,0,0,0,0,0,0.25,20.77531408,0.350127226739359
0,1,0,0,0,0,0,0,0,0,0,0,0,0,0,0,0,0,0,0,0,1,0,0,0,0,0,0,0,0,0,0,0,0,0,0,0,0,0.64,0.75,22.74446252,0
0,0,0,0,0,0,0,0,0,0,1,0,0,0,0,0,0,0,1,0,0,0,0,0,0,0,0,0,0,0,1,0,0,0,0,0,0,0,0.24,1,24.07674063,0
0,1,0,1,0,1,0,0,0,1,0,0,1,1,0,0,1,0,1,0,0,0.040983607,0,0.12295082,0,0.06557377,0,0,0,0.12295082,0,0,0.008196721,0.024590164,0,0,0.614754098,0,0,5.6,25.75462712,1.25458109958973
0,1,0,0,0,1,0,0,0,1,0,0,1,1,0,0,1,0,1,0,0,0.039215686,0,0,0,0.058823529,0,0,0,0.441176471,0,0,0.009803922,0.009803922,0,0,0.441176471,0,0,3.15,24.82630578,1.10639087028456
0,0,0,0,1,0,1,1,0,0,0,0,0,0,1,0,0,0,1,1,0,0,0,0,0.008474576,0,0.254237288,0.016949153,0,0,0,0,0,0,0.720338983,0,0,0,0,0.25,18.53308535,0.694010280660442
0,0,0,0,0,0,0,0,0,0,0,0,0,0,0,0,0,1,0,1,0,0,0,0,0,0,0,0,0,0,0,0,0,0,0,0,0,1,0.04,0.05,12.80272186,0
0,0,0,1,0,1,0,0,0,0,1,0,1,1,0,0,1,0,0,0,0,0,0,0.365853659,0,0.304878049,0,0,0,0,0.024390244,0,0.012195122,0.048780488,0,0,0.243902439,0,2.48,3.9,24.8752922,1.36581760936407
0,1,0,1,0,1,0,0,0,1,1,0,0,1,0,0,0,0,0,0,0,0.1,0,0.0375,0,0.1875,0,0,0,0.625,0.025,0,0,0.025,0,0,0,0,2.76,4.35,23.04708488,1.14545336955359
0,1,1,0,0,0,0,0,0,0,0,0,0,0,0,0,0,1,1,0,0,0.074074074,0.138888889,0,0,0,0,0,0,0,0,0,0,0,0,0,0,0.787037037,1.4,1.05,18.41592412,0.655449355367375
0,0,0,1,0,0,1,0,1,0,0,0,0,0,0,0,1,0,0,0,0,0,0,0,0,0,0.421052632,0,0.421052632,0,0,0,0,0,0,0,0.157894737,0,1.64,1.7,20.32896244,1.01986521427793
0,1,0,1,0,0,0,0,0,1,0,0,0,1,0,0,0,0,1,1,0,0.166666667,0,0.046296296,0,0,0,0,0,0.694444444,0,0,0,0.092592593,0,0,0,0,0,0.5,26.45443042,0.914433629012267
0,1,0,0,0,0,0,0,0,0,0,0,1,0,0,0,1,0,0,1,0,0.147058824,0,0,0,0,0,0,0,0,0,0,0.019607843,0,0,0,0.833333333,0,1.92,1,25.38613119,0.510929635357191
1,0,0,0,1,0,1,1,1,0,0,1,0,0,1,1,0,0,0,1,0.619834711,0,0,0,0,0,0.123966942,0.008264463,0.041322314,0,0,0.041322314,0,0,0.099173554,0.066115702,0,0,0,2.25,19.09911541,1.26702068760785
0,1,0,0,0,0,0,0,0,0,0,0,1,0,0,0,1,0,1,0,0,0.15625,0,0,0,0,0,0,0,0,0,0,0.010416667,0,0,0,0.833333333,0,4.36,2.65,24.18805459,0.489526486778057
0,0,0,1,1,1,1,0,0,0,0,0,0,0,0,0,0,0,1,0,0,0,0,0.245098039,0.019607843,0.098039216,0.637254902,0,0,0,0,0,0,0,0,0,0,0,0,1.9,19.19464873,0.93654915185444
0,0,0,0,0,1,0,0,0,1,0,1,0,0,0,1,0,0,1,1,0,0,0,0,0,0.04587156,0,0,0,0.183486239,0,0.733944954,0,0,0,0.036697248,0,0,2.08,2.3,21.39443511,0.800805285644335
0,0,1,0,0,1,0,0,0,0,0,0,0,0,0,0,1,1,1,1,0,0,0.045045045,0,0,0.009009009,0,0,0,0,0,0,0,0,0,0,0.18018018,0.765765766,0,0.85,19.98974299,0.695231175344097
0,0,0,0,0,0,0,0,0,0,0,0,0,0,0,0,1,0,1,1,0,0,0,0,0,0,0,0,0,0,0,0,0,0,0,0,1,0,0.76,0.95,26.54814996,0
0,1,1,0,0,0,0,1,0,1,0,1,1,0,0,1,1,0,1,1,0,0.046511628,0.034883721,0,0,0,0,0,0,0.348837209,0,0.23255814,0.011627907,0,0,0.034883721,0.290697674,0,0,2.3,24.03507634,1.49435527696362
0,0,0,0,0,0,0,0,1,0,0,0,0,0,0,0,0,0,0,1,0,0,0,0,0,0,0,0,1,0,0,0,0,0,0,0,0,0,0.08,0.2,16.81648496,0
0,0,1,0,1,0,0,0,0,0,0,1,0,0,0,1,0,0,1,1,0,0,0.55,0,0,0,0,0,0,0,0,0.35,0,0,0,0.1,0,0,2.32,1.2,19.56330635,0.926506603289533
1,0,1,0,1,0,1,1,1,0,0,0,0,0,0,1,0,1,1,1,0.299145299,0,0.05982906,0,0.008547009,0,0.085470085,0.017094017,0.034188034,0,0,0,0,0,0,0.025641026,0,0.47008547,2.8325,1.25,18.95343909,1.41418215868983
0,0,0,1,1,1,0,0,0,0,0,0,0,0,0,0,0,1,1,1,0,0,0,0.018018018,0.018018018,0.063063063,0,0,0,0,0,0,0,0,0,0,0,0.900900901,0,0.55,18.29800282,0.413034900423154
0,0,1,0,0,0,0,0,0,0,0,0,1,1,1,0,0,0,1,1,0,0,0.5,0,0,0,0,0,0,0,0,0,0,0,0.5,0,0,0,2.204444444,0.4,26.38518008,0.693147180559945
1,0,1,0,1,0,1,0,1,0,0,1,0,0,0,1,0,1,1,1,0.129310345,0,0.017241379,0,0.00862069,0,0.025862069,0,0.017241379,0,0,0.068965517,0,0,0,0.043103448,0,0.689655172,0,2.2,18.05620292,1.11622785158209
0,1,0,1,0,1,0,0,0,0,1,0,0,1,0,0,1,0,0,1,0,0.038961039,0,0.38961039,0,0.454545455,0,0,0,0,0.051948052,0,0,0.025974026,0,0,0.038961039,0,0,3.1,23.55281661,1.22697101744327
0,0,1,0,1,0,1,1,1,0,0,1,0,0,1,0,0,1,0,0,0,0,0.045454545,0,0.009090909,0,0.072727273,0.009090909,0.027272727,0,0,0.018181818,0,0,0.227272727,0,0,0.590909091,3.32,2.25,17.75986031,1.23528107898247
0,0,0,0,0,0,0,1,0,0,0,1,0,0,1,0,0,1,1,1,0,0,0,0,0,0,0,0.009009009,0,0,0,0.108108108,0,0,0.027027027,0,0,0.855855856,0.6,1,18.06901948,0.51373721567937
1,1,1,1,1,1,1,1,1,1,1,1,1,1,1,1,1,1,0,1,0.655737705,0.008196721,0.008196721,0.032786885,0,0.008196721,0.032786885,0.008196721,0,0.06557377,0.008196721,0.040983607,0,0.008196721,0.008196721,0.016393443,0,0.098360656,8.629090909,3,21.45168042,1.38155889238635
0,1,0,0,0,1,0,0,0,0,0,0,0,1,0,0,0,0,0,0,0,0.074468085,0,0,0,0.85106383,0,0,0,0,0,0,0,0.074468085,0,0,0,0,1.12,2.15,24.32702197,0.524094006638012
1,0,0,0,0,0,0,0,0,0,0,1,0,0,1,0,0,1,0,0,0.458715596,0,0,0,0,0,0,0,0,0,0,0.064220183,0,0,0.018348624,0,0,0.458715596,0,1.5,16.53690177,0.964650946634436
0,1,0,1,0,1,0,0,0,1,1,0,0,0,0,0,1,0,0,0,0,0.043010753,0,0.376344086,0,0.129032258,0,0,0,0.161290323,0.021505376,0,0,0,0,0,0.268817204,0,0,5.3,21.48947191,1.49732871460583
0,0,1,0,0,0,1,1,1,0,0,1,0,0,1,1,0,1,1,1,0,0,0.163934426,0,0,0,0.049180328,0.016393443,0.008196721,0,0,0.032786885,0,0,0.024590164,0.008196721,0,0.696721311,0,2.65,18.39855994,1.04567786518862
0,1,0,0,1,1,1,0,0,0,1,1,0,0,0,1,1,0,1,1,0,0.042735043,0,0,0,0.008547009,0.068376068,0,0,0,0.008547009,0.085470085,0,0,0,0.102564103,0.683760684,0,0,3.3,21.28028124,1.10328860958401
0,0,0,0,0,0,1,0,0,0,0,0,0,0,0,0,0,0,0,1,0,0,0,0,0,0,1,0,0,0,0,0,0,0,0,0,0,0,0.44,0.2,16.38930548,0
0,1,0,0,0,0,0,0,0,0,1,0,0,1,0,0,0,0,0,1,0,0.571428571,0,0,0,0,0,0,0,0,0.285714286,0,0,0.142857143,0,0,0,0,0,1.65,24.99139887,0.955699891508618
1,1,1,1,1,1,1,1,1,1,1,1,1,1,1,1,1,1,1,1,0.458333333,0.008333333,0.066666667,0.016666667,0.008333333,0.016666667,0.125,0.008333333,0.016666667,0.008333333,0.008333333,0.041666667,0,0,0.033333333,0.033333333,0.025,0.125,7.456470588,4.5,21.45168042,1.91355317395544
0,0,0,0,0,0,0,0,0,0,0,0,1,0,0,0,0,0,0,1,0,0,0,0,0,0,0,0,0,0,0,0,1,0,0,0,0,0,2.68,0.4,33.32426724,0
0,1,0,1,1,0,0,1,0,0,0,0,0,0,0,0,0,0,0,1,0,0.421686747,0,0.421686747,0.036144578,0,0,0.120481928,0,0,0,0,0,0,0,0,0,0,0,1,22.00771886,1.10322552184464
0,1,0,0,0,0,0,0,0,0,0,0,0,0,0,0,0,0,0,1,0,1,0,0,0,0,0,0,0,0,0,0,0,0,0,0,0,0,0.72,0.9,22.74446252,0
0,0,1,0,0,0,1,1,0,1,0,0,0,0,0,0,1,1,1,0,0,0,0.346153846,0,0,0,0.153846154,0.015384615,0,0.115384615,0,0,0,0,0,0,0.023076923,0.346153846,0,2.2,19.60133509,1.42278711223647
1,1,1,1,1,1,1,1,1,1,1,1,1,1,1,1,1,1,0,1,0.138888889,0.009259259,0.018518519,0.185185185,0.027777778,0.037037037,0.092592593,0.027777778,0,0.092592593,0.018518519,0.027777778,0.018518519,0.009259259,0.092592593,0.092592593,0.018518519,0.092592593,8.94,7.5,21.45168042,2.4909967977298
0,0,0,0,0,1,0,0,0,1,0,1,0,0,0,1,0,0,1,0,0,0,0,0,0,0.130434783,0,0,0,0.217391304,0,0.434782609,0,0,0,0.217391304,0,0,2.64,1.7,21.39443511,1.29131739329696
0,0,0,0,1,0,1,1,0,0,0,0,0,0,0,0,0,1,1,1,0,0,0,0,0,0,0.136363636,0.045454545,0,0,0,0,0,0,0,0,0,0.818181818,0,0.45,18.22913273,0.576382065035251
1,0,0,0,1,0,1,1,1,0,0,1,0,0,1,0,0,1,1,0,0.296610169,0,0,0,0,0,0.169491525,0.033898305,0.008474576,0,0,0.025423729,0,0,0.169491525,0,0,0.296610169,3.04,2.48,17.88473764,1.57115352607325
1,0,1,0,1,0,0,1,0,0,0,0,0,0,0,0,0,0,0,1,0.412371134,0,0.515463918,0,0.020618557,0,0,0.051546392,0,0,0,0,0,0,0,0,0,0,0,0.73,20.77531408,0.939764460586183
0,0,0,0,1,0,0,0,0,0,0,0,0,0,0,0,0,0,1,0,0,0,0,0,1,0,0,0,0,0,0,0,0,0,0,0,0,0,0.2,0,17.40814705,0
0,1,0,1,0,1,0,0,0,1,1,0,0,0,0,0,1,0,1,0,0,0.285714286,0,0.028571429,0,0.038095238,0,0,0,0.047619048,0.028571429,0,0,0,0,0,0.571428571,0,0,2.05,21.48947191,1.15033524900372
0,0,0,0,0,0,1,0,0,0,0,0,0,0,0,0,0,0,1,0,0,0,0,0,0,0,1,0,0,0,0,0,0,0,0,0,0,0,0.76,0.02,16.38930548,0
0,1,0,1,1,0,0,1,0,0,0,0,0,0,0,0,0,0,1,0,0,0.843373494,0,0.060240964,0.012048193,0,0,0.084337349,0,0,0,0,0,0,0,0,0,0,0,1.1,22.00771886,0.574705336560357
0,0,1,0,1,0,1,1,1,0,0,1,0,0,1,0,0,1,1,0,0,0,0.095238095,0,0,0,0.03968254,0.007936508,0.007936508,0,0,0.055555556,0,0,0.158730159,0,0,0.634920635,3.28,2.12,17.75986031,1.16989923686802
0,0,1,0,1,0,0,0,0,0,0,1,0,0,0,1,0,0,1,0,0,0,0.3,0,0,0,0,0,0,0,0,0.5,0,0,0,0.2,0,0,2.48,0.8,19.56330635,1.02965301406457
0,0,0,0,0,0,0,0,0,0,0,0,0,0,0,0,1,0,0,1,0,0,0,0,0,0,0,0,0,0,0,0,0,0,0,0,1,0,0.56,0.25,26.54814996,0
0,1,0,1,0,1,0,0,0,1,1,0,0,1,0,0,0,0,1,0,0,0.047619048,0,0.095238095,0,0.095238095,0,0,0,0.571428571,0.142857143,0,0,0.047619048,0,0,0,0,4,2.4,23.04708488,1.33560313488055
0,1,0,0,0,0,0,0,0,0,0,0,1,0,0,0,1,0,1,1,0,0.294117647,0,0,0,0,0,0,0,0,0,0,0.117647059,0,0,0,0.588235294,0,3.4,1.15,25.38613119,0.923840705874117
0,0,0,1,1,0,1,0,0,0,1,1,0,0,0,1,0,0,1,1,0,0,0,0.379746835,0.012658228,0,0.316455696,0,0,0,0.151898734,0.126582278,0,0,0,0.012658228,0,0,3.48,1.5,19.26941218,1.39030167852414
1,0,0,0,1,0,1,1,1,0,0,1,0,0,1,1,0,0,1,1,0.491803279,0,0,0,0.016393443,0,0.12295082,0.032786885,0.081967213,0,0,0.049180328,0,0,0.081967213,0.12295082,0,0,0,1.4,19.09911541,1.60208735470599
0,1,1,0,0,0,0,1,0,1,0,1,1,0,0,1,1,0,0,1,0,0.054945055,0.274725275,0,0,0,0,0.010989011,0,0.164835165,0,0.164835165,0,0,0,0.21978022,0.10989011,0,0,2.07,24.03507634,1.73392447774804
0,1,0,0,0,0,0,0,0,0,1,0,0,1,0,0,0,0,1,0,0,0.779220779,0,0,0,0,0,0,0,0,0.12987013,0,0,0.090909091,0,0,0,0,0,1.25,24.99139887,0.677469114403073
1,0,1,1,0,0,1,0,0,0,0,0,0,1,1,0,1,0,1,1,0.48,0,0.04,0.016,0,0,0.24,0,0,0,0,0,0,0.024,0.04,0,0.16,0,6.88,0.72,21.37988027,1.40121172925642
1,1,1,1,1,1,1,1,1,1,1,1,1,1,1,1,1,1,1,1,0.31496063,0.023622047,0.039370079,0.015748031,0.007874016,0.023622047,0.039370079,0.007874016,0.007874016,0,0.015748031,0.078740157,0,0.015748031,0.031496063,0.05511811,0.007874016,0.31496063,9.68,5.05,21.45168042,1.97688242634668
0,1,1,0,0,0,0,0,0,0,0,0,0,0,0,0,0,1,0,1,0,0.019607843,0.147058824,0,0,0,0,0,0,0,0,0,0,0,0,0,0,0.833333333,2.24,0.8,18.41592412,0.510929635357191
0,0,0,1,0,1,0,0,0,1,1,0,1,1,0,0,1,0,1,1,0,0,0,0.042016807,0,0.168067227,0,0,0,0.084033613,0.084033613,0,0.008403361,0.025210084,0,0,0.588235294,0,0,1.45,25.92116188,1.29421558637705
0,0,0,1,1,1,0,0,0,0,0,0,0,0,0,0,0,1,0,1,0,0,0,0.019230769,0.019230769,0.288461538,0,0,0,0,0,0,0,0,0,0,0,0.673076923,0,0.86,18.29800282,0.777052655994774
0,0,0,1,1,1,1,0,0,0,0,0,0,0,0,0,0,0,0,0,0,0,0,0.105263158,0.105263158,0.157894737,0.631578947,0,0,0,0,0,0,0,0,0,0,0,0,2.05,19.19464873,1.05563343314675
0,0,0,1,0,0,1,0,1,0,0,0,0,0,0,0,1,0,1,1,0,0,0,0.044642857,0,0,0.267857143,0,0.0625,0,0,0,0,0,0,0,0.625,0,3.2,0.42,20.32896244,0.958685040692009
0,1,0,1,0,1,0,0,0,0,1,0,0,1,0,0,1,0,1,1,0,0.130434783,0,0.008695652,0,0.260869565,0,0,0,0,0.060869565,0,0,0.017391304,0,0,0.52173913,0,0,0.75,23.55281661,1.23775809563892
0,0,0,0,0,1,0,0,0,0,0,0,0,0,0,0,0,0,1,1,0,0,0,0,0,1,0,0,0,0,0,0,0,0,0,0,0,0,0.88,0.75,21.41923304,0
0,0,1,0,0,0,0,0,0,0,0,0,0,0,0,0,0,0,0,0,0,0,1,0,0,0,0,0,0,0,0,0,0,0,0,0,0,0,1.88,0.2,19.18886709,0
0,0,0,0,0,0,0,0,0,0,0,0,0,0,1,0,0,0,0,0,0,0,0,0,0,0,0,0,0,0,0,0,0,0,1,0,0,0,0.48,0.05,14.01853232,0
0,1,0,0,0,0,0,0,0,0,0,0,1,0,0,0,1,0,0,0,0,0.263157895,0,0,0,0,0,0,0,0,0,0,0.122807018,0,0,0,0.614035088,0,1.6,1.45,24.18805459,0.908326597984191
0,0,0,0,0,0,0,1,0,0,0,1,0,0,1,0,0,1,1,0,0,0,0,0,0,0,0,0.027272727,0,0,0,0.063636364,0,0,0.363636364,0,0,0.545454545,1.32,0.4,18.06901948,0.971998004019771
0,0,0,0,0,0,0,0,0,1,0,0,0,0,0,0,0,0,1,0,0,0,0,0,0,0,0,0,0,1,0,0,0,0,0,0,0,0,1.32,1,22.50229612,0
1,0,1,0,1,0,1,0,1,0,0,0,0,0,1,1,0,1,1,0,0.336134454,0,0.058823529,0,0,0,0.084033613,0,0.016806723,0,0,0,0,0,0.12605042,0.12605042,0,0.25210084,0,1.35,17.41621106,1.67940818209806
1,0,1,0,1,0,1,1,1,0,0,0,0,0,1,1,0,0,1,0,0.283018868,0,0.471698113,0,0,0,0.094339623,0.009433962,0.047169811,0,0,0,0,0,0.066037736,0.028301887,0,0,4.56,1.65,19.10541539,1.40280399833847
0,0,0,1,0,1,0,0,0,1,0,0,1,1,0,0,1,0,0,1,0,0,0,0.102040816,0,0.051020408,0,0,0,0.510204082,0,0,0.010204082,0.020408163,0,0,0.306122449,0,3.342857143,2.25,24.67848663,1.21663679903095
0,0,0,1,0,1,0,0,0,0,1,0,1,1,0,0,1,0,0,1,0,0,0,0.043859649,0,0.087719298,0,0,0,0,0.131578947,0,0,0.035087719,0,0,0.701754386,0,5.702857143,0.95,24.8752922,0.983557203442857
1,1,1,1,0,0,0,0,0,0,0,0,0,0,0,0,0,0,0,0,0.693069307,0.099009901,0.198019802,0.00990099,0,0,0,0,0,0,0,0,0,0,0,0,0,0,3.24,1.2,20.92078116,0.849425829885726
1,0,0,0,0,0,0,1,0,0,0,0,0,0,1,1,0,0,1,1,0.357142857,0,0,0,0,0,0,0.017857143,0,0,0,0,0,0,0.357142857,0.267857143,0,0,1.36,0.75,20.76012964,1.16017233479898
1,0,0,0,0,0,0,1,0,0,0,1,0,0,0,1,0,0,0,1,0.555555556,0,0,0,0,0,0,0.027777778,0,0,0,0.046296296,0,0,0,0.37037037,0,0,0,1.3,22.04011337,0.936215686847402
1,0,1,0,1,0,1,1,1,0,0,1,0,0,0,0,0,1,0,0,0.286885246,0,0.081967213,0,0,0,0.057377049,0.016393443,0.024590164,0,0,0.040983607,0,0,0,0,0,0.491803279,4.997894737,1,18.53102948,1.36570630309891
0,0,0,1,0,0,0,0,0,0,0,0,0,0,0,0,0,0,0,1,0,0,0,1,0,0,0,0,0,0,0,0,0,0,0,0,0,0,1.36,0.5,21.56190935,0
1,0,1,0,1,0,1,0,1,0,0,1,0,0,0,1,0,1,0,0,0.094488189,0,0.118110236,0,0.023622047,0,0.196850394,0,0,0,0,0.05511811,0,0,0,0.118110236,0,0.393700787,0,2.45,18.05620292,1.66268598627552
0,1,0,0,0,1,0,0,0,0,0,0,1,0,0,0,0,0,0,1,0,0.263157895,0,0,0,0.631578947,0,0,0,0,0,0,0.105263158,0,0,0,0,0,0,0.85,22.90582536,0.878525099546149
0,0,1,0,0,0,0,0,0,0,0,0,1,1,1,0,0,0,1,0,0,0,0.280373832,0,0,0,0,0,0,0,0,0,0.046728972,0.018691589,0.654205607,0,0,0,1.64,1.25,26.38518008,0.851669281154002
0,0,0,0,0,0,0,0,0,0,0,1,0,0,0,0,0,0,1,0,0,0,0,0,0,0,0,0,0,0,0,1,0,0,0,0,0,0,0.8,0.7,19.13846723,0
1,0,0,1,0,1,0,1,1,1,1,1,0,0,0,0,0,0,1,1,0.48,0,0,0.016,0,0.16,0,0.024,0.04,0.12,0.04,0.12,0,0,0,0,0,0,0,2.88,21.50242169,1.5675670525908
0,1,0,1,0,1,0,0,0,0,0,0,0,1,0,0,0,0,0,0,0,0.476190476,0,0.011904762,0,0.476190476,0,0,0,0,0,0,0,0.035714286,0,0,0,0,3.24,2.05,26.18366465,0.878362119040435
0,0,0,0,0,0,0,0,0,0,1,0,0,0,0,0,0,0,0,0,0,0,0,0,0,0,0,0,0,0,1,0,0,0,0,0,0,0,0.68,1,24.07674063,0
0,0,0,0,0,1,0,0,0,1,1,0,0,0,0,0,1,0,1,1,0,0,0,0,0,0.086956522,0,0,0,0.086956522,0.130434783,0,0,0,0,0,0.695652174,0,0,1.7,23.63660494,0.94289225430301
0,1,0,1,0,0,0,0,0,1,0,0,0,1,0,0,0,0,0,1,0,0.4,0,0.25,0,0,0,0,0,0.25,0,0,0,0.1,0,0,0,0,0,1.95,26.45443042,1.28992198260901
0,1,0,0,0,0,1,1,0,0,1,0,1,0,0,1,0,1,1,1,0,0.130434783,0,0,0,0,0.217391304,0.026086957,0,0,0.104347826,0,0,0,0,0.304347826,0,0.217391304,2.08,3.55,22.13740542,1.62218045062493
1,0,0,0,0,0,0,0,0,0,0,1,0,0,1,0,0,1,1,1,0.666666667,0,0,0,0,0,0,0,0,0,0,0.041666667,0,0,0.125,0,0,0.166666667,0,0.2,16.53690177,0.96128575341507
0,0,0,0,0,0,0,0,1,0,0,0,0,0,0,0,0,0,1,0,0,0,0,0,0,0,0,0,1,0,0,0,0,0,0,0,0,0,0.76,0.5,16.81648496,0
1,0,0,0,1,0,1,0,1,0,0,0,0,0,0,0,0,0,0,1,0.72,0,0,0,0,0,0.2,0,0.08,0,0,0,0,0,0,0,0,0,2.84,0.55,17.70045579,0.760468802251346
0,0,1,0,0,1,0,0,0,0,0,0,0,0,0,0,1,1,0,0,0,0,0.555555556,0,0,0.046296296,0,0,0,0,0,0,0,0,0,0,0.027777778,0.37037037,0,1.15,19.98974299,0.936215686847402
0,0,1,0,0,0,1,1,1,0,0,1,0,0,1,1,0,1,1,0,0,0,0.254237288,0,0,0,0.084745763,0.025423729,0,0,0,0.211864407,0,0,0.127118644,0.042372881,0,0.254237288,0,1.61,18.39855994,1.72379166782048
0,1,0,1,0,0,0,0,0,1,1,0,0,1,0,0,1,0,1,0,0,0.138888889,0,0.027777778,0,0,0,0,0,0.018518519,0.648148148,0,0,0.027777778,0,0,0.138888889,0,2.895294118,2.1,23.68819949,1.10237066444987
0,0,0,0,0,0,0,0,0,0,0,0,0,0,0,0,0,1,1,1,0,0,0,0,0,0,0,0,0,0,0,0,0,0,0,0,0,1,0.32,0,12.80272186,0
1,0,1,0,1,0,1,1,1,0,0,0,0,0,0,1,0,1,0,1,0.31496063,0,0.196850394,0,0,0,0.157480315,0.078740157,0.078740157,0,0,0,0,0,0,0.078740157,0,0.094488189,2.84,1.05,18.95343909,1.79821738573635
0,0,1,1,1,1,0,0,1,0,0,0,0,1,1,0,1,0,1,0,0,0,0.689655172,0,0,0.025862069,0,0,0.00862069,0,0,0,0,0.017241379,0.086206897,0,0.172413793,0,5.214117647,1.2,21.99629718,0.976135378563739
0,0,0,0,0,0,0,0,0,0,0,0,0,1,0,0,0,0,1,0,0,0,0,0,0,0,0,0,0,0,0,0,0,1,0,0,0,0,0.72,0.05,39.00905368,0
1,1,1,1,1,1,1,1,1,1,1,1,1,1,1,1,1,1,1,1,0.058333333,0.125,0.041666667,0.058333333,0,0.083333333,0.058333333,0,0.008333333,0.016666667,0.083333333,0.041666667,0,0.058333333,0.125,0.033333333,0,0.208333333,10.26666667,3.1,21.45168042,2.41018808723691
1,0,0,0,0,0,0,0,0,0,0,0,0,0,0,0,0,0,1,1,1,0,0,0,0,0,0,0,0,0,0,0,0,0,0,0,0,0,1.68,0,20.18788567,0
0,0,0,0,0,0,0,0,0,1,1,0,0,0,0,0,1,0,0,0,0,0,0,0,0,0,0,0,0,0.083333333,0.25,0,0,0,0,0,0.666666667,0,0.68,1.5,23.01370794,0.823959215807935
0,0,0,0,1,1,1,0,1,0,0,0,1,0,0,1,1,0,0,1,0,0,0,0,0.008264463,0.165289256,0.247933884,0,0.165289256,0,0,0,0,0,0,0.330578512,0.082644628,0,0,1.85,21.6688721,1.5524331785882
0,1,0,0,0,1,0,0,0,0,0,0,0,1,0,0,0,0,1,1,0,0.841121495,0,0,0,0.140186916,0,0,0,0,0,0,0,0.018691589,0,0,0,0,2.08,1.53,24.32702197,0.495352969057023
0,1,0,0,0,0,0,1,0,0,0,1,1,0,0,0,0,0,1,0,0,0.404040404,0,0,0,0,0,0.070707071,0,0,0,0.505050505,0.02020202,0,0,0,0,0,0,1.1,25.38088838,0.977301730450503
0,1,0,1,0,1,0,0,0,0,0,0,0,0,0,0,0,0,1,0,0,0.411764706,0,0.176470588,0,0.411764706,0,0,0,0,0,0,0,0,0,0,0,0,0,1.65,19.96523589,1.03682634663457
0,1,0,0,1,1,1,0,0,0,1,1,0,0,0,1,1,0,1,0,0,0.090909091,0,0,0.018181818,0.136363636,0.136363636,0,0,0,0.181818182,0.090909091,0,0,0,0.318181818,0.027272727,0,0,3.15,21.28028124,1.82477884914694
0,1,0,0,1,0,0,0,1,1,1,1,1,0,0,1,0,0,1,0,0,0.231481481,0,0,0,0,0,0,0,0.064814815,0.462962963,0.138888889,0.009259259,0,0,0.092592593,0,0,3.4,3.35,22.31607622,1.41045510764303
0,0,0,0,0,0,0,1,0,0,0,0,0,0,0,0,0,0,0,0,0,0,0,0,0,0,0,1,0,0,0,0,0,0,0,0,0,0,0.44,0.7,26.31635653,0
0,1,0,1,0,0,0,0,0,1,1,0,1,0,0,0,1,0,0,0,0,0.046296296,0,0.092592593,0,0,0,0,0,0.324074074,0.277777778,0,0.027777778,0,0,0,0.231481481,0,4.88,2.95,22.97760119,1.52181755542239
0,0,1,0,0,0,1,0,0,0,0,1,0,0,0,1,0,0,1,1,0,0,0.655737705,0,0,0,0.12295082,0,0,0,0,0.098360656,0,0,0,0.12295082,0,0,4.12,0.55,19.30859596,1.02022992602185
0,0,0,0,1,0,1,1,0,0,0,0,0,0,1,0,0,0,1,0,0,0,0,0,0.009009009,0,0.27027027,0.09009009,0,0,0,0,0,0,0.630630631,0,0,0,0,0.55,18.53308535,0.903616333092633
0,1,0,1,0,1,0,0,0,1,0,0,1,1,0,0,1,0,1,1,0,0,0,0.188679245,0,0.377358491,0,0,0,0.018867925,0,0,0.009433962,0.028301887,0,0,0.377358491,0,0,0.6,25.75462712,1.26997557547109
1,1,1,1,1,1,1,1,1,1,1,1,1,1,1,1,1,1,0,0,0.614035088,0.043859649,0.00877193,0.043859649,0,0.01754386,0.026315789,0,0,0,0.175438596,0.00877193,0.01754386,0.01754386,0,0,0,0.026315789,12.53934066,3.11,21.45168042,1.36642434100942
0,0,0,0,0,0,0,0,0,0,0,0,1,0,0,0,0,0,1,1,0,0,0,0,0,0,0,0,0,0,0,0,1,0,0,0,0,0,2.48,0.3,33.32426724,0
0,1,0,0,0,1,0,0,0,1,0,0,1,1,0,0,1,0,0,0,0,0.159574468,0,0,0,0.319148936,0,0,0,0.425531915,0,0,0.021276596,0.074468085,0,0,0,0,0,2.2,24.82630578,1.29627863340358
0,0,0,0,0,0,0,0,0,0,0,0,0,0,0,1,0,0,0,0,0,0,0,0,0,0,0,0,0,0,0,0,0,0,0,1,0,0,1.04,0.5,22.51774405,0
1,0,1,0,0,0,0,1,1,0,0,1,0,0,1,1,0,1,0,1,0.377358491,0,0.188679245,0,0,0,0,0.009433962,0,0,0,0.094339623,0,0,0.047169811,0.141509434,0,0.141509434,0,1.3,18.87338246,1.64660541208308
0,0,1,0,0,0,0,0,0,0,0,0,1,1,1,0,0,0,0,0,0,0,0.37037037,0,0,0,0,0,0,0,0,0,0.027777778,0,0.601851852,0,0,0,1.48,0.4,26.38518008,0.772999861204035
1,0,1,0,1,0,1,0,1,0,0,0,0,0,1,1,0,1,0,1,0.305343511,0,0.076335878,0,0.022900763,0,0.022900763,0,0.152671756,0,0,0,0,0,0.076335878,0.114503817,0,0.229007634,0,1.65,17.41621106,1.80061813373144
0,1,0,1,0,0,0,0,0,1,0,0,0,1,0,0,0,0,0,0,0,0.099009901,0,0.346534653,0,0,0,0,0,0.495049505,0,0,0,0.059405941,0,0,0,0,0,1.9,26.45443042,1.11200427825642
0,0,1,0,0,0,1,0,0,0,0,1,0,0,0,1,0,0,0,0,0,0,0.720720721,0,0,0,0.072072072,0,0,0,0,0.099099099,0,0,0,0.108108108,0,0,3.64,1.05,19.30859596,0.895175327721353
0,0,0,0,1,0,1,1,0,0,0,0,0,0,1,0,0,0,0,1,0,0,0,0,0.035714286,0,0.267857143,0.071428571,0,0,0,0,0,0,0.625,0,0,0,0,0.5,18.53308535,0.954112280489689
1,0,0,0,1,0,1,1,1,0,0,1,0,0,1,0,0,1,0,0,0.128301887,0,0,0,0,0,0.067924528,0.018867925,0.150943396,0,0,0.030188679,0,0,0.113207547,0,0,0.490566038,3.08,1.6,17.88473764,1.50812133714315
0,0,0,0,0,1,0,0,0,1,1,0,0,0,0,0,1,0,0,0,0,0,0,0,0,0.3125,0,0,0,0.364583333,0.0625,0,0,0,0,0,0.260416667,0,0,3.4,23.63660494,1.25501948283971
0,1,1,0,0,0,0,0,0,0,0,0,0,0,0,0,0,1,1,1,0,0.017857143,0.178571429,0,0,0,0,0,0,0,0,0,0,0,0,0,0,0.803571429,1.6,0.3,18.41592412,0.555250567129772
0,1,0,0,0,0,0,0,0,0,1,0,0,1,0,0,0,0,0,0,0,0.4,0,0,0,0,0,0,0,0,0.533333333,0,0,0.066666667,0,0,0,0,0,1.95,24.99139887,0.882310925208223
0,0,0,0,0,0,0,0,0,0,0,0,0,0,0,1,0,0,1,1,0,0,0,0,0,0,0,0,0,0,0,0,0,0,0,1,0,0,0.52,0.15,22.51774405,0
0,0,0,1,0,1,0,0,0,1,0,0,1,1,0,0,1,0,0,0,0,0,0,0.08045977,0,0.229885057,0,0,0,0.172413793,0,0,0.057471264,0.057471264,0,0,0.402298851,0,3.28,4.7,24.67848663,1.53845603906785
0,1,0,0,0,0,0,1,0,0,0,1,1,0,0,0,0,0,0,1,0,0.21978022,0,0,0,0,0,0.043956044,0,0,0,0.659340659,0.076923077,0,0,0,0,0,0,1.5,25.38088838,0.942267554380266
0,0,0,1,1,1,0,0,0,0,0,0,0,0,0,0,0,1,0,0,0,0,0,0.029126214,0.019417476,0.029126214,0,0,0,0,0,0,0,0,0,0,0,0.922330097,0,1.2,18.29800282,0.35709527536274
1,0,0,0,0,0,0,1,0,0,0,0,0,0,1,1,0,0,1,0,0.796460177,0,0,0,0,0,0,0.017699115,0,0,0,0,0,0,0.123893805,0.061946903,0,0,2.08,1.15,20.76012964,0.683694559124711
0,0,0,1,0,1,0,0,0,0,1,0,1,1,0,0,1,0,1,1,0,0,0,0.049019608,0,0.098039216,0,0,0,0,0.078431373,0,0.049019608,0.039215686,0,0,0.68627451,0,5.852631579,2.55,24.8752922,1.10834921834357
0,1,0,0,0,0,1,1,0,0,1,0,1,0,0,1,0,1,1,0,0,0.041322314,0,0,0,0,0.123966942,0,0,0,0.041322314,0,0,0,0,0.049586777,0,0.743801653,4.011764706,2.85,22.13740542,0.891256997606116
0,0,0,1,1,0,1,0,0,0,1,1,0,0,0,1,0,0,1,0,0,0,0,0.047169811,0.037735849,0,0.235849057,0,0,0,0.113207547,0.141509434,0,0,0,0.424528302,0,0,3.92,2.95,19.26941218,1.49547958877295
0,1,0,1,0,1,0,0,0,0,0,0,0,0,0,0,0,0,1,1,0,0.180851064,0,0.074468085,0,0.744680851,0,0,0,0,0,0,0,0,0,0,0,0,0,1.9,19.96523589,0.722223879757458
1,0,1,0,1,0,1,1,1,0,0,0,0,0,1,1,0,0,1,1,0.563380282,0,0.084507042,0,0.042253521,0,0.070422535,0.028169014,0.056338028,0,0,0,0,0,0.105633803,0.049295775,0,0,3.6,1.6,19.10541539,1.50103654874422
0,0,0,0,1,0,1,1,0,0,0,0,0,0,0,0,0,1,1,0,0,0,0,0,0,0,0.17699115,0.053097345,0,0,0,0,0,0,0,0,0,0.769911504,0,0.65,18.22913273,0.663678007406415
1,1,1,1,0,0,0,0,0,0,0,0,0,0,0,0,0,0,1,0,0.75,0.04,0.17,0.04,0,0,0,0,0,0,0,0,0,0,0,0,0,0,4.68,1.6,20.92078116,0.774504283456711
0,0,0,0,0,0,1,0,0,0,0,0,0,0,0,0,0,0,1,1,0,0,0,0,0,0,1,0,0,0,0,0,0,0,0,0,0,0,1,0.2,16.38930548,0
0,0,0,0,0,0,0,0,0,0,0,0,0,0,1,0,0,0,1,0,0,0,0,0,0,0,0,0,0,0,0,0,0,0,1,0,0,0,0.36,0.05,14.01853232,0
1,0,0,1,0,1,0,1,1,1,1,1,0,0,0,0,0,0,0,1,0.608695652,0,0,0.017391304,0,0.043478261,0,0.026086957,0.086956522,0.156521739,0,0.060869565,0,0,0,0,0,0,0,4.15,21.50242169,1.27712429099671
0,0,0,1,0,1,0,0,0,1,1,0,1,1,0,0,1,0,0,0,0,0,0,0.075268817,0,0.161290323,0,0,0,0.161290323,0.139784946,0,0,0.032258065,0,0,0.430107527,0,0,4.9,25.92116188,1.53197332452101
0,0,0,0,0,0,0,1,0,0,0,0,0,0,0,0,0,0,0,1,0,0,0,0,0,0,0,1,0,0,0,0,0,0,0,0,0,0,0.64,0.2,26.31635653,0
0,0,1,0,0,0,0,0,0,0,0,0,0,0,0,0,0,0,1,0,0,0,1,0,0,0,0,0,0,0,0,0,0,0,0,0,0,0,2.4,0.8,19.18886709,0
0,0,0,0,1,1,1,0,1,0,0,0,1,0,0,1,1,0,0,0,0,0,0,0,0,0.126126126,0.153153153,0,0.225225225,0,0,0,0,0,0,0.27027027,0.225225225,0,0,3.65,21.6688721,1.57357396566509
0,0,0,0,0,0,0,0,0,0,0,0,0,0,0,0,0,1,0,0,0,0,0,0,0,0,0,0,0,0,0,0,0,0,0,0,0,1,0,0.05,12.80272186,0
0,0,1,0,1,0,1,1,1,0,0,1,0,0,1,0,0,1,0,1,0,0,0.296296296,0,0.007407407,0,0.148148148,0.02962963,0.111111111,0,0,0.222222222,0,0,0.074074074,0,0,0.111111111,1.84,1.5,17.75986031,1.79921344830622
0,0,0,1,1,1,1,0,0,0,0,0,0,0,0,0,0,0,1,1,0,0,0,0.049019608,0.019607843,0.441176471,0.490196078,0,0,0,0,0,0,0,0,0,0,0,0,1.8,19.19464873,0.935419418792508
1,0,0,0,1,0,1,0,1,0,0,0,0,0,0,0,0,0,0,0,0.510204082,0,0,0,0.010204082,0,0.408163265,0,0.071428571,0,0,0,0,0,0,0,0,0,1.24,1.15,17.70045579,0.944378708999244
0,0,1,0,0,0,1,1,1,0,0,1,0,0,1,1,0,1,0,1,0,0,0.190839695,0,0,0,0.091603053,0.022900763,0.099236641,0,0,0.129770992,0,0,0.13740458,0.061068702,0,0.267175573,0,3.65,18.39855994,1.91187681079372
0,0,0,0,0,0,0,0,0,1,0,0,0,0,0,0,0,0,0,0,0,0,0,0,0,0,0,0,0,1,0,0,0,0,0,0,0,0,0.28,1,22.50229612,0
0,1,0,1,0,1,0,0,0,0,0,0,0,1,0,0,0,0,0,1,0,0.020618557,0,0.103092784,0,0.824742268,0,0,0,0,0,0,0,0.051546392,0,0,0,0,1.2,2,26.18366465,0.626036077515304
1,0,1,0,1,0,1,0,1,0,0,1,0,0,0,1,0,1,1,0,0.236220472,0,0.102362205,0,0,0,0.078740157,0,0.062992126,0,0,0.086614173,0,0,0,0.039370079,0,0.393700787,0,2.9,18.05620292,1.65468445538192
0,1,0,0,0,1,0,0,0,0,0,0,0,1,0,0,0,0,1,0,0,0.154639175,0,0,0,0.773195876,0,0,0,0,0,0,0,0.072164948,0,0,0,0,0.84,2,24.32702197,0.677249816864348
1,1,1,1,1,1,1,1,1,1,1,1,1,1,1,1,1,1,0,0,0.126865672,0,0.111940299,0,0.02238806,0.029850746,0.029850746,0.014925373,0.111940299,0,0,0.074626866,0,0.02238806,0.052238806,0.089552239,0.164179104,0.149253731,4.770238095,9.03,21.45168042,2.33919698618876
1,0,1,1,0,0,1,0,0,0,0,0,0,1,1,0,1,0,1,0,0.537190083,0,0.090909091,0,0,0,0.066115702,0,0,0,0,0,0,0,0.05785124,0,0.247933884,0,6.51,1.75,21.37988027,1.24203149261038
0,0,0,0,0,0,0,0,0,0,0,0,0,1,0,0,0,0,0,1,0,0,0,0,0,0,0,0,0,0,0,0,0,1,0,0,0,0,1.36,0.15,39.00905368,0
0,1,1,0,0,0,0,1,0,1,0,1,1,0,0,1,1,0,0,0,0,0.018348624,0.183486239,0,0,0,0,0,0,0.073394495,0,0.19266055,0,0,0,0.119266055,0.412844037,0,0,4.35,24.03507634,1.51230570722583
0,0,0,0,0,1,0,0,0,0,0,0,0,0,0,0,0,0,0,1,0,0,0,0,0,1,0,0,0,0,0,0,0,0,0,0,0,0,0.4,0.8,21.41923304,0
1,1,1,1,1,1,1,1,1,1,1,1,1,1,1,1,1,1,0,1,0.046296296,0.018518519,0.138888889,0.009259259,0.046296296,0.092592593,0.092592593,0.009259259,0,0,0.018518519,0.046296296,0,0.046296296,0.138888889,0.111111111,0,0.185185185,3.324848485,4.6,21.45168042,2.34890826252819
0,1,0,0,0,1,0,0,0,0,0,0,1,0,0,0,0,0,1,1,0,0.343137255,0,0,0,0.588235294,0,0,0,0,0,0,0.068627451,0,0,0,0,0,0,1.25,22.90582536,0.863019608194508
0,1,0,0,0,0,0,0,0,0,0,0,1,0,0,0,1,0,1,1,0,0.267857143,0,0,0,0,0,0,0,0,0,0,0.107142857,0,0,0,0.625,0,2.88,0.8,24.18805459,0.885914333746555
0,1,0,0,0,0,0,0,0,0,0,0,0,0,0,0,0,0,1,1,0,1,0,0,0,0,0,0,0,0,0,0,0,0,0,0,0,0,0.44,0.55,22.74446252,0
0,0,0,0,0,0,0,0,0,0,1,0,0,0,0,0,0,0,0,1,0,0,0,0,0,0,0,0,0,0,1,0,0,0,0,0,0,0,0.04,0.8,24.07674063,0
0,1,0,1,0,1,0,0,0,1,0,0,1,1,0,0,1,0,0,0,0,0.04,0,0.05,0,0.11,0,0,0,0.4,0,0,0.01,0.04,0,0,0.35,0,0,3.48,25.75462712,1.43010265830211
0,1,0,0,0,1,0,0,0,1,0,0,1,1,0,0,1,0,1,1,0,0.072916667,0,0,0,0.166666667,0,0,0,0.3125,0,0,0.03125,0.0625,0,0,0.354166667,0,0,1.63,24.82630578,1.50225065462112
0,1,0,1,1,0,0,1,0,0,0,0,0,0,0,0,0,0,1,1,0,0.588235294,0,0.294117647,0.019607843,0,0,0.098039216,0,0,0,0,0,0,0,0,0,0,0,1.15,22.00771886,0.976847906728483
0,0,1,0,0,0,1,1,0,1,0,0,0,0,0,0,1,1,0,0,0,0,0.381818182,0,0,0,0.109090909,0.036363636,0,0,0,0,0,0,0,0,0.109090909,0.363636364,0,2,19.60133509,1.33938728134688
0,1,0,1,0,0,0,0,0,1,1,0,0,1,0,0,1,0,0,0,0,0.133928571,0,0.0625,0,0,0,0,0,0.205357143,0.071428571,0,0,0.035714286,0,0,0.491071429,0,2.493333333,4,23.68819949,1.42436917442834
0,0,0,0,0,0,0,0,0,1,1,0,0,0,0,0,1,0,1,0,0,0,0,0,0,0,0,0,0,0.346534653,0.099009901,0,0,0,0,0,0.554455446,0,1.76,1.95,23.01370794,0.923212320963975
0,1,0,0,1,1,1,0,0,0,1,1,0,0,0,1,1,0,0,1,0,0.054545455,0,0,0.018181818,0.063636364,0.136363636,0,0,0,0.118181818,0.090909091,0,0,0,0.318181818,0.2,0,0,3.65,21.28028124,1.83512323956314
1,0,1,0,1,0,1,1,1,0,0,1,0,0,0,0,0,1,1,1,0.35106383,0,0.138297872,0,0,0,0.106382979,0.021276596,0.042553191,0,0,0.180851064,0,0,0,0,0,0.159574468,3.735652174,1,18.53102948,1.69785016736921
1,1,1,1,1,1,1,1,1,1,1,1,1,1,1,1,1,1,1,0,0.133333333,0.02962963,0.074074074,0.007407407,0,0.022222222,0.022222222,0.007407407,0.044444444,0.037037037,0.051851852,0.066666667,0,0.022222222,0.044444444,0.051851852,0.162962963,0.222222222,7.432124183,4.7,21.45168042,2.4083106830857
0,0,0,0,0,0,0,1,0,0,0,1,0,0,1,0,0,1,0,1,0,0,0,0,0,0,0,0.00990099,0,0,0,0.099009901,0,0,0.297029703,0,0,0.594059406,0.16,0.35,18.06901948,0.944601248027364
0,0,0,1,0,0,1,0,1,0,0,0,0,0,0,0,1,0,0,1,0,0,0,0.034482759,0,0,0.551724138,0,0.172413793,0,0,0,0,0,0,0,0.24137931,0,2.36,1.35,20.32896244,1.09039996299848
0,1,0,1,0,1,0,0,0,0,1,0,0,1,0,0,1,0,0,0,0,0.186813187,0,0.076923077,0,0.274725275,0,0,0,0,0.164835165,0,0,0.131868132,0,0,0.164835165,0,0,3.75,23.55281661,1.72714215108201
0,0,1,0,1,0,0,0,0,0,0,1,0,0,0,1,0,0,0,1,0,0,0.37037037,0,0.027777778,0,0,0,0,0,0,0.185185185,0,0,0,0.416666667,0,0,1.88,0.7,19.56330635,1.14448796326086
0,0,0,0,0,0,0,0,0,0,0,0,1,0,0,0,0,0,0,0,0,0,0,0,0,0,0,0,0,0,0,0,1,0,0,0,0,0,2.48,0.6,33.32426724,0
1,0,0,0,0,0,0,0,0,0,0,1,0,0,1,0,0,1,1,0,0.3,0,0,0,0,0,0,0,0,0,0,0.13,0,0,0.12,0,0,0.45,0,0.55,16.53690177,1.24018063664824
1,0,1,0,1,0,0,1,0,0,0,0,0,0,0,0,0,0,0,0,0.618556701,0,0.309278351,0,0,0,0,0.072164948,0,0,0,0,0,0,0,0,0,0,0,0.55,20.77531408,0.849783490992753
0,1,0,1,0,0,0,0,0,1,1,0,1,0,0,0,1,0,0,1,0,0.172413793,0,0.025862069,0,0,0,0,0,0.146551724,0.103448276,0,0.034482759,0,0,0,0.517241379,0,4.08,3.15,22.97760119,1.37083294940141
0,0,0,1,0,0,0,0,0,0,0,0,0,0,0,0,0,0,0,0,0,0,0,1,0,0,0,0,0,0,0,0,0,0,0,0,0,0,1.08,1,21.56190935,0
0,0,1,0,0,1,0,0,0,0,0,0,0,0,0,0,1,1,1,0,0,0,0.088495575,0,0,0.026548673,0,0,0,0,0,0,0,0,0,0,0.132743363,0.752212389,0,1.05,19.98974299,0.793159522510206
1,0,1,0,0,0,0,1,1,0,0,1,0,0,1,1,0,1,1,1,0.339805825,0,0.106796117,0,0,0,0,0,0.067961165,0,0,0.106796117,0,0,0.067961165,0.019417476,0,0.291262136,0,2.1,18.87338246,1.64583737729316
0,0,0,0,1,0,0,0,0,0,0,0,0,0,0,0,0,0,0,1,0,0,0,0,1,0,0,0,0,0,0,0,0,0,0,0,0,0,0.04,0.1,17.40814705,0
0,0,0,0,0,1,0,0,0,1,0,1,0,0,0,1,0,0,0,0,0,0,0,0,0,0.145631068,0,0,0,0.077669903,0,0.67961165,0,0,0,0.097087379,0,0,1.56,3.5,21.39443511,0.967963909339486
0,1,0,1,0,1,0,0,0,1,1,0,0,1,0,0,0,0,1,1,0,0.098039216,0,0.147058824,0,0.147058824,0,0,0,0.343137255,0.245098039,0,0,0.019607843,0,0,0,0,2.08,2.45,23.04708488,1.58024017528341
1,0,0,0,1,0,1,1,1,0,0,1,0,0,1,1,0,0,0,0,0.454545455,0,0,0,0,0,0.227272727,0.053030303,0.022727273,0,0,0.075757576,0,0,0.015151515,0.151515152,0,0,0,2.95,19.09911541,1.48173681794764
0,0,1,1,1,1,0,0,1,0,0,0,0,1,1,0,1,0,0,1,0,0,0.467625899,0.035971223,0.021582734,0.107913669,0,0,0.071942446,0,0,0,0,0.043165468,0.143884892,0,0.107913669,0,4.28,1.4,21.99629718,1.64231020596204
0,1,0,0,0,0,0,0,0,0,0,0,1,0,0,0,1,0,1,0,0,0.510204082,0,0,0,0,0,0,0,0,0,0,0.081632653,0,0,0,0.408163265,0,2.6,1.7,25.38613119,0.913621960434927
1,0,0,0,0,0,0,0,0,0,0,0,0,0,0,0,0,0,1,0,1,0,0,0,0,0,0,0,0,0,0,0,0,0,0,0,0,0,1.08,0.25,20.18788567,0
1,1,1,1,1,1,1,1,1,1,1,1,1,1,1,1,1,1,0,1,0.458015267,0.007633588,0.083969466,0.015267176,0,0.015267176,0.076335878,0.022900763,0,0,0.030534351,0.030534351,0,0.022900763,0.045801527,0.061068702,0.053435115,0.076335878,11.23003663,5.1,21.45168042,1.97785914851176
0,0,0,0,0,0,0,0,0,0,0,1,0,0,0,0,0,0,1,1,0,0,0,0,0,0,0,0,0,0,0,1,0,0,0,0,0,0,0.16,0.25,19.13846723,0
1,0,0,0,0,0,0,1,0,0,0,1,0,0,0,1,0,0,0,0,0.35,0,0,0,0,0,0,0.1,0,0,0,0.25,0,0,0,0.3,0,0,0,1.5,22.04011337,1.3054616844517
0,1,0,1,0,1,0,0,0,1,1,0,0,0,0,0,1,0,1,1,0,0.601503759,0,0.052631579,0,0.127819549,0,0,0,0.067669173,0.090225564,0,0,0,0,0,0.060150376,0,0,3.05,21.48947191,1.29202159522219
0,1,0,0,1,0,0,0,1,1,1,1,1,0,0,1,0,0,1,1,0,0.12244898,0,0,0.040816327,0,0,0,0.142857143,0.204081633,0.081632653,0.102040816,0,0,0,0.306122449,0,0,4.36,2.85,22.31607622,1.78983676449138
0,0,0,0,0,0,0,0,0,0,0,0,0,0,0,0,1,0,0,0,0,0,0,0,0,0,0,0,0,0,0,0,0,0,0,0,1,0,0.16,0.65,26.54814996,0
0,0,0,0,0,0,0,0,1,0,0,0,0,0,0,0,0,0,0,0,0,0,0,0,0,0,0,0,1,0,0,0,0,0,0,0,0,0,0.6,0.25,16.81648496,0
1,0,1,0,1,0,1,1,1,0,0,0,0,0,0,1,0,1,1,0,0.336538462,0,0.134615385,0,0,0,0.038461538,0.019230769,0.038461538,0,0,0,0,0,0,0,0,0.432692308,3.12,3.15,18.95343909,1.32554045390292
1,1,1,1,0,0,0,0,0,0,0,0,0,0,0,0,0,0,1,1,0.445544554,0.00990099,0.297029703,0.247524752,0,0,0,0,0,0,0,0,0,0,0,0,0,0,5.04,2.7,20.92078116,1.11207468371618
0,0,0,1,1,1,1,0,0,0,0,0,0,0,0,0,0,0,0,1,0,0,0,0.240963855,0.012048193,0.024096386,0.722891566,0,0,0,0,0,0,0,0,0,0,0,0,2.48,19.19464873,0.720507916267211
1,0,0,1,0,1,0,1,1,1,1,1,0,0,0,0,0,0,1,0,0.543478261,0,0,0.217391304,0,0.010869565,0,0.010869565,0.043478261,0.065217391,0,0.108695652,0,0,0,0,0,0,0,5.2,21.50242169,1.31703443457275
0,1,0,0,0,0,0,0,0,0,0,0,0,0,0,0,0,0,1,0,0,1,0,0,0,0,0,0,0,0,0,0,0,0,0,0,0,0,1.12,0.6,22.74446252,0
0,1,0,0,0,0,0,1,0,0,0,1,1,0,0,0,0,0,0,0,0,0.25,0,0,0,0,0,0,0,0,0,0.714285714,0.035714286,0,0,0,0,0,0,2,25.38088838,0.70591820694302
0,0,0,0,0,0,1,0,0,0,0,0,0,0,0,0,0,0,0,0,0,0,0,0,0,0,1,0,0,0,0,0,0,0,0,0,0,0,1.84,0.05,16.38930548,0
0,1,0,0,0,0,0,0,0,0,1,0,0,1,0,0,0,0,1,1,0,0.975609756,0,0,0,0,0,0,0,0,0.024390244,0,0,0,0,0,0,0,0,1.7,24.99139887,0.114665282562797
0,0,0,0,0,0,0,1,0,0,0,0,0,0,0,0,0,0,1,0,0,0,0,0,0,0,0,1,0,0,0,0,0,0,0,0,0,0,0,0.17,26.31635653,0
0,1,0,1,0,1,0,0,0,0,0,0,0,0,0,0,0,0,0,1,0,0.013888889,0,0.972222222,0,0.013888889,0,0,0,0,0,0,0,0,0,0,0,0,0,2.7,19.96523589,0.1461846346344
1,0,1,0,1,0,0,1,0,0,0,0,0,0,0,0,0,0,1,0,0.396039604,0,0.594059406,0,0.00990099,0,0,0,0,0,0,0,0,0,0,0,0,0,0,1.4,20.77531408,0.721894260037249
1,0,1,0,1,0,1,1,1,0,0,0,0,0,1,1,0,0,0,1,0.291262136,0,0.029126214,0,0.009708738,0,0.058252427,0.009708738,0.009708738,0,0,0,0,0,0.009708738,0.582524272,0,0,5.638181818,4,19.10541539,1.12266113767005
0,1,0,0,0,1,0,0,0,1,0,0,1,1,0,0,1,0,0,1,0,0.010638298,0,0,0,0.010638298,0,0,0,0.425531915,0,0,0.010638298,0.010638298,0,0,0.531914894,0,0,2.8,24.82630578,0.892695545349471
0,0,0,0,0,0,0,0,0,1,1,0,0,0,0,0,1,0,0,1,0,0,0,0,0,0,0,0,0,0.774647887,0.014084507,0,0,0,0,0,0.211267606,0,1.68,2.05,23.01370794,0.58628440968132
0,0,0,1,1,1,0,0,0,0,0,0,0,0,0,0,0,1,1,0,0,0,0,0.010204082,0.010204082,0.010204082,0,0,0,0,0,0,0,0,0,0,0,0.969387755,0,3.4,18.29800282,0.170494986590018
0,0,1,0,1,0,0,0,0,0,0,1,0,0,0,1,0,0,0,0,0,0,0.833333333,0,0,0,0,0,0,0,0,0.041666667,0,0,0,0.125,0,0,3.2,1.5,19.56330635,0.544283733968017
0,0,0,0,1,0,0,0,0,0,0,0,0,0,0,0,0,0,1,1,0,0,0,0,1,0,0,0,0,0,0,0,0,0,0,0,0,0,0.36,0.2,17.40814705,0
0,0,0,0,0,0,0,0,0,0,0,0,1,0,0,0,0,0,1,0,0,0,0,0,0,0,0,0,0,0,0,0,1,0,0,0,0,0,1.894736842,0.3,33.32426724,0
0,0,1,1,1,1,0,0,1,0,0,0,0,1,1,0,1,0,0,0,0,0,0.465116279,0.406976744,0.011627907,0.046511628,0,0,0.011627907,0,0,0,0,0,0.011627907,0,0.046511628,0,3.597647059,3.65,21.99629718,1.162687817779
0,1,0,1,0,0,0,0,0,1,0,0,0,1,0,0,0,0,1,0,0,0.281690141,0,0.352112676,0,0,0,0,0,0.352112676,0,0,0,0.014084507,0,0,0,0,0,3,26.45443042,1.15199766969354
0,0,0,0,0,0,0,0,0,0,0,0,0,1,0,0,0,0,1,1,0,0,0,0,0,0,0,0,0,0,0,0,0,1,0,0,0,0,0,0.1,39.00905368,0
1,1,1,1,1,1,1,1,1,1,1,1,1,1,1,1,1,1,0,0,0.25,0.01,0.08,0.02,0,0.01,0.1,0,0.01,0.02,0,0.01,0,0,0.01,0.06,0.02,0.4,9.666969697,9.25,21.45168042,1.7791912165044
1,0,0,0,0,0,0,1,0,0,0,1,0,0,0,1,0,0,1,0,0.824175824,0,0,0,0,0,0,0,0,0,0,0.076923077,0,0,0,0.098901099,0,0,0,2.5,22.04011337,0.58549686125363
1,0,0,0,0,0,0,0,0,0,0,1,0,0,1,0,0,1,0,1,0.567010309,0,0,0,0,0,0,0,0,0,0,0.010309278,0,0,0.010309278,0,0,0.412371134,0,1.9,16.53690177,0.781324343403114
0,1,0,1,0,1,0,0,0,0,0,0,0,1,0,0,0,0,1,0,0,0.010204082,0,0.969387755,0,0.010204082,0,0,0,0,0,0,0,0.010204082,0,0,0,0,1.8,3.48,26.18366465,0.170494986590018
0,0,1,0,0,0,1,0,0,0,0,1,0,0,0,1,0,0,1,0,0,0,0.476190476,0,0,0,0.19047619,0,0,0,0,0.142857143,0,0,0,0.19047619,0,0,3.56,2,19.30859596,1.26299659540554
0,0,0,0,0,0,0,0,0,0,1,0,0,0,0,0,0,0,1,1,0,0,0,0,0,0,0,0,0,0,1,0,0,0,0,0,0,0,0.76,0.7,24.07674063,0
0,1,0,0,0,1,0,0,0,0,0,0,1,0,0,0,0,0,0,0,0,0.625,0,0,0,0.375,0,0,0,0,0,0,0,0,0,0,0,0,0,1.9,22.90582536,0.661563238157982
1,0,0,0,1,0,1,1,1,0,0,1,0,0,1,1,0,0,1,0,0.789473684,0,0,0,0,0,0.052631579,0,0.021052632,0,0,0.021052632,0,0,0.010526316,0.105263158,0,0,0,4.2,19.09911541,0.789063866631153
1,0,1,0,1,0,1,0,1,0,0,1,0,0,0,1,0,1,0,1,0.198019802,0,0.198019802,0,0,0,0.069306931,0,0.00990099,0,0,0.00990099,0,0,0,0.01980198,0,0.495049505,0,2.9,18.05620292,1.34345609410782
0,0,0,0,0,0,0,0,0,0,0,0,0,0,0,0,0,1,1,0,0,0,0,0,0,0,0,0,0,0,0,0,0,0,0,0,0,1,0.16,0.9,12.80272186,0
0,0,0,0,0,1,0,0,0,0,0,0,0,0,0,0,0,0,1,0,0,0,0,0,0,1,0,0,0,0,0,0,0,0,0,0,0,0,0.68,1,21.41923304,0
0,0,1,0,0,0,0,0,0,0,0,0,1,1,1,0,0,0,0,1,0,0,0.961538462,0,0,0,0,0,0,0,0,0,0,0.012820513,0.025641026,0,0,0,2.72,1.2,26.38518008,0.187504945587246
0,1,1,0,0,0,0,1,0,1,0,1,1,0,0,1,1,0,1,0,0,0.045977011,0.574712644,0,0,0,0,0,0,0.08045977,0,0.114942529,0,0,0,0.045977011,0.137931034,0,0,4.6,24.03507634,1.32616550803668
0,1,0,0,1,0,0,0,1,1,1,1,1,0,0,1,0,0,0,0,0,0.061538462,0,0,0.030769231,0,0,0,0.046153846,0.092307692,0,0.076923077,0,0,0,0.692307692,0,0,3.471428571,4.88,22.31607622,1.09246623872817
0,1,0,1,0,1,0,0,0,1,1,0,0,1,0,0,0,0,0,1,0,0.011764706,0,0.823529412,0,0.035294118,0,0,0,0.117647059,0.011764706,0,0,0,0,0,0,0,2.36,4.08,23.04708488,0.634223555688544
0,0,0,0,1,0,1,1,0,0,0,0,0,0,1,0,0,0,0,0,0,0,0,0,0.014492754,0,0.869565217,0.014492754,0,0,0,0,0,0,0.101449275,0,0,0,0,1.41,18.53308535,0.476395713039025
0,1,0,1,1,0,0,1,0,0,0,0,0,0,0,0,0,0,0,0,0,0.02247191,0,0.95505618,0.011235955,0,0,0.011235955,0,0,0,0,0,0,0,0,0,0,0,3.1,22.00771886,0.230078490578001
0,0,0,0,0,1,0,0,0,1,0,1,0,0,0,1,0,0,0,1,0,0,0,0,0,0.05952381,0,0,0,0.011904762,0,0.035714286,0,0,0,0.892857143,0,0,1.92,2.7,21.39443511,0.440880670857628
0,0,0,1,0,1,0,0,0,0,1,0,1,1,0,0,1,0,1,0,0,0,0,0.574712644,0,0.172413793,0,0,0,0,0.011494253,0,0,0.011494253,0,0,0.229885057,0,3.16,4.33,24.8752922,1.062039742547
1,0,0,0,1,0,1,1,1,0,0,1,0,0,1,0,0,1,1,1,0.283018868,0,0,0,0,0,0.037735849,0,0.037735849,0,0,0.018867925,0,0,0.009433962,0,0,0.613207547,2.64,3.6,17.88473764,1.02336604493044
1,0,0,0,1,0,1,0,1,0,0,0,0,0,0,0,0,0,1,0,0.68627451,0,0,0,0,0,0.294117647,0,0.019607843,0,0,0,0,0,0,0,0,0,2.32,1.8,17.70045579,0.69539553084017
1,1,1,1,1,1,1,1,1,1,1,1,1,1,1,1,1,1,1,0,0.37037037,0.009259259,0.092592593,0.074074074,0,0.009259259,0.018518519,0.009259259,0.009259259,0.018518519,0.009259259,0.018518519,0,0,0.009259259,0.009259259,0.018518519,0.324074074,8.226666667,10.04,21.45168042,1.74510418011125
0,1,0,0,0,0,1,1,0,0,1,0,1,0,0,1,0,1,0,1,0,0.039473684,0,0,0,0,0.263157895,0.013157895,0,0,0.013157895,0,0,0,0,0.460526316,0,0.210526316,3.933333333,3.8,22.13740542,1.2779822355939
0,0,0,0,0,0,0,0,1,0,0,0,0,0,0,0,0,0,1,1,0,0,0,0,0,0,0,0,1,0,0,0,0,0,0,0,0,0,1.2,1,16.81648496,0
0,0,0,0,0,0,0,1,0,0,0,1,0,0,1,0,0,1,0,0,0,0,0,0,0,0,0,0.02,0,0,0,0.16,0,0,0.02,0,0,0.8,0.92,1.8,18.06901948,0.628208795468223
0,0,0,0,0,0,0,0,0,0,0,0,0,0,0,1,0,0,0,1,0,0,0,0,0,0,0,0,0,0,0,0,0,0,0,1,0,0,0.48,0.5,22.51774405,0
0,1,0,1,0,0,0,0,0,1,1,0,0,1,0,0,1,0,1,1,0,0.113636364,0,0.568181818,0,0,0,0,0,0.284090909,0.011363636,0,0,0,0,0,0.022727273,0,4.4,5.4,23.68819949,1.06273236918108
0,0,0,1,1,0,1,0,0,0,1,1,0,0,0,1,0,0,0,1,0,0,0,0.118811881,0,0,0.198019802,0,0,0,0.059405941,0.02970297,0,0,0,0.594059406,0,0,3.5125,3.44,19.26941218,1.15531266825628
0,0,1,0,1,0,1,1,1,0,0,1,0,0,1,0,0,1,1,1,0,0,0.486725664,0,0.008849558,0,0.17699115,0.008849558,0.008849558,0,0,0.017699115,0,0,0.026548673,0,0,0.265486726,5.035,3.35,17.75986031,1.30229027251905
1,0,1,0,1,0,1,0,1,0,0,0,0,0,1,1,0,1,1,1,0.051546392,0,0.773195876,0,0.010309278,0,0.020618557,0,0.010309278,0,0,0,0,0,0.010309278,0.020618557,0,0.103092784,0,3.2,17.41621106,0.887522959966914
0,0,0,1,0,0,0,0,0,0,0,0,0,0,0,0,0,0,1,0,0,0,0,1,0,0,0,0,0,0,0,0,0,0,0,0,0,0,1.24,1,21.56190935,0
0,1,0,0,0,0,0,0,0,0,0,0,1,0,0,0,1,0,0,1,0,0.272727273,0,0,0,0,0,0,0,0,0,0,0.090909091,0,0,0,0.636363636,0,2.72,2.4,24.18805459,0.859967281443487
1,0,1,0,1,0,1,1,1,0,0,0,0,0,0,1,0,1,0,0,0.238095238,0,0.238095238,0,0,0,0.178571429,0.011904762,0.023809524,0,0,0,0,0,0,0.047619048,0,0.261904762,4.475555556,3.8,18.95343909,1.62862096988464
0,0,0,0,1,0,1,1,0,0,0,0,0,0,0,0,0,1,0,0,0,0,0,0,0,0,0.164835165,0.010989011,0,0,0,0,0,0,0,0,0,0.824175824,0,1.1,18.22913273,0.50610828120589
1,0,0,0,0,0,0,0,0,0,0,0,0,0,0,0,0,0,0,0,1,0,0,0,0,0,0,0,0,0,0,0,0,0,0,0,0,0,1.04,1,20.18788567,0
1,0,1,0,0,0,0,1,1,0,0,1,0,0,1,1,0,1,1,0,0.303030303,0,0.151515152,0,0,0,0,0.01010101,0.01010101,0,0,0.03030303,0,0,0.01010101,0.03030303,0,0.454545455,0,5.5,18.87338246,1.35725964343523
0,1,0,0,0,0,0,0,0,0,0,0,1,0,0,0,1,0,0,0,0,0.480769231,0,0,0,0,0,0,0,0,0,0,0.038461538,0,0,0,0.480769231,0,3,1.5,25.38613119,0.829511301943977
1,1,1,1,1,1,1,1,1,1,1,1,1,1,1,1,1,1,1,0,0.01754386,0.035087719,0.114035088,0.307017544,0.01754386,0.00877193,0.052631579,0,0.00877193,0.219298246,0.00877193,0,0,0,0.00877193,0.035087719,0.149122807,0.01754386,8.062222222,8.19,21.45168042,1.99569107376967
0,0,0,0,0,0,0,0,0,1,0,0,0,0,0,0,0,0,0,1,0,0,0,0,0,0,0,0,0,1,0,0,0,0,0,0,0,0,0.48,0.9,22.50229612,0
0,1,0,1,0,1,0,0,0,0,1,0,0,1,0,0,1,0,1,0,0,0.046153846,0,0.538461538,0,0.076923077,0,0,0,0,0.015384615,0,0,0.015384615,0,0,0.307692308,0,0,5.5,23.55281661,1.16369720532034
0,0,1,0,0,0,1,1,1,0,0,1,0,0,1,1,0,1,0,0,0,0,0.487804878,0,0,0,0.134146341,0.012195122,0.024390244,0,0,0.024390244,0,0,0.012195122,0.219512195,0,0.085365854,0,5.52,18.39855994,1.45119878989969
0,1,0,1,0,1,0,0,0,1,1,0,0,0,0,0,1,0,0,1,0,0.026666667,0,0.4,0,0.026666667,0,0,0,0.466666667,0.013333333,0,0,0,0,0,0.066666667,0,0,5.2,21.48947191,1.1535830226978
0,0,0,0,0,1,0,0,0,1,1,0,0,0,0,0,1,0,0,1,0,0,0,0,0,0.02739726,0,0,0,0.684931507,0.01369863,0,0,0,0,0,0.273972603,0,0,3.28,23.63660494,0.771252726221059
0,1,0,1,0,1,0,0,0,1,0,0,1,1,0,0,1,0,0,1,0,0.036585366,0,0.304878049,0,0.012195122,0,0,0,0.487804878,0,0,0.012195122,0,0,0,0.146341463,0,0,4.73,25.75462712,1.22206326651299
0,1,1,0,0,0,0,0,0,0,0,0,0,0,0,0,0,1,0,0,0,0.047619048,0.773809524,0,0,0,0,0,0,0,0,0,0,0,0,0,0,0.178571429,2.32,2.1,18.41592412,0.65104176437463
0,0,0,0,0,0,0,0,0,0,0,1,0,0,0,0,0,0,0,0,0,0,0,0,0,0,0,0,0,0,0,1,0,0,0,0,0,0,0.6,1,19.13846723,0
1,0,0,0,0,0,0,1,0,0,0,0,0,0,1,1,0,0,0,0,0.706521739,0,0,0,0,0,0,0.010869565,0,0,0,0,0,0,0.010869565,0.27173913,0,0,2.596363636,2.97,20.76012964,0.697798703811205
0,1,0,1,0,0,0,0,0,1,1,0,1,0,0,0,1,0,1,1,0,0.056179775,0,0.505617978,0,0,0,0,0,0.168539326,0.02247191,0,0.02247191,0,0,0,0.224719101,0,4.2,4.36,22.97760119,1.31273761779474
1,0,1,1,0,0,1,0,0,0,0,0,0,1,1,0,1,0,0,0,0.318181818,0,0.545454545,0,0,0,0.109090909,0,0,0,0,0,0,0.009090909,0.009090909,0,0.009090909,0,4.36,4.21,21.37988027,1.06487367686373
0,0,0,0,0,0,0,0,0,0,0,0,0,0,1,0,0,0,0,1,0,0,0,0,0,0,0,0,0,0,0,0,0,0,1,0,0,0,0.4,0.8,14.01853232,0
0,1,0,0,1,1,1,0,0,0,1,1,0,0,0,1,1,0,0,0,0,0.011904762,0,0,0.011904762,0.011904762,0.416666667,0,0,0,0.011904762,0.035714286,0,0,0,0.476190476,0.023809524,0,0,6.85,21.28028124,1.13707285425854
0,0,0,0,1,1,1,0,1,0,0,0,1,0,0,1,1,0,1,0,0,0,0,0,0.01,0.1,0.3,0,0.03,0,0,0,0,0,0,0.55,0.01,0,0,5.1,21.6688721,1.11756084165214
0,1,0,0,0,1,0,0,0,0,0,0,0,1,0,0,0,0,0,1,0,0.210526316,0,0,0,0.789473684,0,0,0,0,0,0,0,0,0,0,0,0,1.6,2.2,24.32702197,0.514653165707194
0,0,0,1,0,0,1,0,1,0,0,0,0,0,0,0,1,0,1,0,0,0,0,0.080808081,0,0,0.555555556,0,0.01010101,0,0,0,0,0,0,0,0.353535354,0,2.04,2.8,20.32896244,0.943846721940084
0,0,1,0,0,0,1,1,0,1,0,0,0,0,0,0,1,1,1,1,0,0,0.792079208,0,0,0,0.02970297,0,0,0.00990099,0,0,0,0,0,0,0.099009901,0.069306931,0,1.97,19.60133509,0.748732500227733
0,0,1,0,0,1,0,0,0,0,0,0,0,0,0,0,1,1,0,1,0,0,0.134020619,0,0,0.010309278,0,0,0,0,0,0,0,0,0,0,0.082474227,0.773195876,0,1.9,19.98974299,0.721190540105708
0,0,0,0,0,0,0,0,0,0,0,0,0,0,0,0,1,0,1,0,0,0,0,0,0,0,0,0,0,0,0,0,0,0,0,0,1,0,0.36,1,26.54814996,0
0,0,1,0,0,0,0,0,0,0,0,0,0,0,0,0,0,0,1,1,0,0,1,0,0,0,0,0,0,0,0,0,0,0,0,0,0,0,2.08,0.2,19.18886709,0
0,0,0,1,0,1,0,0,0,1,0,0,1,1,0,0,1,0,1,0,0,0,0,0.46875,0,0.015625,0,0,0,0.46875,0,0,0.015625,0.015625,0,0,0.015625,0,2.84,4.15,24.67848663,0.970260538051401
1,0,1,0,1,0,1,1,1,0,0,1,0,0,0,0,0,1,0,1,0.195402299,0,0.287356322,0,0,0,0.287356322,0.011494253,0.011494253,0,0,0.034482759,0,0,0,0,0,0.172413793,3.8,2.7,18.53102948,1.55757469496814
1,1,1,1,1,1,1,1,1,1,1,1,1,1,1,1,1,1,1,1,0.388349515,0.009708738,0.048543689,0.009708738,0,0.009708738,0.019417476,0.009708738,0.009708738,0,0.009708738,0.009708738,0.009708738,0,0.009708738,0.009708738,0.058252427,0.388349515,9.157894737,11.53,21.45168042,1.57361834064287
0,0,0,1,0,1,0,0,0,1,1,0,1,1,0,0,1,0,1,0,0,0,0,0.080645161,0,0.016129032,0,0,0,0.483870968,0.016129032,0,0,0,0,0,0.403225806,0,0,5.3,25.92116188,1.05366653408354
1,0,1,0,1,0,1,0,1,0,0,0,0,0,1,1,0,1,0,0,0.291262136,0,0.194174757,0,0.009708738,0,0.097087379,0,0.019417476,0,0,0,0,0,0.048543689,0.194174757,0,0.145631068,0,4.9,17.41621106,1.77118238456391
0,1,0,1,0,0,0,0,0,1,1,0,0,1,0,0,1,0,0,1,0,0.063291139,0,0.253164557,0,0,0,0,0,0.316455696,0.037974684,0,0,0.012658228,0,0,0.316455696,0,3.305,2.54,23.68819949,1.43018882642122
0,0,0,0,1,1,1,0,1,0,0,0,1,0,0,1,1,0,1,1,0,0,0,0,0.018018018,0.018018018,0.18018018,0,0.063063063,0,0,0,0,0,0,0.27027027,0.45045045,0,0,3.53,21.6688721,1.34065022871793
0,0,0,0,0,0,0,0,0,0,0,0,0,0,0,1,0,0,1,0,0,0,0,0,0,0,0,0,0,0,0,0,0,0,0,1,0,0,0.52,0.7,22.51774405,0
0,0,0,1,0,1,0,0,0,1,0,0,1,1,0,0,1,0,1,1,0,0,0,0.643564356,0,0.04950495,0,0,0,0.198019802,0,0,0,0.00990099,0,0,0.099009901,0,2.96,3.59,24.67848663,1.02776548107018
0,1,0,0,0,0,1,1,0,0,1,0,1,0,0,1,0,1,0,0,0,0.058139535,0,0,0,0,0.23255814,0.034883721,0,0,0.034883721,0,0,0,0,0.290697674,0,0.348837209,2.84,3.4,22.13740542,1.46526211274624
0,0,0,0,0,0,0,1,0,0,0,0,0,0,0,0,0,0,1,1,0,0,0,0,0,0,0,1,0,0,0,0,0,0,0,0,0,0,0.36,0.2,26.31635653,0
1,0,0,0,0,0,0,1,0,0,0,1,0,0,0,1,0,0,1,1,0.594059406,0,0,0,0,0,0,0.00990099,0,0,0,0.198019802,0,0,0,0.198019802,0,0,0,2,22.04011337,0.996407994939926
0,0,0,0,0,1,0,0,0,0,0,0,0,0,0,0,0,0,0,0,0,0,0,0,0,1,0,0,0,0,0,0,0,0,0,0,0,0,1.24,1,21.41923304,0
0,1,0,1,0,0,0,0,0,1,1,0,1,0,0,0,1,0,1,0,0,0.105263158,0,0.052631579,0,0,0,0,0,0.263157895,0.052631579,0,0,0,0,0,0.526315789,0,3.8,4.6,22.97760119,1.23605293485375
0,0,0,0,1,0,0,0,0,0,0,0,0,0,0,0,0,0,0,0,0,0,0,0,1,0,0,0,0,0,0,0,0,0,0,0,0,0,0.12,0.1,17.40814705,0
1,0,0,0,0,0,0,0,0,0,0,0,0,0,0,0,0,0,0,1,1,0,0,0,0,0,0,0,0,0,0,0,0,0,0,0,0,0,1.52,0.8,20.18788567,0
0,0,0,0,0,0,0,0,0,0,0,0,0,0,1,0,0,0,1,1,0,0,0,0,0,0,0,0,0,0,0,0,0,0,1,0,0,0,0.64,0.5,14.01853232,0
1,0,1,0,1,0,1,1,1,0,0,1,0,0,0,0,0,1,1,0,0.078740157,0,0.196850394,0,0.015748031,0,0.039370079,0.039370079,0.078740157,0,0,0.118110236,0,0,0,0,0,0.433070866,3.92,3.78,18.53102948,1.65498748541612
1,1,1,1,1,1,1,1,1,1,1,1,1,1,1,1,1,1,1,0,0.263157895,0.031578947,0.105263158,0.052631579,0.010526316,0.010526316,0.052631579,0.010526316,0,0.042105263,0.010526316,0.042105263,0,0.010526316,0.010526316,0.031578947,0.105263158,0.210526316,8.864385027,12.18,21.45168042,2.23582793831843
0,1,0,0,1,0,0,0,1,1,1,1,1,0,0,1,0,0,0,1,0,0.027777778,0,0,0.041666667,0,0,0,0.138888889,0.486111111,0.055555556,0.041666667,0,0,0,0.208333333,0,0,2.210909091,6.44,22.31607622,1.4765698486303
0,1,0,1,0,1,0,0,0,0,0,0,0,0,0,0,0,0,0,0,0,0.107692308,0,0.846153846,0,0.046153846,0,0,0,0,0,0,0,0,0,0,0,0,0,3,19.96523589,0.523302145510465
0,0,0,0,0,0,0,0,0,1,1,0,0,0,0,0,1,0,1,1,0,0,0,0,0,0,0,0,0,0.357142857,0.017857143,0,0,0,0,0,0.625,0,1.32,2.55,23.01370794,0.733354769320088
0,0,0,1,0,1,0,0,0,1,1,0,1,1,0,0,1,0,0,1,0,0,0,0.218234119,0,0.043646824,0,0,0,0.509212944,0.039769877,0,0,0.014548941,0,0,0.174587295,0,0,4.7,25.92116188,1.30704253120349
0,1,0,0,0,1,0,0,0,0,0,0,1,0,0,0,0,0,1,0,0,0.666666667,0,0,0,0.333333333,0,0,0,0,0,0,0,0,0,0,0,0,0,2,22.90582536,0.636514168063764
0,0,1,0,0,0,1,1,0,1,0,0,0,0,0,0,1,1,0,1,0,0,0.052631579,0,0,0,0.105263158,0.021052632,0,0.010526316,0,0,0,0,0,0,0.073684211,0.736842105,0,3.14,19.60133509,0.93834665437159
0,1,0,1,0,1,0,0,0,0,0,0,0,1,0,0,0,0,1,1,0,0.348837209,0,0.465116279,0,0.162790698,0,0,0,0,0,0,0,0.023255814,0,0,0,0,1.56,2.13,26.18366465,1.10639152234354
0,0,1,1,1,1,0,0,1,0,0,0,0,1,1,0,1,0,1,1,0,0,0.247524752,0.118811881,0.02970297,0.099009901,0,0,0.198019802,0,0,0,0,0.00990099,0.04950495,0,0.247524752,0,4.76,5.27,21.99629718,1.79288097249678
1,1,1,1,0,0,0,0,0,0,0,0,0,0,0,0,0,0,0,1,0.714285714,0.051020408,0.204081633,0.030612245,0,0,0,0,0,0,0,0,0,0,0,0,0,0,4.64,2.9,20.92078116,0.823208919376267
0,0,1,0,0,0,1,0,0,0,0,1,0,0,0,1,0,0,0,1,0,0,0.35,0,0,0,0.25,0,0,0,0,0.25,0,0,0,0.15,0,0,3.56,1.8,19.30859596,1.34515292186736
1,0,1,1,0,0,1,0,0,0,0,0,0,1,1,0,1,0,0,1,0.284090909,0,0.284090909,0.011363636,0,0,0.227272727,0,0,0,0,0,0,0.022727273,0.056818182,0,0.113636364,0,4,2.6,21.37988027,1.59872577401922
0,1,0,0,0,0,0,1,0,0,0,1,1,0,0,0,0,0,1,1,0,0.396825397,0,0,0,0,0,0.047619048,0,0,0,0.555555556,0,0,0,0,0,0,0,1.9,25.38088838,0.838294812217596
0,0,0,0,1,0,1,1,0,0,0,0,0,0,0,0,0,1,0,1,0,0,0,0,0.052631579,0,0.210526316,0.052631579,0,0,0,0,0,0,0,0,0,0.684210526,0,1.5,18.22913273,0.897622185396176
0,0,0,0,0,0,0,0,0,1,0,0,0,0,0,0,0,0,1,1,0,0,0,0,0,0,0,0,0,1,0,0,0,0,0,0,0,0,1.2,0.8,22.50229612,0
0,0,0,0,0,0,0,0,0,0,0,0,0,1,0,0,0,0,0,0,0,0,0,0,0,0,0,0,0,0,0,0,0,1,0,0,0,0,0.48,0.5,39.00905368,0
0,0,0,1,0,0,0,0,0,0,0,0,0,0,0,0,0,0,1,1,0,0,0,1,0,0,0,0,0,0,0,0,0,0,0,0,0,0,1.16,1,21.56190935,0
0,0,0,0,0,1,0,0,0,1,1,0,0,0,0,0,1,0,1,0,0,0,0,0,0,0.019047619,0,0,0,0.047619048,0.028571429,0,0,0,0,0,0.904761905,0,0,3.37,23.63660494,0.412554395203288
1,1,1,1,1,1,1,1,1,1,1,1,1,1,1,1,1,1,0,0,0.02247191,0.011235955,0.280898876,0.04494382,0,0,0.056179775,0.011235955,0.02247191,0.02247191,0.011235955,0.056179775,0,0.02247191,0.02247191,0.078651685,0.056179775,0.280898876,10.78333333,11.38,21.45168042,2.11578939923797
1,0,1,0,0,0,0,1,1,0,0,1,0,0,1,1,0,1,0,0,0.303030303,0,0.202020202,0,0,0,0,0.01010101,0.070707071,0,0,0.03030303,0,0,0.01010101,0.121212121,0,0.252525253,0,4.37,18.87338246,1.67432641219642
1,0,0,0,1,0,1,1,1,0,0,1,0,0,1,0,0,1,0,1,0.357142857,0,0,0,0.020408163,0,0.204081633,0.020408163,0.102040816,0,0,0.12244898,0,0,0.071428571,0,0,0.102040816,4.425,4.1,17.88473764,1.76235146633253
0,0,0,0,0,0,0,0,0,0,0,1,0,0,0,0,0,0,0,1,0,0,0,0,0,0,0,0,0,0,0,1,0,0,0,0,0,0,1.08,0.8,19.13846723,0
0,0,0,1,1,0,1,0,0,0,1,1,0,0,0,1,0,0,0,0,0,0,0,0.012048193,0.024096386,0,0.301204819,0,0,0,0.060240964,0.240963855,0,0,0,0.361445783,0,0,4.093333333,3.2,19.26941218,1.38443161628702
1,0,0,1,0,1,0,1,1,1,1,1,0,0,0,0,0,0,0,0,0.625,0,0,0.013888889,0,0.055555556,0,0.027777778,0.138888889,0.013888889,0.027777778,0.097222222,0,0,0,0,0,0,0,5.08,21.50242169,1.27298834099835
1,0,0,0,1,0,1,0,1,0,0,0,0,0,0,0,0,0,1,1,0.782608696,0,0,0,0,0,0.173913043,0,0.043478261,0,0,0,0,0,0,0,0,0,4.145714286,1.9,17.70045579,0.632369472690703
1,0,1,0,1,0,1,1,1,0,0,0,0,0,1,1,0,0,0,0,0.346534653,0,0.297029703,0,0.00990099,0,0.079207921,0.01980198,0.099009901,0,0,0,0,0,0.04950495,0.099009901,0,0,7.858095238,3.41,19.10541539,1.65874604343295
0,0,1,0,0,0,0,0,0,0,0,0,0,0,0,0,0,0,0,1,0,0,1,0,0,0,0,0,0,0,0,0,0,0,0,0,0,0,2.08,0.2,19.18886709,0
1,0,0,0,0,0,0,1,0,0,0,0,0,0,1,1,0,0,0,1,0.581395349,0,0,0,0,0,0,0.011627907,0,0,0,0,0,0,0.11627907,0.290697674,0,0,2.1,2.9,20.76012964,0.976453147323353
1,0,1,0,1,0,0,1,0,0,0,0,0,0,0,0,0,0,1,1,0.817307692,0,0.144230769,0,0,0,0,0.038461538,0,0,0,0,0,0,0,0,0,0,0,1.6,20.77531408,0.569474674018481
0,1,0,0,0,0,0,0,0,0,0,0,0,0,0,0,0,0,0,0,0,1,0,0,0,0,0,0,0,0,0,0,0,0,0,0,0,0,2.08,1,22.74446252,0
0,0,0,0,0,0,0,0,0,0,1,0,0,0,0,0,0,0,1,0,0,0,0,0,0,0,0,0,0,0,1,0,0,0,0,0,0,0,1.16,0.6,24.07674063,0
0,1,0,1,0,1,0,0,0,1,0,0,1,1,0,0,1,0,1,0,0,0.097222222,0,0.347222222,0,0.041666667,0,0,0,0.208333333,0,0,0,0.027777778,0,0,0.277777778,0,0,5.55,25.75462712,1.50846061460511
0,1,0,0,0,1,0,0,0,1,0,0,1,1,0,0,1,0,1,0,0,0.064516129,0,0,0,0.032258065,0,0,0,0.483870968,0,0,0,0.016129032,0,0,0.403225806,0,0,4.5,24.82630578,1.07166198408571
0,0,0,0,1,0,1,1,0,0,0,0,0,0,1,0,0,0,1,1,0,0,0,0,0,0,0.763888889,0.027777778,0,0,0,0,0,0,0.208333333,0,0,0,0,1.8,18.53308535,0.632077611466128
0,0,0,0,0,0,0,0,0,0,0,0,0,0,0,0,0,1,0,1,0,0,0,0,0,0,0,0,0,0,0,0,0,0,0,0,0,1,0.16,0.3,12.80272186,0
0,0,0,1,0,1,0,0,0,0,1,0,1,1,0,0,1,0,0,0,0,0,0,0.303030303,0,0.151515152,0,0,0,0,0.060606061,0,0,0.03030303,0,0,0.454545455,0,2.56,4.55,24.8752922,1.2819594442009
0,1,0,1,0,1,0,0,0,1,1,0,0,1,0,0,0,0,0,0,0,0.269230769,0,0.115384615,0,0.115384615,0,0,0,0.384615385,0.076923077,0,0,0.038461538,0,0,0,0,4.48,5.2,23.04708488,1.54174307256587
0,1,1,0,0,0,0,0,0,0,0,0,0,0,0,0,0,1,1,0,0,0.055555556,0.277777778,0,0,0,0,0,0,0,0,0,0,0,0,0,0,0.666666667,1.92,2.3,18.41592412,0.78670123883463
0,0,0,1,0,0,1,0,1,0,0,0,0,0,0,0,1,0,0,0,0,0,0,0,0,0,0.5625,0,0.1875,0,0,0,0,0,0,0,0.25,0,1.92,2.2,20.32896244,0.984086503082915
0,1,0,1,0,0,0,0,0,1,0,0,0,1,0,0,0,0,1,1,0,0.19047619,0,0.079365079,0,0,0,0,0,0.714285714,0,0,0,0.015873016,0,0,0,0,0,2.23,26.45443042,0.823041370385619
0,1,0,0,0,0,0,0,0,0,0,0,1,0,0,0,1,0,0,1,0,0.125,0,0,0,0,0,0,0,0,0,0,0,0,0,0,0.875,0,1.24,1.9,25.38613119,0.376770161256437
1,0,0,0,1,0,1,1,1,0,0,1,0,0,1,1,0,0,0,1,0.392156863,0,0,0,0,0,0.245098039,0.009803922,0.058823529,0,0,0.049019608,0,0,0.098039216,0.147058824,0,0,0,4.29,19.09911541,1.58113532329343
0,1,0,0,0,0,0,0,0,0,0,0,1,0,0,0,1,0,1,0,0,0.05,0,0,0,0,0,0,0,0,0,0,0,0,0,0,0.95,0,1.12,2,24.18805459,0.198515243345873
0,0,0,1,1,1,1,0,0,0,0,0,0,0,0,0,0,0,1,0,0,0,0,0.339805825,0.029126214,0.194174757,0.436893204,0,0,0,0,0,0,0,0,0,0,0,0,3,19.19464873,1.14980203245352
0,0,0,0,0,1,0,0,0,1,0,1,0,0,0,1,0,0,1,1,0,0,0,0,0,0.166666667,0,0,0,0.333333333,0,0.333333333,0,0,0,0.166666667,0,0,2.72,3,21.39443511,1.32966134931686
0,0,1,0,0,1,0,0,0,0,0,0,0,0,0,0,1,1,1,1,0,0,0.099009901,0,0,0.00990099,0,0,0,0,0,0,0,0,0,0,0.099009901,0.792079208,0,2.64,19.98974299,0.688250886411033
0,0,0,0,0,0,0,0,0,0,0,0,0,0,0,0,1,0,1,1,0,0,0,0,0,0,0,0,0,0,0,0,0,0,0,0,1,0,0.2,1,26.54814996,0
0,1,1,0,0,0,0,1,0,1,0,1,1,0,0,1,1,0,1,1,0,0.104477612,0.074626866,0,0,0,0,0,0,0.447761194,0,0.149253731,0,0,0,0.074626866,0.149253731,0,0,4.02,24.03507634,1.55091092620662
0,0,0,0,0,0,0,0,1,0,0,0,0,0,0,0,0,0,0,1,0,0,0,0,0,0,0,0,1,0,0,0,0,0,0,0,0,0,0.6,1,16.81648496,0
0,0,1,0,1,0,0,0,0,0,0,1,0,0,0,1,0,0,1,1,0,0,0.65,0,0,0,0,0,0,0,0,0.25,0,0,0,0.1,0,0,2.895555556,1.2,19.56330635,0.856840995039472
1,0,1,0,1,0,1,1,1,0,0,0,0,0,0,1,0,1,1,1,0.172413793,0,0.172413793,0,0,0,0.172413793,0.00862069,0.086206897,0,0,0,0,0,0,0.043103448,0,0.344827586,3.9075,3.45,18.95343909,1.66417506229808
0,0,0,1,1,1,0,0,0,0,0,0,0,0,0,0,0,1,1,1,0,0,0,0.065420561,0.065420561,0.028037383,0,0,0,0,0,0,0,0,0,0,0,0.841121495,0,2.6,18.29800282,0.602534916618778
0,0,1,0,0,0,0,0,0,0,0,0,1,1,1,0,0,0,1,1,0,0,0.845070423,0,0,0,0,0,0,0,0,0,0,0.014084507,0.14084507,0,0,0,2.68,1,26.38518008,0.478362627332832
1,0,1,0,1,0,1,0,1,0,0,1,0,0,0,1,0,1,1,1,0.095238095,0,0.142857143,0,0.019047619,0,0.142857143,0,0.047619048,0,0,0.142857143,0,0,0,0.028571429,0,0.380952381,0,3.55,18.05620292,1.74755455185932
0,1,0,1,0,1,0,0,0,0,1,0,0,1,0,0,1,0,0,1,0,0.0625,0,0.46875,0,0.3125,0,0,0,0,0.0625,0,0,0.0625,0,0,0.03125,0,0,1.83,23.55281661,1.34681443311744
0,0,1,0,1,0,1,1,1,0,0,1,0,0,1,0,0,1,0,0,0,0,0.114942529,0,0.011494253,0,0.172413793,0.011494253,0.114942529,0,0,0.057471264,0,0,0.057471264,0,0,0.459770115,4.284444444,3.9,17.75986031,1.58864361104195
0,0,0,0,0,0,0,1,0,0,0,1,0,0,1,0,0,1,1,1,0,0,0,0,0,0,0,0.018018018,0,0,0,0.09009009,0,0,0.027027027,0,0,0.864864865,1.24,2.05,18.06901948,0.512364358260675
1,1,1,1,1,1,1,1,1,1,1,1,1,1,1,1,1,1,0,1,0.492424242,0.015151515,0.022727273,0.045454545,0,0.037878788,0.045454545,0.015151515,0.007575758,0.037878788,0,0.045454545,0,0.015151515,0.022727273,0.045454545,0,0.151515152,10.4,7.99,21.45168042,1.84418842839298
0,1,0,0,0,1,0,0,0,0,0,0,0,1,0,0,0,0,0,0,0,0.365853659,0,0,0,0.609756098,0,0,0,0,0,0,0,0.024390244,0,0,0,0,2.28,2.33,24.32702197,0.760092831910692
1,0,0,0,0,0,0,0,0,0,0,1,0,0,1,0,0,1,0,0,0.612244898,0,0,0,0,0,0,0,0,0,0,0.102040816,0,0,0.030612245,0,0,0.255102041,0,2.6,16.53690177,0.988495466807343
0,1,0,1,0,1,0,0,0,1,1,0,0,0,0,0,1,0,0,0,0,0.072463768,0,0.217391304,0,0.144927536,0,0,0,0.173913043,0.028985507,0,0,0,0,0,0.362318841,0,0,5.6,21.48947191,1.57655776029077
0,0,1,0,0,0,1,1,1,0,0,1,0,0,1,1,0,1,1,1,0,0,0.198412698,0,0,0,0.055555556,0.007936508,0.031746032,0,0,0.063492063,0,0,0.023809524,0.023809524,0,0.595238095,0,3.63,18.39855994,1.29122430004293
0,1,0,0,1,1,1,0,0,0,1,1,0,0,0,1,1,0,1,1,0,0.045977011,0,0,0.011494253,0.057471264,0.229885057,0,0,0,0.022988506,0.057471264,0,0,0,0.114942529,0.459770115,0,0,4.8,21.28028124,1.55186759508846
0,0,0,0,0,0,1,0,0,0,0,0,0,0,0,0,0,0,0,1,0,0,0,0,0,0,1,0,0,0,0,0,0,0,0,0,0,0,1.28,0.5,16.38930548,0
0,1,0,0,0,0,0,0,0,0,1,0,0,1,0,0,0,0,0,1,0,0.909090909,0,0,0,0,0,0,0,0,0.068181818,0,0,0.022727273,0,0,0,0,0,1.5,24.99139887,0.355757474667867
1,1,1,1,1,1,1,1,1,1,1,1,1,1,1,1,1,1,1,1,0.325203252,0.016260163,0.12195122,0.024390244,0.008130081,0.024390244,0.081300813,0.016260163,0.024390244,0,0.008130081,0.040650407,0,0.032520325,0.024390244,0.048780488,0.040650407,0.162601626,11.18333333,9.83,21.45168042,2.21492844497873
0,0,0,0,0,0,0,0,0,0,0,0,1,0,0,0,0,0,0,1,0,0,0,0,0,0,0,0,0,0,0,0,1,0,0,0,0,0,1.68,0.1,33.32426724,0
0,1,0,1,1,0,0,1,0,0,0,0,0,0,0,0,0,0,0,1,0,0.396825397,0,0.396825397,0.095238095,0,0,0.111111111,0,0,0,0,0,0,0,0,0,0,0,2.21,22.00771886,1.20161537508228
0,1,0,0,0,0,0,0,0,0,0,0,0,0,0,0,0,0,0,1,0,1,0,0,0,0,0,0,0,0,0,0,0,0,0,0,0,0,0.92,0.7,22.74446252,0
0,0,1,0,0,0,1,1,0,1,0,0,0,0,0,0,1,1,1,0,0,0,0.5,0,0,0,0.141666667,0.008333333,0,0.058333333,0,0,0,0,0,0,0.083333333,0.208333333,0,4,19.60133509,1.36295492275794
1,1,1,1,1,1,1,1,1,1,1,1,1,1,1,1,1,1,0,1,0.166666667,0.038461538,0.064102564,0.192307692,0,0.025641026,0.08974359,0,0.012820513,0.038461538,0.012820513,0.038461538,0,0.038461538,0.064102564,0.102564103,0.064102564,0.051282051,11.60285714,9.15,21.45168042,2.4531397747875
0,0,0,0,0,1,0,0,0,1,0,1,0,0,0,1,0,0,1,0,0,0,0,0,0,0.086021505,0,0,0,0.483870968,0,0.215053763,0,0,0,0.215053763,0,0,2.92,3.5,21.39443511,1.22330233835802
0,0,0,0,1,0,1,1,0,0,0,0,0,0,0,0,0,1,1,1,0,0,0,0,0,0,0.151515152,0.04040404,0,0,0,0,0,0,0,0,0,0.808080808,0,0.9,18.22913273,0.587765695847704
1,0,0,0,1,0,1,1,1,0,0,1,0,0,1,0,0,1,1,0,0.449438202,0,0,0,0,0,0.168539326,0.033707865,0.02247191,0,0,0.08988764,0,0,0.101123596,0,0,0.134831461,5.566153846,4,17.88473764,1.57754091182153
1,0,1,0,1,0,0,1,0,0,0,0,0,0,0,0,0,0,0,1,0.402298851,0,0.574712644,0,0.011494253,0,0,0.011494253,0,0,0,0,0,0,0,0,0,0,0,1.3,20.77531408,0.787306597452481
0,0,0,0,1,0,0,0,0,0,0,0,0,0,0,0,0,0,1,0,0,0,0,0,1,0,0,0,0,0,0,0,0,0,0,0,0,0,0.6,0.2,17.40814705,0
0,1,0,1,0,1,0,0,0,1,1,0,0,0,0,0,1,0,1,0,0,0.121212121,0,0.03030303,0,0.04040404,0,0,0,0.080808081,0.02020202,0,0,0,0,0,0.707070707,0,0,5.7,21.48947191,1.01859067886849
0,0,0,0,0,0,1,0,0,0,0,0,0,0,0,0,0,0,1,0,0,0,0,0,0,0,1,0,0,0,0,0,0,0,0,0,0,0,1.12,0.1,16.38930548,0
0,1,0,1,1,0,0,1,0,0,0,0,0,0,0,0,0,0,1,0,0,0.909090909,0,0.045454545,0,0,0,0.045454545,0,0,0,0,0,0,0,0,0,0,0,0.9,22.00771886,0.367649474949089
0,0,1,0,1,0,1,1,1,0,0,1,0,0,1,0,0,1,1,0,0,0,0.194174757,0,0,0,0.194174757,0,0.067961165,0,0,0.067961165,0,0,0.13592233,0,0,0.339805825,4.36,3.2,17.75986031,1.64001036885442
0,0,1,0,1,0,0,0,0,0,0,1,0,0,0,1,0,0,1,0,0,0,0.4,0,0,0,0,0,0,0,0,0.3,0,0,0,0.3,0,0,2.36,2.2,19.56330635,1.08889997534522
0,0,0,0,0,0,0,0,0,0,0,0,0,0,0,0,1,0,0,1,0,0,0,0,0,0,0,0,0,0,0,0,0,0,0,0,1,0,0.16,1,26.54814996,0
0,1,0,1,0,1,0,0,0,1,1,0,0,1,0,0,0,0,1,0,0,0.082352941,0,0.411764706,0,0.058823529,0,0,0,0.352941176,0.058823529,0,0,0.035294118,0,0,0,0,5.52,5.2,23.04708488,1.38989018959825
0,1,0,0,0,0,0,0,0,0,0,0,1,0,0,0,1,0,1,1,0,0.421686747,0,0,0,0,0,0,0,0,0,0,0.096385542,0,0,0,0.481927711,0,1.56,2,25.38613119,0.941396117766186
0,0,0,1,1,0,1,0,0,0,1,1,0,0,0,1,0,0,1,1,0,0,0,0.495867769,0.008264463,0,0.247933884,0,0,0,0.041322314,0.082644628,0,0,0,0.123966942,0,0,5.44,2.91,19.26941218,1.32975427548119
1,0,0,0,1,0,1,1,1,0,0,1,0,0,1,1,0,0,1,1,0.280373832,0,0,0,0,0,0.093457944,0.018691589,0.074766355,0,0,0.112149533,0,0,0.23364486,0.186915888,0,0,0,4.4,19.09911541,1.74489406880343
0,1,1,0,0,0,0,1,0,1,0,1,1,0,0,1,1,0,0,1,0,0.043956044,0.21978022,0,0,0,0,0.010989011,0,0.164835165,0,0.065934066,0,0,0,0.32967033,0.164835165,0,0,4.3,24.03507634,1.65934514152939
0,1,0,0,0,0,0,0,0,0,1,0,0,1,0,0,0,0,1,0,0,0.875,0,0,0,0,0,0,0,0,0.1,0,0,0.025,0,0,0,0,0,2.1,24.99139887,0.43932046419871
1,0,1,1,0,0,1,0,0,0,0,0,0,1,1,0,1,0,1,1,0.321100917,0,0.321100917,0.064220183,0,0,0.137614679,0,0,0,0,0,0,0.018348624,0.064220183,0,0.073394495,0,5.743157895,4.06,21.37988027,1.62015810077521
1,1,1,1,1,1,1,1,1,1,1,1,1,1,1,1,1,1,1,1,0.198019802,0.03960396,0.069306931,0.00990099,0.00990099,0.01980198,0.069306931,0.00990099,0.02970297,0,0.01980198,0.03960396,0,0,0.02970297,0.108910891,0,0.346534653,11.09166667,7.73,21.45168042,2.05644689996765
0,1,1,0,0,0,0,0,0,0,0,0,0,0,0,0,0,1,0,1,0,0.04040404,0.151515152,0,0,0,0,0,0,0,0,0,0,0,0,0,0,0.808080808,2.56,1.3,18.41592412,0.587765695847704
0,0,0,1,0,1,0,0,0,1,1,0,1,1,0,0,1,0,1,1,0,0,0,0.078651685,0,0.04494382,0,0,0,0.04494382,0.02247191,0,0,0.02247191,0,0,0.786516854,0,0,3.37,25.92116188,0.838310731406414
0,0,0,1,1,1,0,0,0,0,0,0,0,0,0,0,0,1,0,1,0,0,0,0.04040404,0.070707071,0.080808081,0,0,0,0,0,0,0,0,0,0,0,0.808080808,0,2.3,18.29800282,0.692451046087633
0,0,0,1,1,1,1,0,0,0,0,0,0,0,0,0,0,0,0,0,0,0,0,0.010416667,0.260416667,0.15625,0.572916667,0,0,0,0,0,0,0,0,0,0,0,0,1.85,19.19464873,1.00709846526193
0,0,0,1,0,0,1,0,1,0,0,0,0,0,0,0,1,0,1,1,0,0,0,0.118110236,0,0,0.31496063,0,0.05511811,0,0,0,0,0,0,0,0.511811024,0,3.24,2.07,20.32896244,1.11873452842118
0,1,0,1,0,1,0,0,0,0,1,0,0,1,0,0,1,0,1,1,0,0.11627907,0,0,0,0.093023256,0,0,0,0,0.081395349,0,0,0.011627907,0,0,0.697674419,0,0,2.29,23.55281661,0.978260924312552
0,0,0,0,0,1,0,0,0,0,0,0,0,0,0,0,0,0,1,1,0,0,0,0,0,1,0,0,0,0,0,0,0,0,0,0,0,0,1.04,0.7,21.41923304,0
0,0,1,0,0,0,0,0,0,0,0,0,0,0,0,0,0,0,0,0,0,0,1,0,0,0,0,0,0,0,0,0,0,0,0,0,0,0,1.36,0.8,19.18886709,0
0,0,0,0,0,0,0,0,0,0,0,0,0,0,1,0,0,0,0,0,0,0,0,0,0,0,0,0,0,0,0,0,0,0,1,0,0,0,0.8,0.6,14.01853232,0
0,1,0,0,0,0,0,0,0,0,0,0,1,0,0,0,1,0,0,0,0,0.208333333,0,0,0,0,0,0,0,0,0,0,0.0625,0,0,0,0.729166667,0,1.4,2.25,24.18805459,0.730391219905423
0,0,0,0,0,0,0,1,0,0,0,1,0,0,1,0,0,1,1,0,0,0,0,0,0,0,0,0.03030303,0,0,0,0.070707071,0,0,0.04040404,0,0,0.858585859,1.126666667,3.4,18.06901948,0.553829523814207
0,0,0,0,0,0,0,0,0,1,0,0,0,0,0,0,0,0,1,0,0,0,0,0,0,0,0,0,0,1,0,0,0,0,0,0,0,0,1.12,1,22.50229612,0
1,0,1,0,1,0,1,0,1,0,0,0,0,0,1,1,0,1,1,0,0.377358491,0,0.094339623,0,0.028301887,0,0.056603774,0,0.037735849,0,0,0,0,0,0.028301887,0.188679245,0,0.188679245,0,4,17.41621106,1.70780015155058
1,0,1,0,1,0,1,1,1,0,0,0,0,0,1,1,0,0,1,0,0.152542373,0,0.593220339,0,0,0,0.084745763,0.033898305,0.016949153,0,0,0,0,0,0.059322034,0.059322034,0,0,4.96,4.55,19.10541539,1.32474036006907
0,0,0,1,0,1,0,0,0,1,0,0,1,1,0,0,1,0,0,1,0,0,0,0.340909091,0,0.045454545,0,0,0,0.397727273,0,0,0.011363636,0.034090909,0,0,0.170454545,0,2.298461538,3.48,24.67848663,1.34171327874046
0,0,0,1,0,1,0,0,0,0,1,0,1,1,0,0,1,0,0,1,0,0,0,0.032967033,0,0.087912088,0,0,0,0,0.087912088,0,0,0.021978022,0,0,0.769230769,0,2.64,2.7,24.8752922,0.825718157218042
1,1,1,1,0,0,0,0,0,0,0,0,0,0,0,0,0,0,0,0,0.486111111,0.138888889,0.361111111,0.013888889,0,0,0,0,0,0,0,0,0,0,0,0,0,0,3.833684211,2.9,20.92078116,1.05203357686964
1,0,0,0,0,0,0,1,0,0,0,0,0,0,1,1,0,0,1,1,0.444444444,0,0,0,0,0,0,0.044444444,0,0,0,0,0,0,0.177777778,0.333333333,0,0,3,2.46,20.76012964,1.17205748516755
1,0,0,0,0,0,0,1,0,0,0,1,0,0,0,1,0,0,0,1,0.368421053,0,0,0,0,0,0,0.052631579,0,0,0,0.105263158,0,0,0,0.473684211,0,0,0,2.67,22.04011337,1.11377126334891
1,0,1,0,1,0,1,1,1,0,0,1,0,0,0,0,0,1,0,0,0.178947368,0,0.136842105,0,0,0,0.094736842,0.010526316,0.084210526,0,0,0.073684211,0,0,0,0,0,0.421052632,3.56,4.73,18.53102948,1.61602351047761
0,0,0,1,0,0,0,0,0,0,0,0,0,0,0,0,0,0,0,1,0,0,0,1,0,0,0,0,0,0,0,0,0,0,0,0,0,0,0.88,0.9,21.56190935,0
1,0,1,0,1,0,1,0,1,0,0,1,0,0,0,1,0,1,0,0,0.173913043,0,0.260869565,0,0.034782609,0,0.113043478,0,0.026086957,0,0,0.130434783,0,0,0,0.173913043,0,0.086956522,0,4.3,18.05620292,1.89539150136884
0,1,0,0,0,1,0,0,0,0,0,0,1,0,0,0,0,0,0,1,0,0.538461538,0,0,0,0.461538462,0,0,0,0,0,0,0,0,0,0,0,0,0,2.03,22.90582536,0.690185676089951
0,0,1,0,0,0,0,0,0,0,0,0,1,1,1,0,0,0,1,0,0,0,0.817307692,0,0,0,0,0,0,0,0,0,0,0.038461538,0.144230769,0,0,0,2.56,1.8,26.38518008,0.569474674018481
0,0,0,0,0,0,0,0,0,0,0,1,0,0,0,0,0,0,1,0,0,0,0,0,0,0,0,0,0,0,0,1,0,0,0,0,0,0,0.84,1,19.13846723,0
1,0,0,1,0,1,0,1,1,1,1,1,0,0,0,0,0,0,1,1,0.555555556,0,0,0.009259259,0,0.092592593,0,0.046296296,0.074074074,0.064814815,0.018518519,0.138888889,0,0,0,0,0,0,0,3.85,21.50242169,1.45067136630865
0,1,0,1,0,1,0,0,0,0,0,0,0,1,0,0,0,0,0,0,0,0.625,0,0,0,0.277777778,0,0,0,0,0,0,0,0.097222222,0,0,0,0,2.941818182,1.8,26.18366465,0.876168499975381
0,0,0,0,0,0,0,0,0,0,1,0,0,0,0,0,0,0,0,0,0,0,0,0,0,0,0,0,0,0,1,0,0,0,0,0,0,0,0.88,1,24.07674063,0
0,0,0,0,0,1,0,0,0,1,1,0,0,0,0,0,1,0,1,1,0,0,0,0,0,0.029126214,0,0,0,0.097087379,0.097087379,0,0,0,0,0,0.776699029,0,0,2.9,23.63660494,0.752110840079609
0,1,0,1,0,0,0,0,0,1,0,0,0,1,0,0,0,0,0,1,0,0.380434783,0,0.326086957,0,0,0,0,0,0.27173913,0,0,0,0.02173913,0,0,0,0,0,2.8,26.45443042,1.17036147154922
0,1,0,0,0,0,1,1,0,0,1,0,1,0,0,1,0,1,1,1,0,0.134020619,0,0,0,0,0.257731959,0,0,0,0.06185567,0,0,0,0,0.18556701,0,0.360824742,4.4,5.6,22.13740542,1.47130203143541
1,0,0,0,0,0,0,0,0,0,0,1,0,0,1,0,0,1,1,1,0.75,0,0,0,0,0,0,0,0,0,0,0.02,0,0,0.08,0,0,0.15,0,2.3,16.53690177,0.780628303724941
0,0,0,0,0,0,0,0,1,0,0,0,0,0,0,0,0,0,1,0,0,0,0,0,0,0,0,0,1,0,0,0,0,0,0,0,0,0,1.28,0.9,16.81648496,0
1,0,0,0,1,0,1,0,1,0,0,0,0,0,0,0,0,0,0,1,0.637254902,0,0,0,0,0,0.245098039,0,0.117647059,0,0,0,0,0,0,0,0,0,2.6,2.33,17.70045579,0.883541951000075
0,0,1,0,0,1,0,0,0,0,0,0,0,0,0,0,1,1,0,0,0,0,0.67961165,0,0,0.029126214,0,0,0,0,0,0,0,0,0,0,0,0.291262136,0,2.5,19.98974299,0.724763695800018
0,0,1,0,0,0,1,1,1,0,0,1,0,0,1,1,0,1,1,0,0,0,0.3125,0,0,0,0.1953125,0.046875,0.078125,0,0,0.0703125,0,0,0.078125,0.0625,0,0.15625,0,5.55,18.39855994,1.8742604868723
0,1,0,1,0,0,0,0,0,1,1,0,0,1,0,0,1,0,1,0,0,0.226415094,0,0.094339623,0,0,0,0,0,0.056603774,0.471698113,0,0,0,0,0,0.150943396,0,4.48,4.84,23.68819949,1.36143655260054
0,0,0,0,0,0,0,0,0,0,0,0,0,0,0,0,0,1,1,1,0,0,0,0,0,0,0,0,0,0,0,0,0,0,0,0,0,1,0.12,0.4,12.80272186,0
1,0,1,0,1,0,1,1,1,0,0,0,0,0,0,1,0,1,0,1,0.236220472,0,0.275590551,0,0.007874016,0,0.118110236,0.086614173,0,0,0,0,0,0,0,0.157480315,0,0.118110236,4,3.9,18.95343909,1.74177682643909
0,0,1,1,1,1,0,0,1,0,0,0,0,1,1,0,1,0,1,0,0,0,0.779816514,0,0,0.027522936,0,0,0.055045872,0,0,0,0,0.018348624,0.055045872,0,0.064220183,0,4.52,3.93,21.99629718,0.861715106932477
0,0,0,0,0,0,0,0,0,0,0,0,0,1,0,0,0,0,1,0,0,0,0,0,0,0,0,0,0,0,0,0,0,1,0,0,0,0,1,1,39.00905368,0
1,1,1,1,1,1,1,1,1,1,1,1,1,1,1,1,1,1,1,1,0.051546392,0.154639175,0.072164948,0.092783505,0,0.030927835,0.103092784,0.010309278,0,0.030927835,0.041237113,0.041237113,0,0.020618557,0.06185567,0.072164948,0.030927835,0.18556701,10.87058824,8.09,21.45168042,2.47313401795849
1,0,0,0,0,0,0,0,0,0,0,0,0,0,0,0,0,0,1,1,1,0,0,0,0,0,0,0,0,0,0,0,0,0,0,0,0,0,1.28,0.9,20.18788567,0
0,0,0,0,0,0,0,0,0,1,1,0,0,0,0,0,1,0,0,0,0,0,0,0,0,0,0,0,0,0.078947368,0.328947368,0,0,0,0,0,0.592105263,0,1.28,2.9,23.01370794,0.876493017480545
0,0,0,0,1,1,1,0,1,0,0,0,1,0,0,1,1,0,0,1,0,0,0,0,0.02173913,0.076086957,0.326086957,0,0.141304348,0,0,0,0,0,0,0.326086957,0.108695652,0,0,3.7,21.6688721,1.52777008827595
0,1,0,0,0,1,0,0,0,0,0,0,0,1,0,0,0,0,1,1,0,0.857142857,0,0,0,0.114285714,0,0,0,0,0,0,0,0.028571429,0,0,0,0,2.92,1.6,24.32702197,0.481602379675834
0,1,0,0,0,0,0,1,0,0,0,1,1,0,0,0,0,0,1,0,0,0.759493671,0,0,0,0,0,0.075949367,0,0,0,0.164556962,0,0,0,0,0,0,0,3.36,25.38088838,0.701655799114221
0,1,0,1,0,1,0,0,0,0,0,0,0,0,0,0,0,0,1,0,0,0.464285714,0,0.071428571,0,0.464285714,0,0,0,0,0,0,0,0,0,0,0,0,0,2.71,19.96523589,0.900955307538137
0,1,0,0,1,1,1,0,0,0,1,1,0,0,0,1,1,0,1,0,0,0.095890411,0,0,0.04109589,0.109589041,0.164383562,0,0,0,0.095890411,0.082191781,0,0,0,0.273972603,0.136986301,0,0,5.17,21.28028124,1.95232184735562
0,1,0,0,1,0,0,0,1,1,1,1,1,0,0,1,0,0,1,0,0,0.328947368,0,0,0,0,0,0,0,0.157894737,0.144736842,0.105263158,0,0,0,0.263157895,0,0,3.32,5.13,22.31607622,1.52523595596207
0,0,0,0,0,0,0,1,0,0,0,0,0,0,0,0,0,0,0,0,0,0,0,0,0,0,0,1,0,0,0,0,0,0,0,0,0,0,0.84,0.8,26.31635653,0
0,1,0,1,0,0,0,0,0,1,1,0,1,0,0,0,1,0,0,0,0,0.076923077,0,0.076923077,0,0,0,0,0,0.461538462,0.153846154,0,0,0,0,0,0.230769231,0,3.32,4.5,22.97760119,1.37781950803903
0,0,1,0,0,0,1,0,0,0,0,1,0,0,0,1,0,0,1,1,0,0,0.625,0,0,0,0.15625,0,0,0,0,0.1171875,0,0,0,0.1015625,0,0,3,1.96,19.30859596,1.06732814744678
0,0,0,0,1,0,1,1,0,0,0,0,0,0,1,0,0,0,1,0,0,0,0,0,0,0,0.240384615,0.086538462,0,0,0,0,0,0,0.673076923,0,0,0,0,1.9,18.53308535,0.820914132757623
0,1,0,1,0,1,0,0,0,1,0,0,1,1,0,0,1,0,1,1,0,0,0,0.670103093,0,0.082474227,0,0,0,0,0,0,0,0.144329897,0,0,0.103092784,0,0,3.5,25.75462712,0.987666047217682
1,1,1,1,1,1,1,1,1,1,1,1,1,1,1,1,1,1,0,0,0.654205607,0.037383178,0.037383178,0.037383178,0.009345794,0.009345794,0.037383178,0,0,0,0.046728972,0.018691589,0,0.037383178,0.009345794,0.018691589,0,0.046728972,11.97666667,5.72,21.45168042,1.45799218198171
0,0,0,0,0,0,0,0,0,0,0,0,1,0,0,0,0,0,1,1,0,0,0,0,0,0,0,0,0,0,0,0,1,0,0,0,0,0,1.16,0.9,33.32426724,0
0,1,0,0,0,1,0,0,0,1,0,0,1,1,0,0,1,0,0,0,0,0.32967033,0,0,0,0.274725275,0,0,0,0.32967033,0,0,0,0.065934066,0,0,0,0,0,5,24.82630578,1.26586725006847
0,0,0,0,0,0,0,0,0,0,0,0,0,0,0,1,0,0,0,0,0,0,0,0,0,0,0,0,0,0,0,0,0,0,0,1,0,0,0.32,0.6,22.51774405,0
1,0,1,0,0,0,0,1,1,0,0,1,0,0,1,1,0,1,0,1,0.428571429,0,0.133333333,0,0,0,0,0.028571429,0.038095238,0,0,0.095238095,0,0,0.057142857,0.123809524,0,0.095238095,0,4.9,18.87338246,1.72792007100693
0,0,1,0,0,0,0,0,0,0,0,0,1,1,1,0,0,0,0,0,0,0,0.754716981,0,0,0,0,0,0,0,0,0,0,0.018867925,0.226415094,0,0,0,1.68,1.3,26.38518008,0.623611575977349
1,0,1,0,1,0,1,0,1,0,0,0,0,0,1,1,0,1,0,1,0.336538462,0,0.144230769,0,0.009615385,0,0.048076923,0,0.028846154,0,0,0,0,0,0.096153846,0.192307692,0,0.144230769,0,3.93,17.41621106,1.76013887099658
0,1,0,1,0,0,0,0,0,1,0,0,0,1,0,0,0,0,0,0,0,0.194805195,0,0.38961039,0,0,0,0,0,0.38961039,0,0,0,0.025974026,0,0,0,0,0,3.29,26.45443042,1.14797567799158
0,0,1,0,0,0,1,0,0,0,0,1,0,0,0,1,0,0,0,0,0,0,0.434782609,0,0,0,0.173913043,0,0,0,0,0.130434783,0,0,0,0.260869565,0,0,2.88,2.8,19.30859596,1.28256282212088
0,0,0,0,1,0,1,1,0,0,0,0,0,0,1,0,0,0,0,1,0,0,0,0,0.036363636,0,0.727272727,0.054545455,0,0,0,0,0,0,0.181818182,0,0,0,0,1.8,18.53308535,0.820730270633977
1,0,0,0,1,0,1,1,1,0,0,1,0,0,1,0,0,1,0,0,0.168067227,0,0,0,0.008403361,0,0.12605042,0.008403361,0.033613445,0,0,0.042016807,0,0,0.025210084,0,0,0.588235294,3.32,5.4,17.88473764,1.29325568109322
0,0,0,0,0,1,0,0,0,1,1,0,0,0,0,0,1,0,0,0,0,0,0,0,0,0.241935484,0,0,0,0.241935484,0.032258065,0,0,0,0,0,0.483870968,0,0,3.53,23.63660494,1.14868725959462
0,1,1,0,0,0,0,0,0,0,0,0,0,0,0,0,0,1,1,1,0,0.019607843,0.098039216,0,0,0,0,0,0,0,0,0,0,0,0,0,0,0.882352941,1.16,1.6,18.41592412,0.415217758345386
0,1,0,0,0,0,0,0,0,0,1,0,0,1,0,0,0,0,0,0,0,0.689655172,0,0,0,0,0,0,0,0,0.24137931,0,0,0.068965517,0,0,0,0,0,2,24.99139887,0.78376786825374
0,0,0,0,0,0,0,0,0,0,0,0,0,0,0,1,0,0,1,1,0,0,0,0,0,0,0,0,0,0,0,0,0,0,0,1,0,0,0.28,0.9,22.51774405,0
0,0,0,1,0,1,0,0,0,1,0,0,1,1,0,0,1,0,0,0,0,0,0,0.109375,0,0.3125,0,0,0,0.234375,0,0,0,0.03125,0,0,0.3125,0,2.08,4.15,24.67848663,1.41735637455967
0,1,0,0,0,0,0,1,0,0,0,1,1,0,0,0,0,0,0,1,0,0.517241379,0,0,0,0,0,0.034482759,0,0,0,0.431034483,0.017241379,0,0,0,0,0,0,1.7,25.38088838,0.889854882412255
0,0,0,1,1,1,0,0,0,0,0,0,0,0,0,0,0,1,0,0,0,0,0,0.012048193,0.012048193,0.012048193,0,0,0,0,0,0,0,0,0,0,0,0.963855422,0,1.4,18.29800282,0.195200480841404
1,0,0,0,0,0,0,1,0,0,0,0,0,0,1,1,0,0,1,0,0.904761905,0,0,0,0,0,0,0,0,0,0,0,0,0,0.028571429,0.066666667,0,0,1.64,1.65,20.76012964,0.372669755935631
0,0,0,1,0,1,0,0,0,0,1,0,1,1,0,0,1,0,1,1,0,0,0,0.038461538,0,0.115384615,0,0,0,0,0.038461538,0,0,0.076923077,0,0,0.730769231,0,1.628571429,3.2,24.8752922,0.926309157253026
0,1,0,0,0,0,1,1,0,0,1,0,1,0,0,1,0,1,1,0,0,0.036036036,0,0,0,0,0.09009009,0.009009009,0,0,0.009009009,0,0,0,0,0.045045045,0,0.810810811,2.329411765,4.3,22.13740542,0.731142018211504
0,0,0,1,1,0,1,0,0,0,1,1,0,0,0,1,0,0,1,0,0,0,0,0.053763441,0.021505376,0,0.322580645,0,0,0,0.043010753,0.129032258,0,0,0,0.430107527,0,0,3.644444444,3.7,19.26941218,1.36713023731193
0,1,0,1,0,1,0,0,0,0,0,0,0,0,0,0,0,0,1,1,0,0.307692308,0,0.230769231,0,0.461538462,0,0,0,0,0,0,0,0,0,0,0,0,0,2.7,19.96523589,1.05790542470367
1,0,1,0,1,0,1,1,1,0,0,0,0,0,1,1,0,0,1,1,0.526315789,0,0.157894737,0,0,0,0.126315789,0.031578947,0.052631579,0,0,0,0,0,0.052631579,0.052631579,0,0,4.04,3.86,19.10541539,1.46463280033907
0,0,0,0,1,0,1,1,0,0,0,0,0,0,0,0,0,1,1,0,0,0,0,0,0,0,0.098039216,0.019607843,0,0,0,0,0,0,0,0,0,0.882352941,0,2.1,18.22913273,0.415217758345386
1,1,1,1,0,0,0,0,0,0,0,0,0,0,0,0,0,0,1,0,0.700934579,0.046728972,0.23364486,0.018691589,0,0,0,0,0,0,0,0,0,0,0,0,0,0,2.96,4,20.92078116,0.806314928442706
0,0,0,0,0,0,1,0,0,0,0,0,0,0,0,0,0,0,1,1,0,0,0,0,0,0,1,0,0,0,0,0,0,0,0,0,0,0,1.24,0.5,16.38930548,0
0,0,0,0,0,0,0,0,0,0,0,0,0,0,1,0,0,0,1,0,0,0,0,0,0,0,0,0,0,0,0,0,0,0,1,0,0,0,0.88,0.8,14.01853232,0
1,0,0,1,0,1,0,1,1,1,1,1,0,0,0,0,0,0,0,1,0.555555556,0,0,0.022222222,0,0.055555556,0,0.011111111,0.055555556,0.133333333,0,0.166666667,0,0,0,0,0,0,0,5.75,21.50242169,1.34957126404801
0,0,0,1,0,1,0,0,0,1,1,0,1,1,0,0,1,0,0,0,0,0,0,0.04,0,0.093333333,0,0,0,0.133333333,0.053333333,0,0,0.013333333,0,0,0.666666667,0,0,6.6,25.92116188,1.10296295682646
0,0,0,0,0,0,0,1,0,0,0,0,0,0,0,0,0,0,0,1,0,0,0,0,0,0,0,1,0,0,0,0,0,0,0,0,0,0,1.04,0.3,26.31635653,0
0,0,1,0,0,0,0,0,0,0,0,0,0,0,0,0,0,0,1,0,0,0,1,0,0,0,0,0,0,0,0,0,0,0,0,0,0,0,1.44,1,19.18886709,0
0,0,0,0,1,1,1,0,1,0,0,0,1,0,0,1,1,0,0,0,0,0,0,0,0.010416667,0.041666667,0.208333333,0,0.0625,0,0,0,0,0,0,0.364583333,0.3125,0,0,4.45,21.6688721,1.41139524180483
0,0,0,0,0,0,0,0,0,0,0,0,0,0,0,0,0,1,0,0,0,0,0,0,0,0,0,0,0,0,0,0,0,0,0,0,0,1,0.12,0.8,12.80272186,0
0,0,1,0,1,0,1,1,1,0,0,1,0,0,1,0,0,1,0,1,0,0,0.315789474,0,0,0,0.105263158,0.010526316,0.042105263,0,0,0.210526316,0,0,0.105263158,0,0,0.210526316,3.64,4.17,17.75986031,1.67532855823164
0,0,0,1,1,1,1,0,0,0,0,0,0,0,0,0,0,0,1,1,0,0,0,0.035294118,0.023529412,0.352941176,0.588235294,0,0,0,0,0,0,0,0,0,0,0,0,1,19.19464873,0.88595475272503
1,0,0,0,1,0,1,0,1,0,0,0,0,0,0,0,0,0,0,0,0.657894737,0,0,0,0.013157895,0,0.263157895,0,0.065789474,0,0,0,0,0,0,0,0,0,4.12,2.3,17.70045579,0.862799324673435
0,0,1,0,0,0,1,1,1,0,0,1,0,0,1,1,0,1,0,1,0,0,0.319148936,0,0,0,0.106382979,0,0.053191489,0,0,0.074468085,0,0,0.106382979,0.074468085,0,0.265957447,0,4.8,18.39855994,1.73638573322733
0,0,0,0,0,0,0,0,0,1,0,0,0,0,0,0,0,0,0,0,0,0,0,0,0,0,0,0,0,1,0,0,0,0,0,0,0,0,0.76,1,22.50229612,0
0,1,0,1,0,1,0,0,0,0,0,0,0,1,0,0,0,0,0,1,0,0.042553191,0,0.212765957,0,0.638297872,0,0,0,0,0,0,0,0.106382979,0,0,0,0,2.64,2.25,26.18366465,0.98854640299096
1,0,1,0,1,0,1,0,1,0,0,1,0,0,0,1,0,1,1,0,0.25862069,0,0.086206897,0,0.00862069,0,0.129310345,0,0.025862069,0,0,0.034482759,0,0,0,0.025862069,0,0.431034483,0,4.99,18.05620292,1.53444772053172
0,1,0,0,0,1,0,0,0,0,0,0,0,1,0,0,0,0,1,0,0,0.444444444,0,0,0,0.37037037,0,0,0,0,0,0,0,0.185185185,0,0,0,0,1.8,3,24.32702197,1.04058055898333
1,1,1,1,1,1,1,1,1,1,1,1,1,1,1,1,1,1,0,0,0.263157895,0.010526316,0.126315789,0,0.021052632,0.010526316,0.052631579,0,0.031578947,0,0,0.157894737,0,0,0.021052632,0.157894737,0.042105263,0.105263158,6.27047619,7.8,21.45168042,2.08841452507407
1,0,1,1,0,0,1,0,0,0,0,0,0,1,1,0,1,0,1,0,0.566037736,0,0.094339623,0.009433962,0,0,0.037735849,0,0,0,0,0,0,0.009433962,0.094339623,0,0.188679245,0,3.64,3.3,21.37988027,1.29389005023393
0,0,0,0,0,0,0,0,0,0,0,0,0,1,0,0,0,0,0,1,0,0,0,0,0,0,0,0,0,0,0,0,0,1,0,0,0,0,0.88,0.3,39.00905368,0
0,1,1,0,0,0,0,1,0,1,0,1,1,0,0,1,1,0,0,0,0,0.046153846,0.384615385,0,0,0,0,0.030769231,0,0.015384615,0,0.153846154,0,0,0,0.061538462,0.307692308,0,0,5,24.03507634,1.50300725874023
0,0,0,0,0,1,0,0,0,0,0,0,0,0,0,0,0,0,0,1,0,0,0,0,0,1,0,0,0,0,0,0,0,0,0,0,0,0,0.64,0.2,21.41923304,0
1,1,1,1,1,1,1,1,1,1,1,1,1,1,1,1,1,1,0,1,0.053763441,0.032258065,0.268817204,0,0.021505376,0.021505376,0.053763441,0.021505376,0.032258065,0,0.021505376,0.064516129,0,0,0.075268817,0.215053763,0.010752688,0.107526882,10.95666667,9.12,21.45168042,2.20985164095014
0,1,0,0,0,1,0,0,0,0,0,0,1,0,0,0,0,0,1,1,0,0.37037037,0,0,0,0.555555556,0,0,0,0,0,0,0.074074074,0,0,0,0,0,0,2,22.90582536,0.887211002460701
0,1,0,0,0,0,0,0,0,0,0,0,1,0,0,0,1,0,1,1,0,0.25,0,0,0,0,0,0,0,0,0,0,0.05,0,0,0,0.7,0,0.88,2.23,24.18805459,0.746032664714785
0,1,0,0,0,0,0,0,0,0,0,0,0,0,0,0,0,0,1,1,0,1,0,0,0,0,0,0,0,0,0,0,0,0,0,0,0,0,1.52,1,22.74446252,0
0,0,0,0,0,0,0,0,0,0,1,0,0,0,0,0,0,0,0,1,0,0,0,0,0,0,0,0,0,0,1,0,0,0,0,0,0,0,0.64,0.7,24.07674063,0
0,1,0,1,0,1,0,0,0,1,0,0,1,1,0,0,1,0,0,0,0,0.01980198,0,0.02970297,0,0.03960396,0,0,0,0.297029703,0,0,0,0.01980198,0,0,0.594059406,0,0,4.92,25.75462712,1.05759379908029
0,1,0,0,0,1,0,0,0,1,0,0,1,1,0,0,1,0,1,1,0,0.025,0,0,0,0.1,0,0,0,0.416666667,0,0,0,0.041666667,0,0,0.416666667,0,0,3.58,24.82630578,1.18445668683687
0,1,0,1,1,0,0,1,0,0,0,0,0,0,0,0,0,0,1,1,0,0.487804878,0,0.365853659,0.024390244,0,0,0.12195122,0,0,0,0,0,0,0,0,0,0,0,2.1,22.00771886,1.06521626136648
0,0,1,0,0,0,1,1,0,1,0,0,0,0,0,0,1,1,0,0,0,0,0.357142857,0,0,0,0.089285714,0.017857143,0,0,0,0,0,0,0,0,0.089285714,0.446428571,0,2.38,19.60133509,1.23104954393362
0,1,0,1,0,0,0,0,0,1,1,0,0,1,0,0,1,0,0,0,0,0.1,0,0.01,0,0,0,0,0,0.05,0.03,0,0,0.01,0,0,0.8,0,2.384615385,2.8,23.68819949,0.755860104667833
0,0,0,0,0,0,0,0,0,1,1,0,0,0,0,0,1,0,1,0,0,0,0,0,0,0,0,0,0,0.095238095,0.047619048,0,0,0,0,0,0.857142857,0,0.44,2,23.01370794,0.501046914337042
0,1,0,0,1,1,1,0,0,0,1,1,0,0,0,1,1,0,0,1,0,0.022222222,0,0,0.022222222,0.055555556,0.277777778,0,0,0,0.011111111,0.111111111,0,0,0,0.444444444,0.055555556,0,0,4.89,21.28028124,1.50069975302349
1,0,1,0,1,0,1,1,1,0,0,1,0,0,0,0,0,1,1,1,0.298507463,0,0.149253731,0,0,0,0.149253731,0.052238806,0.014925373,0,0,0.111940299,0,0,0,0,0,0.223880597,2.92,3.9,18.53102948,1.72583376245701
1,1,1,1,1,1,1,1,1,1,1,1,1,1,1,1,1,1,1,0,0.161290323,0.024193548,0.040322581,0.008064516,0,0.008064516,0.016129032,0.008064516,0.024193548,0.024193548,0.016129032,0.008064516,0,0,0.008064516,0.048387097,0.120967742,0.483870968,9.683550725,8.76,21.45168042,1.7746854484819
0,0,0,0,0,0,0,1,0,0,0,1,0,0,1,0,0,1,0,1,0,0,0,0,0,0,0,0,0,0,0,0.157894737,0,0,0.052631579,0,0,0.789473684,1.08,1.2,18.06901948,0.633039512061119
0,0,0,1,0,0,1,0,1,0,0,0,0,0,0,0,1,0,0,1,0,0,0,0.043478261,0,0,0.52173913,0,0.130434783,0,0,0,0,0,0,0,0.304347826,0,2.04,2.6,20.32896244,1.10349040340766
0,1,0,1,0,1,0,0,0,0,1,0,0,1,0,0,1,0,0,0,0,0.25,0,0.083333333,0,0.166666667,0,0,0,0,0.05,0,0,0.033333333,0,0,0.416666667,0,0,4.8,23.55281661,1.48021422185792
0,0,1,0,1,0,0,0,0,0,0,1,0,0,0,1,0,0,0,1,0,0,0.427350427,0,0.017094017,0,0,0,0,0,0,0.213675214,0,0,0,0.341880342,0,0,2.84,1.8,19.56330635,1.12957121321884
0,0,0,0,0,0,0,0,0,0,0,0,1,0,0,0,0,0,0,0,0,0,0,0,0,0,0,0,0,0,0,0,1,0,0,0,0,0,2.76,0.5,33.32426724,0
1,0,0,0,0,0,0,0,0,0,0,1,0,0,1,0,0,1,1,0,0.256410256,0,0,0,0,0,0,0,0,0,0,0.128205128,0,0,0.017094017,0,0,0.598290598,0,3.5,16.53690177,0.989202688369668
1,0,1,0,1,0,0,1,0,0,0,0,0,0,0,0,0,0,0,0,0.454545455,0,0.511363636,0,0.011363636,0,0,0.022727273,0,0,0,0,0,0,0,0,0,0,0,2.2,20.77531408,0.838231307572306
0,1,0,1,0,0,0,0,0,1,1,0,1,0,0,0,1,0,0,1,0,0.076923077,0,0.10989011,0,0,0,0,0,0.32967033,0.032967033,0,0.010989011,0,0,0,0.43956044,0,3.08,4.33,22.97760119,1.3291654575745
0,0,0,1,0,0,0,0,0,0,0,0,0,0,0,0,0,0,0,0,0,0,0,1,0,0,0,0,0,0,0,0,0,0,0,0,0,0,0.44,1,21.56190935,0
0,0,1,0,0,1,0,0,0,0,0,0,0,0,0,0,1,1,1,0,0,0,0.280373832,0,0,0.018691589,0,0,0,0,0,0,0,0,0,0,0.280373832,0.420560748,0,3.3,19.98974299,1.15172650511616
1,0,1,0,0,0,0,1,1,0,0,1,0,0,1,1,0,1,1,1,0.315315315,0,0.135135135,0,0,0,0,0,0.045045045,0,0,0.09009009,0,0,0.009009009,0,0,0.405405405,0,4.55,18.87338246,1.39934292473181
0,0,0,0,1,0,0,0,0,0,0,0,0,0,0,0,0,0,0,1,0,0,0,0,1,0,0,0,0,0,0,0,0,0,0,0,0,0,1.04,0,17.40814705,0
0,0,0,0,0,1,0,0,0,1,0,1,0,0,0,1,0,0,0,0,0,0,0,0,0,0.064935065,0,0,0,0.090909091,0,0.519480519,0,0,0,0.324675325,0,0,0.84,2.3,21.39443511,1.10100497565275
0,1,0,1,0,1,0,0,0,1,1,0,0,1,0,0,0,0,1,1,0,0.130434783,0,0.217391304,0,0.032608696,0,0,0,0.434782609,0.163043478,0,0,0.02173913,0,0,0,0,3.72,4.3,23.04708488,1.45014088448307
1,0,0,0,1,0,1,1,1,0,0,1,0,0,1,1,0,0,0,0,0.341880342,0,0,0,0,0,0.256410256,0.05982906,0.017094017,0,0,0.042735043,0,0,0.025641026,0.256410256,0,0,0,4.8,19.09911541,1.53159519334967
0,0,1,1,1,1,0,0,1,0,0,0,0,1,1,0,1,0,0,1,0,0,0.666666667,0.041666667,0.016666667,0.083333333,0,0,0.1,0,0,0,0,0.025,0.058333333,0,0.008333333,0,4.36,4.87,21.99629718,1.2061787975201
0,1,0,0,0,0,0,0,0,0,0,0,1,0,0,0,1,0,1,0,0,0.476190476,0,0,0,0,0,0,0,0,0,0,0.047619048,0,0,0,0.476190476,0,1.32,2.57,25.38613119,0.851584254796745
1,0,0,0,0,0,0,0,0,0,0,0,0,0,0,0,0,0,1,0,1,0,0,0,0,0,0,0,0,0,0,0,0,0,0,0,0,0,0.76,0.9,20.18788567,0
1,1,1,1,1,1,1,1,1,1,1,1,1,1,1,1,1,1,0,1,0.347826087,0.017391304,0.173913043,0.008695652,0,0.017391304,0.052173913,0.008695652,0.008695652,0.034782609,0.026086957,0.060869565,0,0.017391304,0.017391304,0.060869565,0.060869565,0.086956522,9.105714286,9.8,21.45168042,2.16670137510274
0,0,0,0,0,0,0,0,0,0,0,1,0,0,0,0,0,0,1,1,0,0,0,0,0,0,0,0,0,0,0,1,0,0,0,0,0,0,0.56,0.9,19.13846723,0
1,0,0,0,0,0,0,1,0,0,0,1,0,0,0,1,0,0,0,0,0.574712644,0,0,0,0,0,0,0.022988506,0,0,0,0.172413793,0,0,0,0.229885057,0,0,0,3.17,22.04011337,1.04610532442782
0,1,0,1,0,1,0,0,0,1,1,0,0,0,0,0,1,0,1,1,0,0.277777778,0,0.231481481,0,0.231481481,0,0,0,0.138888889,0.027777778,0,0,0,0,0,0.092592593,0,0,3.2,21.48947191,1.62729647330204
0,1,0,0,1,0,0,0,1,1,1,1,1,0,0,1,0,0,1,1,0,0.136363636,0,0,0.027272727,0,0,0,0.227272727,0.045454545,0.018181818,0.090909091,0,0,0,0.454545455,0,0,3.301818182,5.8,22.31607622,1.49639881244901
0,0,0,0,0,0,0,0,0,0,0,0,0,0,0,0,1,0,0,0,0,0,0,0,0,0,0,0,0,0,0,0,0,0,0,0,1,0,0.08,1,26.54814996,0
0,0,0,0,0,0,0,0,1,0,0,0,0,0,0,0,0,0,0,0,0,0,0,0,0,0,0,0,1,0,0,0,0,0,0,0,0,0,1.24,1,16.81648496,0
1,0,1,0,1,0,1,1,1,0,0,0,0,0,0,1,0,1,1,0,0.3125,0,0.035714286,0,0,0,0.053571429,0.008928571,0.017857143,0,0,0,0,0,0,0.035714286,0,0.535714286,3.706666667,4.3,18.95343909,1.20666796170211
